{
    "fields":  [
                   {
                       "preceding":  {
                                         "start":  155,
                                         "end":  156,
                                         "text":  "(",
                                         "style":  "正文",
                                         "Name":  "等线",
                                         "NameAscii":  "+西文正文",
                                         "NameOther":  "+西文正文",
                                         "NameFarEast":  "+中文正文",
                                         "NameBi":  "+正文 CS 字体",
                                         "Size":  10.5,
                                         "SizeBi":  11,
                                         "Bold":  0,
                                         "BoldBi":  0,
                                         "Italic":  0,
                                         "ItalicBi":  0,
                                         "Underline":  0,
                                         "Color":  -16777216,
                                         "Hidden":  0,
                                         "Position":  0,
                                         "Spacing":  0,
                                         "Scaling":  100,
                                         "Subscript":  0,
                                         "Superscript":  0
                                     },
                       "code":  {
                                    "start":  157,
                                    "end":  210,
                                    "text":  " SEQ VisualTeXEquation \\r 1 \\* ARABIC \\* MERGEFORMAT ",
                                    "style":  "正文",
                                    "Name":  "等线",
                                    "NameAscii":  "+西文正文",
                                    "NameOther":  "+西文正文",
                                    "NameFarEast":  "+中文正文",
                                    "NameBi":  "+正文 CS 字体",
                                    "Size":  10.5,
                                    "SizeBi":  11,
                                    "Bold":  0,
                                    "BoldBi":  0,
                                    "Italic":  0,
                                    "ItalicBi":  0,
                                    "Underline":  0,
                                    "Color":  -16777216,
                                    "Hidden":  0,
                                    "Position":  0,
                                    "Spacing":  0,
                                    "Scaling":  100,
                                    "Subscript":  0,
                                    "Superscript":  0
                                },
                       "codeFirst":  {
                                         "start":  157,
                                         "end":  159,
                                         "text":  " S",
                                         "style":  "正文",
                                         "Name":  "等线",
                                         "NameAscii":  "+西文正文",
                                         "NameOther":  "+西文正文",
                                         "NameFarEast":  "+中文正文",
                                         "NameBi":  "+正文 CS 字体",
                                         "Size":  10.5,
                                         "SizeBi":  11,
                                         "Bold":  0,
                                         "BoldBi":  0,
                                         "Italic":  0,
                                         "ItalicBi":  0,
                                         "Underline":  0,
                                         "Color":  -16777216,
                                         "Hidden":  0,
                                         "Position":  0,
                                         "Spacing":  0,
                                         "Scaling":  100,
                                         "Subscript":  0,
                                         "Superscript":  0
                                     },
                       "result":  {
                                      "start":  211,
                                      "end":  212,
                                      "text":  "1",
                                      "style":  "正文",
                                      "Name":  "等线",
                                      "NameAscii":  "+西文正文",
                                      "NameOther":  "+西文正文",
                                      "NameFarEast":  "+中文正文",
                                      "NameBi":  "+正文 CS 字体",
                                      "Size":  10.5,
                                      "SizeBi":  11,
                                      "Bold":  0,
                                      "BoldBi":  0,
                                      "Italic":  0,
                                      "ItalicBi":  0,
                                      "Underline":  0,
                                      "Color":  -16777216,
                                      "Hidden":  0,
                                      "Position":  0,
                                      "Spacing":  0,
                                      "Scaling":  100,
                                      "Subscript":  0,
                                      "Superscript":  0
                                  },
                       "type":  12
                   },
                   {
                       "preceding":  {
                                         "start":  239,
                                         "end":  240,
                                         "text":  "(",
                                         "style":  "正文",
                                         "Name":  "等线",
                                         "NameAscii":  "+西文正文",
                                         "NameOther":  "+西文正文",
                                         "NameFarEast":  "+中文正文",
                                         "NameBi":  "+正文 CS 字体",
                                         "Size":  10.5,
                                         "SizeBi":  11,
                                         "Bold":  0,
                                         "BoldBi":  0,
                                         "Italic":  0,
                                         "ItalicBi":  0,
                                         "Underline":  0,
                                         "Color":  -16777216,
                                         "Hidden":  0,
                                         "Position":  0,
                                         "Spacing":  0,
                                         "Scaling":  100,
                                         "Subscript":  0,
                                         "Superscript":  0
                                     },
                       "code":  {
                                    "start":  241,
                                    "end":  294,
                                    "text":  " SEQ VisualTeXEquation \\r 2 \\* ARABIC \\* MERGEFORMAT ",
                                    "style":  "正文",
                                    "Name":  "等线",
                                    "NameAscii":  "+西文正文",
                                    "NameOther":  "+西文正文",
                                    "NameFarEast":  "+中文正文",
                                    "NameBi":  "+正文 CS 字体",
                                    "Size":  10.5,
                                    "SizeBi":  11,
                                    "Bold":  0,
                                    "BoldBi":  0,
                                    "Italic":  0,
                                    "ItalicBi":  0,
                                    "Underline":  0,
                                    "Color":  -16777216,
                                    "Hidden":  0,
                                    "Position":  0,
                                    "Spacing":  0,
                                    "Scaling":  100,
                                    "Subscript":  0,
                                    "Superscript":  0
                                },
                       "codeFirst":  {
                                         "start":  241,
                                         "end":  243,
                                         "text":  " S",
                                         "style":  "正文",
                                         "Name":  "等线",
                                         "NameAscii":  "+西文正文",
                                         "NameOther":  "+西文正文",
                                         "NameFarEast":  "+中文正文",
                                         "NameBi":  "+正文 CS 字体",
                                         "Size":  10.5,
                                         "SizeBi":  11,
                                         "Bold":  0,
                                         "BoldBi":  0,
                                         "Italic":  0,
                                         "ItalicBi":  0,
                                         "Underline":  0,
                                         "Color":  -16777216,
                                         "Hidden":  0,
                                         "Position":  0,
                                         "Spacing":  0,
                                         "Scaling":  100,
                                         "Subscript":  0,
                                         "Superscript":  0
                                     },
                       "result":  {
                                      "start":  295,
                                      "end":  296,
                                      "text":  "2",
                                      "style":  "正文",
                                      "Name":  "等线",
                                      "NameAscii":  "+西文正文",
                                      "NameOther":  "+西文正文",
                                      "NameFarEast":  "+中文正文",
                                      "NameBi":  "+正文 CS 字体",
                                      "Size":  10.5,
                                      "SizeBi":  11,
                                      "Bold":  0,
                                      "BoldBi":  0,
                                      "Italic":  0,
                                      "ItalicBi":  0,
                                      "Underline":  0,
                                      "Color":  -16777216,
                                      "Hidden":  0,
                                      "Position":  0,
                                      "Spacing":  0,
                                      "Scaling":  100,
                                      "Subscript":  0,
                                      "Superscript":  0
                                  },
                       "type":  12
                   },
                   {
                       "preceding":  {
                                         "start":  392,
                                         "end":  393,
                                         "text":  "(",
                                         "style":  "正文",
                                         "Name":  "等线",
                                         "NameAscii":  "+西文正文",
                                         "NameOther":  "+西文正文",
                                         "NameFarEast":  "+中文正文",
                                         "NameBi":  "+正文 CS 字体",
                                         "Size":  10.5,
                                         "SizeBi":  11,
                                         "Bold":  0,
                                         "BoldBi":  0,
                                         "Italic":  0,
                                         "ItalicBi":  0,
                                         "Underline":  0,
                                         "Color":  -16777216,
                                         "Hidden":  0,
                                         "Position":  0,
                                         "Spacing":  0,
                                         "Scaling":  100,
                                         "Subscript":  0,
                                         "Superscript":  0
                                     },
                       "code":  {
                                    "start":  394,
                                    "end":  432,
                                    "text":  " SEQ VisualTeXEquation \\r 3 \\* ARABIC ",
                                    "style":  "正文",
                                    "Name":  "等线",
                                    "NameAscii":  "+西文正文",
                                    "NameOther":  "+西文正文",
                                    "NameFarEast":  "+中文正文",
                                    "NameBi":  "+正文 CS 字体",
                                    "Size":  10.5,
                                    "SizeBi":  11,
                                    "Bold":  0,
                                    "BoldBi":  0,
                                    "Italic":  0,
                                    "ItalicBi":  0,
                                    "Underline":  0,
                                    "Color":  -16777216,
                                    "Hidden":  0,
                                    "Position":  0,
                                    "Spacing":  0,
                                    "Scaling":  100,
                                    "Subscript":  0,
                                    "Superscript":  0
                                },
                       "codeFirst":  {
                                         "start":  394,
                                         "end":  396,
                                         "text":  " S",
                                         "style":  "正文",
                                         "Name":  "等线",
                                         "NameAscii":  "+西文正文",
                                         "NameOther":  "+西文正文",
                                         "NameFarEast":  "+中文正文",
                                         "NameBi":  "+正文 CS 字体",
                                         "Size":  10.5,
                                         "SizeBi":  11,
                                         "Bold":  0,
                                         "BoldBi":  0,
                                         "Italic":  0,
                                         "ItalicBi":  0,
                                         "Underline":  0,
                                         "Color":  -16777216,
                                         "Hidden":  0,
                                         "Position":  0,
                                         "Spacing":  0,
                                         "Scaling":  100,
                                         "Subscript":  0,
                                         "Superscript":  0
                                     },
                       "result":  {
                                      "start":  433,
                                      "end":  434,
                                      "text":  "3",
                                      "style":  "正文",
                                      "Name":  "等线",
                                      "NameAscii":  "+西文正文",
                                      "NameOther":  "+西文正文",
                                      "NameFarEast":  "+中文正文",
                                      "NameBi":  "+正文 CS 字体",
                                      "Size":  10.5,
                                      "SizeBi":  11,
                                      "Bold":  0,
                                      "BoldBi":  0,
                                      "Italic":  0,
                                      "ItalicBi":  0,
                                      "Underline":  0,
                                      "Color":  -16777216,
                                      "Hidden":  0,
                                      "Position":  0,
                                      "Spacing":  0,
                                      "Scaling":  100,
                                      "Subscript":  0,
                                      "Superscript":  0
                                  },
                       "type":  12
                   },
                   {
                       "preceding":  {
                                         "start":  533,
                                         "end":  534,
                                         "text":  "(",
                                         "style":  "正文",
                                         "Name":  "等线",
                                         "NameAscii":  "+西文正文",
                                         "NameOther":  "+西文正文",
                                         "NameFarEast":  "+中文正文",
                                         "NameBi":  "+正文 CS 字体",
                                         "Size":  10.5,
                                         "SizeBi":  11,
                                         "Bold":  0,
                                         "BoldBi":  0,
                                         "Italic":  0,
                                         "ItalicBi":  0,
                                         "Underline":  0,
                                         "Color":  -16777216,
                                         "Hidden":  0,
                                         "Position":  0,
                                         "Spacing":  0,
                                         "Scaling":  100,
                                         "Subscript":  0,
                                         "Superscript":  0
                                     },
                       "code":  {
                                    "start":  535,
                                    "end":  573,
                                    "text":  " SEQ VisualTeXEquation \\r 4 \\* ARABIC ",
                                    "style":  "正文",
                                    "Name":  "等线",
                                    "NameAscii":  "+西文正文",
                                    "NameOther":  "+西文正文",
                                    "NameFarEast":  "+中文正文",
                                    "NameBi":  "+正文 CS 字体",
                                    "Size":  10.5,
                                    "SizeBi":  11,
                                    "Bold":  0,
                                    "BoldBi":  0,
                                    "Italic":  0,
                                    "ItalicBi":  0,
                                    "Underline":  0,
                                    "Color":  -16777216,
                                    "Hidden":  0,
                                    "Position":  0,
                                    "Spacing":  0,
                                    "Scaling":  100,
                                    "Subscript":  0,
                                    "Superscript":  0
                                },
                       "codeFirst":  {
                                         "start":  535,
                                         "end":  537,
                                         "text":  " S",
                                         "style":  "正文",
                                         "Name":  "等线",
                                         "NameAscii":  "+西文正文",
                                         "NameOther":  "+西文正文",
                                         "NameFarEast":  "+中文正文",
                                         "NameBi":  "+正文 CS 字体",
                                         "Size":  10.5,
                                         "SizeBi":  11,
                                         "Bold":  0,
                                         "BoldBi":  0,
                                         "Italic":  0,
                                         "ItalicBi":  0,
                                         "Underline":  0,
                                         "Color":  -16777216,
                                         "Hidden":  0,
                                         "Position":  0,
                                         "Spacing":  0,
                                         "Scaling":  100,
                                         "Subscript":  0,
                                         "Superscript":  0
                                     },
                       "result":  {
                                      "start":  574,
                                      "end":  575,
                                      "text":  "4",
                                      "style":  "正文",
                                      "Name":  "等线",
                                      "NameAscii":  "+西文正文",
                                      "NameOther":  "+西文正文",
                                      "NameFarEast":  "+中文正文",
                                      "NameBi":  "+正文 CS 字体",
                                      "Size":  10.5,
                                      "SizeBi":  11,
                                      "Bold":  0,
                                      "BoldBi":  0,
                                      "Italic":  0,
                                      "ItalicBi":  0,
                                      "Underline":  0,
                                      "Color":  -16777216,
                                      "Hidden":  0,
                                      "Position":  0,
                                      "Spacing":  0,
                                      "Scaling":  100,
                                      "Subscript":  0,
                                      "Superscript":  0
                                  },
                       "type":  12
                   },
                   {
                       "preceding":  {
                                         "start":  629,
                                         "end":  630,
                                         "text":  "(",
                                         "style":  "正文",
                                         "Name":  "等线",
                                         "NameAscii":  "+西文正文",
                                         "NameOther":  "+西文正文",
                                         "NameFarEast":  "+中文正文",
                                         "NameBi":  "+正文 CS 字体",
                                         "Size":  10.5,
                                         "SizeBi":  11,
                                         "Bold":  0,
                                         "BoldBi":  0,
                                         "Italic":  0,
                                         "ItalicBi":  0,
                                         "Underline":  0,
                                         "Color":  -16777216,
                                         "Hidden":  0,
                                         "Position":  0,
                                         "Spacing":  0,
                                         "Scaling":  100,
                                         "Subscript":  0,
                                         "Superscript":  0
                                     },
                       "code":  {
                                    "start":  631,
                                    "end":  669,
                                    "text":  " SEQ VisualTeXEquation \\r 5 \\* ARABIC ",
                                    "style":  "正文",
                                    "Name":  "等线",
                                    "NameAscii":  "+西文正文",
                                    "NameOther":  "+西文正文",
                                    "NameFarEast":  "+中文正文",
                                    "NameBi":  "+正文 CS 字体",
                                    "Size":  10.5,
                                    "SizeBi":  11,
                                    "Bold":  0,
                                    "BoldBi":  0,
                                    "Italic":  0,
                                    "ItalicBi":  0,
                                    "Underline":  0,
                                    "Color":  -16777216,
                                    "Hidden":  0,
                                    "Position":  0,
                                    "Spacing":  0,
                                    "Scaling":  100,
                                    "Subscript":  0,
                                    "Superscript":  0
                                },
                       "codeFirst":  {
                                         "start":  631,
                                         "end":  633,
                                         "text":  " S",
                                         "style":  "正文",
                                         "Name":  "等线",
                                         "NameAscii":  "+西文正文",
                                         "NameOther":  "+西文正文",
                                         "NameFarEast":  "+中文正文",
                                         "NameBi":  "+正文 CS 字体",
                                         "Size":  10.5,
                                         "SizeBi":  11,
                                         "Bold":  0,
                                         "BoldBi":  0,
                                         "Italic":  0,
                                         "ItalicBi":  0,
                                         "Underline":  0,
                                         "Color":  -16777216,
                                         "Hidden":  0,
                                         "Position":  0,
                                         "Spacing":  0,
                                         "Scaling":  100,
                                         "Subscript":  0,
                                         "Superscript":  0
                                     },
                       "result":  {
                                      "start":  670,
                                      "end":  671,
                                      "text":  "5",
                                      "style":  "正文",
                                      "Name":  "等线",
                                      "NameAscii":  "+西文正文",
                                      "NameOther":  "+西文正文",
                                      "NameFarEast":  "+中文正文",
                                      "NameBi":  "+正文 CS 字体",
                                      "Size":  10.5,
                                      "SizeBi":  11,
                                      "Bold":  0,
                                      "BoldBi":  0,
                                      "Italic":  0,
                                      "ItalicBi":  0,
                                      "Underline":  0,
                                      "Color":  -16777216,
                                      "Hidden":  0,
                                      "Position":  0,
                                      "Spacing":  0,
                                      "Scaling":  100,
                                      "Subscript":  0,
                                      "Superscript":  0
                                  },
                       "type":  12
                   },
                   {
                       "preceding":  {
                                         "start":  689,
                                         "end":  690,
                                         "text":  "(",
                                         "style":  "正文",
                                         "Name":  "等线",
                                         "NameAscii":  "+西文正文",
                                         "NameOther":  "+西文正文",
                                         "NameFarEast":  "+中文正文",
                                         "NameBi":  "+正文 CS 字体",
                                         "Size":  10.5,
                                         "SizeBi":  11,
                                         "Bold":  0,
                                         "BoldBi":  0,
                                         "Italic":  0,
                                         "ItalicBi":  0,
                                         "Underline":  0,
                                         "Color":  -16777216,
                                         "Hidden":  0,
                                         "Position":  0,
                                         "Spacing":  0,
                                         "Scaling":  100,
                                         "Subscript":  0,
                                         "Superscript":  0
                                     },
                       "code":  {
                                    "start":  691,
                                    "end":  811,
                                    "text":  " GOTOBUTTON VTEqNum_39892f7266de4b0bb174644a84812471 \u0013 REF VTEqNum_39892f7266de4b0bb174644a84812471 \\* CHARFORMAT \\! \u0015",
                                    "style":  "正文",
                                    "Name":  "等线",
                                    "NameAscii":  "+西文正文",
                                    "NameOther":  "+西文正文",
                                    "NameFarEast":  "+中文正文",
                                    "NameBi":  "+正文 CS 字体",
                                    "Size":  10.5,
                                    "SizeBi":  11,
                                    "Bold":  0,
                                    "BoldBi":  0,
                                    "Italic":  0,
                                    "ItalicBi":  0,
                                    "Underline":  0,
                                    "Color":  -16777216,
                                    "Hidden":  0,
                                    "Position":  0,
                                    "Spacing":  0,
                                    "Scaling":  100,
                                    "Subscript":  0,
                                    "Superscript":  0
                                },
                       "codeFirst":  {
                                         "start":  691,
                                         "end":  693,
                                         "text":  " G",
                                         "style":  "正文",
                                         "Name":  "等线",
                                         "NameAscii":  "+西文正文",
                                         "NameOther":  "+西文正文",
                                         "NameFarEast":  "+中文正文",
                                         "NameBi":  "+正文 CS 字体",
                                         "Size":  10.5,
                                         "SizeBi":  11,
                                         "Bold":  0,
                                         "BoldBi":  0,
                                         "Italic":  0,
                                         "ItalicBi":  0,
                                         "Underline":  0,
                                         "Color":  -16777216,
                                         "Hidden":  0,
                                         "Position":  0,
                                         "Spacing":  0,
                                         "Scaling":  100,
                                         "Subscript":  0,
                                         "Superscript":  0
                                     },
                       "result":  {
                                      "start":  812,
                                      "end":  812,
                                      "text":  null,
                                      "style":  "正文",
                                      "Name":  "等线",
                                      "NameAscii":  "+西文正文",
                                      "NameOther":  "+西文正文",
                                      "NameFarEast":  "+中文正文",
                                      "NameBi":  "+正文 CS 字体",
                                      "Size":  10.5,
                                      "SizeBi":  11,
                                      "Bold":  0,
                                      "BoldBi":  0,
                                      "Italic":  0,
                                      "ItalicBi":  0,
                                      "Underline":  0,
                                      "Color":  -16777216,
                                      "Hidden":  0,
                                      "Position":  0,
                                      "Spacing":  0,
                                      "Scaling":  100,
                                      "Subscript":  0,
                                      "Superscript":  0
                                  },
                       "type":  50
                   },
                   {
                       "preceding":  {
                                         "start":  743,
                                         "end":  744,
                                         "text":  " ",
                                         "style":  "正文",
                                         "Name":  "等线",
                                         "NameAscii":  "+西文正文",
                                         "NameOther":  "+西文正文",
                                         "NameFarEast":  "+中文正文",
                                         "NameBi":  "+正文 CS 字体",
                                         "Size":  10.5,
                                         "SizeBi":  11,
                                         "Bold":  0,
                                         "BoldBi":  0,
                                         "Italic":  0,
                                         "ItalicBi":  0,
                                         "Underline":  0,
                                         "Color":  -16777216,
                                         "Hidden":  0,
                                         "Position":  0,
                                         "Spacing":  0,
                                         "Scaling":  100,
                                         "Subscript":  0,
                                         "Superscript":  0
                                     },
                       "code":  {
                                    "start":  745,
                                    "end":  808,
                                    "text":  " REF VTEqNum_39892f7266de4b0bb174644a84812471 \\* CHARFORMAT \\! ",
                                    "style":  "正文",
                                    "Name":  "等线",
                                    "NameAscii":  "+西文正文",
                                    "NameOther":  "+西文正文",
                                    "NameFarEast":  "+中文正文",
                                    "NameBi":  "+正文 CS 字体",
                                    "Size":  10.5,
                                    "SizeBi":  11,
                                    "Bold":  0,
                                    "BoldBi":  0,
                                    "Italic":  0,
                                    "ItalicBi":  0,
                                    "Underline":  0,
                                    "Color":  -16777216,
                                    "Hidden":  0,
                                    "Position":  0,
                                    "Spacing":  0,
                                    "Scaling":  100,
                                    "Subscript":  0,
                                    "Superscript":  0
                                },
                       "codeFirst":  {
                                         "start":  745,
                                         "end":  747,
                                         "text":  " R",
                                         "style":  "正文",
                                         "Name":  "等线",
                                         "NameAscii":  "+西文正文",
                                         "NameOther":  "+西文正文",
                                         "NameFarEast":  "+中文正文",
                                         "NameBi":  "+正文 CS 字体",
                                         "Size":  10.5,
                                         "SizeBi":  11,
                                         "Bold":  0,
                                         "BoldBi":  0,
                                         "Italic":  0,
                                         "ItalicBi":  0,
                                         "Underline":  0,
                                         "Color":  -16777216,
                                         "Hidden":  0,
                                         "Position":  0,
                                         "Spacing":  0,
                                         "Scaling":  100,
                                         "Subscript":  0,
                                         "Superscript":  0
                                     },
                       "result":  {
                                      "start":  809,
                                      "end":  810,
                                      "text":  "2",
                                      "style":  "正文",
                                      "Name":  "等线",
                                      "NameAscii":  "+西文正文",
                                      "NameOther":  "+西文正文",
                                      "NameFarEast":  "+中文正文",
                                      "NameBi":  "+正文 CS 字体",
                                      "Size":  10.5,
                                      "SizeBi":  11,
                                      "Bold":  0,
                                      "BoldBi":  0,
                                      "Italic":  0,
                                      "ItalicBi":  0,
                                      "Underline":  0,
                                      "Color":  -16777216,
                                      "Hidden":  0,
                                      "Position":  0,
                                      "Spacing":  0,
                                      "Scaling":  100,
                                      "Subscript":  0,
                                      "Superscript":  0
                                  },
                       "type":  3
                   }
               ],
    "paragraphs":  [
                       {
                           "mark":  {
                                        "start":  14,
                                        "end":  15,
                                        "text":  "\r",
                                        "style":  "正文",
                                        "Name":  "等线",
                                        "NameAscii":  "+西文正文",
                                        "NameOther":  "+西文正文",
                                        "NameFarEast":  "+中文正文",
                                        "NameBi":  "+正文 CS 字体",
                                        "Size":  10.5,
                                        "SizeBi":  11,
                                        "Bold":  0,
                                        "BoldBi":  0,
                                        "Italic":  0,
                                        "ItalicBi":  0,
                                        "Underline":  0,
                                        "Color":  -16777216,
                                        "Hidden":  0,
                                        "Position":  0,
                                        "Spacing":  0,
                                        "Scaling":  100,
                                        "Subscript":  0,
                                        "Superscript":  0
                                    },
                           "range":  {
                                         "start":  0,
                                         "end":  15,
                                         "text":  "思考分析力学被发明出来的原因\r",
                                         "style":  "正文",
                                         "Name":  "等线",
                                         "NameAscii":  "+西文正文",
                                         "NameOther":  "+西文正文",
                                         "NameFarEast":  "+中文正文",
                                         "NameBi":  "+正文 CS 字体",
                                         "Size":  10.5,
                                         "SizeBi":  11,
                                         "Bold":  0,
                                         "BoldBi":  0,
                                         "Italic":  0,
                                         "ItalicBi":  0,
                                         "Underline":  0,
                                         "Color":  -16777216,
                                         "Hidden":  0,
                                         "Position":  0,
                                         "Spacing":  0,
                                         "Scaling":  100,
                                         "Subscript":  0,
                                         "Superscript":  0
                                     },
                           "first":  {
                                         "start":  0,
                                         "end":  1,
                                         "text":  "思",
                                         "style":  "正文",
                                         "Name":  "等线",
                                         "NameAscii":  "+西文正文",
                                         "NameOther":  "+西文正文",
                                         "NameFarEast":  "+中文正文",
                                         "NameBi":  "+正文 CS 字体",
                                         "Size":  10.5,
                                         "SizeBi":  11,
                                         "Bold":  0,
                                         "BoldBi":  0,
                                         "Italic":  0,
                                         "ItalicBi":  0,
                                         "Underline":  0,
                                         "Color":  -16777216,
                                         "Hidden":  0,
                                         "Position":  0,
                                         "Spacing":  0,
                                         "Scaling":  100,
                                         "Subscript":  0,
                                         "Superscript":  0
                                     }
                       },
                       {
                           "mark":  {
                                        "start":  30,
                                        "end":  31,
                                        "text":  "\r",
                                        "style":  "正文",
                                        "Name":  "等线",
                                        "NameAscii":  "+西文正文",
                                        "NameOther":  "+西文正文",
                                        "NameFarEast":  "+中文正文",
                                        "NameBi":  "+正文 CS 字体",
                                        "Size":  10.5,
                                        "SizeBi":  11,
                                        "Bold":  0,
                                        "BoldBi":  0,
                                        "Italic":  0,
                                        "ItalicBi":  0,
                                        "Underline":  0,
                                        "Color":  -16777216,
                                        "Hidden":  0,
                                        "Position":  0,
                                        "Spacing":  0,
                                        "Scaling":  100,
                                        "Subscript":  0,
                                        "Superscript":  0
                                    },
                           "range":  {
                                         "start":  15,
                                         "end":  31,
                                         "text":  "系统有很多约束，解决多约束问题\r",
                                         "style":  "正文",
                                         "Name":  "等线",
                                         "NameAscii":  "+西文正文",
                                         "NameOther":  "+西文正文",
                                         "NameFarEast":  "+中文正文",
                                         "NameBi":  "+正文 CS 字体",
                                         "Size":  10.5,
                                         "SizeBi":  11,
                                         "Bold":  0,
                                         "BoldBi":  0,
                                         "Italic":  0,
                                         "ItalicBi":  0,
                                         "Underline":  0,
                                         "Color":  -16777216,
                                         "Hidden":  0,
                                         "Position":  0,
                                         "Spacing":  0,
                                         "Scaling":  100,
                                         "Subscript":  0,
                                         "Superscript":  0
                                     },
                           "first":  {
                                         "start":  15,
                                         "end":  16,
                                         "text":  "系",
                                         "style":  "正文",
                                         "Name":  "等线",
                                         "NameAscii":  "+西文正文",
                                         "NameOther":  "+西文正文",
                                         "NameFarEast":  "+中文正文",
                                         "NameBi":  "+正文 CS 字体",
                                         "Size":  10.5,
                                         "SizeBi":  11,
                                         "Bold":  0,
                                         "BoldBi":  0,
                                         "Italic":  0,
                                         "ItalicBi":  0,
                                         "Underline":  0,
                                         "Color":  -16777216,
                                         "Hidden":  0,
                                         "Position":  0,
                                         "Spacing":  0,
                                         "Scaling":  100,
                                         "Subscript":  0,
                                         "Superscript":  0
                                     }
                       },
                       {
                           "mark":  {
                                        "start":  41,
                                        "end":  42,
                                        "text":  "\r",
                                        "style":  "列表段落",
                                        "Name":  "等线",
                                        "NameAscii":  "+西文正文",
                                        "NameOther":  "+西文正文",
                                        "NameFarEast":  "+中文正文",
                                        "NameBi":  "+正文 CS 字体",
                                        "Size":  10.5,
                                        "SizeBi":  11,
                                        "Bold":  0,
                                        "BoldBi":  0,
                                        "Italic":  0,
                                        "ItalicBi":  0,
                                        "Underline":  0,
                                        "Color":  -16777216,
                                        "Hidden":  0,
                                        "Position":  0,
                                        "Spacing":  0,
                                        "Scaling":  100,
                                        "Subscript":  0,
                                        "Superscript":  0
                                    },
                           "range":  {
                                         "start":  31,
                                         "end":  42,
                                         "text":  "力学和光学统一起来？\r",
                                         "style":  "列表段落",
                                         "Name":  "等线",
                                         "NameAscii":  "+西文正文",
                                         "NameOther":  "+西文正文",
                                         "NameFarEast":  "+中文正文",
                                         "NameBi":  "+正文 CS 字体",
                                         "Size":  10.5,
                                         "SizeBi":  11,
                                         "Bold":  0,
                                         "BoldBi":  0,
                                         "Italic":  0,
                                         "ItalicBi":  0,
                                         "Underline":  0,
                                         "Color":  -16777216,
                                         "Hidden":  0,
                                         "Position":  0,
                                         "Spacing":  0,
                                         "Scaling":  100,
                                         "Subscript":  0,
                                         "Superscript":  0
                                     },
                           "first":  {
                                         "start":  31,
                                         "end":  32,
                                         "text":  "力",
                                         "style":  "列表段落",
                                         "Name":  "等线",
                                         "NameAscii":  "+西文正文",
                                         "NameOther":  "+西文正文",
                                         "NameFarEast":  "+中文正文",
                                         "NameBi":  "+正文 CS 字体",
                                         "Size":  10.5,
                                         "SizeBi":  11,
                                         "Bold":  0,
                                         "BoldBi":  0,
                                         "Italic":  0,
                                         "ItalicBi":  0,
                                         "Underline":  0,
                                         "Color":  -16777216,
                                         "Hidden":  0,
                                         "Position":  0,
                                         "Spacing":  0,
                                         "Scaling":  100,
                                         "Subscript":  0,
                                         "Superscript":  0
                                     }
                       },
                       {
                           "mark":  {
                                        "start":  92,
                                        "end":  93,
                                        "text":  "\r",
                                        "style":  "正文",
                                        "Name":  "等线",
                                        "NameAscii":  "+西文正文",
                                        "NameOther":  "+西文正文",
                                        "NameFarEast":  "+中文正文",
                                        "NameBi":  "+正文 CS 字体",
                                        "Size":  10.5,
                                        "SizeBi":  11,
                                        "Bold":  0,
                                        "BoldBi":  0,
                                        "Italic":  0,
                                        "ItalicBi":  0,
                                        "Underline":  0,
                                        "Color":  -16777216,
                                        "Hidden":  0,
                                        "Position":  0,
                                        "Spacing":  0,
                                        "Scaling":  100,
                                        "Subscript":  0,
                                        "Superscript":  0
                                    },
                           "range":  {
                                         "start":  42,
                                         "end":  93,
                                         "text":  "这几个公式不知道对不对：\r𝐸−𝑢(𝑥)\r=\r1\r𝑓(𝜔)\r𝑣\r𝑝ℎ\r(𝜔,𝑥)\r\r",
                                         "style":  "正文",
                                         "Name":  "",
                                         "NameAscii":  "",
                                         "NameOther":  "",
                                         "NameFarEast":  "+中文正文",
                                         "NameBi":  "+正文 CS 字体",
                                         "Size":  10.5,
                                         "SizeBi":  9999999,
                                         "Bold":  0,
                                         "BoldBi":  0,
                                         "Italic":  9999999,
                                         "ItalicBi":  0,
                                         "Underline":  0,
                                         "Color":  -16777216,
                                         "Hidden":  0,
                                         "Position":  0,
                                         "Spacing":  0,
                                         "Scaling":  100,
                                         "Subscript":  0,
                                         "Superscript":  0
                                     },
                           "first":  {
                                         "start":  42,
                                         "end":  43,
                                         "text":  "这",
                                         "style":  "正文",
                                         "Name":  "等线",
                                         "NameAscii":  "+西文正文",
                                         "NameOther":  "+西文正文",
                                         "NameFarEast":  "+中文正文",
                                         "NameBi":  "+正文 CS 字体",
                                         "Size":  10.5,
                                         "SizeBi":  11,
                                         "Bold":  0,
                                         "BoldBi":  0,
                                         "Italic":  0,
                                         "ItalicBi":  0,
                                         "Underline":  0,
                                         "Color":  -16777216,
                                         "Hidden":  0,
                                         "Position":  0,
                                         "Spacing":  0,
                                         "Scaling":  100,
                                         "Subscript":  0,
                                         "Superscript":  0
                                     }
                       },
                       {
                           "mark":  {
                                        "start":  305,
                                        "end":  306,
                                        "text":  "\r",
                                        "style":  "标题 1",
                                        "Name":  "等线",
                                        "NameAscii":  "+西文正文",
                                        "NameOther":  "+西文正文",
                                        "NameFarEast":  "+中文正文",
                                        "NameBi":  "+正文 CS 字体",
                                        "Size":  22,
                                        "SizeBi":  22,
                                        "Bold":  -1,
                                        "BoldBi":  -1,
                                        "Italic":  0,
                                        "ItalicBi":  0,
                                        "Underline":  0,
                                        "Color":  -16777216,
                                        "Hidden":  0,
                                        "Position":  0,
                                        "Spacing":  0,
                                        "Scaling":  100,
                                        "Subscript":  0,
                                        "Superscript":  0
                                    },
                           "range":  {
                                         "start":  300,
                                         "end":  306,
                                         "text":  "薛定谔方程\r",
                                         "style":  "标题 1",
                                         "Name":  "等线",
                                         "NameAscii":  "+西文正文",
                                         "NameOther":  "+西文正文",
                                         "NameFarEast":  "+中文正文",
                                         "NameBi":  "+正文 CS 字体",
                                         "Size":  22,
                                         "SizeBi":  22,
                                         "Bold":  -1,
                                         "BoldBi":  -1,
                                         "Italic":  0,
                                         "ItalicBi":  0,
                                         "Underline":  0,
                                         "Color":  -16777216,
                                         "Hidden":  0,
                                         "Position":  0,
                                         "Spacing":  0,
                                         "Scaling":  100,
                                         "Subscript":  0,
                                         "Superscript":  0
                                     },
                           "first":  {
                                         "start":  300,
                                         "end":  301,
                                         "text":  "薛",
                                         "style":  "标题 1",
                                         "Name":  "等线",
                                         "NameAscii":  "+西文正文",
                                         "NameOther":  "+西文正文",
                                         "NameFarEast":  "+中文正文",
                                         "NameBi":  "+正文 CS 字体",
                                         "Size":  22,
                                         "SizeBi":  22,
                                         "Bold":  -1,
                                         "BoldBi":  -1,
                                         "Italic":  0,
                                         "ItalicBi":  0,
                                         "Underline":  0,
                                         "Color":  -16777216,
                                         "Hidden":  0,
                                         "Position":  0,
                                         "Spacing":  0,
                                         "Scaling":  100,
                                         "Subscript":  0,
                                         "Superscript":  0
                                     }
                       },
                       {
                           "mark":  {
                                        "start":  321,
                                        "end":  322,
                                        "text":  "\r",
                                        "style":  "标题 1",
                                        "Name":  "等线",
                                        "NameAscii":  "+西文正文",
                                        "NameOther":  "+西文正文",
                                        "NameFarEast":  "+中文正文",
                                        "NameBi":  "+正文 CS 字体",
                                        "Size":  22,
                                        "SizeBi":  22,
                                        "Bold":  -1,
                                        "BoldBi":  -1,
                                        "Italic":  0,
                                        "ItalicBi":  0,
                                        "Underline":  0,
                                        "Color":  -16777216,
                                        "Hidden":  0,
                                        "Position":  0,
                                        "Spacing":  0,
                                        "Scaling":  100,
                                        "Subscript":  0,
                                        "Superscript":  0
                                    },
                           "range":  {
                                         "start":  306,
                                         "end":  322,
                                         "text":  "波函数的统计解释和几率守恒方程\r",
                                         "style":  "标题 1",
                                         "Name":  "等线",
                                         "NameAscii":  "+西文正文",
                                         "NameOther":  "+西文正文",
                                         "NameFarEast":  "+中文正文",
                                         "NameBi":  "+正文 CS 字体",
                                         "Size":  22,
                                         "SizeBi":  22,
                                         "Bold":  -1,
                                         "BoldBi":  -1,
                                         "Italic":  0,
                                         "ItalicBi":  0,
                                         "Underline":  0,
                                         "Color":  -16777216,
                                         "Hidden":  0,
                                         "Position":  0,
                                         "Spacing":  0,
                                         "Scaling":  100,
                                         "Subscript":  0,
                                         "Superscript":  0
                                     },
                           "first":  {
                                         "start":  306,
                                         "end":  307,
                                         "text":  "波",
                                         "style":  "标题 1",
                                         "Name":  "等线",
                                         "NameAscii":  "+西文正文",
                                         "NameOther":  "+西文正文",
                                         "NameFarEast":  "+中文正文",
                                         "NameBi":  "+正文 CS 字体",
                                         "Size":  22,
                                         "SizeBi":  22,
                                         "Bold":  -1,
                                         "BoldBi":  -1,
                                         "Italic":  0,
                                         "ItalicBi":  0,
                                         "Underline":  0,
                                         "Color":  -16777216,
                                         "Hidden":  0,
                                         "Position":  0,
                                         "Spacing":  0,
                                         "Scaling":  100,
                                         "Subscript":  0,
                                         "Superscript":  0
                                     }
                       },
                       {
                           "mark":  {
                                        "start":  328,
                                        "end":  329,
                                        "text":  "\r",
                                        "style":  "正文",
                                        "Name":  "等线",
                                        "NameAscii":  "+西文正文",
                                        "NameOther":  "+西文正文",
                                        "NameFarEast":  "+中文正文",
                                        "NameBi":  "+正文 CS 字体",
                                        "Size":  10.5,
                                        "SizeBi":  11,
                                        "Bold":  0,
                                        "BoldBi":  0,
                                        "Italic":  0,
                                        "ItalicBi":  0,
                                        "Underline":  0,
                                        "Color":  -16777216,
                                        "Hidden":  0,
                                        "Position":  0,
                                        "Spacing":  0,
                                        "Scaling":  100,
                                        "Subscript":  0,
                                        "Superscript":  0
                                    },
                           "range":  {
                                         "start":  322,
                                         "end":  329,
                                         "text":  "薛定谔方程：\r",
                                         "style":  "正文",
                                         "Name":  "等线",
                                         "NameAscii":  "+西文正文",
                                         "NameOther":  "+西文正文",
                                         "NameFarEast":  "+中文正文",
                                         "NameBi":  "+正文 CS 字体",
                                         "Size":  10.5,
                                         "SizeBi":  11,
                                         "Bold":  0,
                                         "BoldBi":  0,
                                         "Italic":  0,
                                         "ItalicBi":  0,
                                         "Underline":  0,
                                         "Color":  -16777216,
                                         "Hidden":  0,
                                         "Position":  0,
                                         "Spacing":  0,
                                         "Scaling":  100,
                                         "Subscript":  0,
                                         "Superscript":  0
                                     },
                           "first":  {
                                         "start":  322,
                                         "end":  323,
                                         "text":  "薛",
                                         "style":  "正文",
                                         "Name":  "等线",
                                         "NameAscii":  "+西文正文",
                                         "NameOther":  "+西文正文",
                                         "NameFarEast":  "+中文正文",
                                         "NameBi":  "+正文 CS 字体",
                                         "Size":  10.5,
                                         "SizeBi":  11,
                                         "Bold":  0,
                                         "BoldBi":  0,
                                         "Italic":  0,
                                         "ItalicBi":  0,
                                         "Underline":  0,
                                         "Color":  -16777216,
                                         "Hidden":  0,
                                         "Position":  0,
                                         "Spacing":  0,
                                         "Scaling":  100,
                                         "Subscript":  0,
                                         "Superscript":  0
                                     }
                       },
                       {
                           "mark":  {
                                        "start":  445,
                                        "end":  446,
                                        "text":  "\r",
                                        "style":  "正文",
                                        "Name":  "等线",
                                        "NameAscii":  "+西文正文",
                                        "NameOther":  "+西文正文",
                                        "NameFarEast":  "+中文正文",
                                        "NameBi":  "+正文 CS 字体",
                                        "Size":  10.5,
                                        "SizeBi":  11,
                                        "Bold":  0,
                                        "BoldBi":  0,
                                        "Italic":  0,
                                        "ItalicBi":  0,
                                        "Underline":  0,
                                        "Color":  -16777216,
                                        "Hidden":  0,
                                        "Position":  0,
                                        "Spacing":  0,
                                        "Scaling":  100,
                                        "Subscript":  0,
                                        "Superscript":  0
                                    },
                           "range":  {
                                         "start":  438,
                                         "end":  446,
                                         "text":  "自己推导一下：\r",
                                         "style":  "正文",
                                         "Name":  "等线",
                                         "NameAscii":  "+西文正文",
                                         "NameOther":  "+西文正文",
                                         "NameFarEast":  "+中文正文",
                                         "NameBi":  "+正文 CS 字体",
                                         "Size":  10.5,
                                         "SizeBi":  11,
                                         "Bold":  0,
                                         "BoldBi":  0,
                                         "Italic":  0,
                                         "ItalicBi":  0,
                                         "Underline":  0,
                                         "Color":  -16777216,
                                         "Hidden":  0,
                                         "Position":  0,
                                         "Spacing":  0,
                                         "Scaling":  100,
                                         "Subscript":  0,
                                         "Superscript":  0
                                     },
                           "first":  {
                                         "start":  438,
                                         "end":  439,
                                         "text":  "自",
                                         "style":  "正文",
                                         "Name":  "等线",
                                         "NameAscii":  "+西文正文",
                                         "NameOther":  "+西文正文",
                                         "NameFarEast":  "+中文正文",
                                         "NameBi":  "+正文 CS 字体",
                                         "Size":  10.5,
                                         "SizeBi":  11,
                                         "Bold":  0,
                                         "BoldBi":  0,
                                         "Italic":  0,
                                         "ItalicBi":  0,
                                         "Underline":  0,
                                         "Color":  -16777216,
                                         "Hidden":  0,
                                         "Position":  0,
                                         "Spacing":  0,
                                         "Scaling":  100,
                                         "Subscript":  0,
                                         "Superscript":  0
                                     }
                       },
                       {
                           "mark":  {
                                        "start":  596,
                                        "end":  597,
                                        "text":  "\r",
                                        "style":  "正文",
                                        "Name":  "等线",
                                        "NameAscii":  "+西文正文",
                                        "NameOther":  "+西文正文",
                                        "NameFarEast":  "+中文正文",
                                        "NameBi":  "+正文 CS 字体",
                                        "Size":  10.5,
                                        "SizeBi":  11,
                                        "Bold":  0,
                                        "BoldBi":  0,
                                        "Italic":  0,
                                        "ItalicBi":  0,
                                        "Underline":  0,
                                        "Color":  -16777216,
                                        "Hidden":  0,
                                        "Position":  0,
                                        "Spacing":  0,
                                        "Scaling":  100,
                                        "Subscript":  0,
                                        "Superscript":  0
                                    },
                           "range":  {
                                         "start":  579,
                                         "end":  597,
                                         "text":  "有这个可以得到类似的密度守恒方程：\r",
                                         "style":  "正文",
                                         "Name":  "等线",
                                         "NameAscii":  "+西文正文",
                                         "NameOther":  "+西文正文",
                                         "NameFarEast":  "+中文正文",
                                         "NameBi":  "+正文 CS 字体",
                                         "Size":  10.5,
                                         "SizeBi":  11,
                                         "Bold":  0,
                                         "BoldBi":  0,
                                         "Italic":  0,
                                         "ItalicBi":  0,
                                         "Underline":  0,
                                         "Color":  -16777216,
                                         "Hidden":  0,
                                         "Position":  0,
                                         "Spacing":  0,
                                         "Scaling":  100,
                                         "Subscript":  0,
                                         "Superscript":  0
                                     },
                           "first":  {
                                         "start":  579,
                                         "end":  580,
                                         "text":  "有",
                                         "style":  "正文",
                                         "Name":  "等线",
                                         "NameAscii":  "+西文正文",
                                         "NameOther":  "+西文正文",
                                         "NameFarEast":  "+中文正文",
                                         "NameBi":  "+正文 CS 字体",
                                         "Size":  10.5,
                                         "SizeBi":  11,
                                         "Bold":  0,
                                         "BoldBi":  0,
                                         "Italic":  0,
                                         "ItalicBi":  0,
                                         "Underline":  0,
                                         "Color":  -16777216,
                                         "Hidden":  0,
                                         "Position":  0,
                                         "Spacing":  0,
                                         "Scaling":  100,
                                         "Subscript":  0,
                                         "Superscript":  0
                                     }
                       },
                       {
                           "mark":  {
                                        "start":  687,
                                        "end":  688,
                                        "text":  "\r",
                                        "style":  "正文",
                                        "Name":  "等线",
                                        "NameAscii":  "+西文正文",
                                        "NameOther":  "+西文正文",
                                        "NameFarEast":  "+中文正文",
                                        "NameBi":  "+正文 CS 字体",
                                        "Size":  10.5,
                                        "SizeBi":  11,
                                        "Bold":  0,
                                        "BoldBi":  0,
                                        "Italic":  0,
                                        "ItalicBi":  0,
                                        "Underline":  0,
                                        "Color":  -16777216,
                                        "Hidden":  0,
                                        "Position":  0,
                                        "Spacing":  0,
                                        "Scaling":  100,
                                        "Subscript":  0,
                                        "Superscript":  0
                                    },
                           "range":  {
                                         "start":  675,
                                         "end":  688,
                                         "text":  "定态的相加不一定为定态。\r",
                                         "style":  "正文",
                                         "Name":  "等线",
                                         "NameAscii":  "+西文正文",
                                         "NameOther":  "+西文正文",
                                         "NameFarEast":  "+中文正文",
                                         "NameBi":  "+正文 CS 字体",
                                         "Size":  10.5,
                                         "SizeBi":  11,
                                         "Bold":  0,
                                         "BoldBi":  0,
                                         "Italic":  0,
                                         "ItalicBi":  0,
                                         "Underline":  0,
                                         "Color":  -16777216,
                                         "Hidden":  0,
                                         "Position":  0,
                                         "Spacing":  0,
                                         "Scaling":  100,
                                         "Subscript":  0,
                                         "Superscript":  0
                                     },
                           "first":  {
                                         "start":  675,
                                         "end":  676,
                                         "text":  "定",
                                         "style":  "正文",
                                         "Name":  "等线",
                                         "NameAscii":  "+西文正文",
                                         "NameOther":  "+西文正文",
                                         "NameFarEast":  "+中文正文",
                                         "NameBi":  "+正文 CS 字体",
                                         "Size":  10.5,
                                         "SizeBi":  11,
                                         "Bold":  0,
                                         "BoldBi":  0,
                                         "Italic":  0,
                                         "ItalicBi":  0,
                                         "Underline":  0,
                                         "Color":  -16777216,
                                         "Hidden":  0,
                                         "Position":  0,
                                         "Spacing":  0,
                                         "Scaling":  100,
                                         "Subscript":  0,
                                         "Superscript":  0
                                     }
                       },
                       {
                           "mark":  {
                                        "start":  688,
                                        "end":  689,
                                        "text":  "\r",
                                        "style":  "正文",
                                        "Name":  "等线",
                                        "NameAscii":  "+西文正文",
                                        "NameOther":  "+西文正文",
                                        "NameFarEast":  "+中文正文",
                                        "NameBi":  "+正文 CS 字体",
                                        "Size":  10.5,
                                        "SizeBi":  11,
                                        "Bold":  0,
                                        "BoldBi":  0,
                                        "Italic":  0,
                                        "ItalicBi":  0,
                                        "Underline":  0,
                                        "Color":  -16777216,
                                        "Hidden":  0,
                                        "Position":  0,
                                        "Spacing":  0,
                                        "Scaling":  100,
                                        "Subscript":  0,
                                        "Superscript":  0
                                    },
                           "range":  {
                                         "start":  688,
                                         "end":  689,
                                         "text":  "\r",
                                         "style":  "正文",
                                         "Name":  "等线",
                                         "NameAscii":  "+西文正文",
                                         "NameOther":  "+西文正文",
                                         "NameFarEast":  "+中文正文",
                                         "NameBi":  "+正文 CS 字体",
                                         "Size":  10.5,
                                         "SizeBi":  11,
                                         "Bold":  0,
                                         "BoldBi":  0,
                                         "Italic":  0,
                                         "ItalicBi":  0,
                                         "Underline":  0,
                                         "Color":  -16777216,
                                         "Hidden":  0,
                                         "Position":  0,
                                         "Spacing":  0,
                                         "Scaling":  100,
                                         "Subscript":  0,
                                         "Superscript":  0
                                     },
                           "first":  {
                                         "start":  688,
                                         "end":  689,
                                         "text":  "\r",
                                         "style":  "正文",
                                         "Name":  "等线",
                                         "NameAscii":  "+西文正文",
                                         "NameOther":  "+西文正文",
                                         "NameFarEast":  "+中文正文",
                                         "NameBi":  "+正文 CS 字体",
                                         "Size":  10.5,
                                         "SizeBi":  11,
                                         "Bold":  0,
                                         "BoldBi":  0,
                                         "Italic":  0,
                                         "ItalicBi":  0,
                                         "Underline":  0,
                                         "Color":  -16777216,
                                         "Hidden":  0,
                                         "Position":  0,
                                         "Spacing":  0,
                                         "Scaling":  100,
                                         "Subscript":  0,
                                         "Superscript":  0
                                     }
                       },
                       {
                           "mark":  {
                                        "start":  813,
                                        "end":  814,
                                        "text":  "\r",
                                        "style":  "正文",
                                        "Name":  "等线",
                                        "NameAscii":  "+西文正文",
                                        "NameOther":  "+西文正文",
                                        "NameFarEast":  "+中文正文",
                                        "NameBi":  "+正文 CS 字体",
                                        "Size":  10.5,
                                        "SizeBi":  11,
                                        "Bold":  0,
                                        "BoldBi":  0,
                                        "Italic":  0,
                                        "ItalicBi":  0,
                                        "Underline":  0,
                                        "Color":  -16777216,
                                        "Hidden":  0,
                                        "Position":  0,
                                        "Spacing":  0,
                                        "Scaling":  100,
                                        "Subscript":  0,
                                        "Superscript":  0
                                    },
                           "range":  {
                                         "start":  689,
                                         "end":  814,
                                         "text":  "(\u0015)\r",
                                         "style":  "正文",
                                         "Name":  "等线",
                                         "NameAscii":  "+西文正文",
                                         "NameOther":  "+西文正文",
                                         "NameFarEast":  "+中文正文",
                                         "NameBi":  "+正文 CS 字体",
                                         "Size":  10.5,
                                         "SizeBi":  11,
                                         "Bold":  0,
                                         "BoldBi":  0,
                                         "Italic":  0,
                                         "ItalicBi":  0,
                                         "Underline":  0,
                                         "Color":  -16777216,
                                         "Hidden":  0,
                                         "Position":  0,
                                         "Spacing":  0,
                                         "Scaling":  100,
                                         "Subscript":  0,
                                         "Superscript":  0
                                     },
                           "first":  {
                                         "start":  689,
                                         "end":  690,
                                         "text":  "(",
                                         "style":  "正文",
                                         "Name":  "等线",
                                         "NameAscii":  "+西文正文",
                                         "NameOther":  "+西文正文",
                                         "NameFarEast":  "+中文正文",
                                         "NameBi":  "+正文 CS 字体",
                                         "Size":  10.5,
                                         "SizeBi":  11,
                                         "Bold":  0,
                                         "BoldBi":  0,
                                         "Italic":  0,
                                         "ItalicBi":  0,
                                         "Underline":  0,
                                         "Color":  -16777216,
                                         "Hidden":  0,
                                         "Position":  0,
                                         "Spacing":  0,
                                         "Scaling":  100,
                                         "Subscript":  0,
                                         "Superscript":  0
                                     }
                       }
                   ],
    "selection":  {
                      "start":  217,
                      "end":  237,
                      "text":  "\r𝑎\r2\r+\r𝑏\r2\r=\r𝑐\r2\r",
                      "style":  "正文",
                      "Name":  "Latin Modern Math",
                      "NameAscii":  "Latin Modern Math",
                      "NameOther":  "Latin Modern Math",
                      "NameFarEast":  "+中文正文",
                      "NameBi":  "+正文 CS 字体",
                      "Size":  10.5,
                      "SizeBi":  9999999,
                      "Bold":  0,
                      "BoldBi":  0,
                      "Italic":  9999999,
                      "ItalicBi":  0,
                      "Underline":  0,
                      "Color":  -16777216,
                      "Hidden":  0,
                      "Position":  0,
                      "Spacing":  0,
                      "Scaling":  100,
                      "Subscript":  0,
                      "Superscript":  0
                  },
    "pid":  100856,
    "bookmarks":  [
                      {
                          "name":  "VTEq_1678da3f48a14756aff01df2f919c6e1",
                          "format":  {
                                         "start":  155,
                                         "end":  214,
                                         "text":  "(1)",
                                         "style":  "正文",
                                         "Name":  "等线",
                                         "NameAscii":  "+西文正文",
                                         "NameOther":  "+西文正文",
                                         "NameFarEast":  "+中文正文",
                                         "NameBi":  "+正文 CS 字体",
                                         "Size":  10.5,
                                         "SizeBi":  11,
                                         "Bold":  0,
                                         "BoldBi":  0,
                                         "Italic":  0,
                                         "ItalicBi":  0,
                                         "Underline":  0,
                                         "Color":  -16777216,
                                         "Hidden":  0,
                                         "Position":  0,
                                         "Spacing":  0,
                                         "Scaling":  100,
                                         "Subscript":  0,
                                         "Superscript":  0
                                     }
                      },
                      {
                          "name":  "VTEq_211b3d4bf0dd4deaadd52267047877cb",
                          "format":  {
                                         "start":  239,
                                         "end":  298,
                                         "text":  "(2)",
                                         "style":  "正文",
                                         "Name":  "等线",
                                         "NameAscii":  "+西文正文",
                                         "NameOther":  "+西文正文",
                                         "NameFarEast":  "+中文正文",
                                         "NameBi":  "+正文 CS 字体",
                                         "Size":  10.5,
                                         "SizeBi":  11,
                                         "Bold":  0,
                                         "BoldBi":  0,
                                         "Italic":  0,
                                         "ItalicBi":  0,
                                         "Underline":  0,
                                         "Color":  -16777216,
                                         "Hidden":  0,
                                         "Position":  0,
                                         "Spacing":  0,
                                         "Scaling":  100,
                                         "Subscript":  0,
                                         "Superscript":  0
                                     }
                      },
                      {
                          "name":  "VTEq_6ebc7ffcef13483ba7c0f216d609d135",
                          "format":  {
                                         "start":  629,
                                         "end":  673,
                                         "text":  "(5)",
                                         "style":  "正文",
                                         "Name":  "等线",
                                         "NameAscii":  "+西文正文",
                                         "NameOther":  "+西文正文",
                                         "NameFarEast":  "+中文正文",
                                         "NameBi":  "+正文 CS 字体",
                                         "Size":  10.5,
                                         "SizeBi":  11,
                                         "Bold":  0,
                                         "BoldBi":  0,
                                         "Italic":  0,
                                         "ItalicBi":  0,
                                         "Underline":  0,
                                         "Color":  -16777216,
                                         "Hidden":  0,
                                         "Position":  0,
                                         "Spacing":  0,
                                         "Scaling":  100,
                                         "Subscript":  0,
                                         "Superscript":  0
                                     }
                      },
                      {
                          "name":  "VTEq_b58855c15a3e481ab92526cb37818072",
                          "format":  {
                                         "start":  533,
                                         "end":  577,
                                         "text":  "(4)",
                                         "style":  "正文",
                                         "Name":  "等线",
                                         "NameAscii":  "+西文正文",
                                         "NameOther":  "+西文正文",
                                         "NameFarEast":  "+中文正文",
                                         "NameBi":  "+正文 CS 字体",
                                         "Size":  10.5,
                                         "SizeBi":  11,
                                         "Bold":  0,
                                         "BoldBi":  0,
                                         "Italic":  0,
                                         "ItalicBi":  0,
                                         "Underline":  0,
                                         "Color":  -16777216,
                                         "Hidden":  0,
                                         "Position":  0,
                                         "Spacing":  0,
                                         "Scaling":  100,
                                         "Subscript":  0,
                                         "Superscript":  0
                                     }
                      },
                      {
                          "name":  "VTEq_b9745ab96e63454a8d5a0202003fc436",
                          "format":  {
                                         "start":  392,
                                         "end":  436,
                                         "text":  "(3)",
                                         "style":  "正文",
                                         "Name":  "等线",
                                         "NameAscii":  "+西文正文",
                                         "NameOther":  "+西文正文",
                                         "NameFarEast":  "+中文正文",
                                         "NameBi":  "+正文 CS 字体",
                                         "Size":  10.5,
                                         "SizeBi":  11,
                                         "Bold":  0,
                                         "BoldBi":  0,
                                         "Italic":  0,
                                         "ItalicBi":  0,
                                         "Underline":  0,
                                         "Color":  -16777216,
                                         "Hidden":  0,
                                         "Position":  0,
                                         "Spacing":  0,
                                         "Scaling":  100,
                                         "Subscript":  0,
                                         "Superscript":  0
                                     }
                      },
                      {
                          "name":  "VTEqCap_1678da3f48a14756aff01df2f919c6e1",
                          "format":  {
                                         "start":  156,
                                         "end":  213,
                                         "text":  "1",
                                         "style":  "正文",
                                         "Name":  "等线",
                                         "NameAscii":  "+西文正文",
                                         "NameOther":  "+西文正文",
                                         "NameFarEast":  "+中文正文",
                                         "NameBi":  "+正文 CS 字体",
                                         "Size":  10.5,
                                         "SizeBi":  11,
                                         "Bold":  0,
                                         "BoldBi":  0,
                                         "Italic":  0,
                                         "ItalicBi":  0,
                                         "Underline":  0,
                                         "Color":  -16777216,
                                         "Hidden":  0,
                                         "Position":  0,
                                         "Spacing":  0,
                                         "Scaling":  100,
                                         "Subscript":  0,
                                         "Superscript":  0
                                     }
                      },
                      {
                          "name":  "VTEqCap_211b3d4bf0dd4deaadd52267047877cb",
                          "format":  {
                                         "start":  240,
                                         "end":  297,
                                         "text":  "2",
                                         "style":  "正文",
                                         "Name":  "等线",
                                         "NameAscii":  "+西文正文",
                                         "NameOther":  "+西文正文",
                                         "NameFarEast":  "+中文正文",
                                         "NameBi":  "+正文 CS 字体",
                                         "Size":  10.5,
                                         "SizeBi":  11,
                                         "Bold":  0,
                                         "BoldBi":  0,
                                         "Italic":  0,
                                         "ItalicBi":  0,
                                         "Underline":  0,
                                         "Color":  -16777216,
                                         "Hidden":  0,
                                         "Position":  0,
                                         "Spacing":  0,
                                         "Scaling":  100,
                                         "Subscript":  0,
                                         "Superscript":  0
                                     }
                      },
                      {
                          "name":  "VTEqCap_6ebc7ffcef13483ba7c0f216d609d135",
                          "format":  {
                                         "start":  630,
                                         "end":  672,
                                         "text":  "5",
                                         "style":  "正文",
                                         "Name":  "等线",
                                         "NameAscii":  "+西文正文",
                                         "NameOther":  "+西文正文",
                                         "NameFarEast":  "+中文正文",
                                         "NameBi":  "+正文 CS 字体",
                                         "Size":  10.5,
                                         "SizeBi":  11,
                                         "Bold":  0,
                                         "BoldBi":  0,
                                         "Italic":  0,
                                         "ItalicBi":  0,
                                         "Underline":  0,
                                         "Color":  -16777216,
                                         "Hidden":  0,
                                         "Position":  0,
                                         "Spacing":  0,
                                         "Scaling":  100,
                                         "Subscript":  0,
                                         "Superscript":  0
                                     }
                      },
                      {
                          "name":  "VTEqCap_b58855c15a3e481ab92526cb37818072",
                          "format":  {
                                         "start":  534,
                                         "end":  576,
                                         "text":  "4",
                                         "style":  "正文",
                                         "Name":  "等线",
                                         "NameAscii":  "+西文正文",
                                         "NameOther":  "+西文正文",
                                         "NameFarEast":  "+中文正文",
                                         "NameBi":  "+正文 CS 字体",
                                         "Size":  10.5,
                                         "SizeBi":  11,
                                         "Bold":  0,
                                         "BoldBi":  0,
                                         "Italic":  0,
                                         "ItalicBi":  0,
                                         "Underline":  0,
                                         "Color":  -16777216,
                                         "Hidden":  0,
                                         "Position":  0,
                                         "Spacing":  0,
                                         "Scaling":  100,
                                         "Subscript":  0,
                                         "Superscript":  0
                                     }
                      },
                      {
                          "name":  "VTEqCap_b9745ab96e63454a8d5a0202003fc436",
                          "format":  {
                                         "start":  393,
                                         "end":  435,
                                         "text":  "3",
                                         "style":  "正文",
                                         "Name":  "等线",
                                         "NameAscii":  "+西文正文",
                                         "NameOther":  "+西文正文",
                                         "NameFarEast":  "+中文正文",
                                         "NameBi":  "+正文 CS 字体",
                                         "Size":  10.5,
                                         "SizeBi":  11,
                                         "Bold":  0,
                                         "BoldBi":  0,
                                         "Italic":  0,
                                         "ItalicBi":  0,
                                         "Underline":  0,
                                         "Color":  -16777216,
                                         "Hidden":  0,
                                         "Position":  0,
                                         "Spacing":  0,
                                         "Scaling":  100,
                                         "Subscript":  0,
                                         "Superscript":  0
                                     }
                      },
                      {
                          "name":  "VTEqNum_1678da3f48a14756aff01df2f919c6e1",
                          "format":  {
                                         "start":  156,
                                         "end":  213,
                                         "text":  "1",
                                         "style":  "正文",
                                         "Name":  "等线",
                                         "NameAscii":  "+西文正文",
                                         "NameOther":  "+西文正文",
                                         "NameFarEast":  "+中文正文",
                                         "NameBi":  "+正文 CS 字体",
                                         "Size":  10.5,
                                         "SizeBi":  11,
                                         "Bold":  0,
                                         "BoldBi":  0,
                                         "Italic":  0,
                                         "ItalicBi":  0,
                                         "Underline":  0,
                                         "Color":  -16777216,
                                         "Hidden":  0,
                                         "Position":  0,
                                         "Spacing":  0,
                                         "Scaling":  100,
                                         "Subscript":  0,
                                         "Superscript":  0
                                     }
                      },
                      {
                          "name":  "VTEqNum_211b3d4bf0dd4deaadd52267047877cb",
                          "format":  {
                                         "start":  240,
                                         "end":  297,
                                         "text":  "2",
                                         "style":  "正文",
                                         "Name":  "等线",
                                         "NameAscii":  "+西文正文",
                                         "NameOther":  "+西文正文",
                                         "NameFarEast":  "+中文正文",
                                         "NameBi":  "+正文 CS 字体",
                                         "Size":  10.5,
                                         "SizeBi":  11,
                                         "Bold":  0,
                                         "BoldBi":  0,
                                         "Italic":  0,
                                         "ItalicBi":  0,
                                         "Underline":  0,
                                         "Color":  -16777216,
                                         "Hidden":  0,
                                         "Position":  0,
                                         "Spacing":  0,
                                         "Scaling":  100,
                                         "Subscript":  0,
                                         "Superscript":  0
                                     }
                      },
                      {
                          "name":  "VTEqNum_39892f7266de4b0bb174644a84812471",
                          "format":  {
                                         "start":  240,
                                         "end":  297,
                                         "text":  "2",
                                         "style":  "正文",
                                         "Name":  "等线",
                                         "NameAscii":  "+西文正文",
                                         "NameOther":  "+西文正文",
                                         "NameFarEast":  "+中文正文",
                                         "NameBi":  "+正文 CS 字体",
                                         "Size":  10.5,
                                         "SizeBi":  11,
                                         "Bold":  0,
                                         "BoldBi":  0,
                                         "Italic":  0,
                                         "ItalicBi":  0,
                                         "Underline":  0,
                                         "Color":  -16777216,
                                         "Hidden":  0,
                                         "Position":  0,
                                         "Spacing":  0,
                                         "Scaling":  100,
                                         "Subscript":  0,
                                         "Superscript":  0
                                     }
                      },
                      {
                          "name":  "VTEqNum_6ebc7ffcef13483ba7c0f216d609d135",
                          "format":  {
                                         "start":  630,
                                         "end":  672,
                                         "text":  "5",
                                         "style":  "正文",
                                         "Name":  "等线",
                                         "NameAscii":  "+西文正文",
                                         "NameOther":  "+西文正文",
                                         "NameFarEast":  "+中文正文",
                                         "NameBi":  "+正文 CS 字体",
                                         "Size":  10.5,
                                         "SizeBi":  11,
                                         "Bold":  0,
                                         "BoldBi":  0,
                                         "Italic":  0,
                                         "ItalicBi":  0,
                                         "Underline":  0,
                                         "Color":  -16777216,
                                         "Hidden":  0,
                                         "Position":  0,
                                         "Spacing":  0,
                                         "Scaling":  100,
                                         "Subscript":  0,
                                         "Superscript":  0
                                     }
                      },
                      {
                          "name":  "VTEqNum_b58855c15a3e481ab92526cb37818072",
                          "format":  {
                                         "start":  534,
                                         "end":  576,
                                         "text":  "4",
                                         "style":  "正文",
                                         "Name":  "等线",
                                         "NameAscii":  "+西文正文",
                                         "NameOther":  "+西文正文",
                                         "NameFarEast":  "+中文正文",
                                         "NameBi":  "+正文 CS 字体",
                                         "Size":  10.5,
                                         "SizeBi":  11,
                                         "Bold":  0,
                                         "BoldBi":  0,
                                         "Italic":  0,
                                         "ItalicBi":  0,
                                         "Underline":  0,
                                         "Color":  -16777216,
                                         "Hidden":  0,
                                         "Position":  0,
                                         "Spacing":  0,
                                         "Scaling":  100,
                                         "Subscript":  0,
                                         "Superscript":  0
                                     }
                      },
                      {
                          "name":  "VTEqNum_b9745ab96e63454a8d5a0202003fc436",
                          "format":  {
                                         "start":  393,
                                         "end":  435,
                                         "text":  "3",
                                         "style":  "正文",
                                         "Name":  "等线",
                                         "NameAscii":  "+西文正文",
                                         "NameOther":  "+西文正文",
                                         "NameFarEast":  "+中文正文",
                                         "NameBi":  "+正文 CS 字体",
                                         "Size":  10.5,
                                         "SizeBi":  11,
                                         "Bold":  0,
                                         "BoldBi":  0,
                                         "Italic":  0,
                                         "ItalicBi":  0,
                                         "Underline":  0,
                                         "Color":  -16777216,
                                         "Hidden":  0,
                                         "Position":  0,
                                         "Spacing":  0,
                                         "Scaling":  100,
                                         "Subscript":  0,
                                         "Superscript":  0
                                     }
                      }
                  ],
    "document":  "文档142"
}
