{
    "fields":  [
                   {
                       "preceding":  {
                                         "start":  126,
                                         "end":  127,
                                         "text":  "(",
                                         "style":  "正文",
                                         "Name":  "等线",
                                         "NameAscii":  "+西文正文",
                                         "NameOther":  "+西文正文",
                                         "NameFarEast":  "+中文正文",
                                         "NameBi":  "+正文 CS 字体",
                                         "Size":  10.5,
                                         "SizeBi":  11,
                                         "Bold":  0,
                                         "BoldBi":  0,
                                         "Italic":  0,
                                         "ItalicBi":  0,
                                         "Underline":  0,
                                         "Color":  -16777216,
                                         "Hidden":  0,
                                         "Position":  0,
                                         "Spacing":  0,
                                         "Scaling":  100,
                                         "Subscript":  0,
                                         "Superscript":  0
                                     },
                       "code":  {
                                    "start":  128,
                                    "end":  192,
                                    "text":  " REF VTEqNum_a9e6da0665bd40d4a7a1f934457c6b88 \\h \\* CHARFORMAT ",
                                    "style":  "正文",
                                    "Name":  "等线",
                                    "NameAscii":  "+西文正文",
                                    "NameOther":  "+西文正文",
                                    "NameFarEast":  "+中文正文",
                                    "NameBi":  "+正文 CS 字体",
                                    "Size":  10.5,
                                    "SizeBi":  11,
                                    "Bold":  0,
                                    "BoldBi":  0,
                                    "Italic":  0,
                                    "ItalicBi":  0,
                                    "Underline":  0,
                                    "Color":  -16777216,
                                    "Hidden":  0,
                                    "Position":  0,
                                    "Spacing":  0,
                                    "Scaling":  100,
                                    "Subscript":  0,
                                    "Superscript":  0
                                },
                       "codeFirst":  {
                                         "start":  128,
                                         "end":  130,
                                         "text":  " R",
                                         "style":  "正文",
                                         "Name":  "等线",
                                         "NameAscii":  "+西文正文",
                                         "NameOther":  "+西文正文",
                                         "NameFarEast":  "+中文正文",
                                         "NameBi":  "+正文 CS 字体",
                                         "Size":  10.5,
                                         "SizeBi":  11,
                                         "Bold":  0,
                                         "BoldBi":  0,
                                         "Italic":  0,
                                         "ItalicBi":  0,
                                         "Underline":  0,
                                         "Color":  -16777216,
                                         "Hidden":  0,
                                         "Position":  0,
                                         "Spacing":  0,
                                         "Scaling":  100,
                                         "Subscript":  0,
                                         "Superscript":  0
                                     },
                       "result":  {
                                      "start":  193,
                                      "end":  198,
                                      "text":  "0.0-1",
                                      "style":  "正文",
                                      "Name":  "等线",
                                      "NameAscii":  "+西文正文",
                                      "NameOther":  "+西文正文",
                                      "NameFarEast":  "+中文正文",
                                      "NameBi":  "+正文 CS 字体",
                                      "Size":  10.5,
                                      "SizeBi":  11,
                                      "Bold":  0,
                                      "BoldBi":  0,
                                      "Italic":  0,
                                      "ItalicBi":  0,
                                      "Underline":  0,
                                      "Color":  -16777216,
                                      "Hidden":  0,
                                      "Position":  0,
                                      "Spacing":  0,
                                      "Scaling":  100,
                                      "Subscript":  0,
                                      "Superscript":  0
                                  },
                       "type":  3
                   },
                   {
                       "preceding":  {
                                         "start":  204,
                                         "end":  205,
                                         "text":  "-",
                                         "style":  "题注",
                                         "Name":  "等线 Light",
                                         "NameAscii":  "+西文标题",
                                         "NameOther":  "+西文标题",
                                         "NameFarEast":  "黑体",
                                         "NameBi":  "+标题 CS",
                                         "Size":  11,
                                         "SizeBi":  10,
                                         "Bold":  0,
                                         "BoldBi":  0,
                                         "Italic":  0,
                                         "ItalicBi":  0,
                                         "Underline":  0,
                                         "Color":  -16777216,
                                         "Hidden":  0,
                                         "Position":  0,
                                         "Spacing":  0,
                                         "Scaling":  100,
                                         "Subscript":  0,
                                         "Superscript":  0
                                     },
                       "code":  {
                                    "start":  206,
                                    "end":  244,
                                    "text":  " SEQ VisualTeXEquation \\r 1 \\* ARABIC ",
                                    "style":  "题注",
                                    "Name":  "等线 Light",
                                    "NameAscii":  "+西文标题",
                                    "NameOther":  "+西文标题",
                                    "NameFarEast":  "黑体",
                                    "NameBi":  "+标题 CS",
                                    "Size":  11,
                                    "SizeBi":  10,
                                    "Bold":  0,
                                    "BoldBi":  0,
                                    "Italic":  0,
                                    "ItalicBi":  0,
                                    "Underline":  0,
                                    "Color":  -16777216,
                                    "Hidden":  0,
                                    "Position":  0,
                                    "Spacing":  0,
                                    "Scaling":  100,
                                    "Subscript":  0,
                                    "Superscript":  0
                                },
                       "codeFirst":  {
                                         "start":  206,
                                         "end":  208,
                                         "text":  " S",
                                         "style":  "题注",
                                         "Name":  "等线 Light",
                                         "NameAscii":  "+西文标题",
                                         "NameOther":  "+西文标题",
                                         "NameFarEast":  "黑体",
                                         "NameBi":  "+标题 CS",
                                         "Size":  11,
                                         "SizeBi":  10,
                                         "Bold":  0,
                                         "BoldBi":  0,
                                         "Italic":  0,
                                         "ItalicBi":  0,
                                         "Underline":  0,
                                         "Color":  -16777216,
                                         "Hidden":  0,
                                         "Position":  0,
                                         "Spacing":  0,
                                         "Scaling":  100,
                                         "Subscript":  0,
                                         "Superscript":  0
                                     },
                       "result":  {
                                      "start":  245,
                                      "end":  246,
                                      "text":  "1",
                                      "style":  "题注",
                                      "Name":  "等线 Light",
                                      "NameAscii":  "+西文标题",
                                      "NameOther":  "+西文标题",
                                      "NameFarEast":  "黑体",
                                      "NameBi":  "+标题 CS",
                                      "Size":  11,
                                      "SizeBi":  10,
                                      "Bold":  0,
                                      "BoldBi":  0,
                                      "Italic":  0,
                                      "ItalicBi":  0,
                                      "Underline":  0,
                                      "Color":  -16777216,
                                      "Hidden":  0,
                                      "Position":  0,
                                      "Spacing":  0,
                                      "Scaling":  100,
                                      "Subscript":  0,
                                      "Superscript":  0
                                  },
                       "type":  12
                   },
                   {
                       "preceding":  {
                                         "start":  285,
                                         "end":  286,
                                         "text":  "(",
                                         "style":  "正文",
                                         "Name":  "等线",
                                         "NameAscii":  "+西文正文",
                                         "NameOther":  "+西文正文",
                                         "NameFarEast":  "+中文正文",
                                         "NameBi":  "+正文 CS 字体",
                                         "Size":  10.5,
                                         "SizeBi":  11,
                                         "Bold":  0,
                                         "BoldBi":  0,
                                         "Italic":  0,
                                         "ItalicBi":  0,
                                         "Underline":  0,
                                         "Color":  -16777216,
                                         "Hidden":  0,
                                         "Position":  0,
                                         "Spacing":  0,
                                         "Scaling":  100,
                                         "Subscript":  0,
                                         "Superscript":  0
                                     },
                       "code":  {
                                    "start":  287,
                                    "end":  351,
                                    "text":  " REF VTEqNum_3085324a8c094da9ae168c149ec872fd \\h \\* CHARFORMAT ",
                                    "style":  "正文",
                                    "Name":  "等线",
                                    "NameAscii":  "+西文正文",
                                    "NameOther":  "+西文正文",
                                    "NameFarEast":  "+中文正文",
                                    "NameBi":  "+正文 CS 字体",
                                    "Size":  10.5,
                                    "SizeBi":  11,
                                    "Bold":  0,
                                    "BoldBi":  0,
                                    "Italic":  0,
                                    "ItalicBi":  0,
                                    "Underline":  0,
                                    "Color":  -16777216,
                                    "Hidden":  0,
                                    "Position":  0,
                                    "Spacing":  0,
                                    "Scaling":  100,
                                    "Subscript":  0,
                                    "Superscript":  0
                                },
                       "codeFirst":  {
                                         "start":  287,
                                         "end":  289,
                                         "text":  " R",
                                         "style":  "正文",
                                         "Name":  "等线",
                                         "NameAscii":  "+西文正文",
                                         "NameOther":  "+西文正文",
                                         "NameFarEast":  "+中文正文",
                                         "NameBi":  "+正文 CS 字体",
                                         "Size":  10.5,
                                         "SizeBi":  11,
                                         "Bold":  0,
                                         "BoldBi":  0,
                                         "Italic":  0,
                                         "ItalicBi":  0,
                                         "Underline":  0,
                                         "Color":  -16777216,
                                         "Hidden":  0,
                                         "Position":  0,
                                         "Spacing":  0,
                                         "Scaling":  100,
                                         "Subscript":  0,
                                         "Superscript":  0
                                     },
                       "result":  {
                                      "start":  352,
                                      "end":  357,
                                      "text":  "0.0-2",
                                      "style":  "正文",
                                      "Name":  "等线",
                                      "NameAscii":  "+西文正文",
                                      "NameOther":  "+西文正文",
                                      "NameFarEast":  "+中文正文",
                                      "NameBi":  "+正文 CS 字体",
                                      "Size":  10.5,
                                      "SizeBi":  11,
                                      "Bold":  0,
                                      "BoldBi":  0,
                                      "Italic":  0,
                                      "ItalicBi":  0,
                                      "Underline":  0,
                                      "Color":  -16777216,
                                      "Hidden":  0,
                                      "Position":  0,
                                      "Spacing":  0,
                                      "Scaling":  100,
                                      "Subscript":  0,
                                      "Superscript":  0
                                  },
                       "type":  3
                   },
                   {
                       "preceding":  {
                                         "start":  363,
                                         "end":  364,
                                         "text":  "-",
                                         "style":  "题注",
                                         "Name":  "等线 Light",
                                         "NameAscii":  "+西文标题",
                                         "NameOther":  "+西文标题",
                                         "NameFarEast":  "黑体",
                                         "NameBi":  "+标题 CS",
                                         "Size":  11,
                                         "SizeBi":  10,
                                         "Bold":  0,
                                         "BoldBi":  0,
                                         "Italic":  0,
                                         "ItalicBi":  0,
                                         "Underline":  0,
                                         "Color":  -16777216,
                                         "Hidden":  0,
                                         "Position":  0,
                                         "Spacing":  0,
                                         "Scaling":  100,
                                         "Subscript":  0,
                                         "Superscript":  0
                                     },
                       "code":  {
                                    "start":  365,
                                    "end":  403,
                                    "text":  " SEQ VisualTeXEquation \\r 2 \\* ARABIC ",
                                    "style":  "题注",
                                    "Name":  "等线 Light",
                                    "NameAscii":  "+西文标题",
                                    "NameOther":  "+西文标题",
                                    "NameFarEast":  "黑体",
                                    "NameBi":  "+标题 CS",
                                    "Size":  11,
                                    "SizeBi":  10,
                                    "Bold":  0,
                                    "BoldBi":  0,
                                    "Italic":  0,
                                    "ItalicBi":  0,
                                    "Underline":  0,
                                    "Color":  -16777216,
                                    "Hidden":  0,
                                    "Position":  0,
                                    "Spacing":  0,
                                    "Scaling":  100,
                                    "Subscript":  0,
                                    "Superscript":  0
                                },
                       "codeFirst":  {
                                         "start":  365,
                                         "end":  367,
                                         "text":  " S",
                                         "style":  "题注",
                                         "Name":  "等线 Light",
                                         "NameAscii":  "+西文标题",
                                         "NameOther":  "+西文标题",
                                         "NameFarEast":  "黑体",
                                         "NameBi":  "+标题 CS",
                                         "Size":  11,
                                         "SizeBi":  10,
                                         "Bold":  0,
                                         "BoldBi":  0,
                                         "Italic":  0,
                                         "ItalicBi":  0,
                                         "Underline":  0,
                                         "Color":  -16777216,
                                         "Hidden":  0,
                                         "Position":  0,
                                         "Spacing":  0,
                                         "Scaling":  100,
                                         "Subscript":  0,
                                         "Superscript":  0
                                     },
                       "result":  {
                                      "start":  404,
                                      "end":  405,
                                      "text":  "2",
                                      "style":  "题注",
                                      "Name":  "等线 Light",
                                      "NameAscii":  "+西文标题",
                                      "NameOther":  "+西文标题",
                                      "NameFarEast":  "黑体",
                                      "NameBi":  "+标题 CS",
                                      "Size":  11,
                                      "SizeBi":  10,
                                      "Bold":  0,
                                      "BoldBi":  0,
                                      "Italic":  0,
                                      "ItalicBi":  0,
                                      "Underline":  0,
                                      "Color":  -16777216,
                                      "Hidden":  0,
                                      "Position":  0,
                                      "Spacing":  0,
                                      "Scaling":  100,
                                      "Subscript":  0,
                                      "Superscript":  0
                                  },
                       "type":  12
                   },
                   {
                       "preceding":  {
                                         "start":  473,
                                         "end":  474,
                                         "text":  "(",
                                         "style":  "正文",
                                         "Name":  "等线",
                                         "NameAscii":  "+西文正文",
                                         "NameOther":  "+西文正文",
                                         "NameFarEast":  "+中文正文",
                                         "NameBi":  "+正文 CS 字体",
                                         "Size":  10.5,
                                         "SizeBi":  11,
                                         "Bold":  0,
                                         "BoldBi":  0,
                                         "Italic":  0,
                                         "ItalicBi":  0,
                                         "Underline":  0,
                                         "Color":  -16777216,
                                         "Hidden":  0,
                                         "Position":  0,
                                         "Spacing":  0,
                                         "Scaling":  100,
                                         "Subscript":  0,
                                         "Superscript":  0
                                     },
                       "code":  {
                                    "start":  475,
                                    "end":  539,
                                    "text":  " REF VTEqNum_2fb6a867cabd4cdabe57784fe6aa2843 \\h \\* CHARFORMAT ",
                                    "style":  "正文",
                                    "Name":  "等线",
                                    "NameAscii":  "+西文正文",
                                    "NameOther":  "+西文正文",
                                    "NameFarEast":  "+中文正文",
                                    "NameBi":  "+正文 CS 字体",
                                    "Size":  10.5,
                                    "SizeBi":  11,
                                    "Bold":  0,
                                    "BoldBi":  0,
                                    "Italic":  0,
                                    "ItalicBi":  0,
                                    "Underline":  0,
                                    "Color":  -16777216,
                                    "Hidden":  0,
                                    "Position":  0,
                                    "Spacing":  0,
                                    "Scaling":  100,
                                    "Subscript":  0,
                                    "Superscript":  0
                                },
                       "codeFirst":  {
                                         "start":  475,
                                         "end":  477,
                                         "text":  " R",
                                         "style":  "正文",
                                         "Name":  "等线",
                                         "NameAscii":  "+西文正文",
                                         "NameOther":  "+西文正文",
                                         "NameFarEast":  "+中文正文",
                                         "NameBi":  "+正文 CS 字体",
                                         "Size":  10.5,
                                         "SizeBi":  11,
                                         "Bold":  0,
                                         "BoldBi":  0,
                                         "Italic":  0,
                                         "ItalicBi":  0,
                                         "Underline":  0,
                                         "Color":  -16777216,
                                         "Hidden":  0,
                                         "Position":  0,
                                         "Spacing":  0,
                                         "Scaling":  100,
                                         "Subscript":  0,
                                         "Superscript":  0
                                     },
                       "result":  {
                                      "start":  540,
                                      "end":  545,
                                      "text":  "2.0-1",
                                      "style":  "正文",
                                      "Name":  "等线",
                                      "NameAscii":  "+西文正文",
                                      "NameOther":  "+西文正文",
                                      "NameFarEast":  "+中文正文",
                                      "NameBi":  "+正文 CS 字体",
                                      "Size":  10.5,
                                      "SizeBi":  11,
                                      "Bold":  0,
                                      "BoldBi":  0,
                                      "Italic":  0,
                                      "ItalicBi":  0,
                                      "Underline":  0,
                                      "Color":  -16777216,
                                      "Hidden":  0,
                                      "Position":  0,
                                      "Spacing":  0,
                                      "Scaling":  100,
                                      "Subscript":  0,
                                      "Superscript":  0
                                  },
                       "type":  3
                   },
                   {
                       "preceding":  {
                                         "start":  551,
                                         "end":  552,
                                         "text":  "-",
                                         "style":  "题注",
                                         "Name":  "等线 Light",
                                         "NameAscii":  "+西文标题",
                                         "NameOther":  "+西文标题",
                                         "NameFarEast":  "黑体",
                                         "NameBi":  "+标题 CS",
                                         "Size":  11,
                                         "SizeBi":  10,
                                         "Bold":  0,
                                         "BoldBi":  0,
                                         "Italic":  0,
                                         "ItalicBi":  0,
                                         "Underline":  0,
                                         "Color":  -16777216,
                                         "Hidden":  0,
                                         "Position":  0,
                                         "Spacing":  0,
                                         "Scaling":  100,
                                         "Subscript":  0,
                                         "Superscript":  0
                                     },
                       "code":  {
                                    "start":  553,
                                    "end":  591,
                                    "text":  " SEQ VisualTeXEquation \\r 1 \\* ARABIC ",
                                    "style":  "题注",
                                    "Name":  "等线 Light",
                                    "NameAscii":  "+西文标题",
                                    "NameOther":  "+西文标题",
                                    "NameFarEast":  "黑体",
                                    "NameBi":  "+标题 CS",
                                    "Size":  11,
                                    "SizeBi":  10,
                                    "Bold":  0,
                                    "BoldBi":  0,
                                    "Italic":  0,
                                    "ItalicBi":  0,
                                    "Underline":  0,
                                    "Color":  -16777216,
                                    "Hidden":  0,
                                    "Position":  0,
                                    "Spacing":  0,
                                    "Scaling":  100,
                                    "Subscript":  0,
                                    "Superscript":  0
                                },
                       "codeFirst":  {
                                         "start":  553,
                                         "end":  555,
                                         "text":  " S",
                                         "style":  "题注",
                                         "Name":  "等线 Light",
                                         "NameAscii":  "+西文标题",
                                         "NameOther":  "+西文标题",
                                         "NameFarEast":  "黑体",
                                         "NameBi":  "+标题 CS",
                                         "Size":  11,
                                         "SizeBi":  10,
                                         "Bold":  0,
                                         "BoldBi":  0,
                                         "Italic":  0,
                                         "ItalicBi":  0,
                                         "Underline":  0,
                                         "Color":  -16777216,
                                         "Hidden":  0,
                                         "Position":  0,
                                         "Spacing":  0,
                                         "Scaling":  100,
                                         "Subscript":  0,
                                         "Superscript":  0
                                     },
                       "result":  {
                                      "start":  592,
                                      "end":  593,
                                      "text":  "1",
                                      "style":  "题注",
                                      "Name":  "等线 Light",
                                      "NameAscii":  "+西文标题",
                                      "NameOther":  "+西文标题",
                                      "NameFarEast":  "黑体",
                                      "NameBi":  "+标题 CS",
                                      "Size":  11,
                                      "SizeBi":  10,
                                      "Bold":  0,
                                      "BoldBi":  0,
                                      "Italic":  0,
                                      "ItalicBi":  0,
                                      "Underline":  0,
                                      "Color":  -16777216,
                                      "Hidden":  0,
                                      "Position":  0,
                                      "Spacing":  0,
                                      "Scaling":  100,
                                      "Subscript":  0,
                                      "Superscript":  0
                                  },
                       "type":  12
                   },
                   {
                       "preceding":  {
                                         "start":  640,
                                         "end":  641,
                                         "text":  "(",
                                         "style":  "正文",
                                         "Name":  "等线",
                                         "NameAscii":  "+西文正文",
                                         "NameOther":  "+西文正文",
                                         "NameFarEast":  "+中文正文",
                                         "NameBi":  "+正文 CS 字体",
                                         "Size":  10.5,
                                         "SizeBi":  11,
                                         "Bold":  0,
                                         "BoldBi":  0,
                                         "Italic":  0,
                                         "ItalicBi":  0,
                                         "Underline":  0,
                                         "Color":  -16777216,
                                         "Hidden":  0,
                                         "Position":  0,
                                         "Spacing":  0,
                                         "Scaling":  100,
                                         "Subscript":  0,
                                         "Superscript":  0
                                     },
                       "code":  {
                                    "start":  642,
                                    "end":  706,
                                    "text":  " REF VTEqNum_e1640f07428945949e9ceadb34c0af92 \\h \\* CHARFORMAT ",
                                    "style":  "正文",
                                    "Name":  "等线",
                                    "NameAscii":  "+西文正文",
                                    "NameOther":  "+西文正文",
                                    "NameFarEast":  "+中文正文",
                                    "NameBi":  "+正文 CS 字体",
                                    "Size":  10.5,
                                    "SizeBi":  11,
                                    "Bold":  0,
                                    "BoldBi":  0,
                                    "Italic":  0,
                                    "ItalicBi":  0,
                                    "Underline":  0,
                                    "Color":  -16777216,
                                    "Hidden":  0,
                                    "Position":  0,
                                    "Spacing":  0,
                                    "Scaling":  100,
                                    "Subscript":  0,
                                    "Superscript":  0
                                },
                       "codeFirst":  {
                                         "start":  642,
                                         "end":  644,
                                         "text":  " R",
                                         "style":  "正文",
                                         "Name":  "等线",
                                         "NameAscii":  "+西文正文",
                                         "NameOther":  "+西文正文",
                                         "NameFarEast":  "+中文正文",
                                         "NameBi":  "+正文 CS 字体",
                                         "Size":  10.5,
                                         "SizeBi":  11,
                                         "Bold":  0,
                                         "BoldBi":  0,
                                         "Italic":  0,
                                         "ItalicBi":  0,
                                         "Underline":  0,
                                         "Color":  -16777216,
                                         "Hidden":  0,
                                         "Position":  0,
                                         "Spacing":  0,
                                         "Scaling":  100,
                                         "Subscript":  0,
                                         "Superscript":  0
                                     },
                       "result":  {
                                      "start":  707,
                                      "end":  712,
                                      "text":  "2.0-2",
                                      "style":  "正文",
                                      "Name":  "等线",
                                      "NameAscii":  "+西文正文",
                                      "NameOther":  "+西文正文",
                                      "NameFarEast":  "+中文正文",
                                      "NameBi":  "+正文 CS 字体",
                                      "Size":  10.5,
                                      "SizeBi":  11,
                                      "Bold":  0,
                                      "BoldBi":  0,
                                      "Italic":  0,
                                      "ItalicBi":  0,
                                      "Underline":  0,
                                      "Color":  -16777216,
                                      "Hidden":  0,
                                      "Position":  0,
                                      "Spacing":  0,
                                      "Scaling":  100,
                                      "Subscript":  0,
                                      "Superscript":  0
                                  },
                       "type":  3
                   },
                   {
                       "preceding":  {
                                         "start":  718,
                                         "end":  719,
                                         "text":  "-",
                                         "style":  "题注",
                                         "Name":  "等线 Light",
                                         "NameAscii":  "+西文标题",
                                         "NameOther":  "+西文标题",
                                         "NameFarEast":  "黑体",
                                         "NameBi":  "+标题 CS",
                                         "Size":  11,
                                         "SizeBi":  10,
                                         "Bold":  0,
                                         "BoldBi":  0,
                                         "Italic":  0,
                                         "ItalicBi":  0,
                                         "Underline":  0,
                                         "Color":  -16777216,
                                         "Hidden":  0,
                                         "Position":  0,
                                         "Spacing":  0,
                                         "Scaling":  100,
                                         "Subscript":  0,
                                         "Superscript":  0
                                     },
                       "code":  {
                                    "start":  720,
                                    "end":  758,
                                    "text":  " SEQ VisualTeXEquation \\r 2 \\* ARABIC ",
                                    "style":  "题注",
                                    "Name":  "等线 Light",
                                    "NameAscii":  "+西文标题",
                                    "NameOther":  "+西文标题",
                                    "NameFarEast":  "黑体",
                                    "NameBi":  "+标题 CS",
                                    "Size":  11,
                                    "SizeBi":  10,
                                    "Bold":  0,
                                    "BoldBi":  0,
                                    "Italic":  0,
                                    "ItalicBi":  0,
                                    "Underline":  0,
                                    "Color":  -16777216,
                                    "Hidden":  0,
                                    "Position":  0,
                                    "Spacing":  0,
                                    "Scaling":  100,
                                    "Subscript":  0,
                                    "Superscript":  0
                                },
                       "codeFirst":  {
                                         "start":  720,
                                         "end":  722,
                                         "text":  " S",
                                         "style":  "题注",
                                         "Name":  "等线 Light",
                                         "NameAscii":  "+西文标题",
                                         "NameOther":  "+西文标题",
                                         "NameFarEast":  "黑体",
                                         "NameBi":  "+标题 CS",
                                         "Size":  11,
                                         "SizeBi":  10,
                                         "Bold":  0,
                                         "BoldBi":  0,
                                         "Italic":  0,
                                         "ItalicBi":  0,
                                         "Underline":  0,
                                         "Color":  -16777216,
                                         "Hidden":  0,
                                         "Position":  0,
                                         "Spacing":  0,
                                         "Scaling":  100,
                                         "Subscript":  0,
                                         "Superscript":  0
                                     },
                       "result":  {
                                      "start":  759,
                                      "end":  760,
                                      "text":  "2",
                                      "style":  "题注",
                                      "Name":  "等线 Light",
                                      "NameAscii":  "+西文标题",
                                      "NameOther":  "+西文标题",
                                      "NameFarEast":  "黑体",
                                      "NameBi":  "+标题 CS",
                                      "Size":  11,
                                      "SizeBi":  10,
                                      "Bold":  0,
                                      "BoldBi":  0,
                                      "Italic":  0,
                                      "ItalicBi":  0,
                                      "Underline":  0,
                                      "Color":  -16777216,
                                      "Hidden":  0,
                                      "Position":  0,
                                      "Spacing":  0,
                                      "Scaling":  100,
                                      "Subscript":  0,
                                      "Superscript":  0
                                  },
                       "type":  12
                   },
                   {
                       "preceding":  {
                                         "start":  817,
                                         "end":  818,
                                         "text":  "(",
                                         "style":  "正文",
                                         "Name":  "等线",
                                         "NameAscii":  "+西文正文",
                                         "NameOther":  "+西文正文",
                                         "NameFarEast":  "+中文正文",
                                         "NameBi":  "+正文 CS 字体",
                                         "Size":  10.5,
                                         "SizeBi":  11,
                                         "Bold":  0,
                                         "BoldBi":  0,
                                         "Italic":  0,
                                         "ItalicBi":  0,
                                         "Underline":  0,
                                         "Color":  -16777216,
                                         "Hidden":  0,
                                         "Position":  0,
                                         "Spacing":  0,
                                         "Scaling":  100,
                                         "Subscript":  0,
                                         "Superscript":  0
                                     },
                       "code":  {
                                    "start":  819,
                                    "end":  883,
                                    "text":  " REF VTEqNum_a81c4d563f5346dd848e9650c24fa6c4 \\h \\* CHARFORMAT ",
                                    "style":  "正文",
                                    "Name":  "等线",
                                    "NameAscii":  "+西文正文",
                                    "NameOther":  "+西文正文",
                                    "NameFarEast":  "+中文正文",
                                    "NameBi":  "+正文 CS 字体",
                                    "Size":  10.5,
                                    "SizeBi":  11,
                                    "Bold":  0,
                                    "BoldBi":  0,
                                    "Italic":  0,
                                    "ItalicBi":  0,
                                    "Underline":  0,
                                    "Color":  -16777216,
                                    "Hidden":  0,
                                    "Position":  0,
                                    "Spacing":  0,
                                    "Scaling":  100,
                                    "Subscript":  0,
                                    "Superscript":  0
                                },
                       "codeFirst":  {
                                         "start":  819,
                                         "end":  821,
                                         "text":  " R",
                                         "style":  "正文",
                                         "Name":  "等线",
                                         "NameAscii":  "+西文正文",
                                         "NameOther":  "+西文正文",
                                         "NameFarEast":  "+中文正文",
                                         "NameBi":  "+正文 CS 字体",
                                         "Size":  10.5,
                                         "SizeBi":  11,
                                         "Bold":  0,
                                         "BoldBi":  0,
                                         "Italic":  0,
                                         "ItalicBi":  0,
                                         "Underline":  0,
                                         "Color":  -16777216,
                                         "Hidden":  0,
                                         "Position":  0,
                                         "Spacing":  0,
                                         "Scaling":  100,
                                         "Subscript":  0,
                                         "Superscript":  0
                                     },
                       "result":  {
                                      "start":  884,
                                      "end":  889,
                                      "text":  "2.0-3",
                                      "style":  "正文",
                                      "Name":  "等线",
                                      "NameAscii":  "+西文正文",
                                      "NameOther":  "+西文正文",
                                      "NameFarEast":  "+中文正文",
                                      "NameBi":  "+正文 CS 字体",
                                      "Size":  10.5,
                                      "SizeBi":  11,
                                      "Bold":  0,
                                      "BoldBi":  0,
                                      "Italic":  0,
                                      "ItalicBi":  0,
                                      "Underline":  0,
                                      "Color":  -16777216,
                                      "Hidden":  0,
                                      "Position":  0,
                                      "Spacing":  0,
                                      "Scaling":  100,
                                      "Subscript":  0,
                                      "Superscript":  0
                                  },
                       "type":  3
                   },
                   {
                       "preceding":  {
                                         "start":  895,
                                         "end":  896,
                                         "text":  "-",
                                         "style":  "题注",
                                         "Name":  "等线 Light",
                                         "NameAscii":  "+西文标题",
                                         "NameOther":  "+西文标题",
                                         "NameFarEast":  "黑体",
                                         "NameBi":  "+标题 CS",
                                         "Size":  11,
                                         "SizeBi":  10,
                                         "Bold":  0,
                                         "BoldBi":  0,
                                         "Italic":  0,
                                         "ItalicBi":  0,
                                         "Underline":  0,
                                         "Color":  -16777216,
                                         "Hidden":  0,
                                         "Position":  0,
                                         "Spacing":  0,
                                         "Scaling":  100,
                                         "Subscript":  0,
                                         "Superscript":  0
                                     },
                       "code":  {
                                    "start":  897,
                                    "end":  935,
                                    "text":  " SEQ VisualTeXEquation \\r 3 \\* ARABIC ",
                                    "style":  "题注",
                                    "Name":  "等线 Light",
                                    "NameAscii":  "+西文标题",
                                    "NameOther":  "+西文标题",
                                    "NameFarEast":  "黑体",
                                    "NameBi":  "+标题 CS",
                                    "Size":  11,
                                    "SizeBi":  10,
                                    "Bold":  0,
                                    "BoldBi":  0,
                                    "Italic":  0,
                                    "ItalicBi":  0,
                                    "Underline":  0,
                                    "Color":  -16777216,
                                    "Hidden":  0,
                                    "Position":  0,
                                    "Spacing":  0,
                                    "Scaling":  100,
                                    "Subscript":  0,
                                    "Superscript":  0
                                },
                       "codeFirst":  {
                                         "start":  897,
                                         "end":  899,
                                         "text":  " S",
                                         "style":  "题注",
                                         "Name":  "等线 Light",
                                         "NameAscii":  "+西文标题",
                                         "NameOther":  "+西文标题",
                                         "NameFarEast":  "黑体",
                                         "NameBi":  "+标题 CS",
                                         "Size":  11,
                                         "SizeBi":  10,
                                         "Bold":  0,
                                         "BoldBi":  0,
                                         "Italic":  0,
                                         "ItalicBi":  0,
                                         "Underline":  0,
                                         "Color":  -16777216,
                                         "Hidden":  0,
                                         "Position":  0,
                                         "Spacing":  0,
                                         "Scaling":  100,
                                         "Subscript":  0,
                                         "Superscript":  0
                                     },
                       "result":  {
                                      "start":  936,
                                      "end":  937,
                                      "text":  "3",
                                      "style":  "题注",
                                      "Name":  "等线 Light",
                                      "NameAscii":  "+西文标题",
                                      "NameOther":  "+西文标题",
                                      "NameFarEast":  "黑体",
                                      "NameBi":  "+标题 CS",
                                      "Size":  11,
                                      "SizeBi":  10,
                                      "Bold":  0,
                                      "BoldBi":  0,
                                      "Italic":  0,
                                      "ItalicBi":  0,
                                      "Underline":  0,
                                      "Color":  -16777216,
                                      "Hidden":  0,
                                      "Position":  0,
                                      "Spacing":  0,
                                      "Scaling":  100,
                                      "Subscript":  0,
                                      "Superscript":  0
                                  },
                       "type":  12
                   },
                   {
                       "preceding":  {
                                         "start":  953,
                                         "end":  954,
                                         "text":  "(",
                                         "style":  "正文",
                                         "Name":  "等线",
                                         "NameAscii":  "+西文正文",
                                         "NameOther":  "+西文正文",
                                         "NameFarEast":  "+中文正文",
                                         "NameBi":  "+正文 CS 字体",
                                         "Size":  10.5,
                                         "SizeBi":  11,
                                         "Bold":  0,
                                         "BoldBi":  0,
                                         "Italic":  0,
                                         "ItalicBi":  0,
                                         "Underline":  0,
                                         "Color":  -16777216,
                                         "Hidden":  0,
                                         "Position":  0,
                                         "Spacing":  0,
                                         "Scaling":  100,
                                         "Subscript":  0,
                                         "Superscript":  0
                                     },
                       "code":  {
                                    "start":  955,
                                    "end":  1079,
                                    "text":  " GOTOBUTTON VTEqNum_72a12be564174c3e8de072a8f8118948 \u0013 REF VTEqNum_72a12be564174c3e8de072a8f8118948 \\* CHARFORMAT \\! \u0015",
                                    "style":  "正文",
                                    "Name":  "等线",
                                    "NameAscii":  "+西文正文",
                                    "NameOther":  "+西文正文",
                                    "NameFarEast":  "+中文正文",
                                    "NameBi":  "+正文 CS 字体",
                                    "Size":  10.5,
                                    "SizeBi":  11,
                                    "Bold":  0,
                                    "BoldBi":  0,
                                    "Italic":  0,
                                    "ItalicBi":  0,
                                    "Underline":  0,
                                    "Color":  -16777216,
                                    "Hidden":  0,
                                    "Position":  0,
                                    "Spacing":  0,
                                    "Scaling":  100,
                                    "Subscript":  0,
                                    "Superscript":  0
                                },
                       "codeFirst":  {
                                         "start":  955,
                                         "end":  957,
                                         "text":  " G",
                                         "style":  "正文",
                                         "Name":  "等线",
                                         "NameAscii":  "+西文正文",
                                         "NameOther":  "+西文正文",
                                         "NameFarEast":  "+中文正文",
                                         "NameBi":  "+正文 CS 字体",
                                         "Size":  10.5,
                                         "SizeBi":  11,
                                         "Bold":  0,
                                         "BoldBi":  0,
                                         "Italic":  0,
                                         "ItalicBi":  0,
                                         "Underline":  0,
                                         "Color":  -16777216,
                                         "Hidden":  0,
                                         "Position":  0,
                                         "Spacing":  0,
                                         "Scaling":  100,
                                         "Subscript":  0,
                                         "Superscript":  0
                                     },
                       "result":  {
                                      "start":  1080,
                                      "end":  1080,
                                      "text":  null,
                                      "style":  "正文",
                                      "Name":  "等线",
                                      "NameAscii":  "+西文正文",
                                      "NameOther":  "+西文正文",
                                      "NameFarEast":  "+中文正文",
                                      "NameBi":  "+正文 CS 字体",
                                      "Size":  10.5,
                                      "SizeBi":  11,
                                      "Bold":  0,
                                      "BoldBi":  0,
                                      "Italic":  0,
                                      "ItalicBi":  0,
                                      "Underline":  0,
                                      "Color":  -16777216,
                                      "Hidden":  0,
                                      "Position":  0,
                                      "Spacing":  0,
                                      "Scaling":  100,
                                      "Subscript":  0,
                                      "Superscript":  0
                                  },
                       "type":  50
                   },
                   {
                       "preceding":  {
                                         "start":  1007,
                                         "end":  1008,
                                         "text":  " ",
                                         "style":  "正文",
                                         "Name":  "等线",
                                         "NameAscii":  "+西文正文",
                                         "NameOther":  "+西文正文",
                                         "NameFarEast":  "+中文正文",
                                         "NameBi":  "+正文 CS 字体",
                                         "Size":  10.5,
                                         "SizeBi":  11,
                                         "Bold":  0,
                                         "BoldBi":  0,
                                         "Italic":  0,
                                         "ItalicBi":  0,
                                         "Underline":  0,
                                         "Color":  -16777216,
                                         "Hidden":  0,
                                         "Position":  0,
                                         "Spacing":  0,
                                         "Scaling":  100,
                                         "Subscript":  0,
                                         "Superscript":  0
                                     },
                       "code":  {
                                    "start":  1009,
                                    "end":  1072,
                                    "text":  " REF VTEqNum_72a12be564174c3e8de072a8f8118948 \\* CHARFORMAT \\! ",
                                    "style":  "正文",
                                    "Name":  "等线",
                                    "NameAscii":  "+西文正文",
                                    "NameOther":  "+西文正文",
                                    "NameFarEast":  "+中文正文",
                                    "NameBi":  "+正文 CS 字体",
                                    "Size":  10.5,
                                    "SizeBi":  11,
                                    "Bold":  0,
                                    "BoldBi":  0,
                                    "Italic":  0,
                                    "ItalicBi":  0,
                                    "Underline":  0,
                                    "Color":  -16777216,
                                    "Hidden":  0,
                                    "Position":  0,
                                    "Spacing":  0,
                                    "Scaling":  100,
                                    "Subscript":  0,
                                    "Superscript":  0
                                },
                       "codeFirst":  {
                                         "start":  1009,
                                         "end":  1011,
                                         "text":  " R",
                                         "style":  "正文",
                                         "Name":  "等线",
                                         "NameAscii":  "+西文正文",
                                         "NameOther":  "+西文正文",
                                         "NameFarEast":  "+中文正文",
                                         "NameBi":  "+正文 CS 字体",
                                         "Size":  10.5,
                                         "SizeBi":  11,
                                         "Bold":  0,
                                         "BoldBi":  0,
                                         "Italic":  0,
                                         "ItalicBi":  0,
                                         "Underline":  0,
                                         "Color":  -16777216,
                                         "Hidden":  0,
                                         "Position":  0,
                                         "Spacing":  0,
                                         "Scaling":  100,
                                         "Subscript":  0,
                                         "Superscript":  0
                                     },
                       "result":  {
                                      "start":  1073,
                                      "end":  1078,
                                      "text":  "0.0-2",
                                      "style":  "正文",
                                      "Name":  "等线",
                                      "NameAscii":  "+西文正文",
                                      "NameOther":  "+西文正文",
                                      "NameFarEast":  "+中文正文",
                                      "NameBi":  "+正文 CS 字体",
                                      "Size":  10.5,
                                      "SizeBi":  11,
                                      "Bold":  0,
                                      "BoldBi":  0,
                                      "Italic":  0,
                                      "ItalicBi":  0,
                                      "Underline":  0,
                                      "Color":  -16777216,
                                      "Hidden":  0,
                                      "Position":  0,
                                      "Spacing":  0,
                                      "Scaling":  100,
                                      "Subscript":  0,
                                      "Superscript":  0
                                  },
                       "type":  3
                   }
               ],
    "paragraphs":  [
                       {
                           "mark":  {
                                        "start":  14,
                                        "end":  15,
                                        "text":  "\r",
                                        "style":  "列表段落",
                                        "Name":  "等线",
                                        "NameAscii":  "+西文正文",
                                        "NameOther":  "+西文正文",
                                        "NameFarEast":  "+中文正文",
                                        "NameBi":  "+正文 CS 字体",
                                        "Size":  10.5,
                                        "SizeBi":  11,
                                        "Bold":  0,
                                        "BoldBi":  0,
                                        "Italic":  0,
                                        "ItalicBi":  0,
                                        "Underline":  0,
                                        "Color":  -16777216,
                                        "Hidden":  0,
                                        "Position":  0,
                                        "Spacing":  0,
                                        "Scaling":  100,
                                        "Subscript":  0,
                                        "Superscript":  0
                                    },
                           "range":  {
                                         "start":  0,
                                         "end":  15,
                                         "text":  "思考分析力学被发明出来的原因\r",
                                         "style":  "列表段落",
                                         "Name":  "等线",
                                         "NameAscii":  "+西文正文",
                                         "NameOther":  "+西文正文",
                                         "NameFarEast":  "+中文正文",
                                         "NameBi":  "+正文 CS 字体",
                                         "Size":  10.5,
                                         "SizeBi":  11,
                                         "Bold":  0,
                                         "BoldBi":  0,
                                         "Italic":  0,
                                         "ItalicBi":  0,
                                         "Underline":  0,
                                         "Color":  -16777216,
                                         "Hidden":  0,
                                         "Position":  0,
                                         "Spacing":  0,
                                         "Scaling":  100,
                                         "Subscript":  0,
                                         "Superscript":  0
                                     },
                           "first":  {
                                         "start":  0,
                                         "end":  1,
                                         "text":  "思",
                                         "style":  "列表段落",
                                         "Name":  "等线",
                                         "NameAscii":  "+西文正文",
                                         "NameOther":  "+西文正文",
                                         "NameFarEast":  "+中文正文",
                                         "NameBi":  "+正文 CS 字体",
                                         "Size":  10.5,
                                         "SizeBi":  11,
                                         "Bold":  0,
                                         "BoldBi":  0,
                                         "Italic":  0,
                                         "ItalicBi":  0,
                                         "Underline":  0,
                                         "Color":  -16777216,
                                         "Hidden":  0,
                                         "Position":  0,
                                         "Spacing":  0,
                                         "Scaling":  100,
                                         "Subscript":  0,
                                         "Superscript":  0
                                     }
                       },
                       {
                           "mark":  {
                                        "start":  30,
                                        "end":  31,
                                        "text":  "\r",
                                        "style":  "正文",
                                        "Name":  "等线",
                                        "NameAscii":  "+西文正文",
                                        "NameOther":  "+西文正文",
                                        "NameFarEast":  "+中文正文",
                                        "NameBi":  "+正文 CS 字体",
                                        "Size":  10.5,
                                        "SizeBi":  11,
                                        "Bold":  0,
                                        "BoldBi":  0,
                                        "Italic":  0,
                                        "ItalicBi":  0,
                                        "Underline":  0,
                                        "Color":  -16777216,
                                        "Hidden":  0,
                                        "Position":  0,
                                        "Spacing":  0,
                                        "Scaling":  100,
                                        "Subscript":  0,
                                        "Superscript":  0
                                    },
                           "range":  {
                                         "start":  15,
                                         "end":  31,
                                         "text":  "系统有很多约束，解决多约束问题\r",
                                         "style":  "正文",
                                         "Name":  "等线",
                                         "NameAscii":  "+西文正文",
                                         "NameOther":  "+西文正文",
                                         "NameFarEast":  "+中文正文",
                                         "NameBi":  "+正文 CS 字体",
                                         "Size":  10.5,
                                         "SizeBi":  11,
                                         "Bold":  0,
                                         "BoldBi":  0,
                                         "Italic":  0,
                                         "ItalicBi":  0,
                                         "Underline":  0,
                                         "Color":  -16777216,
                                         "Hidden":  0,
                                         "Position":  0,
                                         "Spacing":  0,
                                         "Scaling":  100,
                                         "Subscript":  0,
                                         "Superscript":  0
                                     },
                           "first":  {
                                         "start":  15,
                                         "end":  16,
                                         "text":  "系",
                                         "style":  "正文",
                                         "Name":  "等线",
                                         "NameAscii":  "+西文正文",
                                         "NameOther":  "+西文正文",
                                         "NameFarEast":  "+中文正文",
                                         "NameBi":  "+正文 CS 字体",
                                         "Size":  10.5,
                                         "SizeBi":  11,
                                         "Bold":  0,
                                         "BoldBi":  0,
                                         "Italic":  0,
                                         "ItalicBi":  0,
                                         "Underline":  0,
                                         "Color":  -16777216,
                                         "Hidden":  0,
                                         "Position":  0,
                                         "Spacing":  0,
                                         "Scaling":  100,
                                         "Subscript":  0,
                                         "Superscript":  0
                                     }
                       },
                       {
                           "mark":  {
                                        "start":  41,
                                        "end":  42,
                                        "text":  "\r",
                                        "style":  "列表段落",
                                        "Name":  "等线",
                                        "NameAscii":  "+西文正文",
                                        "NameOther":  "+西文正文",
                                        "NameFarEast":  "+中文正文",
                                        "NameBi":  "+正文 CS 字体",
                                        "Size":  10.5,
                                        "SizeBi":  11,
                                        "Bold":  0,
                                        "BoldBi":  0,
                                        "Italic":  0,
                                        "ItalicBi":  0,
                                        "Underline":  0,
                                        "Color":  -16777216,
                                        "Hidden":  0,
                                        "Position":  0,
                                        "Spacing":  0,
                                        "Scaling":  100,
                                        "Subscript":  0,
                                        "Superscript":  0
                                    },
                           "range":  {
                                         "start":  31,
                                         "end":  42,
                                         "text":  "力学和光学统一起来？\r",
                                         "style":  "列表段落",
                                         "Name":  "等线",
                                         "NameAscii":  "+西文正文",
                                         "NameOther":  "+西文正文",
                                         "NameFarEast":  "+中文正文",
                                         "NameBi":  "+正文 CS 字体",
                                         "Size":  10.5,
                                         "SizeBi":  11,
                                         "Bold":  0,
                                         "BoldBi":  0,
                                         "Italic":  0,
                                         "ItalicBi":  0,
                                         "Underline":  0,
                                         "Color":  -16777216,
                                         "Hidden":  0,
                                         "Position":  0,
                                         "Spacing":  0,
                                         "Scaling":  100,
                                         "Subscript":  0,
                                         "Superscript":  0
                                     },
                           "first":  {
                                         "start":  31,
                                         "end":  32,
                                         "text":  "力",
                                         "style":  "列表段落",
                                         "Name":  "等线",
                                         "NameAscii":  "+西文正文",
                                         "NameOther":  "+西文正文",
                                         "NameFarEast":  "+中文正文",
                                         "NameBi":  "+正文 CS 字体",
                                         "Size":  10.5,
                                         "SizeBi":  11,
                                         "Bold":  0,
                                         "BoldBi":  0,
                                         "Italic":  0,
                                         "ItalicBi":  0,
                                         "Underline":  0,
                                         "Color":  -16777216,
                                         "Hidden":  0,
                                         "Position":  0,
                                         "Spacing":  0,
                                         "Scaling":  100,
                                         "Subscript":  0,
                                         "Superscript":  0
                                     }
                       },
                       {
                           "mark":  {
                                        "start":  88,
                                        "end":  89,
                                        "text":  "\r",
                                        "style":  "正文",
                                        "Name":  "等线",
                                        "NameAscii":  "+西文正文",
                                        "NameOther":  "+西文正文",
                                        "NameFarEast":  "+中文正文",
                                        "NameBi":  "+正文 CS 字体",
                                        "Size":  10.5,
                                        "SizeBi":  11,
                                        "Bold":  0,
                                        "BoldBi":  0,
                                        "Italic":  0,
                                        "ItalicBi":  0,
                                        "Underline":  0,
                                        "Color":  -16777216,
                                        "Hidden":  0,
                                        "Position":  0,
                                        "Spacing":  0,
                                        "Scaling":  100,
                                        "Subscript":  0,
                                        "Superscript":  0
                                    },
                           "range":  {
                                         "start":  42,
                                         "end":  89,
                                         "text":  "这几个公式不知道对不对：\u0001\r",
                                         "style":  "正文",
                                         "Name":  "等线",
                                         "NameAscii":  "+西文正文",
                                         "NameOther":  "+西文正文",
                                         "NameFarEast":  "+中文正文",
                                         "NameBi":  "+正文 CS 字体",
                                         "Size":  10.5,
                                         "SizeBi":  11,
                                         "Bold":  0,
                                         "BoldBi":  0,
                                         "Italic":  0,
                                         "ItalicBi":  0,
                                         "Underline":  0,
                                         "Color":  -16777216,
                                         "Hidden":  0,
                                         "Position":  9999999,
                                         "Spacing":  0,
                                         "Scaling":  100,
                                         "Subscript":  0,
                                         "Superscript":  0
                                     },
                           "first":  {
                                         "start":  42,
                                         "end":  43,
                                         "text":  "这",
                                         "style":  "正文",
                                         "Name":  "等线",
                                         "NameAscii":  "+西文正文",
                                         "NameOther":  "+西文正文",
                                         "NameFarEast":  "+中文正文",
                                         "NameBi":  "+正文 CS 字体",
                                         "Size":  10.5,
                                         "SizeBi":  11,
                                         "Bold":  0,
                                         "BoldBi":  0,
                                         "Italic":  0,
                                         "ItalicBi":  0,
                                         "Underline":  0,
                                         "Color":  -16777216,
                                         "Hidden":  0,
                                         "Position":  0,
                                         "Spacing":  0,
                                         "Scaling":  100,
                                         "Subscript":  0,
                                         "Superscript":  0
                                     }
                       },
                       {
                           "mark":  {
                                        "start":  89,
                                        "end":  90,
                                        "text":  "\r",
                                        "style":  "正文",
                                        "Name":  "等线",
                                        "NameAscii":  "+西文正文",
                                        "NameOther":  "+西文正文",
                                        "NameFarEast":  "+中文正文",
                                        "NameBi":  "+正文 CS 字体",
                                        "Size":  10.5,
                                        "SizeBi":  11,
                                        "Bold":  0,
                                        "BoldBi":  0,
                                        "Italic":  0,
                                        "ItalicBi":  0,
                                        "Underline":  0,
                                        "Color":  -16777216,
                                        "Hidden":  0,
                                        "Position":  0,
                                        "Spacing":  0,
                                        "Scaling":  100,
                                        "Subscript":  0,
                                        "Superscript":  0
                                    },
                           "range":  {
                                         "start":  89,
                                         "end":  90,
                                         "text":  "\r",
                                         "style":  "正文",
                                         "Name":  "等线",
                                         "NameAscii":  "+西文正文",
                                         "NameOther":  "+西文正文",
                                         "NameFarEast":  "+中文正文",
                                         "NameBi":  "+正文 CS 字体",
                                         "Size":  10.5,
                                         "SizeBi":  11,
                                         "Bold":  0,
                                         "BoldBi":  0,
                                         "Italic":  0,
                                         "ItalicBi":  0,
                                         "Underline":  0,
                                         "Color":  -16777216,
                                         "Hidden":  0,
                                         "Position":  0,
                                         "Spacing":  0,
                                         "Scaling":  100,
                                         "Subscript":  0,
                                         "Superscript":  0
                                     },
                           "first":  {
                                         "start":  89,
                                         "end":  90,
                                         "text":  "\r",
                                         "style":  "正文",
                                         "Name":  "等线",
                                         "NameAscii":  "+西文正文",
                                         "NameOther":  "+西文正文",
                                         "NameFarEast":  "+中文正文",
                                         "NameBi":  "+正文 CS 字体",
                                         "Size":  10.5,
                                         "SizeBi":  11,
                                         "Bold":  0,
                                         "BoldBi":  0,
                                         "Italic":  0,
                                         "ItalicBi":  0,
                                         "Underline":  0,
                                         "Color":  -16777216,
                                         "Hidden":  0,
                                         "Position":  0,
                                         "Spacing":  0,
                                         "Scaling":  100,
                                         "Subscript":  0,
                                         "Superscript":  0
                                     }
                       },
                       {
                           "mark":  {
                                        "start":  200,
                                        "end":  201,
                                        "text":  "\r",
                                        "style":  "正文",
                                        "Name":  "等线",
                                        "NameAscii":  "+西文正文",
                                        "NameOther":  "+西文正文",
                                        "NameFarEast":  "+中文正文",
                                        "NameBi":  "+正文 CS 字体",
                                        "Size":  10.5,
                                        "SizeBi":  11,
                                        "Bold":  0,
                                        "BoldBi":  0,
                                        "Italic":  0,
                                        "ItalicBi":  0,
                                        "Underline":  0,
                                        "Color":  -16777216,
                                        "Hidden":  0,
                                        "Position":  0,
                                        "Spacing":  0,
                                        "Scaling":  100,
                                        "Subscript":  0,
                                        "Superscript":  0
                                    },
                           "range":  {
                                         "start":  90,
                                         "end":  201,
                                         "text":  "\t\u0001\t(0.0-1)\r",
                                         "style":  "正文",
                                         "Name":  "等线",
                                         "NameAscii":  "+西文正文",
                                         "NameOther":  "+西文正文",
                                         "NameFarEast":  "+中文正文",
                                         "NameBi":  "+正文 CS 字体",
                                         "Size":  10.5,
                                         "SizeBi":  11,
                                         "Bold":  0,
                                         "BoldBi":  0,
                                         "Italic":  0,
                                         "ItalicBi":  0,
                                         "Underline":  0,
                                         "Color":  -16777216,
                                         "Hidden":  0,
                                         "Position":  9999999,
                                         "Spacing":  0,
                                         "Scaling":  100,
                                         "Subscript":  0,
                                         "Superscript":  0
                                     },
                           "first":  {
                                         "start":  90,
                                         "end":  91,
                                         "text":  "\t",
                                         "style":  "正文",
                                         "Name":  "等线",
                                         "NameAscii":  "+西文正文",
                                         "NameOther":  "+西文正文",
                                         "NameFarEast":  "+中文正文",
                                         "NameBi":  "+正文 CS 字体",
                                         "Size":  10.5,
                                         "SizeBi":  11,
                                         "Bold":  0,
                                         "BoldBi":  0,
                                         "Italic":  0,
                                         "ItalicBi":  0,
                                         "Underline":  0,
                                         "Color":  -16777216,
                                         "Hidden":  0,
                                         "Position":  0,
                                         "Spacing":  0,
                                         "Scaling":  100,
                                         "Subscript":  0,
                                         "Superscript":  0
                                     }
                       },
                       {
                           "mark":  {
                                        "start":  247,
                                        "end":  248,
                                        "text":  "\r",
                                        "style":  "题注",
                                        "Name":  "等线 Light",
                                        "NameAscii":  "+西文标题",
                                        "NameOther":  "+西文标题",
                                        "NameFarEast":  "黑体",
                                        "NameBi":  "+标题 CS",
                                        "Size":  1,
                                        "SizeBi":  10,
                                        "Bold":  0,
                                        "BoldBi":  0,
                                        "Italic":  0,
                                        "ItalicBi":  0,
                                        "Underline":  0,
                                        "Color":  -16777216,
                                        "Hidden":  0,
                                        "Position":  0,
                                        "Spacing":  0,
                                        "Scaling":  100,
                                        "Subscript":  0,
                                        "Superscript":  0
                                    },
                           "range":  {
                                         "start":  201,
                                         "end":  248,
                                         "text":  "0.0-1\r",
                                         "style":  "题注",
                                         "Name":  "等线 Light",
                                         "NameAscii":  "+西文标题",
                                         "NameOther":  "+西文标题",
                                         "NameFarEast":  "黑体",
                                         "NameBi":  "+标题 CS",
                                         "Size":  11,
                                         "SizeBi":  10,
                                         "Bold":  0,
                                         "BoldBi":  0,
                                         "Italic":  0,
                                         "ItalicBi":  0,
                                         "Underline":  0,
                                         "Color":  -16777216,
                                         "Hidden":  0,
                                         "Position":  0,
                                         "Spacing":  0,
                                         "Scaling":  100,
                                         "Subscript":  0,
                                         "Superscript":  0
                                     },
                           "first":  {
                                         "start":  201,
                                         "end":  202,
                                         "text":  "0",
                                         "style":  "题注",
                                         "Name":  "等线 Light",
                                         "NameAscii":  "+西文标题",
                                         "NameOther":  "+西文标题",
                                         "NameFarEast":  "黑体",
                                         "NameBi":  "+标题 CS",
                                         "Size":  11,
                                         "SizeBi":  10,
                                         "Bold":  0,
                                         "BoldBi":  0,
                                         "Italic":  0,
                                         "ItalicBi":  0,
                                         "Underline":  0,
                                         "Color":  -16777216,
                                         "Hidden":  0,
                                         "Position":  0,
                                         "Spacing":  0,
                                         "Scaling":  100,
                                         "Subscript":  0,
                                         "Superscript":  0
                                     }
                       },
                       {
                           "mark":  {
                                        "start":  248,
                                        "end":  249,
                                        "text":  "\r",
                                        "style":  "正文",
                                        "Name":  "等线",
                                        "NameAscii":  "+西文正文",
                                        "NameOther":  "+西文正文",
                                        "NameFarEast":  "+中文正文",
                                        "NameBi":  "+正文 CS 字体",
                                        "Size":  10.5,
                                        "SizeBi":  11,
                                        "Bold":  0,
                                        "BoldBi":  0,
                                        "Italic":  0,
                                        "ItalicBi":  0,
                                        "Underline":  0,
                                        "Color":  -16777216,
                                        "Hidden":  0,
                                        "Position":  0,
                                        "Spacing":  0,
                                        "Scaling":  100,
                                        "Subscript":  0,
                                        "Superscript":  0
                                    },
                           "range":  {
                                         "start":  248,
                                         "end":  249,
                                         "text":  "\r",
                                         "style":  "正文",
                                         "Name":  "等线",
                                         "NameAscii":  "+西文正文",
                                         "NameOther":  "+西文正文",
                                         "NameFarEast":  "+中文正文",
                                         "NameBi":  "+正文 CS 字体",
                                         "Size":  10.5,
                                         "SizeBi":  11,
                                         "Bold":  0,
                                         "BoldBi":  0,
                                         "Italic":  0,
                                         "ItalicBi":  0,
                                         "Underline":  0,
                                         "Color":  -16777216,
                                         "Hidden":  0,
                                         "Position":  0,
                                         "Spacing":  0,
                                         "Scaling":  100,
                                         "Subscript":  0,
                                         "Superscript":  0
                                     },
                           "first":  {
                                         "start":  248,
                                         "end":  249,
                                         "text":  "\r",
                                         "style":  "正文",
                                         "Name":  "等线",
                                         "NameAscii":  "+西文正文",
                                         "NameOther":  "+西文正文",
                                         "NameFarEast":  "+中文正文",
                                         "NameBi":  "+正文 CS 字体",
                                         "Size":  10.5,
                                         "SizeBi":  11,
                                         "Bold":  0,
                                         "BoldBi":  0,
                                         "Italic":  0,
                                         "ItalicBi":  0,
                                         "Underline":  0,
                                         "Color":  -16777216,
                                         "Hidden":  0,
                                         "Position":  0,
                                         "Spacing":  0,
                                         "Scaling":  100,
                                         "Subscript":  0,
                                         "Superscript":  0
                                     }
                       },
                       {
                           "mark":  {
                                        "start":  359,
                                        "end":  360,
                                        "text":  "\r",
                                        "style":  "正文",
                                        "Name":  "等线",
                                        "NameAscii":  "+西文正文",
                                        "NameOther":  "+西文正文",
                                        "NameFarEast":  "+中文正文",
                                        "NameBi":  "+正文 CS 字体",
                                        "Size":  10.5,
                                        "SizeBi":  11,
                                        "Bold":  0,
                                        "BoldBi":  0,
                                        "Italic":  0,
                                        "ItalicBi":  0,
                                        "Underline":  0,
                                        "Color":  -16777216,
                                        "Hidden":  0,
                                        "Position":  0,
                                        "Spacing":  0,
                                        "Scaling":  100,
                                        "Subscript":  0,
                                        "Superscript":  0
                                    },
                           "range":  {
                                         "start":  249,
                                         "end":  360,
                                         "text":  "\t\u0001\t(0.0-2)\r",
                                         "style":  "正文",
                                         "Name":  "等线",
                                         "NameAscii":  "+西文正文",
                                         "NameOther":  "+西文正文",
                                         "NameFarEast":  "+中文正文",
                                         "NameBi":  "+正文 CS 字体",
                                         "Size":  10.5,
                                         "SizeBi":  11,
                                         "Bold":  0,
                                         "BoldBi":  0,
                                         "Italic":  0,
                                         "ItalicBi":  0,
                                         "Underline":  0,
                                         "Color":  -16777216,
                                         "Hidden":  0,
                                         "Position":  9999999,
                                         "Spacing":  0,
                                         "Scaling":  100,
                                         "Subscript":  0,
                                         "Superscript":  0
                                     },
                           "first":  {
                                         "start":  249,
                                         "end":  250,
                                         "text":  "\t",
                                         "style":  "正文",
                                         "Name":  "等线",
                                         "NameAscii":  "+西文正文",
                                         "NameOther":  "+西文正文",
                                         "NameFarEast":  "+中文正文",
                                         "NameBi":  "+正文 CS 字体",
                                         "Size":  10.5,
                                         "SizeBi":  11,
                                         "Bold":  0,
                                         "BoldBi":  0,
                                         "Italic":  0,
                                         "ItalicBi":  0,
                                         "Underline":  0,
                                         "Color":  -16777216,
                                         "Hidden":  0,
                                         "Position":  0,
                                         "Spacing":  0,
                                         "Scaling":  100,
                                         "Subscript":  0,
                                         "Superscript":  0
                                     }
                       },
                       {
                           "mark":  {
                                        "start":  406,
                                        "end":  407,
                                        "text":  "\r",
                                        "style":  "题注",
                                        "Name":  "等线 Light",
                                        "NameAscii":  "+西文标题",
                                        "NameOther":  "+西文标题",
                                        "NameFarEast":  "黑体",
                                        "NameBi":  "+标题 CS",
                                        "Size":  1,
                                        "SizeBi":  10,
                                        "Bold":  0,
                                        "BoldBi":  0,
                                        "Italic":  0,
                                        "ItalicBi":  0,
                                        "Underline":  0,
                                        "Color":  -16777216,
                                        "Hidden":  0,
                                        "Position":  0,
                                        "Spacing":  0,
                                        "Scaling":  100,
                                        "Subscript":  0,
                                        "Superscript":  0
                                    },
                           "range":  {
                                         "start":  360,
                                         "end":  407,
                                         "text":  "0.0-2\r",
                                         "style":  "题注",
                                         "Name":  "等线 Light",
                                         "NameAscii":  "+西文标题",
                                         "NameOther":  "+西文标题",
                                         "NameFarEast":  "黑体",
                                         "NameBi":  "+标题 CS",
                                         "Size":  11,
                                         "SizeBi":  10,
                                         "Bold":  0,
                                         "BoldBi":  0,
                                         "Italic":  0,
                                         "ItalicBi":  0,
                                         "Underline":  0,
                                         "Color":  -16777216,
                                         "Hidden":  0,
                                         "Position":  0,
                                         "Spacing":  0,
                                         "Scaling":  100,
                                         "Subscript":  0,
                                         "Superscript":  0
                                     },
                           "first":  {
                                         "start":  360,
                                         "end":  361,
                                         "text":  "0",
                                         "style":  "题注",
                                         "Name":  "等线 Light",
                                         "NameAscii":  "+西文标题",
                                         "NameOther":  "+西文标题",
                                         "NameFarEast":  "黑体",
                                         "NameBi":  "+标题 CS",
                                         "Size":  11,
                                         "SizeBi":  10,
                                         "Bold":  0,
                                         "BoldBi":  0,
                                         "Italic":  0,
                                         "ItalicBi":  0,
                                         "Underline":  0,
                                         "Color":  -16777216,
                                         "Hidden":  0,
                                         "Position":  0,
                                         "Spacing":  0,
                                         "Scaling":  100,
                                         "Subscript":  0,
                                         "Superscript":  0
                                     }
                       },
                       {
                           "mark":  {
                                        "start":  412,
                                        "end":  413,
                                        "text":  "\r",
                                        "style":  "标题 1",
                                        "Name":  "等线",
                                        "NameAscii":  "+西文正文",
                                        "NameOther":  "+西文正文",
                                        "NameFarEast":  "+中文正文",
                                        "NameBi":  "+正文 CS 字体",
                                        "Size":  22,
                                        "SizeBi":  22,
                                        "Bold":  -1,
                                        "BoldBi":  -1,
                                        "Italic":  0,
                                        "ItalicBi":  0,
                                        "Underline":  0,
                                        "Color":  -16777216,
                                        "Hidden":  0,
                                        "Position":  0,
                                        "Spacing":  0,
                                        "Scaling":  100,
                                        "Subscript":  0,
                                        "Superscript":  0
                                    },
                           "range":  {
                                         "start":  407,
                                         "end":  413,
                                         "text":  "薛定谔方程\r",
                                         "style":  "标题 1",
                                         "Name":  "等线",
                                         "NameAscii":  "+西文正文",
                                         "NameOther":  "+西文正文",
                                         "NameFarEast":  "+中文正文",
                                         "NameBi":  "+正文 CS 字体",
                                         "Size":  22,
                                         "SizeBi":  22,
                                         "Bold":  -1,
                                         "BoldBi":  -1,
                                         "Italic":  0,
                                         "ItalicBi":  0,
                                         "Underline":  0,
                                         "Color":  -16777216,
                                         "Hidden":  0,
                                         "Position":  0,
                                         "Spacing":  0,
                                         "Scaling":  100,
                                         "Subscript":  0,
                                         "Superscript":  0
                                     },
                           "first":  {
                                         "start":  407,
                                         "end":  408,
                                         "text":  "薛",
                                         "style":  "标题 1",
                                         "Name":  "等线",
                                         "NameAscii":  "+西文正文",
                                         "NameOther":  "+西文正文",
                                         "NameFarEast":  "+中文正文",
                                         "NameBi":  "+正文 CS 字体",
                                         "Size":  22,
                                         "SizeBi":  22,
                                         "Bold":  -1,
                                         "BoldBi":  -1,
                                         "Italic":  0,
                                         "ItalicBi":  0,
                                         "Underline":  0,
                                         "Color":  -16777216,
                                         "Hidden":  0,
                                         "Position":  0,
                                         "Spacing":  0,
                                         "Scaling":  100,
                                         "Subscript":  0,
                                         "Superscript":  0
                                     }
                       },
                       {
                           "mark":  {
                                        "start":  428,
                                        "end":  429,
                                        "text":  "\r",
                                        "style":  "标题 1",
                                        "Name":  "等线",
                                        "NameAscii":  "+西文正文",
                                        "NameOther":  "+西文正文",
                                        "NameFarEast":  "+中文正文",
                                        "NameBi":  "+正文 CS 字体",
                                        "Size":  22,
                                        "SizeBi":  22,
                                        "Bold":  -1,
                                        "BoldBi":  -1,
                                        "Italic":  0,
                                        "ItalicBi":  0,
                                        "Underline":  0,
                                        "Color":  -16777216,
                                        "Hidden":  0,
                                        "Position":  0,
                                        "Spacing":  0,
                                        "Scaling":  100,
                                        "Subscript":  0,
                                        "Superscript":  0
                                    },
                           "range":  {
                                         "start":  413,
                                         "end":  429,
                                         "text":  "波函数的统计解释和几率守恒方程\r",
                                         "style":  "标题 1",
                                         "Name":  "等线",
                                         "NameAscii":  "+西文正文",
                                         "NameOther":  "+西文正文",
                                         "NameFarEast":  "+中文正文",
                                         "NameBi":  "+正文 CS 字体",
                                         "Size":  22,
                                         "SizeBi":  22,
                                         "Bold":  -1,
                                         "BoldBi":  -1,
                                         "Italic":  0,
                                         "ItalicBi":  0,
                                         "Underline":  0,
                                         "Color":  -16777216,
                                         "Hidden":  0,
                                         "Position":  0,
                                         "Spacing":  0,
                                         "Scaling":  100,
                                         "Subscript":  0,
                                         "Superscript":  0
                                     },
                           "first":  {
                                         "start":  413,
                                         "end":  414,
                                         "text":  "波",
                                         "style":  "标题 1",
                                         "Name":  "等线",
                                         "NameAscii":  "+西文正文",
                                         "NameOther":  "+西文正文",
                                         "NameFarEast":  "+中文正文",
                                         "NameBi":  "+正文 CS 字体",
                                         "Size":  22,
                                         "SizeBi":  22,
                                         "Bold":  -1,
                                         "BoldBi":  -1,
                                         "Italic":  0,
                                         "ItalicBi":  0,
                                         "Underline":  0,
                                         "Color":  -16777216,
                                         "Hidden":  0,
                                         "Position":  0,
                                         "Spacing":  0,
                                         "Scaling":  100,
                                         "Subscript":  0,
                                         "Superscript":  0
                                     }
                       },
                       {
                           "mark":  {
                                        "start":  435,
                                        "end":  436,
                                        "text":  "\r",
                                        "style":  "正文",
                                        "Name":  "等线",
                                        "NameAscii":  "+西文正文",
                                        "NameOther":  "+西文正文",
                                        "NameFarEast":  "+中文正文",
                                        "NameBi":  "+正文 CS 字体",
                                        "Size":  10.5,
                                        "SizeBi":  11,
                                        "Bold":  0,
                                        "BoldBi":  0,
                                        "Italic":  0,
                                        "ItalicBi":  0,
                                        "Underline":  0,
                                        "Color":  -16777216,
                                        "Hidden":  0,
                                        "Position":  0,
                                        "Spacing":  0,
                                        "Scaling":  100,
                                        "Subscript":  0,
                                        "Superscript":  0
                                    },
                           "range":  {
                                         "start":  429,
                                         "end":  436,
                                         "text":  "薛定谔方程：\r",
                                         "style":  "正文",
                                         "Name":  "等线",
                                         "NameAscii":  "+西文正文",
                                         "NameOther":  "+西文正文",
                                         "NameFarEast":  "+中文正文",
                                         "NameBi":  "+正文 CS 字体",
                                         "Size":  10.5,
                                         "SizeBi":  11,
                                         "Bold":  0,
                                         "BoldBi":  0,
                                         "Italic":  0,
                                         "ItalicBi":  0,
                                         "Underline":  0,
                                         "Color":  -16777216,
                                         "Hidden":  0,
                                         "Position":  0,
                                         "Spacing":  0,
                                         "Scaling":  100,
                                         "Subscript":  0,
                                         "Superscript":  0
                                     },
                           "first":  {
                                         "start":  429,
                                         "end":  430,
                                         "text":  "薛",
                                         "style":  "正文",
                                         "Name":  "等线",
                                         "NameAscii":  "+西文正文",
                                         "NameOther":  "+西文正文",
                                         "NameFarEast":  "+中文正文",
                                         "NameBi":  "+正文 CS 字体",
                                         "Size":  10.5,
                                         "SizeBi":  11,
                                         "Bold":  0,
                                         "BoldBi":  0,
                                         "Italic":  0,
                                         "ItalicBi":  0,
                                         "Underline":  0,
                                         "Color":  -16777216,
                                         "Hidden":  0,
                                         "Position":  0,
                                         "Spacing":  0,
                                         "Scaling":  100,
                                         "Subscript":  0,
                                         "Superscript":  0
                                     }
                       },
                       {
                           "mark":  {
                                        "start":  436,
                                        "end":  437,
                                        "text":  "\r",
                                        "style":  "正文",
                                        "Name":  "等线",
                                        "NameAscii":  "+西文正文",
                                        "NameOther":  "+西文正文",
                                        "NameFarEast":  "+中文正文",
                                        "NameBi":  "+正文 CS 字体",
                                        "Size":  10.5,
                                        "SizeBi":  11,
                                        "Bold":  0,
                                        "BoldBi":  0,
                                        "Italic":  0,
                                        "ItalicBi":  0,
                                        "Underline":  0,
                                        "Color":  -16777216,
                                        "Hidden":  0,
                                        "Position":  0,
                                        "Spacing":  0,
                                        "Scaling":  100,
                                        "Subscript":  0,
                                        "Superscript":  0
                                    },
                           "range":  {
                                         "start":  436,
                                         "end":  437,
                                         "text":  "\r",
                                         "style":  "正文",
                                         "Name":  "等线",
                                         "NameAscii":  "+西文正文",
                                         "NameOther":  "+西文正文",
                                         "NameFarEast":  "+中文正文",
                                         "NameBi":  "+正文 CS 字体",
                                         "Size":  10.5,
                                         "SizeBi":  11,
                                         "Bold":  0,
                                         "BoldBi":  0,
                                         "Italic":  0,
                                         "ItalicBi":  0,
                                         "Underline":  0,
                                         "Color":  -16777216,
                                         "Hidden":  0,
                                         "Position":  0,
                                         "Spacing":  0,
                                         "Scaling":  100,
                                         "Subscript":  0,
                                         "Superscript":  0
                                     },
                           "first":  {
                                         "start":  436,
                                         "end":  437,
                                         "text":  "\r",
                                         "style":  "正文",
                                         "Name":  "等线",
                                         "NameAscii":  "+西文正文",
                                         "NameOther":  "+西文正文",
                                         "NameFarEast":  "+中文正文",
                                         "NameBi":  "+正文 CS 字体",
                                         "Size":  10.5,
                                         "SizeBi":  11,
                                         "Bold":  0,
                                         "BoldBi":  0,
                                         "Italic":  0,
                                         "ItalicBi":  0,
                                         "Underline":  0,
                                         "Color":  -16777216,
                                         "Hidden":  0,
                                         "Position":  0,
                                         "Spacing":  0,
                                         "Scaling":  100,
                                         "Subscript":  0,
                                         "Superscript":  0
                                     }
                       },
                       {
                           "mark":  {
                                        "start":  547,
                                        "end":  548,
                                        "text":  "\r",
                                        "style":  "正文",
                                        "Name":  "等线",
                                        "NameAscii":  "+西文正文",
                                        "NameOther":  "+西文正文",
                                        "NameFarEast":  "+中文正文",
                                        "NameBi":  "+正文 CS 字体",
                                        "Size":  10.5,
                                        "SizeBi":  11,
                                        "Bold":  0,
                                        "BoldBi":  0,
                                        "Italic":  0,
                                        "ItalicBi":  0,
                                        "Underline":  0,
                                        "Color":  -16777216,
                                        "Hidden":  0,
                                        "Position":  0,
                                        "Spacing":  0,
                                        "Scaling":  100,
                                        "Subscript":  0,
                                        "Superscript":  0
                                    },
                           "range":  {
                                         "start":  437,
                                         "end":  548,
                                         "text":  "\t\u0001\t(2.0-1)\r",
                                         "style":  "正文",
                                         "Name":  "等线",
                                         "NameAscii":  "+西文正文",
                                         "NameOther":  "+西文正文",
                                         "NameFarEast":  "+中文正文",
                                         "NameBi":  "+正文 CS 字体",
                                         "Size":  10.5,
                                         "SizeBi":  11,
                                         "Bold":  0,
                                         "BoldBi":  0,
                                         "Italic":  0,
                                         "ItalicBi":  0,
                                         "Underline":  0,
                                         "Color":  -16777216,
                                         "Hidden":  0,
                                         "Position":  9999999,
                                         "Spacing":  0,
                                         "Scaling":  100,
                                         "Subscript":  0,
                                         "Superscript":  0
                                     },
                           "first":  {
                                         "start":  437,
                                         "end":  438,
                                         "text":  "\t",
                                         "style":  "正文",
                                         "Name":  "等线",
                                         "NameAscii":  "+西文正文",
                                         "NameOther":  "+西文正文",
                                         "NameFarEast":  "+中文正文",
                                         "NameBi":  "+正文 CS 字体",
                                         "Size":  10.5,
                                         "SizeBi":  11,
                                         "Bold":  0,
                                         "BoldBi":  0,
                                         "Italic":  0,
                                         "ItalicBi":  0,
                                         "Underline":  0,
                                         "Color":  -16777216,
                                         "Hidden":  0,
                                         "Position":  0,
                                         "Spacing":  0,
                                         "Scaling":  100,
                                         "Subscript":  0,
                                         "Superscript":  0
                                     }
                       },
                       {
                           "mark":  {
                                        "start":  594,
                                        "end":  595,
                                        "text":  "\r",
                                        "style":  "题注",
                                        "Name":  "等线 Light",
                                        "NameAscii":  "+西文标题",
                                        "NameOther":  "+西文标题",
                                        "NameFarEast":  "黑体",
                                        "NameBi":  "+标题 CS",
                                        "Size":  1,
                                        "SizeBi":  10,
                                        "Bold":  0,
                                        "BoldBi":  0,
                                        "Italic":  0,
                                        "ItalicBi":  0,
                                        "Underline":  0,
                                        "Color":  -16777216,
                                        "Hidden":  0,
                                        "Position":  0,
                                        "Spacing":  0,
                                        "Scaling":  100,
                                        "Subscript":  0,
                                        "Superscript":  0
                                    },
                           "range":  {
                                         "start":  548,
                                         "end":  595,
                                         "text":  "2.0-1\r",
                                         "style":  "题注",
                                         "Name":  "等线 Light",
                                         "NameAscii":  "+西文标题",
                                         "NameOther":  "+西文标题",
                                         "NameFarEast":  "黑体",
                                         "NameBi":  "+标题 CS",
                                         "Size":  11,
                                         "SizeBi":  10,
                                         "Bold":  0,
                                         "BoldBi":  0,
                                         "Italic":  0,
                                         "ItalicBi":  0,
                                         "Underline":  0,
                                         "Color":  -16777216,
                                         "Hidden":  0,
                                         "Position":  0,
                                         "Spacing":  0,
                                         "Scaling":  100,
                                         "Subscript":  0,
                                         "Superscript":  0
                                     },
                           "first":  {
                                         "start":  548,
                                         "end":  549,
                                         "text":  "2",
                                         "style":  "题注",
                                         "Name":  "等线 Light",
                                         "NameAscii":  "+西文标题",
                                         "NameOther":  "+西文标题",
                                         "NameFarEast":  "黑体",
                                         "NameBi":  "+标题 CS",
                                         "Size":  11,
                                         "SizeBi":  10,
                                         "Bold":  0,
                                         "BoldBi":  0,
                                         "Italic":  0,
                                         "ItalicBi":  0,
                                         "Underline":  0,
                                         "Color":  -16777216,
                                         "Hidden":  0,
                                         "Position":  0,
                                         "Spacing":  0,
                                         "Scaling":  100,
                                         "Subscript":  0,
                                         "Superscript":  0
                                     }
                       },
                       {
                           "mark":  {
                                        "start":  602,
                                        "end":  603,
                                        "text":  "\r",
                                        "style":  "正文",
                                        "Name":  "等线",
                                        "NameAscii":  "+西文正文",
                                        "NameOther":  "+西文正文",
                                        "NameFarEast":  "+中文正文",
                                        "NameBi":  "+正文 CS 字体",
                                        "Size":  10.5,
                                        "SizeBi":  11,
                                        "Bold":  0,
                                        "BoldBi":  0,
                                        "Italic":  0,
                                        "ItalicBi":  0,
                                        "Underline":  0,
                                        "Color":  -16777216,
                                        "Hidden":  0,
                                        "Position":  0,
                                        "Spacing":  0,
                                        "Scaling":  100,
                                        "Subscript":  0,
                                        "Superscript":  0
                                    },
                           "range":  {
                                         "start":  595,
                                         "end":  603,
                                         "text":  "自己推导一下：\r",
                                         "style":  "正文",
                                         "Name":  "等线",
                                         "NameAscii":  "+西文正文",
                                         "NameOther":  "+西文正文",
                                         "NameFarEast":  "+中文正文",
                                         "NameBi":  "+正文 CS 字体",
                                         "Size":  10.5,
                                         "SizeBi":  11,
                                         "Bold":  0,
                                         "BoldBi":  0,
                                         "Italic":  0,
                                         "ItalicBi":  0,
                                         "Underline":  0,
                                         "Color":  -16777216,
                                         "Hidden":  0,
                                         "Position":  0,
                                         "Spacing":  0,
                                         "Scaling":  100,
                                         "Subscript":  0,
                                         "Superscript":  0
                                     },
                           "first":  {
                                         "start":  595,
                                         "end":  596,
                                         "text":  "自",
                                         "style":  "正文",
                                         "Name":  "等线",
                                         "NameAscii":  "+西文正文",
                                         "NameOther":  "+西文正文",
                                         "NameFarEast":  "+中文正文",
                                         "NameBi":  "+正文 CS 字体",
                                         "Size":  10.5,
                                         "SizeBi":  11,
                                         "Bold":  0,
                                         "BoldBi":  0,
                                         "Italic":  0,
                                         "ItalicBi":  0,
                                         "Underline":  0,
                                         "Color":  -16777216,
                                         "Hidden":  0,
                                         "Position":  0,
                                         "Spacing":  0,
                                         "Scaling":  100,
                                         "Subscript":  0,
                                         "Superscript":  0
                                     }
                       },
                       {
                           "mark":  {
                                        "start":  603,
                                        "end":  604,
                                        "text":  "\r",
                                        "style":  "正文",
                                        "Name":  "等线",
                                        "NameAscii":  "+西文正文",
                                        "NameOther":  "+西文正文",
                                        "NameFarEast":  "+中文正文",
                                        "NameBi":  "+正文 CS 字体",
                                        "Size":  10.5,
                                        "SizeBi":  11,
                                        "Bold":  0,
                                        "BoldBi":  0,
                                        "Italic":  0,
                                        "ItalicBi":  0,
                                        "Underline":  0,
                                        "Color":  -16777216,
                                        "Hidden":  0,
                                        "Position":  0,
                                        "Spacing":  0,
                                        "Scaling":  100,
                                        "Subscript":  0,
                                        "Superscript":  0
                                    },
                           "range":  {
                                         "start":  603,
                                         "end":  604,
                                         "text":  "\r",
                                         "style":  "正文",
                                         "Name":  "等线",
                                         "NameAscii":  "+西文正文",
                                         "NameOther":  "+西文正文",
                                         "NameFarEast":  "+中文正文",
                                         "NameBi":  "+正文 CS 字体",
                                         "Size":  10.5,
                                         "SizeBi":  11,
                                         "Bold":  0,
                                         "BoldBi":  0,
                                         "Italic":  0,
                                         "ItalicBi":  0,
                                         "Underline":  0,
                                         "Color":  -16777216,
                                         "Hidden":  0,
                                         "Position":  0,
                                         "Spacing":  0,
                                         "Scaling":  100,
                                         "Subscript":  0,
                                         "Superscript":  0
                                     },
                           "first":  {
                                         "start":  603,
                                         "end":  604,
                                         "text":  "\r",
                                         "style":  "正文",
                                         "Name":  "等线",
                                         "NameAscii":  "+西文正文",
                                         "NameOther":  "+西文正文",
                                         "NameFarEast":  "+中文正文",
                                         "NameBi":  "+正文 CS 字体",
                                         "Size":  10.5,
                                         "SizeBi":  11,
                                         "Bold":  0,
                                         "BoldBi":  0,
                                         "Italic":  0,
                                         "ItalicBi":  0,
                                         "Underline":  0,
                                         "Color":  -16777216,
                                         "Hidden":  0,
                                         "Position":  0,
                                         "Spacing":  0,
                                         "Scaling":  100,
                                         "Subscript":  0,
                                         "Superscript":  0
                                     }
                       },
                       {
                           "mark":  {
                                        "start":  714,
                                        "end":  715,
                                        "text":  "\r",
                                        "style":  "正文",
                                        "Name":  "等线",
                                        "NameAscii":  "+西文正文",
                                        "NameOther":  "+西文正文",
                                        "NameFarEast":  "+中文正文",
                                        "NameBi":  "+正文 CS 字体",
                                        "Size":  10.5,
                                        "SizeBi":  11,
                                        "Bold":  0,
                                        "BoldBi":  0,
                                        "Italic":  0,
                                        "ItalicBi":  0,
                                        "Underline":  0,
                                        "Color":  -16777216,
                                        "Hidden":  0,
                                        "Position":  0,
                                        "Spacing":  0,
                                        "Scaling":  100,
                                        "Subscript":  0,
                                        "Superscript":  0
                                    },
                           "range":  {
                                         "start":  604,
                                         "end":  715,
                                         "text":  "\t\u0001\t(2.0-2)\r",
                                         "style":  "正文",
                                         "Name":  "等线",
                                         "NameAscii":  "+西文正文",
                                         "NameOther":  "+西文正文",
                                         "NameFarEast":  "+中文正文",
                                         "NameBi":  "+正文 CS 字体",
                                         "Size":  10.5,
                                         "SizeBi":  11,
                                         "Bold":  0,
                                         "BoldBi":  0,
                                         "Italic":  0,
                                         "ItalicBi":  0,
                                         "Underline":  0,
                                         "Color":  -16777216,
                                         "Hidden":  0,
                                         "Position":  9999999,
                                         "Spacing":  0,
                                         "Scaling":  100,
                                         "Subscript":  0,
                                         "Superscript":  0
                                     },
                           "first":  {
                                         "start":  604,
                                         "end":  605,
                                         "text":  "\t",
                                         "style":  "正文",
                                         "Name":  "等线",
                                         "NameAscii":  "+西文正文",
                                         "NameOther":  "+西文正文",
                                         "NameFarEast":  "+中文正文",
                                         "NameBi":  "+正文 CS 字体",
                                         "Size":  10.5,
                                         "SizeBi":  11,
                                         "Bold":  0,
                                         "BoldBi":  0,
                                         "Italic":  0,
                                         "ItalicBi":  0,
                                         "Underline":  0,
                                         "Color":  -16777216,
                                         "Hidden":  0,
                                         "Position":  0,
                                         "Spacing":  0,
                                         "Scaling":  100,
                                         "Subscript":  0,
                                         "Superscript":  0
                                     }
                       },
                       {
                           "mark":  {
                                        "start":  761,
                                        "end":  762,
                                        "text":  "\r",
                                        "style":  "题注",
                                        "Name":  "等线 Light",
                                        "NameAscii":  "+西文标题",
                                        "NameOther":  "+西文标题",
                                        "NameFarEast":  "黑体",
                                        "NameBi":  "+标题 CS",
                                        "Size":  1,
                                        "SizeBi":  10,
                                        "Bold":  0,
                                        "BoldBi":  0,
                                        "Italic":  0,
                                        "ItalicBi":  0,
                                        "Underline":  0,
                                        "Color":  -16777216,
                                        "Hidden":  0,
                                        "Position":  0,
                                        "Spacing":  0,
                                        "Scaling":  100,
                                        "Subscript":  0,
                                        "Superscript":  0
                                    },
                           "range":  {
                                         "start":  715,
                                         "end":  762,
                                         "text":  "2.0-2\r",
                                         "style":  "题注",
                                         "Name":  "等线 Light",
                                         "NameAscii":  "+西文标题",
                                         "NameOther":  "+西文标题",
                                         "NameFarEast":  "黑体",
                                         "NameBi":  "+标题 CS",
                                         "Size":  11,
                                         "SizeBi":  10,
                                         "Bold":  0,
                                         "BoldBi":  0,
                                         "Italic":  0,
                                         "ItalicBi":  0,
                                         "Underline":  0,
                                         "Color":  -16777216,
                                         "Hidden":  0,
                                         "Position":  0,
                                         "Spacing":  0,
                                         "Scaling":  100,
                                         "Subscript":  0,
                                         "Superscript":  0
                                     },
                           "first":  {
                                         "start":  715,
                                         "end":  716,
                                         "text":  "2",
                                         "style":  "题注",
                                         "Name":  "等线 Light",
                                         "NameAscii":  "+西文标题",
                                         "NameOther":  "+西文标题",
                                         "NameFarEast":  "黑体",
                                         "NameBi":  "+标题 CS",
                                         "Size":  11,
                                         "SizeBi":  10,
                                         "Bold":  0,
                                         "BoldBi":  0,
                                         "Italic":  0,
                                         "ItalicBi":  0,
                                         "Underline":  0,
                                         "Color":  -16777216,
                                         "Hidden":  0,
                                         "Position":  0,
                                         "Spacing":  0,
                                         "Scaling":  100,
                                         "Subscript":  0,
                                         "Superscript":  0
                                     }
                       },
                       {
                           "mark":  {
                                        "start":  779,
                                        "end":  780,
                                        "text":  "\r",
                                        "style":  "正文",
                                        "Name":  "等线",
                                        "NameAscii":  "+西文正文",
                                        "NameOther":  "+西文正文",
                                        "NameFarEast":  "+中文正文",
                                        "NameBi":  "+正文 CS 字体",
                                        "Size":  10.5,
                                        "SizeBi":  11,
                                        "Bold":  0,
                                        "BoldBi":  0,
                                        "Italic":  0,
                                        "ItalicBi":  0,
                                        "Underline":  0,
                                        "Color":  -16777216,
                                        "Hidden":  0,
                                        "Position":  0,
                                        "Spacing":  0,
                                        "Scaling":  100,
                                        "Subscript":  0,
                                        "Superscript":  0
                                    },
                           "range":  {
                                         "start":  762,
                                         "end":  780,
                                         "text":  "有这个可以得到类似的密度守恒方程：\r",
                                         "style":  "正文",
                                         "Name":  "等线",
                                         "NameAscii":  "+西文正文",
                                         "NameOther":  "+西文正文",
                                         "NameFarEast":  "+中文正文",
                                         "NameBi":  "+正文 CS 字体",
                                         "Size":  10.5,
                                         "SizeBi":  11,
                                         "Bold":  0,
                                         "BoldBi":  0,
                                         "Italic":  0,
                                         "ItalicBi":  0,
                                         "Underline":  0,
                                         "Color":  -16777216,
                                         "Hidden":  0,
                                         "Position":  0,
                                         "Spacing":  0,
                                         "Scaling":  100,
                                         "Subscript":  0,
                                         "Superscript":  0
                                     },
                           "first":  {
                                         "start":  762,
                                         "end":  763,
                                         "text":  "有",
                                         "style":  "正文",
                                         "Name":  "等线",
                                         "NameAscii":  "+西文正文",
                                         "NameOther":  "+西文正文",
                                         "NameFarEast":  "+中文正文",
                                         "NameBi":  "+正文 CS 字体",
                                         "Size":  10.5,
                                         "SizeBi":  11,
                                         "Bold":  0,
                                         "BoldBi":  0,
                                         "Italic":  0,
                                         "ItalicBi":  0,
                                         "Underline":  0,
                                         "Color":  -16777216,
                                         "Hidden":  0,
                                         "Position":  0,
                                         "Spacing":  0,
                                         "Scaling":  100,
                                         "Subscript":  0,
                                         "Superscript":  0
                                     }
                       },
                       {
                           "mark":  {
                                        "start":  780,
                                        "end":  781,
                                        "text":  "\r",
                                        "style":  "正文",
                                        "Name":  "等线",
                                        "NameAscii":  "+西文正文",
                                        "NameOther":  "+西文正文",
                                        "NameFarEast":  "+中文正文",
                                        "NameBi":  "+正文 CS 字体",
                                        "Size":  10.5,
                                        "SizeBi":  11,
                                        "Bold":  0,
                                        "BoldBi":  0,
                                        "Italic":  0,
                                        "ItalicBi":  0,
                                        "Underline":  0,
                                        "Color":  -16777216,
                                        "Hidden":  0,
                                        "Position":  0,
                                        "Spacing":  0,
                                        "Scaling":  100,
                                        "Subscript":  0,
                                        "Superscript":  0
                                    },
                           "range":  {
                                         "start":  780,
                                         "end":  781,
                                         "text":  "\r",
                                         "style":  "正文",
                                         "Name":  "等线",
                                         "NameAscii":  "+西文正文",
                                         "NameOther":  "+西文正文",
                                         "NameFarEast":  "+中文正文",
                                         "NameBi":  "+正文 CS 字体",
                                         "Size":  10.5,
                                         "SizeBi":  11,
                                         "Bold":  0,
                                         "BoldBi":  0,
                                         "Italic":  0,
                                         "ItalicBi":  0,
                                         "Underline":  0,
                                         "Color":  -16777216,
                                         "Hidden":  0,
                                         "Position":  0,
                                         "Spacing":  0,
                                         "Scaling":  100,
                                         "Subscript":  0,
                                         "Superscript":  0
                                     },
                           "first":  {
                                         "start":  780,
                                         "end":  781,
                                         "text":  "\r",
                                         "style":  "正文",
                                         "Name":  "等线",
                                         "NameAscii":  "+西文正文",
                                         "NameOther":  "+西文正文",
                                         "NameFarEast":  "+中文正文",
                                         "NameBi":  "+正文 CS 字体",
                                         "Size":  10.5,
                                         "SizeBi":  11,
                                         "Bold":  0,
                                         "BoldBi":  0,
                                         "Italic":  0,
                                         "ItalicBi":  0,
                                         "Underline":  0,
                                         "Color":  -16777216,
                                         "Hidden":  0,
                                         "Position":  0,
                                         "Spacing":  0,
                                         "Scaling":  100,
                                         "Subscript":  0,
                                         "Superscript":  0
                                     }
                       },
                       {
                           "mark":  {
                                        "start":  891,
                                        "end":  892,
                                        "text":  "\r",
                                        "style":  "正文",
                                        "Name":  "等线",
                                        "NameAscii":  "+西文正文",
                                        "NameOther":  "+西文正文",
                                        "NameFarEast":  "+中文正文",
                                        "NameBi":  "+正文 CS 字体",
                                        "Size":  10.5,
                                        "SizeBi":  11,
                                        "Bold":  0,
                                        "BoldBi":  0,
                                        "Italic":  0,
                                        "ItalicBi":  0,
                                        "Underline":  0,
                                        "Color":  -16777216,
                                        "Hidden":  0,
                                        "Position":  0,
                                        "Spacing":  0,
                                        "Scaling":  100,
                                        "Subscript":  0,
                                        "Superscript":  0
                                    },
                           "range":  {
                                         "start":  781,
                                         "end":  892,
                                         "text":  "\t\u0001\t(2.0-3)\r",
                                         "style":  "正文",
                                         "Name":  "等线",
                                         "NameAscii":  "+西文正文",
                                         "NameOther":  "+西文正文",
                                         "NameFarEast":  "+中文正文",
                                         "NameBi":  "+正文 CS 字体",
                                         "Size":  10.5,
                                         "SizeBi":  11,
                                         "Bold":  0,
                                         "BoldBi":  0,
                                         "Italic":  0,
                                         "ItalicBi":  0,
                                         "Underline":  0,
                                         "Color":  -16777216,
                                         "Hidden":  0,
                                         "Position":  9999999,
                                         "Spacing":  0,
                                         "Scaling":  100,
                                         "Subscript":  0,
                                         "Superscript":  0
                                     },
                           "first":  {
                                         "start":  781,
                                         "end":  782,
                                         "text":  "\t",
                                         "style":  "正文",
                                         "Name":  "等线",
                                         "NameAscii":  "+西文正文",
                                         "NameOther":  "+西文正文",
                                         "NameFarEast":  "+中文正文",
                                         "NameBi":  "+正文 CS 字体",
                                         "Size":  10.5,
                                         "SizeBi":  11,
                                         "Bold":  0,
                                         "BoldBi":  0,
                                         "Italic":  0,
                                         "ItalicBi":  0,
                                         "Underline":  0,
                                         "Color":  -16777216,
                                         "Hidden":  0,
                                         "Position":  0,
                                         "Spacing":  0,
                                         "Scaling":  100,
                                         "Subscript":  0,
                                         "Superscript":  0
                                     }
                       },
                       {
                           "mark":  {
                                        "start":  938,
                                        "end":  939,
                                        "text":  "\r",
                                        "style":  "题注",
                                        "Name":  "等线 Light",
                                        "NameAscii":  "+西文标题",
                                        "NameOther":  "+西文标题",
                                        "NameFarEast":  "黑体",
                                        "NameBi":  "+标题 CS",
                                        "Size":  1,
                                        "SizeBi":  10,
                                        "Bold":  0,
                                        "BoldBi":  0,
                                        "Italic":  0,
                                        "ItalicBi":  0,
                                        "Underline":  0,
                                        "Color":  -16777216,
                                        "Hidden":  0,
                                        "Position":  0,
                                        "Spacing":  0,
                                        "Scaling":  100,
                                        "Subscript":  0,
                                        "Superscript":  0
                                    },
                           "range":  {
                                         "start":  892,
                                         "end":  939,
                                         "text":  "2.0-3\r",
                                         "style":  "题注",
                                         "Name":  "等线 Light",
                                         "NameAscii":  "+西文标题",
                                         "NameOther":  "+西文标题",
                                         "NameFarEast":  "黑体",
                                         "NameBi":  "+标题 CS",
                                         "Size":  11,
                                         "SizeBi":  10,
                                         "Bold":  0,
                                         "BoldBi":  0,
                                         "Italic":  0,
                                         "ItalicBi":  0,
                                         "Underline":  0,
                                         "Color":  -16777216,
                                         "Hidden":  0,
                                         "Position":  0,
                                         "Spacing":  0,
                                         "Scaling":  100,
                                         "Subscript":  0,
                                         "Superscript":  0
                                     },
                           "first":  {
                                         "start":  892,
                                         "end":  893,
                                         "text":  "2",
                                         "style":  "题注",
                                         "Name":  "等线 Light",
                                         "NameAscii":  "+西文标题",
                                         "NameOther":  "+西文标题",
                                         "NameFarEast":  "黑体",
                                         "NameBi":  "+标题 CS",
                                         "Size":  11,
                                         "SizeBi":  10,
                                         "Bold":  0,
                                         "BoldBi":  0,
                                         "Italic":  0,
                                         "ItalicBi":  0,
                                         "Underline":  0,
                                         "Color":  -16777216,
                                         "Hidden":  0,
                                         "Position":  0,
                                         "Spacing":  0,
                                         "Scaling":  100,
                                         "Subscript":  0,
                                         "Superscript":  0
                                     }
                       },
                       {
                           "mark":  {
                                        "start":  951,
                                        "end":  952,
                                        "text":  "\r",
                                        "style":  "正文",
                                        "Name":  "等线",
                                        "NameAscii":  "+西文正文",
                                        "NameOther":  "+西文正文",
                                        "NameFarEast":  "+中文正文",
                                        "NameBi":  "+正文 CS 字体",
                                        "Size":  10.5,
                                        "SizeBi":  11,
                                        "Bold":  0,
                                        "BoldBi":  0,
                                        "Italic":  0,
                                        "ItalicBi":  0,
                                        "Underline":  0,
                                        "Color":  -16777216,
                                        "Hidden":  0,
                                        "Position":  0,
                                        "Spacing":  0,
                                        "Scaling":  100,
                                        "Subscript":  0,
                                        "Superscript":  0
                                    },
                           "range":  {
                                         "start":  939,
                                         "end":  952,
                                         "text":  "定态的相加不一定为定态。\r",
                                         "style":  "正文",
                                         "Name":  "等线",
                                         "NameAscii":  "+西文正文",
                                         "NameOther":  "+西文正文",
                                         "NameFarEast":  "+中文正文",
                                         "NameBi":  "+正文 CS 字体",
                                         "Size":  10.5,
                                         "SizeBi":  11,
                                         "Bold":  0,
                                         "BoldBi":  0,
                                         "Italic":  0,
                                         "ItalicBi":  0,
                                         "Underline":  0,
                                         "Color":  -16777216,
                                         "Hidden":  0,
                                         "Position":  0,
                                         "Spacing":  0,
                                         "Scaling":  100,
                                         "Subscript":  0,
                                         "Superscript":  0
                                     },
                           "first":  {
                                         "start":  939,
                                         "end":  940,
                                         "text":  "定",
                                         "style":  "正文",
                                         "Name":  "等线",
                                         "NameAscii":  "+西文正文",
                                         "NameOther":  "+西文正文",
                                         "NameFarEast":  "+中文正文",
                                         "NameBi":  "+正文 CS 字体",
                                         "Size":  10.5,
                                         "SizeBi":  11,
                                         "Bold":  0,
                                         "BoldBi":  0,
                                         "Italic":  0,
                                         "ItalicBi":  0,
                                         "Underline":  0,
                                         "Color":  -16777216,
                                         "Hidden":  0,
                                         "Position":  0,
                                         "Spacing":  0,
                                         "Scaling":  100,
                                         "Subscript":  0,
                                         "Superscript":  0
                                     }
                       },
                       {
                           "mark":  {
                                        "start":  952,
                                        "end":  953,
                                        "text":  "\r",
                                        "style":  "正文",
                                        "Name":  "等线",
                                        "NameAscii":  "+西文正文",
                                        "NameOther":  "+西文正文",
                                        "NameFarEast":  "+中文正文",
                                        "NameBi":  "+正文 CS 字体",
                                        "Size":  10.5,
                                        "SizeBi":  11,
                                        "Bold":  0,
                                        "BoldBi":  0,
                                        "Italic":  0,
                                        "ItalicBi":  0,
                                        "Underline":  0,
                                        "Color":  -16777216,
                                        "Hidden":  0,
                                        "Position":  0,
                                        "Spacing":  0,
                                        "Scaling":  100,
                                        "Subscript":  0,
                                        "Superscript":  0
                                    },
                           "range":  {
                                         "start":  952,
                                         "end":  953,
                                         "text":  "\r",
                                         "style":  "正文",
                                         "Name":  "等线",
                                         "NameAscii":  "+西文正文",
                                         "NameOther":  "+西文正文",
                                         "NameFarEast":  "+中文正文",
                                         "NameBi":  "+正文 CS 字体",
                                         "Size":  10.5,
                                         "SizeBi":  11,
                                         "Bold":  0,
                                         "BoldBi":  0,
                                         "Italic":  0,
                                         "ItalicBi":  0,
                                         "Underline":  0,
                                         "Color":  -16777216,
                                         "Hidden":  0,
                                         "Position":  0,
                                         "Spacing":  0,
                                         "Scaling":  100,
                                         "Subscript":  0,
                                         "Superscript":  0
                                     },
                           "first":  {
                                         "start":  952,
                                         "end":  953,
                                         "text":  "\r",
                                         "style":  "正文",
                                         "Name":  "等线",
                                         "NameAscii":  "+西文正文",
                                         "NameOther":  "+西文正文",
                                         "NameFarEast":  "+中文正文",
                                         "NameBi":  "+正文 CS 字体",
                                         "Size":  10.5,
                                         "SizeBi":  11,
                                         "Bold":  0,
                                         "BoldBi":  0,
                                         "Italic":  0,
                                         "ItalicBi":  0,
                                         "Underline":  0,
                                         "Color":  -16777216,
                                         "Hidden":  0,
                                         "Position":  0,
                                         "Spacing":  0,
                                         "Scaling":  100,
                                         "Subscript":  0,
                                         "Superscript":  0
                                     }
                       },
                       {
                           "mark":  {
                                        "start":  1081,
                                        "end":  1082,
                                        "text":  "\r",
                                        "style":  "正文",
                                        "Name":  "等线",
                                        "NameAscii":  "+西文正文",
                                        "NameOther":  "+西文正文",
                                        "NameFarEast":  "+中文正文",
                                        "NameBi":  "+正文 CS 字体",
                                        "Size":  10.5,
                                        "SizeBi":  11,
                                        "Bold":  0,
                                        "BoldBi":  0,
                                        "Italic":  0,
                                        "ItalicBi":  0,
                                        "Underline":  0,
                                        "Color":  -16777216,
                                        "Hidden":  0,
                                        "Position":  0,
                                        "Spacing":  0,
                                        "Scaling":  100,
                                        "Subscript":  0,
                                        "Superscript":  0
                                    },
                           "range":  {
                                         "start":  953,
                                         "end":  1082,
                                         "text":  "(\u0015)\r",
                                         "style":  "正文",
                                         "Name":  "等线",
                                         "NameAscii":  "+西文正文",
                                         "NameOther":  "+西文正文",
                                         "NameFarEast":  "+中文正文",
                                         "NameBi":  "+正文 CS 字体",
                                         "Size":  10.5,
                                         "SizeBi":  11,
                                         "Bold":  0,
                                         "BoldBi":  0,
                                         "Italic":  0,
                                         "ItalicBi":  0,
                                         "Underline":  0,
                                         "Color":  -16777216,
                                         "Hidden":  0,
                                         "Position":  0,
                                         "Spacing":  0,
                                         "Scaling":  100,
                                         "Subscript":  0,
                                         "Superscript":  0
                                     },
                           "first":  {
                                         "start":  953,
                                         "end":  954,
                                         "text":  "(",
                                         "style":  "正文",
                                         "Name":  "等线",
                                         "NameAscii":  "+西文正文",
                                         "NameOther":  "+西文正文",
                                         "NameFarEast":  "+中文正文",
                                         "NameBi":  "+正文 CS 字体",
                                         "Size":  10.5,
                                         "SizeBi":  11,
                                         "Bold":  0,
                                         "BoldBi":  0,
                                         "Italic":  0,
                                         "ItalicBi":  0,
                                         "Underline":  0,
                                         "Color":  -16777216,
                                         "Hidden":  0,
                                         "Position":  0,
                                         "Spacing":  0,
                                         "Scaling":  100,
                                         "Subscript":  0,
                                         "Superscript":  0
                                     }
                       }
                   ],
    "selection":  {
                      "start":  88,
                      "end":  88,
                      "text":  null,
                      "style":  "正文",
                      "Name":  "等线",
                      "NameAscii":  "+西文正文",
                      "NameOther":  "+西文正文",
                      "NameFarEast":  "+中文正文",
                      "NameBi":  "+正文 CS 字体",
                      "Size":  10.5,
                      "SizeBi":  11,
                      "Bold":  0,
                      "BoldBi":  0,
                      "Italic":  0,
                      "ItalicBi":  0,
                      "Underline":  0,
                      "Color":  -16777216,
                      "Hidden":  0,
                      "Position":  0,
                      "Spacing":  0,
                      "Scaling":  100,
                      "Subscript":  0,
                      "Superscript":  0
                  },
    "pid":  84580,
    "bookmarks":  [
                      {
                          "name":  "VTEq_2fb6a867cabd4cdabe57784fe6aa2843",
                          "format":  {
                                         "start":  472,
                                         "end":  547,
                                         "text":  "\t(2.0-1)",
                                         "style":  "正文",
                                         "Name":  "等线",
                                         "NameAscii":  "+西文正文",
                                         "NameOther":  "+西文正文",
                                         "NameFarEast":  "+中文正文",
                                         "NameBi":  "+正文 CS 字体",
                                         "Size":  10.5,
                                         "SizeBi":  11,
                                         "Bold":  0,
                                         "BoldBi":  0,
                                         "Italic":  0,
                                         "ItalicBi":  0,
                                         "Underline":  0,
                                         "Color":  -16777216,
                                         "Hidden":  0,
                                         "Position":  0,
                                         "Spacing":  0,
                                         "Scaling":  100,
                                         "Subscript":  0,
                                         "Superscript":  0
                                     }
                      },
                      {
                          "name":  "VTEq_3085324a8c094da9ae168c149ec872fd",
                          "format":  {
                                         "start":  284,
                                         "end":  359,
                                         "text":  "\t(0.0-2)",
                                         "style":  "正文",
                                         "Name":  "等线",
                                         "NameAscii":  "+西文正文",
                                         "NameOther":  "+西文正文",
                                         "NameFarEast":  "+中文正文",
                                         "NameBi":  "+正文 CS 字体",
                                         "Size":  10.5,
                                         "SizeBi":  11,
                                         "Bold":  0,
                                         "BoldBi":  0,
                                         "Italic":  0,
                                         "ItalicBi":  0,
                                         "Underline":  0,
                                         "Color":  -16777216,
                                         "Hidden":  0,
                                         "Position":  0,
                                         "Spacing":  0,
                                         "Scaling":  100,
                                         "Subscript":  0,
                                         "Superscript":  0
                                     }
                      },
                      {
                          "name":  "VTEq_a81c4d563f5346dd848e9650c24fa6c4",
                          "format":  {
                                         "start":  816,
                                         "end":  891,
                                         "text":  "\t(2.0-3)",
                                         "style":  "正文",
                                         "Name":  "等线",
                                         "NameAscii":  "+西文正文",
                                         "NameOther":  "+西文正文",
                                         "NameFarEast":  "+中文正文",
                                         "NameBi":  "+正文 CS 字体",
                                         "Size":  10.5,
                                         "SizeBi":  11,
                                         "Bold":  0,
                                         "BoldBi":  0,
                                         "Italic":  0,
                                         "ItalicBi":  0,
                                         "Underline":  0,
                                         "Color":  -16777216,
                                         "Hidden":  0,
                                         "Position":  0,
                                         "Spacing":  0,
                                         "Scaling":  100,
                                         "Subscript":  0,
                                         "Superscript":  0
                                     }
                      },
                      {
                          "name":  "VTEq_a9e6da0665bd40d4a7a1f934457c6b88",
                          "format":  {
                                         "start":  125,
                                         "end":  200,
                                         "text":  "\t(0.0-1)",
                                         "style":  "正文",
                                         "Name":  "等线",
                                         "NameAscii":  "+西文正文",
                                         "NameOther":  "+西文正文",
                                         "NameFarEast":  "+中文正文",
                                         "NameBi":  "+正文 CS 字体",
                                         "Size":  10.5,
                                         "SizeBi":  11,
                                         "Bold":  0,
                                         "BoldBi":  0,
                                         "Italic":  0,
                                         "ItalicBi":  0,
                                         "Underline":  0,
                                         "Color":  -16777216,
                                         "Hidden":  0,
                                         "Position":  0,
                                         "Spacing":  0,
                                         "Scaling":  100,
                                         "Subscript":  0,
                                         "Superscript":  0
                                     }
                      },
                      {
                          "name":  "VTEq_e1640f07428945949e9ceadb34c0af92",
                          "format":  {
                                         "start":  639,
                                         "end":  714,
                                         "text":  "\t(2.0-2)",
                                         "style":  "正文",
                                         "Name":  "等线",
                                         "NameAscii":  "+西文正文",
                                         "NameOther":  "+西文正文",
                                         "NameFarEast":  "+中文正文",
                                         "NameBi":  "+正文 CS 字体",
                                         "Size":  10.5,
                                         "SizeBi":  11,
                                         "Bold":  0,
                                         "BoldBi":  0,
                                         "Italic":  0,
                                         "ItalicBi":  0,
                                         "Underline":  0,
                                         "Color":  -16777216,
                                         "Hidden":  0,
                                         "Position":  0,
                                         "Spacing":  0,
                                         "Scaling":  100,
                                         "Subscript":  0,
                                         "Superscript":  0
                                     }
                      },
                      {
                          "name":  "VTEqCap_2fb6a867cabd4cdabe57784fe6aa2843",
                          "format":  {
                                         "start":  548,
                                         "end":  595,
                                         "text":  "2.0-1\r",
                                         "style":  "题注",
                                         "Name":  "等线 Light",
                                         "NameAscii":  "+西文标题",
                                         "NameOther":  "+西文标题",
                                         "NameFarEast":  "黑体",
                                         "NameBi":  "+标题 CS",
                                         "Size":  11,
                                         "SizeBi":  10,
                                         "Bold":  0,
                                         "BoldBi":  0,
                                         "Italic":  0,
                                         "ItalicBi":  0,
                                         "Underline":  0,
                                         "Color":  -16777216,
                                         "Hidden":  0,
                                         "Position":  0,
                                         "Spacing":  0,
                                         "Scaling":  100,
                                         "Subscript":  0,
                                         "Superscript":  0
                                     }
                      },
                      {
                          "name":  "VTEqCap_3085324a8c094da9ae168c149ec872fd",
                          "format":  {
                                         "start":  360,
                                         "end":  407,
                                         "text":  "0.0-2\r",
                                         "style":  "题注",
                                         "Name":  "等线 Light",
                                         "NameAscii":  "+西文标题",
                                         "NameOther":  "+西文标题",
                                         "NameFarEast":  "黑体",
                                         "NameBi":  "+标题 CS",
                                         "Size":  11,
                                         "SizeBi":  10,
                                         "Bold":  0,
                                         "BoldBi":  0,
                                         "Italic":  0,
                                         "ItalicBi":  0,
                                         "Underline":  0,
                                         "Color":  -16777216,
                                         "Hidden":  0,
                                         "Position":  0,
                                         "Spacing":  0,
                                         "Scaling":  100,
                                         "Subscript":  0,
                                         "Superscript":  0
                                     }
                      },
                      {
                          "name":  "VTEqCap_a81c4d563f5346dd848e9650c24fa6c4",
                          "format":  {
                                         "start":  892,
                                         "end":  939,
                                         "text":  "2.0-3\r",
                                         "style":  "题注",
                                         "Name":  "等线 Light",
                                         "NameAscii":  "+西文标题",
                                         "NameOther":  "+西文标题",
                                         "NameFarEast":  "黑体",
                                         "NameBi":  "+标题 CS",
                                         "Size":  11,
                                         "SizeBi":  10,
                                         "Bold":  0,
                                         "BoldBi":  0,
                                         "Italic":  0,
                                         "ItalicBi":  0,
                                         "Underline":  0,
                                         "Color":  -16777216,
                                         "Hidden":  0,
                                         "Position":  0,
                                         "Spacing":  0,
                                         "Scaling":  100,
                                         "Subscript":  0,
                                         "Superscript":  0
                                     }
                      },
                      {
                          "name":  "VTEqCap_a9e6da0665bd40d4a7a1f934457c6b88",
                          "format":  {
                                         "start":  201,
                                         "end":  248,
                                         "text":  "0.0-1\r",
                                         "style":  "题注",
                                         "Name":  "等线 Light",
                                         "NameAscii":  "+西文标题",
                                         "NameOther":  "+西文标题",
                                         "NameFarEast":  "黑体",
                                         "NameBi":  "+标题 CS",
                                         "Size":  11,
                                         "SizeBi":  10,
                                         "Bold":  0,
                                         "BoldBi":  0,
                                         "Italic":  0,
                                         "ItalicBi":  0,
                                         "Underline":  0,
                                         "Color":  -16777216,
                                         "Hidden":  0,
                                         "Position":  0,
                                         "Spacing":  0,
                                         "Scaling":  100,
                                         "Subscript":  0,
                                         "Superscript":  0
                                     }
                      },
                      {
                          "name":  "VTEqCap_e1640f07428945949e9ceadb34c0af92",
                          "format":  {
                                         "start":  715,
                                         "end":  762,
                                         "text":  "2.0-2\r",
                                         "style":  "题注",
                                         "Name":  "等线 Light",
                                         "NameAscii":  "+西文标题",
                                         "NameOther":  "+西文标题",
                                         "NameFarEast":  "黑体",
                                         "NameBi":  "+标题 CS",
                                         "Size":  11,
                                         "SizeBi":  10,
                                         "Bold":  0,
                                         "BoldBi":  0,
                                         "Italic":  0,
                                         "ItalicBi":  0,
                                         "Underline":  0,
                                         "Color":  -16777216,
                                         "Hidden":  0,
                                         "Position":  0,
                                         "Spacing":  0,
                                         "Scaling":  100,
                                         "Subscript":  0,
                                         "Superscript":  0
                                     }
                      },
                      {
                          "name":  "VTEqNum_2fb6a867cabd4cdabe57784fe6aa2843",
                          "format":  {
                                         "start":  548,
                                         "end":  594,
                                         "text":  "2.0-1",
                                         "style":  "题注",
                                         "Name":  "等线 Light",
                                         "NameAscii":  "+西文标题",
                                         "NameOther":  "+西文标题",
                                         "NameFarEast":  "黑体",
                                         "NameBi":  "+标题 CS",
                                         "Size":  11,
                                         "SizeBi":  10,
                                         "Bold":  0,
                                         "BoldBi":  0,
                                         "Italic":  0,
                                         "ItalicBi":  0,
                                         "Underline":  0,
                                         "Color":  -16777216,
                                         "Hidden":  0,
                                         "Position":  0,
                                         "Spacing":  0,
                                         "Scaling":  100,
                                         "Subscript":  0,
                                         "Superscript":  0
                                     }
                      },
                      {
                          "name":  "VTEqNum_3085324a8c094da9ae168c149ec872fd",
                          "format":  {
                                         "start":  360,
                                         "end":  406,
                                         "text":  "0.0-2",
                                         "style":  "题注",
                                         "Name":  "等线 Light",
                                         "NameAscii":  "+西文标题",
                                         "NameOther":  "+西文标题",
                                         "NameFarEast":  "黑体",
                                         "NameBi":  "+标题 CS",
                                         "Size":  11,
                                         "SizeBi":  10,
                                         "Bold":  0,
                                         "BoldBi":  0,
                                         "Italic":  0,
                                         "ItalicBi":  0,
                                         "Underline":  0,
                                         "Color":  -16777216,
                                         "Hidden":  0,
                                         "Position":  0,
                                         "Spacing":  0,
                                         "Scaling":  100,
                                         "Subscript":  0,
                                         "Superscript":  0
                                     }
                      },
                      {
                          "name":  "VTEqNum_72a12be564174c3e8de072a8f8118948",
                          "format":  {
                                         "start":  360,
                                         "end":  406,
                                         "text":  "0.0-2",
                                         "style":  "题注",
                                         "Name":  "等线 Light",
                                         "NameAscii":  "+西文标题",
                                         "NameOther":  "+西文标题",
                                         "NameFarEast":  "黑体",
                                         "NameBi":  "+标题 CS",
                                         "Size":  11,
                                         "SizeBi":  10,
                                         "Bold":  0,
                                         "BoldBi":  0,
                                         "Italic":  0,
                                         "ItalicBi":  0,
                                         "Underline":  0,
                                         "Color":  -16777216,
                                         "Hidden":  0,
                                         "Position":  0,
                                         "Spacing":  0,
                                         "Scaling":  100,
                                         "Subscript":  0,
                                         "Superscript":  0
                                     }
                      },
                      {
                          "name":  "VTEqNum_a81c4d563f5346dd848e9650c24fa6c4",
                          "format":  {
                                         "start":  892,
                                         "end":  938,
                                         "text":  "2.0-3",
                                         "style":  "题注",
                                         "Name":  "等线 Light",
                                         "NameAscii":  "+西文标题",
                                         "NameOther":  "+西文标题",
                                         "NameFarEast":  "黑体",
                                         "NameBi":  "+标题 CS",
                                         "Size":  11,
                                         "SizeBi":  10,
                                         "Bold":  0,
                                         "BoldBi":  0,
                                         "Italic":  0,
                                         "ItalicBi":  0,
                                         "Underline":  0,
                                         "Color":  -16777216,
                                         "Hidden":  0,
                                         "Position":  0,
                                         "Spacing":  0,
                                         "Scaling":  100,
                                         "Subscript":  0,
                                         "Superscript":  0
                                     }
                      },
                      {
                          "name":  "VTEqNum_a9e6da0665bd40d4a7a1f934457c6b88",
                          "format":  {
                                         "start":  201,
                                         "end":  247,
                                         "text":  "0.0-1",
                                         "style":  "题注",
                                         "Name":  "等线 Light",
                                         "NameAscii":  "+西文标题",
                                         "NameOther":  "+西文标题",
                                         "NameFarEast":  "黑体",
                                         "NameBi":  "+标题 CS",
                                         "Size":  11,
                                         "SizeBi":  10,
                                         "Bold":  0,
                                         "BoldBi":  0,
                                         "Italic":  0,
                                         "ItalicBi":  0,
                                         "Underline":  0,
                                         "Color":  -16777216,
                                         "Hidden":  0,
                                         "Position":  0,
                                         "Spacing":  0,
                                         "Scaling":  100,
                                         "Subscript":  0,
                                         "Superscript":  0
                                     }
                      },
                      {
                          "name":  "VTEqNum_e1640f07428945949e9ceadb34c0af92",
                          "format":  {
                                         "start":  715,
                                         "end":  761,
                                         "text":  "2.0-2",
                                         "style":  "题注",
                                         "Name":  "等线 Light",
                                         "NameAscii":  "+西文标题",
                                         "NameOther":  "+西文标题",
                                         "NameFarEast":  "黑体",
                                         "NameBi":  "+标题 CS",
                                         "Size":  11,
                                         "SizeBi":  10,
                                         "Bold":  0,
                                         "BoldBi":  0,
                                         "Italic":  0,
                                         "ItalicBi":  0,
                                         "Underline":  0,
                                         "Color":  -16777216,
                                         "Hidden":  0,
                                         "Position":  0,
                                         "Spacing":  0,
                                         "Scaling":  100,
                                         "Subscript":  0,
                                         "Superscript":  0
                                     }
                      }
                  ],
    "document":  "文档132"
}
