2026-09-06T21:07:03.5223154+08:00 pid=67232 tid=1 word-addin-loaded pid=67232 assembly=C:\Users\pojian_liao\AppData\Local\VisualTeX\office\remediation-builds\55F87EA2A4B02F33A386CFFEAF03DA97096FC3A716A6E56CB3F3EC4DA7E1AFA1\VisualTeX.WordVsto.dll mvid=ff169b9a-c210-487d-af35-5fbe0598d71f
2026-09-06T21:07:03.9235873+08:00 pid=67232 tid=1 hook-started handle=0x1AF5985
2026-09-06T21:07:04.1247151+08:00 pid=67232 tid=10 mathtype-native-preview-shared-prewarm-complete
2026-09-06T21:07:40.9535132+08:00 pid=67232 tid=12 left-down x=1872 y=722 wordForeground=True
2026-09-06T21:07:41.4631225+08:00 pid=67232 tid=1 word-undo-begin name=VisualTeX Set Equation Number Format recording=False level=0
2026-09-06T21:07:41.4631225+08:00 pid=67232 tid=1 word-undo-started name=VisualTeX Set Equation Number Format recording=True level=1
2026-09-06T21:07:41.4991227+08:00 pid=67232 tid=1 word-undo-end recording=False level=0
2026-09-06T21:07:54.0070721+08:00 pid=67232 tid=1 word-undo-begin name=VisualTeX Insert MathType OLE Numbered Display Formula recording=False level=0
2026-09-06T21:07:54.0070721+08:00 pid=67232 tid=1 word-undo-started name=VisualTeX Insert MathType OLE Numbered Display Formula recording=True level=1
2026-09-06T21:07:54.0170719+08:00 pid=67232 tid=1 mathtype-insert-perf stage=resolve-insertion numbered=True inline=False deltaMs=9 totalMs=9
2026-09-06T21:07:54.0180722+08:00 pid=67232 tid=1 mathtype-insert-perf stage=clear-incomplete-number-row numbered=True inline=False deltaMs=2 totalMs=11
2026-09-06T21:07:54.0210728+08:00 pid=67232 tid=1 mathtype-insert-perf stage=number-template-heading-state numbered=True inline=False deltaMs=2 totalMs=13
2026-09-06T21:07:54.0230715+08:00 pid=67232 tid=1 mathtype-insert-perf stage=prepare-display-row numbered=True inline=False deltaMs=2 totalMs=15
2026-09-06T21:07:54.0429195+08:00 pid=67232 tid=1 mathtype-insert-perf stage=build-flat-opc numbered=True inline=False deltaMs=20 totalMs=35
2026-09-06T21:07:54.0429195+08:00 pid=67232 tid=1 mathtype-insert-perf stage=pre-insert-bookkeeping numbered=True inline=False deltaMs=1 totalMs=36
2026-09-06T21:07:54.0899837+08:00 pid=67232 tid=1 mathtype-insert-perf stage=insert-flat-opc numbered=True inline=False deltaMs=46 totalMs=82
2026-09-06T21:07:54.2064186+08:00 pid=67232 tid=1 mathtype-insert-perf stage=resolve-new-shape numbered=True inline=False deltaMs=117 totalMs=199
2026-09-06T21:07:54.2258535+08:00 pid=67232 tid=1 mathtype-insert-perf stage=set-shape-geometry numbered=True inline=False deltaMs=20 totalMs=219
2026-09-06T21:07:54.2258535+08:00 pid=67232 tid=1 mathtype-insert-perf stage=repair-inline-paragraph numbered=True inline=False deltaMs=0 totalMs=219
2026-09-06T21:07:54.2268534+08:00 pid=67232 tid=1 mathtype-insert-perf stage=refresh-native-shape numbered=True inline=False deltaMs=0 totalMs=219
2026-09-06T21:07:54.2348535+08:00 pid=67232 tid=1 mathtype-insert-perf stage=relocate-left-mathtype-field-scaffold numbered=True inline=False deltaMs=8 totalMs=227
2026-09-06T21:07:54.2685438+08:00 pid=67232 tid=1 mathtype-insert-perf stage=complete numbered=True inline=False deltaMs=34 totalMs=261
2026-09-06T21:07:54.2685438+08:00 pid=67232 tid=1 word-undo-end recording=False level=0
2026-09-06T21:07:54.2805487+08:00 pid=67232 tid=19 ribbon-session-operation-released sessionId=b5706ac8-8017-4add-8713-fd313628bbd1
2026-09-06T21:08:01.8088652+08:00 pid=67232 tid=12 left-down x=2058 y=1197 wordForeground=True
2026-09-06T21:08:03.2462733+08:00 pid=67232 tid=1 word-xml-incomplete-export document=文档15 attempt=1 maths=0/0 oles=0/1
2026-09-06T21:08:03.2758626+08:00 pid=67232 tid=1 word-undo-begin name=VisualTeX Insert Equation Reference recording=False level=0
2026-09-06T21:08:03.2758626+08:00 pid=67232 tid=1 word-undo-started name=VisualTeX Insert Equation Reference recording=True level=1
2026-09-06T21:08:03.3122663+08:00 pid=67232 tid=1 word-undo-end recording=True level=1
2026-09-06T21:08:03.3122663+08:00 pid=67232 tid=1 reference-insertion-complete target=MathType 公式 (1)
2026-09-06T21:08:11.2724788+08:00 pid=67232 tid=1 format-conversion-start sourceMode=mathTypeOle targetMode=wordOmml wholeDocument=True
2026-09-06T21:08:11.3094763+08:00 pid=67232 tid=1 format-conversion-plan-bulk-ole-snapshot count=1 elapsedMs=32
2026-09-06T21:08:11.3104765+08:00 pid=67232 tid=1 format-conversion-plan-perf stage=shape-access source=mathTypeOle index=1/1 deltaMs=0 totalMs=0
2026-09-06T21:08:11.3104765+08:00 pid=67232 tid=1 format-conversion-plan-perf stage=identify-mathtype source=mathTypeOle index=1/1 deltaMs=0 totalMs=0
2026-09-06T21:08:11.3134767+08:00 pid=67232 tid=1 format-conversion-plan-perf stage=read-mathml-bulk source=mathTypeOle index=1/1 deltaMs=3 totalMs=3
2026-09-06T21:08:11.3210729+08:00 pid=67232 tid=1 format-conversion-plan-perf stage=read-metadata source=mathTypeOle index=1/1 deltaMs=8 totalMs=11
2026-09-06T21:08:11.3220708+08:00 pid=67232 tid=1 format-conversion-plan-perf stage=number-position source=mathTypeOle index=1/1 deltaMs=1 totalMs=12
2026-09-06T21:08:11.3230708+08:00 pid=67232 tid=1 format-conversion-plan-perf stage=shape-range source=mathTypeOle index=1/1 deltaMs=0 totalMs=12
2026-09-06T21:08:11.3240704+08:00 pid=67232 tid=1 format-conversion-plan-perf stage=target-added source=mathTypeOle index=1/1 deltaMs=1 totalMs=13
2026-09-06T21:08:11.3240704+08:00 pid=67232 tid=1 format-conversion-plan sourceMode=mathTypeOle targetMode=wordOmml targets=1
2026-09-06T21:08:14.9805161+08:00 pid=67232 tid=1 format-conversion-render-bypass sourceMode=mathTypeOle targetMode=wordOmml targets=1 reason=source-mathml-ready
2026-09-06T21:08:14.9823100+08:00 pid=67232 tid=1 format-conversion-word-apply-start sourceMode=mathTypeOle targetMode=wordOmml targets=1
2026-09-06T21:08:15.0023175+08:00 pid=67232 tid=1 format-conversion-runtime assembly=C:\Users\pojian_liao\AppData\Local\VisualTeX\office\remediation-builds\55F87EA2A4B02F33A386CFFEAF03DA97096FC3A716A6E56CB3F3EC4DA7E1AFA1\VisualTeX.WordVsto.dll source=mathTypeOle target=wordOmml targetIsVisualTeX=False targetIsMathType=False
2026-09-06T21:08:15.0063174+08:00 pid=67232 tid=1 format-conversion-reference-aliases-captured sourceMode=mathTypeOle formulaId=b9c15860-2baa-42bc-a95e-5207e933fbb1 aliases=ZEqnNum100071
2026-09-06T21:08:15.2662168+08:00 pid=67232 tid=1 format-conversion-omml-batch-source-created formulas=1 elapsedMs=247
2026-09-06T21:08:15.2938415+08:00 pid=67232 tid=1 word-undo-begin name=VisualTeX Convert Formula Format recording=False level=0
2026-09-06T21:08:15.2938415+08:00 pid=67232 tid=1 word-undo-started name=VisualTeX Convert Formula Format recording=True level=1
2026-09-06T21:08:15.2948435+08:00 pid=67232 tid=1 format-conversion-undo-state stage=before-preferences document=文档15 recording=True level=1
2026-09-06T21:08:15.3731311+08:00 pid=67232 tid=1 format-conversion-transaction-start targets=1
2026-09-06T21:08:15.3741319+08:00 pid=67232 tid=1 format-conversion-undo-state stage=after-preferences document=文档15 recording=True level=1
2026-09-06T21:08:15.3851339+08:00 pid=67232 tid=1 format-conversion-mathtype-source-identity-bound formulaId=b9c15860-2baa-42bc-a95e-5207e933fbb1 bookmark=VTFCI_725e8489845b4f1fadc546b452a7a8f6 range=118:144
2026-09-06T21:08:15.3851339+08:00 pid=67232 tid=1 format-conversion-undo-state stage=before-source-delete document=文档15 recording=True level=1
2026-09-06T21:08:15.3891339+08:00 pid=67232 tid=1 format-conversion-mathtype-paragraph-atomically-replaced formulaId=b9c15860-2baa-42bc-a95e-5207e933fbb1 range=0:0 start=0
2026-09-06T21:08:15.3901332+08:00 pid=67232 tid=1 format-conversion-perf stage=delete-source-host formulaId=b9c15860-2baa-42bc-a95e-5207e933fbb1 numbered=True deltaMs=5 totalMs=5
2026-09-06T21:08:15.3901332+08:00 pid=67232 tid=1 format-conversion-undo-state stage=after-source-delete document=文档15 recording=True level=1
2026-09-06T21:08:15.3911336+08:00 pid=67232 tid=1 format-conversion-forward-source-check stage=delete-source formulaId=b9c15860-2baa-42bc-a95e-5207e933fbb1 bookmarkMissing=True present=False
2026-09-06T21:08:15.3941335+08:00 pid=67232 tid=1 word-undo-begin name=VisualTeX Insert Word OMML Display Formula recording=True level=1
2026-09-06T21:08:15.4081338+08:00 pid=67232 tid=1 format-conversion-subperf [perf] InsertOmml.detach-mathtype-style: +14ms (14ms total)
2026-09-06T21:08:15.4091325+08:00 pid=67232 tid=1 format-conversion-subperf [perf] InsertOmml.insert-native-omml: +1ms (15ms total)
2026-09-06T21:08:15.4242174+08:00 pid=67232 tid=1 format-conversion-subperf [perf] InsertOmml.post-reconcile-layout: +15ms (30ms total)
2026-09-06T21:08:15.4242174+08:00 pid=67232 tid=1 format-conversion-subperf [perf] InsertOmml.final-fingerprint: +0ms (30ms total)
2026-09-06T21:08:15.4252257+08:00 pid=67232 tid=1 format-conversion-subperf [perf] InsertOmml.final-anchor: +1ms (31ms total)
2026-09-06T21:08:15.4432264+08:00 pid=67232 tid=1 format-conversion-subperf [perf] InsertOmml.final-metadata: +18ms (49ms total)
2026-09-06T21:08:15.4442259+08:00 pid=67232 tid=1 format-conversion-perf stage=insert-target formulaId=b9c15860-2baa-42bc-a95e-5207e933fbb1 numbered=True deltaMs=54 totalMs=59
2026-09-06T21:08:15.4442259+08:00 pid=67232 tid=1 format-conversion-undo-state stage=after-target-insert document=文档15 recording=True level=1
2026-09-06T21:08:15.4442259+08:00 pid=67232 tid=1 format-conversion-forward-source-check stage=insert-target formulaId=b9c15860-2baa-42bc-a95e-5207e933fbb1 bookmarkMissing=True present=False
2026-09-06T21:08:15.4782274+08:00 pid=67232 tid=1 format-conversion-target-stable formulaId=b9c15860-2baa-42bc-a95e-5207e933fbb1 targetMode=wordOmml count=1 elapsedMs=32
2026-09-06T21:08:15.4782274+08:00 pid=67232 tid=1 format-conversion-forward-source-check stage=post-transaction formulaId=b9c15860-2baa-42bc-a95e-5207e933fbb1 bookmarkMissing=True present=False
2026-09-06T21:08:15.4782274+08:00 pid=67232 tid=1 format-conversion-perf stage=verify-target formulaId=b9c15860-2baa-42bc-a95e-5207e933fbb1 numbered=True deltaMs=35 totalMs=94
2026-09-06T21:08:15.4794013+08:00 pid=67232 tid=1 format-conversion-finalize-perf stage=source-residual-check sourceMode=mathTypeOle targetMode=wordOmml deltaMs=0 totalMs=0
2026-09-06T21:08:15.4794013+08:00 pid=67232 tid=1 format-conversion-finalize-perf stage=target-count-check sourceMode=mathTypeOle targetMode=wordOmml deltaMs=0 totalMs=0
2026-09-06T21:08:15.4799083+08:00 pid=67232 tid=1 format-conversion-undo-state stage=before-source-window-close-commit document=文档15 recording=True level=1
2026-09-06T21:08:15.4799083+08:00 pid=67232 tid=1 format-conversion-undo-state stage=after-source-window-close-commit document=文档15 recording=False level=0
2026-09-06T21:08:15.6575140+08:00 pid=67232 tid=1 word-undo-begin name=VisualTeX Finalize Formula Conversion recording=False level=0
2026-09-06T21:08:15.6575140+08:00 pid=67232 tid=1 word-undo-started name=VisualTeX Finalize Formula Conversion recording=True level=1
2026-09-06T21:08:15.6845116+08:00 pid=67232 tid=1 word-xml-incomplete-export document=文档15 attempt=1 maths=0/1 oles=0/0
2026-09-06T21:08:15.7711188+08:00 pid=67232 tid=1 format-conversion-omml-identities-before-numbering count=1
2026-09-06T21:08:15.7711188+08:00 pid=67232 tid=1 format-conversion-number-format-restored format=continuous
2026-09-06T21:08:16.1481564+08:00 pid=67232 tid=1 format-conversion-numbering-direct-table-complete targetMode=wordOmml built=1 removedBlankParagraphs=1
2026-09-06T21:08:16.1591575+08:00 pid=67232 tid=1 format-conversion-reference-aliases-restored sourceMode=mathTypeOle targetMode=wordOmml aliases=1 refreshedReferences=0 restoredFormatting=1
2026-09-06T21:08:16.1601563+08:00 pid=67232 tid=1 format-conversion-finalize-perf stage=numbering-reconcile sourceMode=mathTypeOle targetMode=wordOmml deltaMs=681 totalMs=681
2026-09-06T21:08:16.2016490+08:00 pid=67232 tid=1 format-conversion-omml-fingerprints-finalized count=1
2026-09-06T21:08:16.2021681+08:00 pid=67232 tid=1 format-conversion-finalize-perf stage=omml-fingerprint-refresh sourceMode=mathTypeOle targetMode=wordOmml deltaMs=42 totalMs=723
2026-09-06T21:08:16.2026876+08:00 pid=67232 tid=1 format-conversion-transaction-completed targets=1
2026-09-06T21:08:16.2032056+08:00 pid=67232 tid=1 format-conversion-word-apply-finished sourceMode=mathTypeOle targetMode=wordOmml converted=1 failed=0
2026-09-06T21:08:16.2047720+08:00 pid=67232 tid=1 format-conversion-complete source=MathType target=OMML converted=1 failed=0
2026-09-06T21:08:24.3786617+08:00 pid=67232 tid=1 format-conversion-start sourceMode=wordOmml targetMode=mathTypeOle wholeDocument=True
2026-09-06T21:08:24.5473580+08:00 pid=67232 tid=1 format-conversion-plan sourceMode=wordOmml targetMode=mathTypeOle targets=1
2026-09-06T21:08:27.9158146+08:00 pid=67232 tid=1 format-conversion-render-bypass sourceMode=wordOmml targetMode=mathTypeOle targets=1 reason=source-mathml-ready
2026-09-06T21:08:28.0227658+08:00 pid=67232 tid=1 format-conversion-native-preview-batch-complete formulas=1 elapsedMs=105
2026-09-06T21:08:28.0227658+08:00 pid=67232 tid=1 format-conversion-word-apply-start sourceMode=wordOmml targetMode=mathTypeOle targets=1
2026-09-06T21:08:28.0966461+08:00 pid=67232 tid=1 format-conversion-runtime assembly=C:\Users\pojian_liao\AppData\Local\VisualTeX\office\remediation-builds\55F87EA2A4B02F33A386CFFEAF03DA97096FC3A716A6E56CB3F3EC4DA7E1AFA1\VisualTeX.WordVsto.dll source=wordOmml target=mathTypeOle targetIsVisualTeX=False targetIsMathType=True
2026-09-06T21:08:28.1052660+08:00 pid=67232 tid=1 format-conversion-reference-aliases-captured sourceMode=wordOmml formulaId=0d36b144-809c-4779-bc13-d112c3c238a0 aliases=ZEqnNum100071
2026-09-06T21:08:28.1328790+08:00 pid=67232 tid=1 format-conversion-reference-counts-fast-path source=wordOmml formulas=1
2026-09-06T21:08:28.2139779+08:00 pid=67232 tid=1 word-undo-begin name=VisualTeX Convert Formula Format recording=False level=0
2026-09-06T21:08:28.2149779+08:00 pid=67232 tid=1 word-undo-started name=VisualTeX Convert Formula Format recording=True level=1
2026-09-06T21:08:28.2149779+08:00 pid=67232 tid=1 format-conversion-undo-state stage=before-preferences document=文档15 recording=True level=1
2026-09-06T21:08:28.2149779+08:00 pid=67232 tid=1 format-conversion-transaction-start targets=1
2026-09-06T21:08:28.2149779+08:00 pid=67232 tid=1 format-conversion-undo-state stage=after-preferences document=文档15 recording=True level=1
2026-09-06T21:08:28.2159760+08:00 pid=67232 tid=1 format-conversion-undo-state stage=before-source-delete document=文档15 recording=True level=1
2026-09-06T21:08:28.3591158+08:00 pid=67232 tid=1 format-conversion-direct-numbered-omml-delete formulaId=0d36b144-809c-4779-bc13-d112c3c238a0 start=0
2026-09-06T21:08:28.3591158+08:00 pid=67232 tid=1 format-conversion-perf stage=delete-source-host formulaId=0d36b144-809c-4779-bc13-d112c3c238a0 numbered=True deltaMs=143 totalMs=143
2026-09-06T21:08:28.3601159+08:00 pid=67232 tid=1 format-conversion-undo-state stage=after-source-delete document=文档15 recording=False level=0
2026-09-06T21:08:28.3831161+08:00 pid=67232 tid=1 word-undo-begin name=VisualTeX Insert MathType OLE Numbered Display Formula recording=False level=0
2026-09-06T21:08:28.3831161+08:00 pid=67232 tid=1 word-undo-started name=VisualTeX Insert MathType OLE Numbered Display Formula recording=True level=1
2026-09-06T21:08:28.3871167+08:00 pid=67232 tid=1 mathtype-insert-perf stage=resolve-insertion numbered=True inline=False deltaMs=4 totalMs=4
2026-09-06T21:08:28.3881193+08:00 pid=67232 tid=1 mathtype-insert-perf stage=clear-incomplete-number-row numbered=True inline=False deltaMs=1 totalMs=5
2026-09-06T21:08:28.3881193+08:00 pid=67232 tid=1 mathtype-insert-perf stage=number-template-heading-state numbered=True inline=False deltaMs=0 totalMs=5
2026-09-06T21:08:28.3881193+08:00 pid=67232 tid=1 mathtype-insert-perf stage=prepare-display-row numbered=True inline=False deltaMs=0 totalMs=5
2026-09-06T21:08:28.3951170+08:00 pid=67232 tid=1 mathtype-insert-perf stage=build-flat-opc numbered=True inline=False deltaMs=7 totalMs=12
2026-09-06T21:08:28.3951170+08:00 pid=67232 tid=1 mathtype-insert-perf stage=pre-insert-bookkeeping numbered=True inline=False deltaMs=0 totalMs=12
2026-09-06T21:08:28.4331166+08:00 pid=67232 tid=1 mathtype-insert-perf stage=insert-flat-opc numbered=True inline=False deltaMs=38 totalMs=50
2026-09-06T21:08:28.4331166+08:00 pid=67232 tid=1 mathtype-insert-perf stage=resolve-new-shape numbered=True inline=False deltaMs=0 totalMs=50
2026-09-06T21:08:28.4341190+08:00 pid=67232 tid=1 mathtype-insert-perf stage=set-shape-geometry numbered=True inline=False deltaMs=1 totalMs=51
2026-09-06T21:08:28.4341190+08:00 pid=67232 tid=1 mathtype-insert-perf stage=repair-inline-paragraph numbered=True inline=False deltaMs=0 totalMs=51
2026-09-06T21:08:28.4351191+08:00 pid=67232 tid=1 mathtype-insert-perf stage=refresh-native-shape numbered=True inline=False deltaMs=1 totalMs=52
2026-09-06T21:08:28.4481185+08:00 pid=67232 tid=1 mathtype-insert-perf stage=bind-created-object-identity numbered=True inline=False deltaMs=13 totalMs=65
2026-09-06T21:08:28.4481185+08:00 pid=67232 tid=1 mathtype-insert-perf stage=complete numbered=True inline=False deltaMs=0 totalMs=65
2026-09-06T21:08:28.4481185+08:00 pid=67232 tid=1 word-undo-end recording=True level=1
2026-09-06T21:08:28.4491165+08:00 pid=67232 tid=1 format-conversion-perf stage=insert-target formulaId=0d36b144-809c-4779-bc13-d112c3c238a0 numbered=True deltaMs=89 totalMs=232
2026-09-06T21:08:28.4491165+08:00 pid=67232 tid=1 format-conversion-undo-state stage=after-target-insert document=文档15 recording=False level=0
2026-09-06T21:08:28.4501171+08:00 pid=67232 tid=1 format-conversion-bookmarked-target-stable formulaId=0d36b144-809c-4779-bc13-d112c3c238a0 bookmark=VTMT_02cb3e06a4214a39a447949ea754a1c4 range=1:27 elapsedMs=0
2026-09-06T21:08:28.4501171+08:00 pid=67232 tid=1 format-conversion-direct-managed-omml-metadata-deleted formulaId=0d36b144-809c-4779-bc13-d112c3c238a0 numbered=True
2026-09-06T21:08:28.4511169+08:00 pid=67232 tid=1 format-conversion-perf stage=verify-target formulaId=0d36b144-809c-4779-bc13-d112c3c238a0 numbered=True deltaMs=2 totalMs=234
2026-09-06T21:08:28.4511169+08:00 pid=67232 tid=1 format-conversion-finalize-perf stage=source-residual-check sourceMode=wordOmml targetMode=mathTypeOle deltaMs=0 totalMs=0
2026-09-06T21:08:28.4511169+08:00 pid=67232 tid=1 format-conversion-finalize-perf stage=target-count-check sourceMode=wordOmml targetMode=mathTypeOle deltaMs=0 totalMs=0
2026-09-06T21:08:28.4511169+08:00 pid=67232 tid=1 format-conversion-numbering-local-mathtype-single finalized=1
2026-09-06T21:08:28.4581168+08:00 pid=67232 tid=1 format-conversion-reference-aliases-restored sourceMode=wordOmml targetMode=mathTypeOle aliases=1 refreshedReferences=0 restoredFormatting=1
2026-09-06T21:08:28.4591166+08:00 pid=67232 tid=1 format-conversion-finalize-perf stage=numbering-reconcile sourceMode=wordOmml targetMode=mathTypeOle deltaMs=8 totalMs=8
2026-09-06T21:08:28.4601165+08:00 pid=67232 tid=1 format-conversion-finalize-perf stage=omml-fingerprint-refresh sourceMode=wordOmml targetMode=mathTypeOle deltaMs=1 totalMs=9
2026-09-06T21:08:28.4611186+08:00 pid=67232 tid=1 format-conversion-transaction-completed targets=1
2026-09-06T21:08:28.4611186+08:00 pid=67232 tid=1 format-conversion-word-apply-finished sourceMode=wordOmml targetMode=mathTypeOle converted=1 failed=0
2026-09-06T21:08:28.4611186+08:00 pid=67232 tid=1 format-conversion-complete source=OMML target=MathType converted=1 failed=0
2026-09-06T21:08:36.0795353+08:00 pid=67232 tid=1 format-conversion-start sourceMode=mathTypeOle targetMode=wordOmml wholeDocument=True
2026-09-06T21:08:36.1081931+08:00 pid=67232 tid=1 format-conversion-plan-bulk-ole-snapshot count=1 elapsedMs=27
2026-09-06T21:08:36.1081931+08:00 pid=67232 tid=1 format-conversion-plan-perf stage=shape-access source=mathTypeOle index=1/1 deltaMs=0 totalMs=0
2026-09-06T21:08:36.1091926+08:00 pid=67232 tid=1 format-conversion-plan-perf stage=identify-mathtype source=mathTypeOle index=1/1 deltaMs=0 totalMs=0
2026-09-06T21:08:36.1121925+08:00 pid=67232 tid=1 format-conversion-plan-perf stage=read-mathml-bulk source=mathTypeOle index=1/1 deltaMs=3 totalMs=3
2026-09-06T21:08:36.1141960+08:00 pid=67232 tid=1 format-conversion-plan-perf stage=read-metadata source=mathTypeOle index=1/1 deltaMs=3 totalMs=6
2026-09-06T21:08:36.1152044+08:00 pid=67232 tid=1 format-conversion-plan-perf stage=number-position source=mathTypeOle index=1/1 deltaMs=1 totalMs=7
2026-09-06T21:08:36.1152044+08:00 pid=67232 tid=1 format-conversion-plan-perf stage=shape-range source=mathTypeOle index=1/1 deltaMs=0 totalMs=7
2026-09-06T21:08:36.1162037+08:00 pid=67232 tid=1 format-conversion-plan-perf stage=target-added source=mathTypeOle index=1/1 deltaMs=0 totalMs=7
2026-09-06T21:08:36.1162037+08:00 pid=67232 tid=1 format-conversion-plan sourceMode=mathTypeOle targetMode=wordOmml targets=1
2026-09-06T21:08:39.6439324+08:00 pid=67232 tid=1 format-conversion-render-bypass sourceMode=mathTypeOle targetMode=wordOmml targets=1 reason=source-mathml-ready
2026-09-06T21:08:39.6449323+08:00 pid=67232 tid=1 format-conversion-word-apply-start sourceMode=mathTypeOle targetMode=wordOmml targets=1
2026-09-06T21:08:39.6489322+08:00 pid=67232 tid=1 format-conversion-runtime assembly=C:\Users\pojian_liao\AppData\Local\VisualTeX\office\remediation-builds\55F87EA2A4B02F33A386CFFEAF03DA97096FC3A716A6E56CB3F3EC4DA7E1AFA1\VisualTeX.WordVsto.dll source=mathTypeOle target=wordOmml targetIsVisualTeX=False targetIsMathType=False
2026-09-06T21:08:39.6499298+08:00 pid=67232 tid=1 format-conversion-reference-aliases-captured sourceMode=mathTypeOle formulaId=7b77aa83-533e-49c2-a693-a2f859875768 aliases=ZEqnNum100071
2026-09-06T21:08:39.7560314+08:00 pid=67232 tid=1 format-conversion-omml-batch-source-created formulas=1 elapsedMs=106
2026-09-06T21:08:39.8699347+08:00 pid=67232 tid=1 word-undo-begin name=VisualTeX Convert Formula Format recording=False level=0
2026-09-06T21:08:39.8699347+08:00 pid=67232 tid=1 word-undo-started name=VisualTeX Convert Formula Format recording=True level=1
2026-09-06T21:08:39.8709351+08:00 pid=67232 tid=1 format-conversion-undo-state stage=before-preferences document=文档15 recording=True level=1
2026-09-06T21:08:39.8709351+08:00 pid=67232 tid=1 format-conversion-transaction-start targets=1
2026-09-06T21:08:39.8709351+08:00 pid=67232 tid=1 format-conversion-undo-state stage=after-preferences document=文档15 recording=True level=1
2026-09-06T21:08:39.8719376+08:00 pid=67232 tid=1 format-conversion-mathtype-source-identity-bound formulaId=7b77aa83-533e-49c2-a693-a2f859875768 bookmark=VTFCI_30aeae0c246c4b6cb1511766c46b5574 range=1:27
2026-09-06T21:08:39.8719376+08:00 pid=67232 tid=1 format-conversion-undo-state stage=before-source-delete document=文档15 recording=True level=1
2026-09-06T21:08:39.8749349+08:00 pid=67232 tid=1 format-conversion-mathtype-paragraph-atomically-replaced formulaId=7b77aa83-533e-49c2-a693-a2f859875768 range=0:0 start=0
2026-09-06T21:08:39.8749349+08:00 pid=67232 tid=1 format-conversion-perf stage=delete-source-host formulaId=7b77aa83-533e-49c2-a693-a2f859875768 numbered=True deltaMs=3 totalMs=3
2026-09-06T21:08:39.8749349+08:00 pid=67232 tid=1 format-conversion-undo-state stage=after-source-delete document=文档15 recording=True level=1
2026-09-06T21:08:39.8759373+08:00 pid=67232 tid=1 format-conversion-forward-source-check stage=delete-source formulaId=7b77aa83-533e-49c2-a693-a2f859875768 bookmarkMissing=True present=False
2026-09-06T21:08:39.8759373+08:00 pid=67232 tid=1 word-undo-begin name=VisualTeX Insert Word OMML Display Formula recording=True level=1
2026-09-06T21:08:39.8829350+08:00 pid=67232 tid=1 format-conversion-subperf [perf] InsertOmml.detach-mathtype-style: +6ms (6ms total)
2026-09-06T21:08:39.8829350+08:00 pid=67232 tid=1 format-conversion-subperf [perf] InsertOmml.insert-native-omml: +0ms (6ms total)
2026-09-06T21:08:39.8929373+08:00 pid=67232 tid=1 format-conversion-subperf [perf] InsertOmml.post-reconcile-layout: +10ms (16ms total)
2026-09-06T21:08:39.8929373+08:00 pid=67232 tid=1 format-conversion-subperf [perf] InsertOmml.final-fingerprint: +0ms (16ms total)
2026-09-06T21:08:39.8929373+08:00 pid=67232 tid=1 format-conversion-subperf [perf] InsertOmml.final-anchor: +0ms (16ms total)
2026-09-06T21:08:39.8939375+08:00 pid=67232 tid=1 format-conversion-subperf [perf] InsertOmml.final-metadata: +2ms (18ms total)
2026-09-06T21:08:39.8939375+08:00 pid=67232 tid=1 format-conversion-perf stage=insert-target formulaId=7b77aa83-533e-49c2-a693-a2f859875768 numbered=True deltaMs=19 totalMs=22
2026-09-06T21:08:39.8949350+08:00 pid=67232 tid=1 format-conversion-undo-state stage=after-target-insert document=文档15 recording=True level=1
2026-09-06T21:08:39.8949350+08:00 pid=67232 tid=1 format-conversion-forward-source-check stage=insert-target formulaId=7b77aa83-533e-49c2-a693-a2f859875768 bookmarkMissing=True present=False
2026-09-06T21:08:39.9229376+08:00 pid=67232 tid=1 format-conversion-target-stable formulaId=7b77aa83-533e-49c2-a693-a2f859875768 targetMode=wordOmml count=1 elapsedMs=28
2026-09-06T21:08:39.9229376+08:00 pid=67232 tid=1 format-conversion-forward-source-check stage=post-transaction formulaId=7b77aa83-533e-49c2-a693-a2f859875768 bookmarkMissing=True present=False
2026-09-06T21:08:39.9229376+08:00 pid=67232 tid=1 format-conversion-perf stage=verify-target formulaId=7b77aa83-533e-49c2-a693-a2f859875768 numbered=True deltaMs=29 totalMs=51
2026-09-06T21:08:39.9239363+08:00 pid=67232 tid=1 format-conversion-finalize-perf stage=source-residual-check sourceMode=mathTypeOle targetMode=wordOmml deltaMs=0 totalMs=0
2026-09-06T21:08:39.9239363+08:00 pid=67232 tid=1 format-conversion-finalize-perf stage=target-count-check sourceMode=mathTypeOle targetMode=wordOmml deltaMs=0 totalMs=0
2026-09-06T21:08:39.9239363+08:00 pid=67232 tid=1 format-conversion-undo-state stage=before-source-window-close-commit document=文档15 recording=True level=1
2026-09-06T21:08:39.9239363+08:00 pid=67232 tid=1 format-conversion-undo-state stage=after-source-window-close-commit document=文档15 recording=False level=0
2026-09-06T21:08:40.0682398+08:00 pid=67232 tid=1 word-undo-begin name=VisualTeX Finalize Formula Conversion recording=False level=0
2026-09-06T21:08:40.0692404+08:00 pid=67232 tid=1 word-undo-started name=VisualTeX Finalize Formula Conversion recording=True level=1
2026-09-06T21:08:40.0948166+08:00 pid=67232 tid=1 word-xml-incomplete-export document=文档15 attempt=1 maths=0/1 oles=0/0
2026-09-06T21:08:40.1141336+08:00 pid=67232 tid=1 format-conversion-omml-identities-before-numbering count=1
2026-09-06T21:08:40.1151385+08:00 pid=67232 tid=1 format-conversion-number-format-restored format=continuous
2026-09-06T21:08:40.4422818+08:00 pid=67232 tid=1 format-conversion-numbering-direct-table-complete targetMode=wordOmml built=1 removedBlankParagraphs=1
2026-09-06T21:08:40.4472821+08:00 pid=67232 tid=1 format-conversion-reference-aliases-restored sourceMode=mathTypeOle targetMode=wordOmml aliases=1 refreshedReferences=0 restoredFormatting=1
2026-09-06T21:08:40.4482827+08:00 pid=67232 tid=1 format-conversion-finalize-perf stage=numbering-reconcile sourceMode=mathTypeOle targetMode=wordOmml deltaMs=524 totalMs=524
2026-09-06T21:08:40.4814255+08:00 pid=67232 tid=1 format-conversion-omml-fingerprints-finalized count=1
2026-09-06T21:08:40.4814255+08:00 pid=67232 tid=1 format-conversion-finalize-perf stage=omml-fingerprint-refresh sourceMode=mathTypeOle targetMode=wordOmml deltaMs=34 totalMs=558
2026-09-06T21:08:40.4814255+08:00 pid=67232 tid=1 format-conversion-transaction-completed targets=1
2026-09-06T21:08:40.4828574+08:00 pid=67232 tid=1 format-conversion-word-apply-finished sourceMode=mathTypeOle targetMode=wordOmml converted=1 failed=0
2026-09-06T21:08:40.4829198+08:00 pid=67232 tid=1 format-conversion-complete source=MathType target=OMML converted=1 failed=0
2026-09-06T21:09:13.5166180+08:00 pid=67232 tid=12 left-down x=3259 y=1259 wordForeground=True
2026-09-06T21:09:21.5717201+08:00 pid=67232 tid=12 left-down x=1555 y=1220 wordForeground=False
2026-09-06T21:09:24.2718696+08:00 pid=67232 tid=12 left-down x=1640 y=1276 wordForeground=True
2026-09-06T21:10:05.8928395+08:00 pid=67232 tid=12 left-down x=913 y=194 wordForeground=True
2026-09-06T21:10:16.6638141+08:00 pid=67232 tid=1 word-undo-begin name=VisualTeX Insert Word OMML Display Formula recording=False level=0
2026-09-06T21:10:16.6648116+08:00 pid=67232 tid=1 word-undo-started name=VisualTeX Insert Word OMML Display Formula recording=True level=1
2026-09-06T21:10:16.7427144+08:00 pid=67232 tid=1 format-conversion-subperf [perf] InsertOmml.insert-native-omml: +78ms (78ms total)
2026-09-06T21:10:16.9436483+08:00 pid=67232 tid=1 format-conversion-subperf [perf] InsertOmml.reconcile: +201ms (279ms total)
2026-09-06T21:10:16.9766477+08:00 pid=67232 tid=1 format-conversion-subperf [perf] InsertOmml.cleanup-numbered-spacing: +33ms (312ms total)
2026-09-06T21:10:16.9966471+08:00 pid=67232 tid=1 format-conversion-subperf [perf] InsertOmml.move-numbered-caret: +20ms (332ms total)
2026-09-06T21:10:16.9976481+08:00 pid=67232 tid=1 format-conversion-subperf [perf] InsertOmml.post-reconcile-layout: +1ms (333ms total)
2026-09-06T21:10:17.0166476+08:00 pid=67232 tid=1 format-conversion-subperf [perf] InsertOmml.final-fingerprint: +19ms (352ms total)
2026-09-06T21:10:17.0166476+08:00 pid=67232 tid=1 format-conversion-subperf [perf] InsertOmml.final-anchor: +0ms (352ms total)
2026-09-06T21:10:17.0186485+08:00 pid=67232 tid=1 format-conversion-subperf [perf] InsertOmml.final-metadata: +2ms (354ms total)
2026-09-06T21:10:17.0296469+08:00 pid=67232 tid=1 word-undo-end recording=False level=0
2026-09-06T21:10:17.0326482+08:00 pid=67232 tid=20 ribbon-session-operation-released sessionId=7cddcd30-dc06-4e60-9fcd-56a2132e7082
2026-09-06T21:10:24.7865660+08:00 pid=67232 tid=12 left-down x=1099 y=668 wordForeground=True
2026-09-06T21:10:26.3254742+08:00 pid=67232 tid=1 word-undo-begin name=VisualTeX Insert Equation Reference recording=False level=0
2026-09-06T21:10:26.3265229+08:00 pid=67232 tid=1 word-undo-started name=VisualTeX Insert Equation Reference recording=True level=1
2026-09-06T21:10:26.3630395+08:00 pid=67232 tid=1 word-undo-end recording=True level=1
2026-09-06T21:10:26.3630395+08:00 pid=67232 tid=1 reference-insertion-complete target=VisualTeX 公式 (1)
2026-09-06T21:10:35.4369194+08:00 pid=67232 tid=1 bulk-import bulk-import-start
2026-09-06T21:10:35.4962162+08:00 pid=67232 tid=9 bulk-import bulk-import-ui-created sessionId=8782fd0b-0dde-452e-bbc5-d2cc8e961846
2026-09-06T21:10:35.5022160+08:00 pid=67232 tid=9 bulk-import bulk-import-ui-opened sessionId=8782fd0b-0dde-452e-bbc5-d2cc8e961846
2026-09-06T21:10:39.2671767+08:00 pid=67232 tid=12 left-down x=1382 y=1120 wordForeground=False
2026-09-06T21:10:42.5224772+08:00 pid=67232 tid=12 left-down x=2492 y=460 wordForeground=False
2026-09-06T21:10:45.1888173+08:00 pid=67232 tid=5 bulk-import bulk-import-ui-finished sessionId=8782fd0b-0dde-452e-bbc5-d2cc8e961846 status=committing error=<null>
2026-09-06T21:10:45.2008169+08:00 pid=67232 tid=5 bulk-import parsed blocks=15 formulas=6 mode=Omml fontSizePt=10.5
2026-09-06T21:10:45.2128184+08:00 pid=67232 tid=5 bulk-import render-prepare index=1/6 display=inline latex=\sqrt{E-u\left(x\right)}=\frac{1}{f\left(\omega\right)v_{ph}\left(\omega,x\right)}
2026-09-06T21:10:45.2148185+08:00 pid=67232 tid=5 bulk-import converter-create display=inline mode=wordOmml latex=\sqrt{E-u\left(x\right)}=\frac{1}{f\left(\omega\right)v_{ph}\left(\omega,x\right)}
2026-09-06T21:10:45.2188173+08:00 pid=67232 tid=9 bulk-import converter-created sessionId=8506a80e-9654-474c-a6b0-95b2976f075c
2026-09-06T21:10:45.2198174+08:00 pid=67232 tid=9 bulk-import render-prepare index=2/6 display=block latex=\begin{cases}\frac{\mathrm{d}}{\mathrm{d}\omega}\left(\omega f\left(\omega\right)\right)=0 \\ \frac{\omega f\left(\omega\right)}{2}\frac{\mathrm{d}E\left(\omega\right)}{\mathrm{d}\omega}=\sqrt{\frac{m}{2}} \end{cases}
2026-09-06T21:10:45.2208172+08:00 pid=67232 tid=9 bulk-import converter-create display=block mode=wordOmml latex=\begin{cases}\frac{\mathrm{d}}{\mathrm{d}\omega}\left(\omega f\left(\omega\right)\right)=0 \\ \frac{\omega f\left(\omega\right)}{2}\frac{\mathrm{d}E\left(\omega\right)}{\mathrm{d}\omega}=\sqrt{\frac{m}{2}} \end{cases}
2026-09-06T21:10:45.2248168+08:00 pid=67232 tid=5 bulk-import converter-created sessionId=cf462510-d334-4da7-ac98-1923710f01a3
2026-09-06T21:10:45.2258172+08:00 pid=67232 tid=5 bulk-import render-prepare index=3/6 display=block latex=\sqrt{\frac{m}{2\left(E\left(\omega\right)-U\right)}}=\frac{\mathrm{d}}{\mathrm{d}\omega}\left(\omega\cdot f\left(\omega\right)\sqrt{\left(E\left(\omega\right)-U\right)}\right)
2026-09-06T21:10:45.2258172+08:00 pid=67232 tid=5 bulk-import converter-create display=block mode=wordOmml latex=\sqrt{\frac{m}{2\left(E\left(\omega\right)-U\right)}}=\frac{\mathrm{d}}{\mathrm{d}\omega}\left(\omega\cdot f\left(\omega\right)\sqrt{\left(E\left(\omega\right)-U\right)}\right)
2026-09-06T21:10:45.2298175+08:00 pid=67232 tid=9 bulk-import converter-created sessionId=b40d733e-7fdd-43f3-9ef5-b84e2919eab6
2026-09-06T21:10:45.2311567+08:00 pid=67232 tid=9 bulk-import render-prepare index=4/6 display=block latex=i\hbar \frac{\partial}{\partial t}\psi(\mathbf{r},t) = \left[ -\frac{\hbar^2}{2m}\nabla^2 + V(\mathbf{r},t) \right]\psi(\mathbf{r},t)
2026-09-06T21:10:45.2311567+08:00 pid=67232 tid=9 bulk-import converter-create display=block mode=wordOmml latex=i\hbar \frac{\partial}{\partial t}\psi(\mathbf{r},t) = \left[ -\frac{\hbar^2}{2m}\nabla^2 + V(\mathbf{r},t) \right]\psi(\mathbf{r},t)
2026-09-06T21:10:45.2346798+08:00 pid=67232 tid=5 bulk-import converter-created sessionId=5063c6a4-09f3-4193-8b09-05f42bcc2080
2026-09-06T21:10:45.2356744+08:00 pid=67232 tid=5 bulk-import render-prepare index=5/6 display=block latex=\frac{\partial}{\partial t}\psi ^*\left( \vec{r} \right) \psi \left( \vec{r} \right) =\frac{i\hbar}{2m}\nabla \cdot \left[ \psi ^*\left( \vec{r} \right) \nabla \psi \left( \vec{r} \right) -\psi \left( \vec{r} \right) \nabla \psi ^*\left( r \right) \right]
2026-09-06T21:10:45.2356744+08:00 pid=67232 tid=5 bulk-import converter-create display=block mode=wordOmml latex=\frac{\partial}{\partial t}\psi ^*\left( \vec{r} \right) \psi \left( \vec{r} \right) =\frac{i\hbar}{2m}\nabla \cdot \left[ \psi ^*\left( \vec{r} \right) \nabla \psi \left( \vec{r} \right) -\psi \left( \vec{r} \right) \nabla \psi ^*\left( r \right) \right]
2026-09-06T21:10:45.2386766+08:00 pid=67232 tid=9 bulk-import converter-created sessionId=d71e686f-bfea-4330-bb29-9c147d88556b
2026-09-06T21:10:45.2396750+08:00 pid=67232 tid=9 bulk-import render-prepare index=6/6 display=block latex=\frac{\partial}{\partial t}\rho \left( \vec{r},t \right) +\nabla \cdot \vec{j}=0
2026-09-06T21:10:45.2396750+08:00 pid=67232 tid=9 bulk-import converter-create display=block mode=wordOmml latex=\frac{\partial}{\partial t}\rho \left( \vec{r},t \right) +\nabla \cdot \vec{j}=0
2026-09-06T21:10:45.2436759+08:00 pid=67232 tid=5 bulk-import converter-created sessionId=0fc8c3ec-9186-4e75-be1c-483eef02e24f
2026-09-06T21:10:45.2436759+08:00 pid=67232 tid=5 bulk-import render-batch-start unique=6 total=6
2026-09-06T21:10:45.2839026+08:00 pid=67232 tid=9 bulk-import render-batch-item sessionId=8506a80e-9654-474c-a6b0-95b2976f075c status=committing display=inline
2026-09-06T21:10:45.2859043+08:00 pid=67232 tid=5 bulk-import render-batch-item sessionId=cf462510-d334-4da7-ac98-1923710f01a3 status=committing display=block
2026-09-06T21:10:45.2883987+08:00 pid=67232 tid=9 bulk-import render-batch-item sessionId=b40d733e-7fdd-43f3-9ef5-b84e2919eab6 status=committing display=block
2026-09-06T21:10:45.2944078+08:00 pid=67232 tid=5 bulk-import render-batch-item sessionId=5063c6a4-09f3-4193-8b09-05f42bcc2080 status=committing display=block
2026-09-06T21:10:45.3294076+08:00 pid=67232 tid=5 bulk-import render-batch-item sessionId=d71e686f-bfea-4330-bb29-9c147d88556b status=committing display=block
2026-09-06T21:10:45.3304078+08:00 pid=67232 tid=9 bulk-import render-batch-item sessionId=0fc8c3ec-9186-4e75-be1c-483eef02e24f status=committing display=block
2026-09-06T21:10:45.3314080+08:00 pid=67232 tid=9 bulk-import render-batch-complete unique=6 elapsedMs=86
2026-09-06T21:10:45.3987237+08:00 pid=67232 tid=1 word-undo-begin name=VisualTeX 批量导入 recording=False level=0
2026-09-06T21:10:45.3987237+08:00 pid=67232 tid=1 word-undo-started name=VisualTeX 批量导入 recording=True level=1
2026-09-06T21:10:47.1133190+08:00 pid=67232 tid=1 omml-xml-incomplete-export formulaId= attempt=1 range=303:362
2026-09-06T21:10:53.3574168+08:00 pid=67232 tid=1 bulk-import-ole-identities-finalized repaired=0
2026-09-06T21:10:53.3574168+08:00 pid=67232 tid=1 word-undo-end recording=False level=0
2026-09-06T21:10:53.3584186+08:00 pid=67232 tid=19 bulk-import bulk-insert-complete blocks=15 formulas=6 elapsedMs=8026
2026-09-06T21:10:53.3584186+08:00 pid=67232 tid=19 bulk-import bulk-import-complete blocks=15 formulas=6 elapsedMs=17921
2026-09-06T21:10:53.3584186+08:00 pid=67232 tid=19 bulk-import bulk-operation-gate-released
2026-09-06T21:10:53.3924181+08:00 pid=67232 tid=9 office-session-finalization-complete sessions=7 completed=True
2026-09-06T21:11:15.5509433+08:00 pid=67232 tid=22 ribbon-session-operation-released sessionId=7aaeb4b2-49a8-48a6-8cae-8cb00c6fa6a4
2026-09-06T21:11:33.4224533+08:00 pid=67232 tid=12 left-down x=1776 y=1270 wordForeground=False
2026-09-06T21:11:36.7020173+08:00 pid=67232 tid=1 word-undo-begin name=VisualTeX Convert or Update Word OMML Formula recording=False level=0
2026-09-06T21:11:36.7030165+08:00 pid=67232 tid=1 word-undo-started name=VisualTeX Convert or Update Word OMML Formula recording=True level=1
2026-09-06T21:11:36.7040160+08:00 pid=67232 tid=1 format-conversion-subperf [perf] ReplaceOmml.locate-target: +2ms (2ms total)
2026-09-06T21:11:36.8614998+08:00 pid=67232 tid=1 format-conversion-subperf [perf] ReplaceOmml.source-range-resolve: +157ms (159ms total)
2026-09-06T21:11:36.8801784+08:00 pid=67232 tid=1 format-conversion-subperf [perf] ReplaceOmml.rollback-capture: +19ms (178ms total)
2026-09-06T21:11:37.6360725+08:00 pid=67232 tid=1 format-conversion-subperf [perf] ReplaceOmml.direct-host-health: +755ms (933ms total)
2026-09-06T21:11:37.6372484+08:00 pid=67232 tid=1 format-conversion-subperf [perf] ReplaceOmml.direct-content-prep: +1ms (934ms total)
2026-09-06T21:11:37.6387680+08:00 pid=67232 tid=1 format-conversion-subperf [perf] ReplaceOmml.resolve-source: +2ms (936ms total)
2026-09-06T21:11:37.6697159+08:00 pid=67232 tid=1 format-conversion-subperf [perf] ReplaceOmml.insert-native-omml: +31ms (967ms total)
2026-09-06T21:11:37.6891447+08:00 pid=67232 tid=1 format-conversion-subperf [perf] ReplaceOmml.validate-native-omml: +20ms (987ms total)
2026-09-06T21:11:37.8025645+08:00 pid=67232 tid=1 format-conversion-subperf [perf] ReplaceOmml.stamp-fingerprint: +113ms (1100ms total)
2026-09-06T21:11:37.8616187+08:00 pid=67232 tid=1 format-conversion-subperf [perf] ReplaceOmml.wrap-formula-anchor: +59ms (1159ms total)
2026-09-06T21:11:37.8616187+08:00 pid=67232 tid=1 format-conversion-subperf [perf] ReplaceOmml.protect-source-metadata: +0ms (1159ms total)
2026-09-06T21:11:37.8616187+08:00 pid=67232 tid=1 format-conversion-subperf [perf] ReplaceOmml.reconcile: +0ms (1159ms total)
2026-09-06T21:11:37.9340125+08:00 pid=67232 tid=1 format-conversion-subperf [perf] ReplaceOmml.final-identity-resolve: +72ms (1231ms total)
2026-09-06T21:11:37.9681347+08:00 pid=67232 tid=1 format-conversion-subperf [perf] ReplaceOmml.final-identity-fingerprint: +34ms (1265ms total)
2026-09-06T21:11:37.9681347+08:00 pid=67232 tid=1 format-conversion-subperf [perf] ReplaceOmml.final-identity-anchor: +1ms (1266ms total)
2026-09-06T21:11:37.9761344+08:00 pid=67232 tid=1 format-conversion-subperf [perf] ReplaceOmml.final-identity-metadata: +8ms (1274ms total)
2026-09-06T21:11:37.9761344+08:00 pid=67232 tid=1 format-conversion-subperf [perf] ReplaceOmml.finalize-identity: +0ms (1274ms total)
2026-09-06T21:11:37.9771333+08:00 pid=67232 tid=1 format-conversion-subperf [perf] ReplaceOmml.prepare-result: +0ms (1274ms total)
2026-09-06T21:11:38.0401264+08:00 pid=67232 tid=1 format-conversion-subperf [perf] ReplaceOmml.restore-view: +64ms (1338ms total)
2026-09-06T21:11:38.0417563+08:00 pid=67232 tid=1 format-conversion-subperf [perf] ReplaceOmml.restore-screen-updating: +1ms (1339ms total)
2026-09-06T21:11:38.0417563+08:00 pid=67232 tid=1 word-undo-end recording=False level=0
2026-09-06T21:11:38.0422735+08:00 pid=67232 tid=1 format-conversion-subperf [perf] ReplaceOmml.end-undo: +0ms (1339ms total)
2026-09-06T21:11:38.0422735+08:00 pid=67232 tid=1 format-conversion-subperf [perf] ReplaceOmml.release-rcws: +1ms (1340ms total)
2026-09-06T21:11:38.0458393+08:00 pid=67232 tid=21 ribbon-session-operation-released sessionId=c8d8da02-e338-40be-bd1f-9b0434c98ecc
2026-09-06T21:11:46.4728350+08:00 pid=67232 tid=12 left-down x=1099 y=716 wordForeground=True
2026-09-06T21:11:48.5464915+08:00 pid=67232 tid=1 word-undo-begin name=VisualTeX Insert Equation Reference recording=False level=0
2026-09-06T21:11:48.5464915+08:00 pid=67232 tid=1 word-undo-started name=VisualTeX Insert Equation Reference recording=True level=1
2026-09-06T21:11:48.7011539+08:00 pid=67232 tid=1 word-undo-end recording=True level=1
2026-09-06T21:11:48.7011539+08:00 pid=67232 tid=1 reference-insertion-complete target=VisualTeX 公式 (3)
2026-09-06T21:11:54.7027360+08:00 pid=67232 tid=12 left-down x=913 y=366 wordForeground=True
2026-09-06T21:11:55.7454824+08:00 pid=67232 tid=1 word-undo-begin name=VisualTeX Set Equation Number Format recording=False level=0
2026-09-06T21:11:55.7464799+08:00 pid=67232 tid=1 word-undo-started name=VisualTeX Set Equation Number Format recording=True level=1
2026-09-06T21:11:56.5893674+08:00 pid=67232 tid=1 word-undo-end recording=False level=0
2026-09-06T21:12:10.3561970+08:00 pid=67232 tid=1 format-conversion-start sourceMode=wordOmml targetMode=mathTypeOle wholeDocument=True
2026-09-06T21:12:12.9835453+08:00 pid=67232 tid=1 format-conversion-plan sourceMode=wordOmml targetMode=mathTypeOle targets=7
2026-09-06T21:12:16.2310495+08:00 pid=67232 tid=1 format-conversion-render-bypass sourceMode=wordOmml targetMode=mathTypeOle targets=7 reason=source-mathml-ready
2026-09-06T21:12:16.5385052+08:00 pid=67232 tid=1 format-conversion-native-preview-batch-complete formulas=7 elapsedMs=298
2026-09-06T21:12:16.5395075+08:00 pid=67232 tid=1 format-conversion-word-apply-start sourceMode=wordOmml targetMode=mathTypeOle targets=7
2026-09-06T21:12:18.0869118+08:00 pid=67232 tid=1 format-conversion-runtime assembly=C:\Users\pojian_liao\AppData\Local\VisualTeX\office\remediation-builds\55F87EA2A4B02F33A386CFFEAF03DA97096FC3A716A6E56CB3F3EC4DA7E1AFA1\VisualTeX.WordVsto.dll source=wordOmml target=mathTypeOle targetIsVisualTeX=False targetIsMathType=True
2026-09-06T21:12:18.1013103+08:00 pid=67232 tid=1 format-conversion-reference-aliases-captured sourceMode=wordOmml formulaId=f587c633-ce05-4b7d-a6e1-629c0d1eb418 aliases=VTEqNum_f587c633ce054b7da6e1629c0d1eb418
2026-09-06T21:12:18.1376238+08:00 pid=67232 tid=1 format-conversion-reference-aliases-captured sourceMode=wordOmml formulaId=5826ff41-0132-46e9-8993-97642ca91acf aliases=VTEqNum_5826ff41013246e9899397642ca91acf
2026-09-06T21:12:18.5167096+08:00 pid=67232 tid=1 format-conversion-heading-scope-cache format=heading2-dash formulas=6 scopes=2
2026-09-06T21:12:18.5967098+08:00 pid=67232 tid=1 format-conversion-reference-counts-fast-path source=wordOmml formulas=6
2026-09-06T21:12:19.6908345+08:00 pid=67232 tid=1 word-undo-begin name=VisualTeX Convert Formula Format recording=False level=0
2026-09-06T21:12:19.6908345+08:00 pid=67232 tid=1 word-undo-started name=VisualTeX Convert Formula Format recording=True level=1
2026-09-06T21:12:19.6908345+08:00 pid=67232 tid=1 format-conversion-undo-state stage=before-preferences document=文档20 recording=True level=1
2026-09-06T21:12:19.6918342+08:00 pid=67232 tid=1 format-conversion-transaction-start targets=7
2026-09-06T21:12:19.6918342+08:00 pid=67232 tid=1 format-conversion-undo-state stage=after-preferences document=文档20 recording=True level=1
2026-09-06T21:12:19.6918342+08:00 pid=67232 tid=1 format-conversion-undo-state stage=before-source-delete document=文档20 recording=True level=1
2026-09-06T21:12:20.1960669+08:00 pid=67232 tid=1 format-conversion-direct-numbered-omml-delete formulaId=facd8795-4c41-4aed-b43d-71cb0234dcce start=826
2026-09-06T21:12:20.1960669+08:00 pid=67232 tid=1 format-conversion-perf stage=delete-source-host formulaId=facd8795-4c41-4aed-b43d-71cb0234dcce numbered=True deltaMs=503 totalMs=503
2026-09-06T21:12:20.1960669+08:00 pid=67232 tid=1 format-conversion-undo-state stage=after-source-delete document=文档20 recording=False level=0
2026-09-06T21:12:20.2237345+08:00 pid=67232 tid=1 word-undo-begin name=VisualTeX Insert MathType OLE Numbered Display Formula recording=False level=0
2026-09-06T21:12:20.2237345+08:00 pid=67232 tid=1 word-undo-started name=VisualTeX Insert MathType OLE Numbered Display Formula recording=True level=1
2026-09-06T21:12:20.2734013+08:00 pid=67232 tid=1 mathtype-insert-perf stage=resolve-insertion numbered=True inline=False deltaMs=49 totalMs=49
2026-09-06T21:12:20.2743986+08:00 pid=67232 tid=1 mathtype-insert-perf stage=clear-incomplete-number-row numbered=True inline=False deltaMs=0 totalMs=49
2026-09-06T21:12:20.2753988+08:00 pid=67232 tid=1 mathtype-heading-scope-state chapter=1 section=1 heading=524:540 formula=826
2026-09-06T21:12:20.5870350+08:00 pid=67232 tid=1 mathtype-insert-perf stage=number-template-heading-state numbered=True inline=False deltaMs=313 totalMs=362
2026-09-06T21:12:20.5880351+08:00 pid=67232 tid=1 mathtype-insert-perf stage=prepare-display-row numbered=True inline=False deltaMs=2 totalMs=364
2026-09-06T21:12:20.5940351+08:00 pid=67232 tid=1 mathtype-insert-perf stage=build-flat-opc numbered=True inline=False deltaMs=6 totalMs=370
2026-09-06T21:12:20.5940351+08:00 pid=67232 tid=1 mathtype-insert-perf stage=pre-insert-bookkeeping numbered=True inline=False deltaMs=0 totalMs=370
2026-09-06T21:12:20.6320349+08:00 pid=67232 tid=1 mathtype-insert-perf stage=insert-flat-opc numbered=True inline=False deltaMs=38 totalMs=408
2026-09-06T21:12:20.6330354+08:00 pid=67232 tid=1 mathtype-insert-perf stage=resolve-new-shape numbered=True inline=False deltaMs=0 totalMs=408
2026-09-06T21:12:20.6330354+08:00 pid=67232 tid=1 mathtype-insert-perf stage=set-shape-geometry numbered=True inline=False deltaMs=1 totalMs=409
2026-09-06T21:12:20.6340352+08:00 pid=67232 tid=1 mathtype-insert-perf stage=repair-inline-paragraph numbered=True inline=False deltaMs=0 totalMs=409
2026-09-06T21:12:20.6340352+08:00 pid=67232 tid=1 mathtype-insert-perf stage=refresh-native-shape numbered=True inline=False deltaMs=1 totalMs=410
2026-09-06T21:12:20.6980377+08:00 pid=67232 tid=1 mathtype-insert-perf stage=bind-created-object-identity numbered=True inline=False deltaMs=63 totalMs=473
2026-09-06T21:12:20.6980377+08:00 pid=67232 tid=1 mathtype-insert-perf stage=complete numbered=True inline=False deltaMs=1 totalMs=474
2026-09-06T21:12:20.6980377+08:00 pid=67232 tid=1 word-undo-end recording=False level=0
2026-09-06T21:12:20.6980377+08:00 pid=67232 tid=1 format-conversion-perf stage=insert-target formulaId=facd8795-4c41-4aed-b43d-71cb0234dcce numbered=True deltaMs=503 totalMs=1006
2026-09-06T21:12:20.6990353+08:00 pid=67232 tid=1 format-conversion-undo-state stage=after-target-insert document=文档20 recording=False level=0
2026-09-06T21:12:20.6990353+08:00 pid=67232 tid=1 format-conversion-bookmarked-target-stable formulaId=facd8795-4c41-4aed-b43d-71cb0234dcce bookmark=VTMT_f81b0a496cbd4652bd97e56674857974 range=983:1009 elapsedMs=0
2026-09-06T21:12:20.7000353+08:00 pid=67232 tid=1 format-conversion-direct-managed-omml-metadata-deleted formulaId=facd8795-4c41-4aed-b43d-71cb0234dcce numbered=True
2026-09-06T21:12:20.7000353+08:00 pid=67232 tid=1 format-conversion-perf stage=verify-target formulaId=facd8795-4c41-4aed-b43d-71cb0234dcce numbered=True deltaMs=2 totalMs=1008
2026-09-06T21:12:20.7010349+08:00 pid=67232 tid=1 format-conversion-undo-state stage=before-source-delete document=文档20 recording=False level=0
2026-09-06T21:12:21.3101648+08:00 pid=67232 tid=1 format-conversion-direct-numbered-omml-delete formulaId=d6d8f64e-2d37-414c-9d12-572dc74b8f57 start=826
2026-09-06T21:12:21.3111668+08:00 pid=67232 tid=1 format-conversion-perf stage=delete-source-host formulaId=d6d8f64e-2d37-414c-9d12-572dc74b8f57 numbered=True deltaMs=610 totalMs=610
2026-09-06T21:12:21.3111668+08:00 pid=67232 tid=1 format-conversion-undo-state stage=after-source-delete document=文档20 recording=False level=0
2026-09-06T21:12:21.3631640+08:00 pid=67232 tid=1 word-undo-begin name=VisualTeX Insert MathType OLE Numbered Display Formula recording=False level=0
2026-09-06T21:12:21.3631640+08:00 pid=67232 tid=1 word-undo-started name=VisualTeX Insert MathType OLE Numbered Display Formula recording=True level=1
2026-09-06T21:12:21.4209985+08:00 pid=67232 tid=1 mathtype-insert-perf stage=resolve-insertion numbered=True inline=False deltaMs=57 totalMs=57
2026-09-06T21:12:21.4209985+08:00 pid=67232 tid=1 mathtype-insert-perf stage=clear-incomplete-number-row numbered=True inline=False deltaMs=1 totalMs=58
2026-09-06T21:12:21.4219959+08:00 pid=67232 tid=1 mathtype-insert-perf stage=number-template-heading-state numbered=True inline=False deltaMs=0 totalMs=58
2026-09-06T21:12:21.4249980+08:00 pid=67232 tid=1 mathtype-insert-perf stage=prepare-display-row numbered=True inline=False deltaMs=3 totalMs=61
2026-09-06T21:12:21.4342160+08:00 pid=67232 tid=1 mathtype-insert-perf stage=build-flat-opc numbered=True inline=False deltaMs=10 totalMs=71
2026-09-06T21:12:21.4352176+08:00 pid=67232 tid=1 mathtype-insert-perf stage=pre-insert-bookkeeping numbered=True inline=False deltaMs=0 totalMs=71
2026-09-06T21:12:21.4693764+08:00 pid=67232 tid=1 mathtype-insert-perf stage=insert-flat-opc numbered=True inline=False deltaMs=35 totalMs=106
2026-09-06T21:12:21.4693764+08:00 pid=67232 tid=1 mathtype-insert-perf stage=resolve-new-shape numbered=True inline=False deltaMs=0 totalMs=106
2026-09-06T21:12:21.4703741+08:00 pid=67232 tid=1 mathtype-insert-perf stage=set-shape-geometry numbered=True inline=False deltaMs=1 totalMs=107
2026-09-06T21:12:21.4703741+08:00 pid=67232 tid=1 mathtype-insert-perf stage=repair-inline-paragraph numbered=True inline=False deltaMs=0 totalMs=107
2026-09-06T21:12:21.4713743+08:00 pid=67232 tid=1 mathtype-insert-perf stage=refresh-native-shape numbered=True inline=False deltaMs=1 totalMs=108
2026-09-06T21:12:21.5050393+08:00 pid=67232 tid=1 mathtype-insert-perf stage=bind-created-object-identity numbered=True inline=False deltaMs=34 totalMs=142
2026-09-06T21:12:21.5050393+08:00 pid=67232 tid=1 mathtype-insert-perf stage=complete numbered=True inline=False deltaMs=0 totalMs=142
2026-09-06T21:12:21.5050393+08:00 pid=67232 tid=1 word-undo-end recording=True level=1
2026-09-06T21:12:21.5060370+08:00 pid=67232 tid=1 format-conversion-perf stage=insert-target formulaId=d6d8f64e-2d37-414c-9d12-572dc74b8f57 numbered=True deltaMs=195 totalMs=805
2026-09-06T21:12:21.5060370+08:00 pid=67232 tid=1 format-conversion-undo-state stage=after-target-insert document=文档20 recording=False level=0
2026-09-06T21:12:21.5060370+08:00 pid=67232 tid=1 format-conversion-bookmarked-target-stable formulaId=d6d8f64e-2d37-414c-9d12-572dc74b8f57 bookmark=VTMT_646825af6f2e45a9ab372ec29970655e range=827:853 elapsedMs=0
2026-09-06T21:12:21.5070368+08:00 pid=67232 tid=1 format-conversion-direct-managed-omml-metadata-deleted formulaId=d6d8f64e-2d37-414c-9d12-572dc74b8f57 numbered=True
2026-09-06T21:12:21.5080366+08:00 pid=67232 tid=1 format-conversion-perf stage=verify-target formulaId=d6d8f64e-2d37-414c-9d12-572dc74b8f57 numbered=True deltaMs=1 totalMs=806
2026-09-06T21:12:21.5080366+08:00 pid=67232 tid=1 format-conversion-undo-state stage=before-source-delete document=文档20 recording=False level=0
2026-09-06T21:12:22.0294917+08:00 pid=67232 tid=1 format-conversion-direct-numbered-omml-delete formulaId=0b06e667-ac4a-48af-a86b-91c664484373 start=704
2026-09-06T21:12:22.0294917+08:00 pid=67232 tid=1 format-conversion-perf stage=delete-source-host formulaId=0b06e667-ac4a-48af-a86b-91c664484373 numbered=True deltaMs=521 totalMs=521
2026-09-06T21:12:22.0304949+08:00 pid=67232 tid=1 format-conversion-undo-state stage=after-source-delete document=文档20 recording=False level=0
2026-09-06T21:12:22.0721239+08:00 pid=67232 tid=1 word-undo-begin name=VisualTeX Insert MathType OLE Numbered Display Formula recording=False level=0
2026-09-06T21:12:22.0721239+08:00 pid=67232 tid=1 word-undo-started name=VisualTeX Insert MathType OLE Numbered Display Formula recording=True level=1
2026-09-06T21:12:22.1127369+08:00 pid=67232 tid=1 mathtype-insert-perf stage=resolve-insertion numbered=True inline=False deltaMs=40 totalMs=40
2026-09-06T21:12:22.1147418+08:00 pid=67232 tid=1 mathtype-insert-perf stage=clear-incomplete-number-row numbered=True inline=False deltaMs=2 totalMs=42
2026-09-06T21:12:22.1147418+08:00 pid=67232 tid=1 mathtype-insert-perf stage=number-template-heading-state numbered=True inline=False deltaMs=0 totalMs=42
2026-09-06T21:12:22.1177359+08:00 pid=67232 tid=1 mathtype-insert-perf stage=prepare-display-row numbered=True inline=False deltaMs=3 totalMs=45
2026-09-06T21:12:22.1254407+08:00 pid=67232 tid=1 mathtype-insert-perf stage=build-flat-opc numbered=True inline=False deltaMs=8 totalMs=53
2026-09-06T21:12:22.1259673+08:00 pid=67232 tid=1 mathtype-insert-perf stage=pre-insert-bookkeeping numbered=True inline=False deltaMs=0 totalMs=53
2026-09-06T21:12:22.1603645+08:00 pid=67232 tid=1 mathtype-insert-perf stage=insert-flat-opc numbered=True inline=False deltaMs=35 totalMs=88
2026-09-06T21:12:22.1603645+08:00 pid=67232 tid=1 mathtype-insert-perf stage=resolve-new-shape numbered=True inline=False deltaMs=0 totalMs=88
2026-09-06T21:12:22.1613644+08:00 pid=67232 tid=1 mathtype-insert-perf stage=set-shape-geometry numbered=True inline=False deltaMs=1 totalMs=89
2026-09-06T21:12:22.1623647+08:00 pid=67232 tid=1 mathtype-insert-perf stage=repair-inline-paragraph numbered=True inline=False deltaMs=0 totalMs=89
2026-09-06T21:12:22.1623647+08:00 pid=67232 tid=1 mathtype-insert-perf stage=refresh-native-shape numbered=True inline=False deltaMs=1 totalMs=90
2026-09-06T21:12:22.1873670+08:00 pid=67232 tid=1 mathtype-insert-perf stage=bind-created-object-identity numbered=True inline=False deltaMs=25 totalMs=115
2026-09-06T21:12:22.1873670+08:00 pid=67232 tid=1 mathtype-insert-perf stage=complete numbered=True inline=False deltaMs=0 totalMs=115
2026-09-06T21:12:22.1883648+08:00 pid=67232 tid=1 word-undo-end recording=True level=1
2026-09-06T21:12:22.1883648+08:00 pid=67232 tid=1 format-conversion-perf stage=insert-target formulaId=0b06e667-ac4a-48af-a86b-91c664484373 numbered=True deltaMs=159 totalMs=680
2026-09-06T21:12:22.1883648+08:00 pid=67232 tid=1 format-conversion-undo-state stage=after-target-insert document=文档20 recording=False level=0
2026-09-06T21:12:22.1883648+08:00 pid=67232 tid=1 format-conversion-bookmarked-target-stable formulaId=0b06e667-ac4a-48af-a86b-91c664484373 bookmark=VTMT_a983a17d809e4651956e28bc8925441e range=705:731 elapsedMs=0
2026-09-06T21:12:22.1893648+08:00 pid=67232 tid=1 format-conversion-direct-managed-omml-metadata-deleted formulaId=0b06e667-ac4a-48af-a86b-91c664484373 numbered=True
2026-09-06T21:12:22.1893648+08:00 pid=67232 tid=1 format-conversion-perf stage=verify-target formulaId=0b06e667-ac4a-48af-a86b-91c664484373 numbered=True deltaMs=1 totalMs=681
2026-09-06T21:12:22.1903647+08:00 pid=67232 tid=1 format-conversion-undo-state stage=before-source-delete document=文档20 recording=False level=0
2026-09-06T21:12:22.7790758+08:00 pid=67232 tid=1 format-conversion-direct-numbered-omml-delete formulaId=5826ff41-0132-46e9-8993-97642ca91acf start=440
2026-09-06T21:12:22.7790758+08:00 pid=67232 tid=1 format-conversion-perf stage=delete-source-host formulaId=5826ff41-0132-46e9-8993-97642ca91acf numbered=True deltaMs=588 totalMs=588
2026-09-06T21:12:22.7790758+08:00 pid=67232 tid=1 format-conversion-undo-state stage=after-source-delete document=文档20 recording=False level=0
2026-09-06T21:12:22.8250759+08:00 pid=67232 tid=1 word-undo-begin name=VisualTeX Insert MathType OLE Numbered Display Formula recording=False level=0
2026-09-06T21:12:22.8250759+08:00 pid=67232 tid=1 word-undo-started name=VisualTeX Insert MathType OLE Numbered Display Formula recording=True level=1
2026-09-06T21:12:22.8750759+08:00 pid=67232 tid=1 mathtype-insert-perf stage=resolve-insertion numbered=True inline=False deltaMs=49 totalMs=49
2026-09-06T21:12:22.8750759+08:00 pid=67232 tid=1 mathtype-insert-perf stage=clear-incomplete-number-row numbered=True inline=False deltaMs=0 totalMs=49
2026-09-06T21:12:22.8750759+08:00 pid=67232 tid=1 mathtype-insert-perf stage=number-template-heading-state numbered=True inline=False deltaMs=1 totalMs=50
2026-09-06T21:12:22.8780781+08:00 pid=67232 tid=1 mathtype-insert-perf stage=prepare-display-row numbered=True inline=False deltaMs=2 totalMs=52
2026-09-06T21:12:22.8880769+08:00 pid=67232 tid=1 mathtype-insert-perf stage=build-flat-opc numbered=True inline=False deltaMs=10 totalMs=62
2026-09-06T21:12:22.8880769+08:00 pid=67232 tid=1 mathtype-insert-perf stage=pre-insert-bookkeeping numbered=True inline=False deltaMs=0 totalMs=62
2026-09-06T21:12:22.9240757+08:00 pid=67232 tid=1 mathtype-insert-perf stage=insert-flat-opc numbered=True inline=False deltaMs=36 totalMs=98
2026-09-06T21:12:22.9250759+08:00 pid=67232 tid=1 mathtype-insert-perf stage=resolve-new-shape numbered=True inline=False deltaMs=1 totalMs=99
2026-09-06T21:12:22.9250759+08:00 pid=67232 tid=1 mathtype-insert-perf stage=set-shape-geometry numbered=True inline=False deltaMs=1 totalMs=100
2026-09-06T21:12:22.9260757+08:00 pid=67232 tid=1 mathtype-insert-perf stage=repair-inline-paragraph numbered=True inline=False deltaMs=0 totalMs=100
2026-09-06T21:12:22.9260757+08:00 pid=67232 tid=1 mathtype-insert-perf stage=refresh-native-shape numbered=True inline=False deltaMs=1 totalMs=101
2026-09-06T21:12:22.9523658+08:00 pid=67232 tid=1 mathtype-insert-perf stage=bind-created-object-identity numbered=True inline=False deltaMs=25 totalMs=126
2026-09-06T21:12:22.9523658+08:00 pid=67232 tid=1 mathtype-insert-perf stage=complete numbered=True inline=False deltaMs=1 totalMs=127
2026-09-06T21:12:22.9523658+08:00 pid=67232 tid=1 word-undo-end recording=True level=1
2026-09-06T21:12:22.9533633+08:00 pid=67232 tid=1 format-conversion-perf stage=insert-target formulaId=5826ff41-0132-46e9-8993-97642ca91acf numbered=True deltaMs=174 totalMs=762
2026-09-06T21:12:22.9533633+08:00 pid=67232 tid=1 format-conversion-undo-state stage=after-target-insert document=文档20 recording=False level=0
2026-09-06T21:12:22.9533633+08:00 pid=67232 tid=1 format-conversion-bookmarked-target-stable formulaId=5826ff41-0132-46e9-8993-97642ca91acf bookmark=VTMT_6f61c2cee2084c958809fb46aee4b5ea range=441:467 elapsedMs=0
2026-09-06T21:12:22.9543634+08:00 pid=67232 tid=1 format-conversion-direct-managed-omml-metadata-deleted formulaId=5826ff41-0132-46e9-8993-97642ca91acf numbered=True
2026-09-06T21:12:22.9543634+08:00 pid=67232 tid=1 format-conversion-perf stage=verify-target formulaId=5826ff41-0132-46e9-8993-97642ca91acf numbered=True deltaMs=2 totalMs=764
2026-09-06T21:12:22.9543634+08:00 pid=67232 tid=1 format-conversion-undo-state stage=before-source-delete document=文档20 recording=False level=0
2026-09-06T21:12:23.3246156+08:00 pid=67232 tid=1 format-conversion-direct-numbered-omml-delete formulaId=d6fbae16-0250-4c0c-80dc-996146d07e1e start=312
2026-09-06T21:12:23.3246156+08:00 pid=67232 tid=1 format-conversion-perf stage=delete-source-host formulaId=d6fbae16-0250-4c0c-80dc-996146d07e1e numbered=True deltaMs=370 totalMs=370
2026-09-06T21:12:23.3256153+08:00 pid=67232 tid=1 format-conversion-undo-state stage=after-source-delete document=文档20 recording=False level=0
2026-09-06T21:12:23.3696216+08:00 pid=67232 tid=1 word-undo-begin name=VisualTeX Insert MathType OLE Numbered Display Formula recording=False level=0
2026-09-06T21:12:23.3696216+08:00 pid=67232 tid=1 word-undo-started name=VisualTeX Insert MathType OLE Numbered Display Formula recording=True level=1
2026-09-06T21:12:23.4016237+08:00 pid=67232 tid=1 mathtype-insert-perf stage=resolve-insertion numbered=True inline=False deltaMs=32 totalMs=32
2026-09-06T21:12:23.4026222+08:00 pid=67232 tid=1 mathtype-insert-perf stage=clear-incomplete-number-row numbered=True inline=False deltaMs=0 totalMs=32
2026-09-06T21:12:23.4026222+08:00 pid=67232 tid=1 mathtype-insert-perf stage=number-template-heading-state numbered=True inline=False deltaMs=1 totalMs=33
2026-09-06T21:12:23.4036219+08:00 pid=67232 tid=1 mathtype-insert-perf stage=prepare-display-row numbered=True inline=False deltaMs=1 totalMs=34
2026-09-06T21:12:23.4132092+08:00 pid=67232 tid=1 mathtype-insert-perf stage=build-flat-opc numbered=True inline=False deltaMs=10 totalMs=44
2026-09-06T21:12:23.4142092+08:00 pid=67232 tid=1 mathtype-insert-perf stage=pre-insert-bookkeeping numbered=True inline=False deltaMs=0 totalMs=44
2026-09-06T21:12:23.4512069+08:00 pid=67232 tid=1 mathtype-insert-perf stage=insert-flat-opc numbered=True inline=False deltaMs=37 totalMs=81
2026-09-06T21:12:23.4512069+08:00 pid=67232 tid=1 mathtype-insert-perf stage=resolve-new-shape numbered=True inline=False deltaMs=1 totalMs=82
2026-09-06T21:12:23.4522067+08:00 pid=67232 tid=1 mathtype-insert-perf stage=set-shape-geometry numbered=True inline=False deltaMs=0 totalMs=82
2026-09-06T21:12:23.4522067+08:00 pid=67232 tid=1 mathtype-insert-perf stage=repair-inline-paragraph numbered=True inline=False deltaMs=1 totalMs=83
2026-09-06T21:12:23.4532069+08:00 pid=67232 tid=1 mathtype-insert-perf stage=refresh-native-shape numbered=True inline=False deltaMs=0 totalMs=83
2026-09-06T21:12:23.4712068+08:00 pid=67232 tid=1 mathtype-insert-perf stage=bind-created-object-identity numbered=True inline=False deltaMs=18 totalMs=101
2026-09-06T21:12:23.4712068+08:00 pid=67232 tid=1 mathtype-insert-perf stage=complete numbered=True inline=False deltaMs=0 totalMs=101
2026-09-06T21:12:23.4712068+08:00 pid=67232 tid=1 word-undo-end recording=True level=1
2026-09-06T21:12:23.4712068+08:00 pid=67232 tid=1 format-conversion-perf stage=insert-target formulaId=d6fbae16-0250-4c0c-80dc-996146d07e1e numbered=True deltaMs=146 totalMs=516
2026-09-06T21:12:23.4722067+08:00 pid=67232 tid=1 format-conversion-undo-state stage=after-target-insert document=文档20 recording=False level=0
2026-09-06T21:12:23.4722067+08:00 pid=67232 tid=1 format-conversion-bookmarked-target-stable formulaId=d6fbae16-0250-4c0c-80dc-996146d07e1e bookmark=VTMT_7d97b527bc474f5c80bb15b2fc4fda5b range=313:339 elapsedMs=0
2026-09-06T21:12:23.4732069+08:00 pid=67232 tid=1 format-conversion-direct-managed-omml-metadata-deleted formulaId=d6fbae16-0250-4c0c-80dc-996146d07e1e numbered=True
2026-09-06T21:12:23.4732069+08:00 pid=67232 tid=1 format-conversion-perf stage=verify-target formulaId=d6fbae16-0250-4c0c-80dc-996146d07e1e numbered=True deltaMs=2 totalMs=518
2026-09-06T21:12:23.4732069+08:00 pid=67232 tid=1 format-conversion-undo-state stage=before-source-delete document=文档20 recording=False level=0
2026-09-06T21:12:23.5552067+08:00 pid=67232 tid=1 format-conversion-perf stage=delete-source-host formulaId=e8f3de17-f377-468f-ac17-698d7f49c8fa numbered=False deltaMs=82 totalMs=82
2026-09-06T21:12:23.5562069+08:00 pid=67232 tid=1 format-conversion-undo-state stage=after-source-delete document=文档20 recording=False level=0
2026-09-06T21:12:23.5792101+08:00 pid=67232 tid=1 word-undo-begin name=VisualTeX Insert MathType OLE Inline Formula recording=False level=0
2026-09-06T21:12:23.5792101+08:00 pid=67232 tid=1 word-undo-started name=VisualTeX Insert MathType OLE Inline Formula recording=True level=1
2026-09-06T21:12:23.6061005+08:00 pid=67232 tid=1 mathtype-insert-perf stage=resolve-insertion numbered=False inline=True deltaMs=27 totalMs=27
2026-09-06T21:12:23.6127644+08:00 pid=67232 tid=1 mathtype-insert-perf stage=build-flat-opc numbered=False inline=True deltaMs=6 totalMs=33
2026-09-06T21:12:23.6127644+08:00 pid=67232 tid=1 mathtype-insert-perf stage=pre-insert-bookkeeping numbered=False inline=True deltaMs=1 totalMs=34
2026-09-06T21:12:23.6488528+08:00 pid=67232 tid=1 mathtype-insert-perf stage=insert-flat-opc numbered=False inline=True deltaMs=36 totalMs=70
2026-09-06T21:12:23.6498526+08:00 pid=67232 tid=1 mathtype-insert-perf stage=resolve-new-shape numbered=False inline=True deltaMs=1 totalMs=71
2026-09-06T21:12:23.6508527+08:00 pid=67232 tid=1 mathtype-insert-perf stage=set-shape-geometry numbered=False inline=True deltaMs=1 totalMs=72
2026-09-06T21:12:23.6518525+08:00 pid=67232 tid=1 mathtype-insert-perf stage=repair-inline-paragraph numbered=False inline=True deltaMs=1 totalMs=73
2026-09-06T21:12:23.6518525+08:00 pid=67232 tid=1 mathtype-insert-perf stage=refresh-native-shape numbered=False inline=True deltaMs=0 totalMs=73
2026-09-06T21:12:23.6528530+08:00 pid=67232 tid=1 mathtype-insert-perf stage=set-native-baseline numbered=False inline=True deltaMs=1 totalMs=74
2026-09-06T21:12:23.6578527+08:00 pid=67232 tid=1 mathtype-insert-perf stage=restore-typing-baseline numbered=False inline=True deltaMs=5 totalMs=79
2026-09-06T21:12:23.6578527+08:00 pid=67232 tid=1 mathtype-insert-perf stage=bind-created-object-identity numbered=False inline=True deltaMs=0 totalMs=79
2026-09-06T21:12:23.6578527+08:00 pid=67232 tid=1 mathtype-insert-perf stage=complete numbered=False inline=True deltaMs=0 totalMs=79
2026-09-06T21:12:23.6578527+08:00 pid=67232 tid=1 word-undo-end recording=True level=1
2026-09-06T21:12:23.6588527+08:00 pid=67232 tid=1 format-conversion-perf stage=insert-target formulaId=e8f3de17-f377-468f-ac17-698d7f49c8fa numbered=False deltaMs=103 totalMs=185
2026-09-06T21:12:23.6588527+08:00 pid=67232 tid=1 format-conversion-undo-state stage=after-target-insert document=文档20 recording=False level=0
2026-09-06T21:12:23.6588527+08:00 pid=67232 tid=1 format-conversion-bookmarked-target-stable formulaId=e8f3de17-f377-468f-ac17-698d7f49c8fa bookmark=VTMT_0ec4e13a063240e6891d9a1365c7b9cb range=272:298 elapsedMs=0
2026-09-06T21:12:23.6598549+08:00 pid=67232 tid=1 format-conversion-perf stage=verify-target formulaId=e8f3de17-f377-468f-ac17-698d7f49c8fa numbered=False deltaMs=0 totalMs=185
2026-09-06T21:12:23.6598549+08:00 pid=67232 tid=1 format-conversion-undo-state stage=before-source-delete document=文档20 recording=False level=0
2026-09-06T21:12:23.7591894+08:00 pid=67232 tid=1 format-conversion-direct-numbered-omml-delete formulaId=f587c633-ce05-4b7d-a6e1-629c0d1eb418 start=0
2026-09-06T21:12:23.7591894+08:00 pid=67232 tid=1 format-conversion-perf stage=delete-source-host formulaId=f587c633-ce05-4b7d-a6e1-629c0d1eb418 numbered=True deltaMs=99 totalMs=99
2026-09-06T21:12:23.7591894+08:00 pid=67232 tid=1 format-conversion-undo-state stage=after-source-delete document=文档20 recording=False level=0
2026-09-06T21:12:23.7815129+08:00 pid=67232 tid=1 word-undo-begin name=VisualTeX Insert MathType OLE Numbered Display Formula recording=False level=0
2026-09-06T21:12:23.7815129+08:00 pid=67232 tid=1 word-undo-started name=VisualTeX Insert MathType OLE Numbered Display Formula recording=True level=1
2026-09-06T21:12:23.7850250+08:00 pid=67232 tid=1 mathtype-insert-perf stage=resolve-insertion numbered=True inline=False deltaMs=4 totalMs=4
2026-09-06T21:12:23.7860262+08:00 pid=67232 tid=1 mathtype-insert-perf stage=clear-incomplete-number-row numbered=True inline=False deltaMs=0 totalMs=4
2026-09-06T21:12:23.7860262+08:00 pid=67232 tid=1 mathtype-insert-perf stage=number-template-heading-state numbered=True inline=False deltaMs=0 totalMs=4
2026-09-06T21:12:23.7870255+08:00 pid=67232 tid=1 mathtype-insert-perf stage=prepare-display-row numbered=True inline=False deltaMs=1 totalMs=5
2026-09-06T21:12:23.7920258+08:00 pid=67232 tid=1 mathtype-insert-perf stage=build-flat-opc numbered=True inline=False deltaMs=6 totalMs=11
2026-09-06T21:12:23.7920258+08:00 pid=67232 tid=1 mathtype-insert-perf stage=pre-insert-bookkeeping numbered=True inline=False deltaMs=0 totalMs=11
2026-09-06T21:12:23.8290249+08:00 pid=67232 tid=1 mathtype-insert-perf stage=insert-flat-opc numbered=True inline=False deltaMs=36 totalMs=47
2026-09-06T21:12:23.8290249+08:00 pid=67232 tid=1 mathtype-insert-perf stage=resolve-new-shape numbered=True inline=False deltaMs=1 totalMs=48
2026-09-06T21:12:23.8300251+08:00 pid=67232 tid=1 mathtype-insert-perf stage=set-shape-geometry numbered=True inline=False deltaMs=0 totalMs=48
2026-09-06T21:12:23.8300251+08:00 pid=67232 tid=1 mathtype-insert-perf stage=repair-inline-paragraph numbered=True inline=False deltaMs=1 totalMs=49
2026-09-06T21:12:23.8310252+08:00 pid=67232 tid=1 mathtype-insert-perf stage=refresh-native-shape numbered=True inline=False deltaMs=0 totalMs=49
2026-09-06T21:12:23.8380253+08:00 pid=67232 tid=1 mathtype-insert-perf stage=bind-created-object-identity numbered=True inline=False deltaMs=7 totalMs=56
2026-09-06T21:12:23.8380253+08:00 pid=67232 tid=1 mathtype-insert-perf stage=complete numbered=True inline=False deltaMs=1 totalMs=57
2026-09-06T21:12:23.8390252+08:00 pid=67232 tid=1 word-undo-end recording=True level=1
2026-09-06T21:12:23.8390252+08:00 pid=67232 tid=1 format-conversion-perf stage=insert-target formulaId=f587c633-ce05-4b7d-a6e1-629c0d1eb418 numbered=True deltaMs=80 totalMs=179
2026-09-06T21:12:23.8390252+08:00 pid=67232 tid=1 format-conversion-undo-state stage=after-target-insert document=文档20 recording=False level=0
2026-09-06T21:12:23.8390252+08:00 pid=67232 tid=1 format-conversion-bookmarked-target-stable formulaId=f587c633-ce05-4b7d-a6e1-629c0d1eb418 bookmark=VTMT_92c950963ae541f1b3d27370f5e930e2 range=1:27 elapsedMs=0
2026-09-06T21:12:23.8400252+08:00 pid=67232 tid=1 format-conversion-direct-managed-omml-metadata-deleted formulaId=f587c633-ce05-4b7d-a6e1-629c0d1eb418 numbered=True
2026-09-06T21:12:23.8400252+08:00 pid=67232 tid=1 format-conversion-perf stage=verify-target formulaId=f587c633-ce05-4b7d-a6e1-629c0d1eb418 numbered=True deltaMs=1 totalMs=180
2026-09-06T21:12:23.8400252+08:00 pid=67232 tid=1 format-conversion-finalize-perf stage=source-residual-check sourceMode=wordOmml targetMode=mathTypeOle deltaMs=0 totalMs=0
2026-09-06T21:12:23.8430260+08:00 pid=67232 tid=1 format-conversion-finalize-perf stage=target-count-check sourceMode=wordOmml targetMode=mathTypeOle deltaMs=2 totalMs=2
2026-09-06T21:12:24.0774304+08:00 pid=67232 tid=1 format-conversion-reference-aliases-restored sourceMode=wordOmml targetMode=mathTypeOle aliases=2 refreshedReferences=0 restoredFormatting=2
2026-09-06T21:12:24.1120425+08:00 pid=67232 tid=1 format-conversion-finalize-perf stage=numbering-reconcile sourceMode=wordOmml targetMode=mathTypeOle deltaMs=269 totalMs=271
2026-09-06T21:12:24.1150424+08:00 pid=67232 tid=1 format-conversion-finalize-perf stage=omml-fingerprint-refresh sourceMode=wordOmml targetMode=mathTypeOle deltaMs=4 totalMs=275
2026-09-06T21:12:24.1210425+08:00 pid=67232 tid=1 format-conversion-transaction-completed targets=7
2026-09-06T21:12:24.1210425+08:00 pid=67232 tid=1 format-conversion-word-apply-finished sourceMode=wordOmml targetMode=mathTypeOle converted=7 failed=0
2026-09-06T21:12:24.1210425+08:00 pid=67232 tid=1 format-conversion-complete source=OMML target=MathType converted=7 failed=0
2026-09-06T21:13:04.1254484+08:00 pid=67232 tid=12 left-down x=3360 y=1425 wordForeground=True
2026-09-06T21:13:12.1201882+08:00 pid=67232 tid=12 left-down x=1336 y=1201 wordForeground=False
2026-09-06T21:13:16.4660574+08:00 pid=67232 tid=12 left-down x=1060 y=1037 wordForeground=True
2026-09-06T21:13:18.2515759+08:00 pid=67232 tid=12 left-down x=1147 y=1380 wordForeground=True
2026-09-06T21:14:02.0466736+08:00 pid=67232 tid=21 ribbon-session-operation-released sessionId=55ac14db-341b-4392-9a4e-213e056738e0
2026-09-06T21:14:16.7170073+08:00 pid=67232 tid=12 left-down x=1776 y=1270 wordForeground=False
2026-09-06T21:14:19.8674684+08:00 pid=67232 tid=1 word-undo-begin name=VisualTeX Update MathType OLE Formula recording=False level=0
2026-09-06T21:14:19.8684679+08:00 pid=67232 tid=1 word-undo-started name=VisualTeX Update MathType OLE Formula recording=True level=1
2026-09-06T21:14:19.8684679+08:00 pid=67232 tid=1 mathtype-replace-stage stage=resolve-source formulaId=cfbd8191-500c-417c-aa82-4654c5a2e6cb
2026-09-06T21:14:19.8736202+08:00 pid=67232 tid=1 mathtype-replace-numbering source=True:right target=True:right changed=False
2026-09-06T21:14:19.8746274+08:00 pid=67232 tid=1 mathtype-replace-stage stage=read-source-flat-opc formulaId=cfbd8191-500c-417c-aa82-4654c5a2e6cb
2026-09-06T21:14:19.8956275+08:00 pid=67232 tid=1 mathtype-replace-stage stage=read-source-flat-opc-complete formulaId=cfbd8191-500c-417c-aa82-4654c5a2e6cb
2026-09-06T21:14:19.8966285+08:00 pid=67232 tid=1 mathtype-replace-stage stage=rewrite-cfb formulaId=cfbd8191-500c-417c-aa82-4654c5a2e6cb
2026-09-06T21:14:20.0444312+08:00 pid=67232 tid=1 mathtype-replace-native-preview formulaId=cfbd8191-500c-417c-aa82-4654c5a2e6cb sourceWord=38.1x15@-3 sourceNative=38x15@-3 rewrittenNative=35x13@-3 scale=1.003x1 target=35.092x13@-3
2026-09-06T21:14:20.0444312+08:00 pid=67232 tid=1 mathtype-replace-stage stage=rewrite-flat-opc formulaId=cfbd8191-500c-417c-aa82-4654c5a2e6cb
2026-09-06T21:14:20.0514313+08:00 pid=67232 tid=1 mathtype-replace-stage stage=rewrite-flat-opc-complete formulaId=cfbd8191-500c-417c-aa82-4654c5a2e6cb
2026-09-06T21:14:20.0544313+08:00 pid=67232 tid=1 mathtype-replace-stage stage=delete-source formulaId=cfbd8191-500c-417c-aa82-4654c5a2e6cb
2026-09-06T21:14:20.0620509+08:00 pid=67232 tid=1 mathtype-replace-stage stage=insert-rewritten-flat-opc formulaId=cfbd8191-500c-417c-aa82-4654c5a2e6cb
2026-09-06T21:14:20.1132182+08:00 pid=67232 tid=1 mathtype-replace-stage stage=insert-rewritten-flat-opc-complete formulaId=cfbd8191-500c-417c-aa82-4654c5a2e6cb
2026-09-06T21:14:20.1262176+08:00 pid=67232 tid=1 mathtype-replace-stage stage=validate-replacement formulaId=cfbd8191-500c-417c-aa82-4654c5a2e6cb
2026-09-06T21:14:20.1492197+08:00 pid=67232 tid=1 mathtype-replace-stage stage=complete formulaId=cfbd8191-500c-417c-aa82-4654c5a2e6cb
2026-09-06T21:14:20.1699039+08:00 pid=67232 tid=1 word-undo-end recording=False level=0
2026-09-06T21:14:20.1749036+08:00 pid=67232 tid=11 ribbon-session-operation-released sessionId=91853d9d-2435-43de-b51e-a6a029f28b6a
2026-09-06T21:14:25.6652807+08:00 pid=67232 tid=12 left-down x=913 y=194 wordForeground=True
2026-09-06T21:14:28.3352192+08:00 pid=67232 tid=1 word-undo-begin name=VisualTeX Set Equation Number Format recording=False level=0
2026-09-06T21:14:28.3352192+08:00 pid=67232 tid=1 word-undo-started name=VisualTeX Set Equation Number Format recording=True level=1
2026-09-06T21:14:29.1688009+08:00 pid=67232 tid=1 word-undo-end recording=False level=0
2026-09-06T21:14:39.1328040+08:00 pid=67232 tid=12 left-down x=913 y=366 wordForeground=True
2026-09-06T21:14:42.0568883+08:00 pid=67232 tid=1 word-undo-begin name=VisualTeX Set Equation Number Format recording=False level=0
2026-09-06T21:14:42.0578904+08:00 pid=67232 tid=1 word-undo-started name=VisualTeX Set Equation Number Format recording=True level=1
2026-09-06T21:14:43.0452359+08:00 pid=67232 tid=1 word-undo-end recording=False level=0
2026-09-06T21:14:53.0779319+08:00 pid=67232 tid=1 format-conversion-start sourceMode=mathTypeOle targetMode=nativeOle wholeDocument=True
2026-09-06T21:14:53.1210721+08:00 pid=67232 tid=1 format-conversion-plan-bulk-ole-snapshot count=7 elapsedMs=42
2026-09-06T21:14:53.1220723+08:00 pid=67232 tid=1 format-conversion-plan-perf stage=shape-access source=mathTypeOle index=1/7 deltaMs=0 totalMs=0
2026-09-06T21:14:53.1220723+08:00 pid=67232 tid=1 format-conversion-plan-perf stage=identify-mathtype source=mathTypeOle index=1/7 deltaMs=0 totalMs=0
2026-09-06T21:14:53.1380721+08:00 pid=67232 tid=1 format-conversion-plan-perf stage=read-mathml-bulk source=mathTypeOle index=1/7 deltaMs=16 totalMs=16
2026-09-06T21:14:53.1410724+08:00 pid=67232 tid=1 format-conversion-plan-perf stage=read-metadata source=mathTypeOle index=1/7 deltaMs=2 totalMs=18
2026-09-06T21:14:53.1420721+08:00 pid=67232 tid=1 format-conversion-plan-perf stage=number-position source=mathTypeOle index=1/7 deltaMs=1 totalMs=19
2026-09-06T21:14:53.1420721+08:00 pid=67232 tid=1 format-conversion-plan-perf stage=shape-range source=mathTypeOle index=1/7 deltaMs=1 totalMs=20
2026-09-06T21:14:53.1430723+08:00 pid=67232 tid=1 format-conversion-plan-perf stage=target-added source=mathTypeOle index=1/7 deltaMs=0 totalMs=20
2026-09-06T21:14:53.1430723+08:00 pid=67232 tid=1 format-conversion-plan-perf stage=shape-access source=mathTypeOle index=2/7 deltaMs=0 totalMs=0
2026-09-06T21:14:53.1440721+08:00 pid=67232 tid=1 format-conversion-plan-perf stage=identify-mathtype source=mathTypeOle index=2/7 deltaMs=0 totalMs=0
2026-09-06T21:14:53.1470722+08:00 pid=67232 tid=1 format-conversion-plan-perf stage=read-mathml-bulk source=mathTypeOle index=2/7 deltaMs=3 totalMs=3
2026-09-06T21:14:53.1497362+08:00 pid=67232 tid=1 format-conversion-plan-perf stage=read-metadata source=mathTypeOle index=2/7 deltaMs=3 totalMs=6
2026-09-06T21:14:53.1502411+08:00 pid=67232 tid=1 format-conversion-plan-perf stage=number-position source=mathTypeOle index=2/7 deltaMs=0 totalMs=6
2026-09-06T21:14:53.1502411+08:00 pid=67232 tid=1 format-conversion-plan-perf stage=shape-range source=mathTypeOle index=2/7 deltaMs=1 totalMs=7
2026-09-06T21:14:53.1572491+08:00 pid=67232 tid=1 format-conversion-plan-perf stage=target-added source=mathTypeOle index=2/7 deltaMs=7 totalMs=14
2026-09-06T21:14:53.1592468+08:00 pid=67232 tid=1 format-conversion-plan-perf stage=shape-access source=mathTypeOle index=3/7 deltaMs=0 totalMs=0
2026-09-06T21:14:53.1592468+08:00 pid=67232 tid=1 format-conversion-plan-perf stage=identify-mathtype source=mathTypeOle index=3/7 deltaMs=0 totalMs=0
2026-09-06T21:14:53.1739060+08:00 pid=67232 tid=1 format-conversion-plan-perf stage=read-mathml-bulk source=mathTypeOle index=3/7 deltaMs=14 totalMs=14
2026-09-06T21:14:53.1759115+08:00 pid=67232 tid=1 format-conversion-plan-perf stage=read-metadata source=mathTypeOle index=3/7 deltaMs=3 totalMs=17
2026-09-06T21:14:53.1769116+08:00 pid=67232 tid=1 format-conversion-plan-perf stage=number-position source=mathTypeOle index=3/7 deltaMs=1 totalMs=18
2026-09-06T21:14:53.1769116+08:00 pid=67232 tid=1 format-conversion-plan-perf stage=shape-range source=mathTypeOle index=3/7 deltaMs=0 totalMs=18
2026-09-06T21:14:53.1819116+08:00 pid=67232 tid=1 format-conversion-plan-perf stage=target-added source=mathTypeOle index=3/7 deltaMs=5 totalMs=23
2026-09-06T21:14:53.1829114+08:00 pid=67232 tid=1 format-conversion-plan-perf stage=shape-access source=mathTypeOle index=4/7 deltaMs=0 totalMs=0
2026-09-06T21:14:53.1839115+08:00 pid=67232 tid=1 format-conversion-plan-perf stage=identify-mathtype source=mathTypeOle index=4/7 deltaMs=0 totalMs=0
2026-09-06T21:14:53.1869121+08:00 pid=67232 tid=1 format-conversion-plan-perf stage=read-mathml-bulk source=mathTypeOle index=4/7 deltaMs=4 totalMs=4
2026-09-06T21:14:53.1889116+08:00 pid=67232 tid=1 format-conversion-plan-perf stage=read-metadata source=mathTypeOle index=4/7 deltaMs=2 totalMs=6
2026-09-06T21:14:53.1899117+08:00 pid=67232 tid=1 format-conversion-plan-perf stage=number-position source=mathTypeOle index=4/7 deltaMs=0 totalMs=6
2026-09-06T21:14:53.1899117+08:00 pid=67232 tid=1 format-conversion-plan-perf stage=shape-range source=mathTypeOle index=4/7 deltaMs=1 totalMs=7
2026-09-06T21:14:53.1949113+08:00 pid=67232 tid=1 format-conversion-plan-perf stage=target-added source=mathTypeOle index=4/7 deltaMs=4 totalMs=11
2026-09-06T21:14:53.1959117+08:00 pid=67232 tid=1 format-conversion-plan-perf stage=shape-access source=mathTypeOle index=5/7 deltaMs=0 totalMs=0
2026-09-06T21:14:53.1959117+08:00 pid=67232 tid=1 format-conversion-plan-perf stage=identify-mathtype source=mathTypeOle index=5/7 deltaMs=0 totalMs=0
2026-09-06T21:14:53.2091607+08:00 pid=67232 tid=1 format-conversion-plan-perf stage=read-mathml-bulk source=mathTypeOle index=5/7 deltaMs=14 totalMs=14
2026-09-06T21:14:53.2111691+08:00 pid=67232 tid=1 format-conversion-plan-perf stage=read-metadata source=mathTypeOle index=5/7 deltaMs=2 totalMs=16
2026-09-06T21:14:53.2121660+08:00 pid=67232 tid=1 format-conversion-plan-perf stage=number-position source=mathTypeOle index=5/7 deltaMs=1 totalMs=17
2026-09-06T21:14:53.2131663+08:00 pid=67232 tid=1 format-conversion-plan-perf stage=shape-range source=mathTypeOle index=5/7 deltaMs=0 totalMs=17
2026-09-06T21:14:53.2181659+08:00 pid=67232 tid=1 format-conversion-plan-perf stage=target-added source=mathTypeOle index=5/7 deltaMs=5 totalMs=22
2026-09-06T21:14:53.2191681+08:00 pid=67232 tid=1 format-conversion-plan-perf stage=shape-access source=mathTypeOle index=6/7 deltaMs=0 totalMs=0
2026-09-06T21:14:53.2191681+08:00 pid=67232 tid=1 format-conversion-plan-perf stage=identify-mathtype source=mathTypeOle index=6/7 deltaMs=0 totalMs=0
2026-09-06T21:14:53.2231671+08:00 pid=67232 tid=1 format-conversion-plan-perf stage=read-mathml-bulk source=mathTypeOle index=6/7 deltaMs=4 totalMs=4
2026-09-06T21:14:53.2251660+08:00 pid=67232 tid=1 format-conversion-plan-perf stage=read-metadata source=mathTypeOle index=6/7 deltaMs=2 totalMs=6
2026-09-06T21:14:53.2251660+08:00 pid=67232 tid=1 format-conversion-plan-perf stage=number-position source=mathTypeOle index=6/7 deltaMs=1 totalMs=7
2026-09-06T21:14:53.2261658+08:00 pid=67232 tid=1 format-conversion-plan-perf stage=shape-range source=mathTypeOle index=6/7 deltaMs=0 totalMs=7
2026-09-06T21:14:53.2307198+08:00 pid=67232 tid=1 format-conversion-plan-perf stage=target-added source=mathTypeOle index=6/7 deltaMs=5 totalMs=12
2026-09-06T21:14:53.2317715+08:00 pid=67232 tid=1 format-conversion-plan-perf stage=shape-access source=mathTypeOle index=7/7 deltaMs=0 totalMs=0
2026-09-06T21:14:53.2322836+08:00 pid=67232 tid=1 format-conversion-plan-perf stage=identify-mathtype source=mathTypeOle index=7/7 deltaMs=0 totalMs=0
2026-09-06T21:14:53.2359189+08:00 pid=67232 tid=1 format-conversion-plan-perf stage=read-mathml-bulk source=mathTypeOle index=7/7 deltaMs=4 totalMs=4
2026-09-06T21:14:53.2379191+08:00 pid=67232 tid=1 format-conversion-plan-perf stage=read-metadata source=mathTypeOle index=7/7 deltaMs=2 totalMs=6
2026-09-06T21:14:53.2389180+08:00 pid=67232 tid=1 format-conversion-plan-perf stage=number-position source=mathTypeOle index=7/7 deltaMs=1 totalMs=7
2026-09-06T21:14:53.2389180+08:00 pid=67232 tid=1 format-conversion-plan-perf stage=shape-range source=mathTypeOle index=7/7 deltaMs=0 totalMs=7
2026-09-06T21:14:53.2439179+08:00 pid=67232 tid=1 format-conversion-plan-perf stage=target-added source=mathTypeOle index=7/7 deltaMs=5 totalMs=12
2026-09-06T21:14:53.2449181+08:00 pid=67232 tid=1 format-conversion-plan sourceMode=mathTypeOle targetMode=nativeOle targets=7
2026-09-06T21:14:56.8693778+08:00 pid=67232 tid=1 bulk-import converter-create display=block mode=nativeOle latex=a^{2}+b^{2}=c^{2}
2026-09-06T21:14:56.8743779+08:00 pid=67232 tid=21 bulk-import converter-created sessionId=83743f36-130e-4948-9700-199b1cfacf88
2026-09-06T21:14:56.8753805+08:00 pid=67232 tid=21 bulk-import converter-create display=inline mode=nativeOle latex=\sqrt{E-u(x)}=\frac{1}{f(\omega )v_{ph}(\omega ,x)}
2026-09-06T21:14:56.8793781+08:00 pid=67232 tid=21 bulk-import converter-created sessionId=851699e2-21d8-4f11-afdb-9e859b733217
2026-09-06T21:14:56.8793781+08:00 pid=67232 tid=21 bulk-import converter-create display=block mode=nativeOle latex=\left\{ \begin{matrix}\frac{\mathrm{d}}{\mathrm{d}\omega }(\omega f(\omega ))=0 \\ \frac{\omega f(\omega )}{2}\frac{\mathrm{d}E(\omega )}{\mathrm{d}\omega }=\sqrt{\frac{m}{2}}\end{matrix}\right.
2026-09-06T21:14:56.8846017+08:00 pid=67232 tid=21 bulk-import converter-created sessionId=c648ae17-c512-4b38-9022-18907e73250f
2026-09-06T21:14:56.8846017+08:00 pid=67232 tid=21 bulk-import converter-create display=block mode=nativeOle latex=F=ma
2026-09-06T21:14:56.8886027+08:00 pid=67232 tid=21 bulk-import converter-created sessionId=5cec03e2-b8b8-433e-beae-62830333961a
2026-09-06T21:14:56.8886027+08:00 pid=67232 tid=21 bulk-import converter-create display=block mode=nativeOle latex=i\hbar \frac{\partial }{\partial t}\psi (\mathbf{r},t)=[-\frac{\hbar^{2}}{2m}\nabla^{2}+V(\mathbf{r},t)]\psi (\mathbf{r},t)
2026-09-06T21:14:56.8926038+08:00 pid=67232 tid=21 bulk-import converter-created sessionId=32bfb2fe-44ec-4d7b-8f23-d23f7bd23545
2026-09-06T21:14:56.8926038+08:00 pid=67232 tid=21 bulk-import converter-create display=block mode=nativeOle latex=\frac{\partial }{\partial t}\psi^{\ast}(\vec{r})\psi (\vec{r})=\frac{i\hbar }{2m}\nabla \cdot [\psi^{\ast}(\vec{r})\nabla \psi (\vec{r})-\psi (\vec{r})\nabla \psi^{\ast}(r)]
2026-09-06T21:14:56.8966011+08:00 pid=67232 tid=21 bulk-import converter-created sessionId=344ac28c-e1b9-4d43-aa72-aeb86790918d
2026-09-06T21:14:56.8966011+08:00 pid=67232 tid=21 bulk-import converter-create display=block mode=nativeOle latex=\frac{\partial }{\partial t}\rho (\vec{r},t)+\nabla \cdot \vec{j}=0
2026-09-06T21:14:56.9006033+08:00 pid=67232 tid=21 bulk-import converter-created sessionId=ae312049-4764-457e-b089-63a10d1a5259
2026-09-06T21:14:56.9016028+08:00 pid=67232 tid=21 format-conversion-render-start sourceMode=mathTypeOle targetMode=nativeOle sessions=7
2026-09-06T21:14:57.0446638+08:00 pid=67232 tid=21 format-conversion-rendered sourceMode=mathTypeOle targetMode=nativeOle sessionId=83743f36-130e-4948-9700-199b1cfacf88 status=committing
2026-09-06T21:14:57.1515696+08:00 pid=67232 tid=11 format-conversion-rendered sourceMode=mathTypeOle targetMode=nativeOle sessionId=851699e2-21d8-4f11-afdb-9e859b733217 status=committing
2026-09-06T21:14:57.2647954+08:00 pid=67232 tid=21 format-conversion-rendered sourceMode=mathTypeOle targetMode=nativeOle sessionId=c648ae17-c512-4b38-9022-18907e73250f status=committing
2026-09-06T21:14:57.3590790+08:00 pid=67232 tid=11 format-conversion-rendered sourceMode=mathTypeOle targetMode=nativeOle sessionId=5cec03e2-b8b8-433e-beae-62830333961a status=committing
2026-09-06T21:14:57.4687740+08:00 pid=67232 tid=21 format-conversion-rendered sourceMode=mathTypeOle targetMode=nativeOle sessionId=32bfb2fe-44ec-4d7b-8f23-d23f7bd23545 status=committing
2026-09-06T21:14:57.5825758+08:00 pid=67232 tid=11 format-conversion-rendered sourceMode=mathTypeOle targetMode=nativeOle sessionId=344ac28c-e1b9-4d43-aa72-aeb86790918d status=committing
2026-09-06T21:14:57.6845731+08:00 pid=67232 tid=21 format-conversion-rendered sourceMode=mathTypeOle targetMode=nativeOle sessionId=ae312049-4764-457e-b089-63a10d1a5259 status=committing
2026-09-06T21:14:57.6845731+08:00 pid=67232 tid=21 format-conversion-word-apply-start sourceMode=mathTypeOle targetMode=nativeOle targets=7
2026-09-06T21:14:57.7448696+08:00 pid=67232 tid=1 format-conversion-mathtype-visualtex-atomic-buffer-created
2026-09-06T21:14:57.7448696+08:00 pid=67232 tid=1 format-conversion-runtime assembly=C:\Users\pojian_liao\AppData\Local\VisualTeX\office\remediation-builds\55F87EA2A4B02F33A386CFFEAF03DA97096FC3A716A6E56CB3F3EC4DA7E1AFA1\VisualTeX.WordVsto.dll source=mathTypeOle target=nativeOle targetIsVisualTeX=True targetIsMathType=False
2026-09-06T21:14:57.7508724+08:00 pid=67232 tid=1 format-conversion-reference-aliases-captured sourceMode=mathTypeOle formulaId=a61681af-8a89-4e1d-a3cc-7c3d3ef53b3d aliases=VTEqNum_f587c633ce054b7da6e1629c0d1eb418
2026-09-06T21:14:57.7628793+08:00 pid=67232 tid=1 format-conversion-reference-aliases-captured sourceMode=mathTypeOle formulaId=68d11dbc-ccdc-4bcc-b727-dfda3ac5c15e aliases=VTEqNum_5826ff41013246e9899397642ca91acf
2026-09-06T21:15:00.5671786+08:00 pid=67232 tid=1 word-undo-begin name=VisualTeX Convert Formula Format recording=False level=0
2026-09-06T21:15:00.5671786+08:00 pid=67232 tid=1 word-undo-started name=VisualTeX Convert Formula Format recording=True level=1
2026-09-06T21:15:00.5681778+08:00 pid=67232 tid=1 format-conversion-undo-state stage=before-preferences document=文档20 recording=True level=1
2026-09-06T21:15:00.5681778+08:00 pid=67232 tid=1 format-conversion-transaction-start targets=7
2026-09-06T21:15:00.5681778+08:00 pid=67232 tid=1 format-conversion-undo-state stage=after-preferences document=文档20 recording=True level=1
2026-09-06T21:15:00.5691803+08:00 pid=67232 tid=1 format-conversion-mathtype-source-identity-bound formulaId=8fd95cfc-09b4-4443-b14d-b649a1969bfc bookmark=VTFCI_68cfe01451c54e85b2c3ef84a82e98b2 range=1603:1629
2026-09-06T21:15:00.5701782+08:00 pid=67232 tid=1 format-conversion-undo-state stage=before-source-delete document=文档20 recording=True level=1
2026-09-06T21:15:00.5771790+08:00 pid=67232 tid=1 format-conversion-mathtype-visualtex-paragraph-atomically-replaced formulaId=8fd95cfc-09b4-4443-b14d-b649a1969bfc bookmark=VTFCI_68cfe01451c54e85b2c3ef84a82e98b2 range=1602:1837 start=1602
2026-09-06T21:15:00.5771790+08:00 pid=67232 tid=1 format-conversion-perf stage=delete-source-host formulaId=8fd95cfc-09b4-4443-b14d-b649a1969bfc numbered=True deltaMs=8 totalMs=8
2026-09-06T21:15:00.5781767+08:00 pid=67232 tid=1 format-conversion-undo-state stage=after-source-delete document=文档20 recording=True level=1
2026-09-06T21:15:00.5781767+08:00 pid=67232 tid=1 format-conversion-forward-source-check stage=delete-source formulaId=8fd95cfc-09b4-4443-b14d-b649a1969bfc bookmarkMissing=True present=False
2026-09-06T21:15:00.5811790+08:00 pid=67232 tid=1 word-undo-begin name=VisualTeX Insert Native OLE Display Formula recording=True level=1
2026-09-06T21:15:00.6500103+08:00 pid=67232 tid=1 format-conversion-perf stage=insert-target formulaId=8fd95cfc-09b4-4443-b14d-b649a1969bfc numbered=True deltaMs=73 totalMs=81
2026-09-06T21:15:00.6510109+08:00 pid=67232 tid=1 format-conversion-undo-state stage=after-target-insert document=文档20 recording=True level=1
2026-09-06T21:15:00.6510109+08:00 pid=67232 tid=1 format-conversion-forward-source-check stage=insert-target formulaId=8fd95cfc-09b4-4443-b14d-b649a1969bfc bookmarkMissing=True present=False
2026-09-06T21:15:00.6540082+08:00 pid=67232 tid=1 format-conversion-bookmarked-visualtex-target-stable sourceFormulaId=8fd95cfc-09b4-4443-b14d-b649a1969bfc formulaId=8a731e40-2b9d-4ec9-9550-0cefc83889fd localAnchorRepair=False elapsedMs=2
2026-09-06T21:15:00.6540082+08:00 pid=67232 tid=1 format-conversion-forward-source-check stage=post-transaction formulaId=8fd95cfc-09b4-4443-b14d-b649a1969bfc bookmarkMissing=True present=False
2026-09-06T21:15:00.6550087+08:00 pid=67232 tid=1 format-conversion-perf stage=verify-target formulaId=8fd95cfc-09b4-4443-b14d-b649a1969bfc numbered=True deltaMs=4 totalMs=85
2026-09-06T21:15:00.6640086+08:00 pid=67232 tid=1 format-conversion-mathtype-source-identity-bound formulaId=107905ef-a767-45c2-aa09-6dfe1662cee9 bookmark=VTFCI_12d757f9d0f344d3b2c5a9feaed6505c range=1349:1375
2026-09-06T21:15:00.6640086+08:00 pid=67232 tid=1 format-conversion-undo-state stage=before-source-delete document=文档20 recording=True level=1
2026-09-06T21:15:00.6680121+08:00 pid=67232 tid=1 format-conversion-mathtype-visualtex-paragraph-atomically-replaced formulaId=107905ef-a767-45c2-aa09-6dfe1662cee9 bookmark=VTFCI_12d757f9d0f344d3b2c5a9feaed6505c range=1348:1583 start=1348
2026-09-06T21:15:00.6690102+08:00 pid=67232 tid=1 format-conversion-perf stage=delete-source-host formulaId=107905ef-a767-45c2-aa09-6dfe1662cee9 numbered=True deltaMs=13 totalMs=13
2026-09-06T21:15:00.6690102+08:00 pid=67232 tid=1 format-conversion-undo-state stage=after-source-delete document=文档20 recording=True level=1
2026-09-06T21:15:00.6690102+08:00 pid=67232 tid=1 format-conversion-forward-source-check stage=delete-source formulaId=107905ef-a767-45c2-aa09-6dfe1662cee9 bookmarkMissing=True present=False
2026-09-06T21:15:00.6700121+08:00 pid=67232 tid=1 word-undo-begin name=VisualTeX Insert Native OLE Display Formula recording=True level=1
2026-09-06T21:15:00.7176009+08:00 pid=67232 tid=1 format-conversion-perf stage=insert-target formulaId=107905ef-a767-45c2-aa09-6dfe1662cee9 numbered=True deltaMs=49 totalMs=62
2026-09-06T21:15:00.7176009+08:00 pid=67232 tid=1 format-conversion-undo-state stage=after-target-insert document=文档20 recording=True level=1
2026-09-06T21:15:00.7176009+08:00 pid=67232 tid=1 format-conversion-forward-source-check stage=insert-target formulaId=107905ef-a767-45c2-aa09-6dfe1662cee9 bookmarkMissing=True present=False
2026-09-06T21:15:00.7185990+08:00 pid=67232 tid=1 format-conversion-bookmarked-visualtex-target-stable sourceFormulaId=107905ef-a767-45c2-aa09-6dfe1662cee9 formulaId=7893c628-84e6-4ab6-a17f-477978397efe localAnchorRepair=False elapsedMs=0
2026-09-06T21:15:00.7185990+08:00 pid=67232 tid=1 format-conversion-forward-source-check stage=post-transaction formulaId=107905ef-a767-45c2-aa09-6dfe1662cee9 bookmarkMissing=True present=False
2026-09-06T21:15:00.7185990+08:00 pid=67232 tid=1 format-conversion-perf stage=verify-target formulaId=107905ef-a767-45c2-aa09-6dfe1662cee9 numbered=True deltaMs=1 totalMs=63
2026-09-06T21:15:00.7285991+08:00 pid=67232 tid=1 format-conversion-mathtype-source-identity-bound formulaId=6250b5ce-3c9d-4021-bd8a-6318cd0321d4 bookmark=VTFCI_821b05feebef41ec829454c18f5c19fd range=1105:1131
2026-09-06T21:15:00.7296008+08:00 pid=67232 tid=1 format-conversion-undo-state stage=before-source-delete document=文档20 recording=True level=1
2026-09-06T21:15:00.7335989+08:00 pid=67232 tid=1 format-conversion-mathtype-visualtex-paragraph-atomically-replaced formulaId=6250b5ce-3c9d-4021-bd8a-6318cd0321d4 bookmark=VTFCI_821b05feebef41ec829454c18f5c19fd range=1104:1339 start=1104
2026-09-06T21:15:00.7335989+08:00 pid=67232 tid=1 format-conversion-perf stage=delete-source-host formulaId=6250b5ce-3c9d-4021-bd8a-6318cd0321d4 numbered=True deltaMs=14 totalMs=14
2026-09-06T21:15:00.7335989+08:00 pid=67232 tid=1 format-conversion-undo-state stage=after-source-delete document=文档20 recording=True level=1
2026-09-06T21:15:00.7335989+08:00 pid=67232 tid=1 format-conversion-forward-source-check stage=delete-source formulaId=6250b5ce-3c9d-4021-bd8a-6318cd0321d4 bookmarkMissing=True present=False
2026-09-06T21:15:00.7346022+08:00 pid=67232 tid=1 word-undo-begin name=VisualTeX Insert Native OLE Display Formula recording=True level=1
2026-09-06T21:15:00.7816011+08:00 pid=67232 tid=1 format-conversion-perf stage=insert-target formulaId=6250b5ce-3c9d-4021-bd8a-6318cd0321d4 numbered=True deltaMs=49 totalMs=63
2026-09-06T21:15:00.7816011+08:00 pid=67232 tid=1 format-conversion-undo-state stage=after-target-insert document=文档20 recording=True level=1
2026-09-06T21:15:00.7825995+08:00 pid=67232 tid=1 format-conversion-forward-source-check stage=insert-target formulaId=6250b5ce-3c9d-4021-bd8a-6318cd0321d4 bookmarkMissing=True present=False
2026-09-06T21:15:00.7825995+08:00 pid=67232 tid=1 format-conversion-bookmarked-visualtex-target-stable sourceFormulaId=6250b5ce-3c9d-4021-bd8a-6318cd0321d4 formulaId=8f6c746b-7d07-4313-a3ac-835715de141d localAnchorRepair=False elapsedMs=0
2026-09-06T21:15:00.7825995+08:00 pid=67232 tid=1 format-conversion-forward-source-check stage=post-transaction formulaId=6250b5ce-3c9d-4021-bd8a-6318cd0321d4 bookmarkMissing=True present=False
2026-09-06T21:15:00.7836052+08:00 pid=67232 tid=1 format-conversion-perf stage=verify-target formulaId=6250b5ce-3c9d-4021-bd8a-6318cd0321d4 numbered=True deltaMs=1 totalMs=64
2026-09-06T21:15:00.7925985+08:00 pid=67232 tid=1 format-conversion-mathtype-source-identity-bound formulaId=68d11dbc-ccdc-4bcc-b727-dfda3ac5c15e bookmark=VTFCI_0af135e37d144e8c94b39f97c08ce470 range=684:710
2026-09-06T21:15:00.7935993+08:00 pid=67232 tid=1 format-conversion-undo-state stage=before-source-delete document=文档20 recording=True level=1
2026-09-06T21:15:00.7976009+08:00 pid=67232 tid=1 format-conversion-mathtype-visualtex-paragraph-atomically-replaced formulaId=68d11dbc-ccdc-4bcc-b727-dfda3ac5c15e bookmark=VTFCI_0af135e37d144e8c94b39f97c08ce470 range=683:918 start=683
2026-09-06T21:15:00.7976009+08:00 pid=67232 tid=1 format-conversion-perf stage=delete-source-host formulaId=68d11dbc-ccdc-4bcc-b727-dfda3ac5c15e numbered=True deltaMs=14 totalMs=14
2026-09-06T21:15:00.7976009+08:00 pid=67232 tid=1 format-conversion-undo-state stage=after-source-delete document=文档20 recording=True level=1
2026-09-06T21:15:00.7976009+08:00 pid=67232 tid=1 format-conversion-forward-source-check stage=delete-source formulaId=68d11dbc-ccdc-4bcc-b727-dfda3ac5c15e bookmarkMissing=True present=False
2026-09-06T21:15:00.7986015+08:00 pid=67232 tid=1 word-undo-begin name=VisualTeX Insert Native OLE Display Formula recording=True level=1
2026-09-06T21:15:00.8420551+08:00 pid=67232 tid=1 format-conversion-perf stage=insert-target formulaId=68d11dbc-ccdc-4bcc-b727-dfda3ac5c15e numbered=True deltaMs=44 totalMs=58
2026-09-06T21:15:00.8430551+08:00 pid=67232 tid=1 format-conversion-undo-state stage=after-target-insert document=文档20 recording=True level=1
2026-09-06T21:15:00.8430551+08:00 pid=67232 tid=1 format-conversion-forward-source-check stage=insert-target formulaId=68d11dbc-ccdc-4bcc-b727-dfda3ac5c15e bookmarkMissing=True present=False
2026-09-06T21:15:00.8430551+08:00 pid=67232 tid=1 format-conversion-bookmarked-visualtex-target-stable sourceFormulaId=68d11dbc-ccdc-4bcc-b727-dfda3ac5c15e formulaId=8c31cb1f-adf5-42df-a719-2289d59f9e8a localAnchorRepair=False elapsedMs=0
2026-09-06T21:15:00.8440551+08:00 pid=67232 tid=1 format-conversion-forward-source-check stage=post-transaction formulaId=68d11dbc-ccdc-4bcc-b727-dfda3ac5c15e bookmarkMissing=True present=False
2026-09-06T21:15:00.8440551+08:00 pid=67232 tid=1 format-conversion-perf stage=verify-target formulaId=68d11dbc-ccdc-4bcc-b727-dfda3ac5c15e numbered=True deltaMs=2 totalMs=60
2026-09-06T21:15:00.8552799+08:00 pid=67232 tid=1 format-conversion-mathtype-source-identity-bound formulaId=0da032e3-47aa-4b5f-acb0-b95068c35a2c bookmark=VTFCI_73b1fd6b00e0404694b9e5a45457e951 range=448:474
2026-09-06T21:15:00.8552799+08:00 pid=67232 tid=1 format-conversion-undo-state stage=before-source-delete document=文档20 recording=True level=1
2026-09-06T21:15:00.8592796+08:00 pid=67232 tid=1 format-conversion-mathtype-visualtex-paragraph-atomically-replaced formulaId=0da032e3-47aa-4b5f-acb0-b95068c35a2c bookmark=VTFCI_73b1fd6b00e0404694b9e5a45457e951 range=447:682 start=447
2026-09-06T21:15:00.8602791+08:00 pid=67232 tid=1 format-conversion-perf stage=delete-source-host formulaId=0da032e3-47aa-4b5f-acb0-b95068c35a2c numbered=True deltaMs=15 totalMs=15
2026-09-06T21:15:00.8602791+08:00 pid=67232 tid=1 format-conversion-undo-state stage=after-source-delete document=文档20 recording=True level=1
2026-09-06T21:15:00.8602791+08:00 pid=67232 tid=1 format-conversion-forward-source-check stage=delete-source formulaId=0da032e3-47aa-4b5f-acb0-b95068c35a2c bookmarkMissing=True present=False
2026-09-06T21:15:00.8612793+08:00 pid=67232 tid=1 word-undo-begin name=VisualTeX Insert Native OLE Display Formula recording=True level=1
2026-09-06T21:15:00.9100813+08:00 pid=67232 tid=1 format-conversion-perf stage=insert-target formulaId=0da032e3-47aa-4b5f-acb0-b95068c35a2c numbered=True deltaMs=51 totalMs=66
2026-09-06T21:15:00.9110813+08:00 pid=67232 tid=1 format-conversion-undo-state stage=after-target-insert document=文档20 recording=True level=1
2026-09-06T21:15:00.9110813+08:00 pid=67232 tid=1 format-conversion-forward-source-check stage=insert-target formulaId=0da032e3-47aa-4b5f-acb0-b95068c35a2c bookmarkMissing=True present=False
2026-09-06T21:15:00.9110813+08:00 pid=67232 tid=1 format-conversion-bookmarked-visualtex-target-stable sourceFormulaId=0da032e3-47aa-4b5f-acb0-b95068c35a2c formulaId=42d35b3a-61bb-4f39-bd28-c8e28bec1fec localAnchorRepair=False elapsedMs=0
2026-09-06T21:15:00.9120811+08:00 pid=67232 tid=1 format-conversion-forward-source-check stage=post-transaction formulaId=0da032e3-47aa-4b5f-acb0-b95068c35a2c bookmarkMissing=True present=False
2026-09-06T21:15:00.9120811+08:00 pid=67232 tid=1 format-conversion-perf stage=verify-target formulaId=0da032e3-47aa-4b5f-acb0-b95068c35a2c numbered=True deltaMs=1 totalMs=67
2026-09-06T21:15:00.9220496+08:00 pid=67232 tid=1 format-conversion-mathtype-source-identity-bound formulaId=b927a41a-4a77-4c28-80b5-43045a547967 bookmark=VTFCI_95db4e5314d04b6f958f6b4252481c2d range=419:445
2026-09-06T21:15:00.9220496+08:00 pid=67232 tid=1 format-conversion-undo-state stage=before-source-delete document=文档20 recording=True level=1
2026-09-06T21:15:00.9310494+08:00 pid=67232 tid=1 format-conversion-perf stage=delete-source-host formulaId=b927a41a-4a77-4c28-80b5-43045a547967 numbered=False deltaMs=18 totalMs=18
2026-09-06T21:15:00.9310494+08:00 pid=67232 tid=1 format-conversion-undo-state stage=after-source-delete document=文档20 recording=True level=1
2026-09-06T21:15:00.9320509+08:00 pid=67232 tid=1 format-conversion-forward-source-check stage=delete-source formulaId=b927a41a-4a77-4c28-80b5-43045a547967 bookmarkMissing=True present=False
2026-09-06T21:15:00.9320509+08:00 pid=67232 tid=1 word-undo-begin name=VisualTeX Insert Native OLE Inline Formula recording=True level=1
2026-09-06T21:15:00.9897402+08:00 pid=67232 tid=1 format-conversion-perf stage=insert-target formulaId=b927a41a-4a77-4c28-80b5-43045a547967 numbered=False deltaMs=59 totalMs=77
2026-09-06T21:15:00.9897402+08:00 pid=67232 tid=1 format-conversion-undo-state stage=after-target-insert document=文档20 recording=True level=1
2026-09-06T21:15:00.9907407+08:00 pid=67232 tid=1 format-conversion-forward-source-check stage=insert-target formulaId=b927a41a-4a77-4c28-80b5-43045a547967 bookmarkMissing=True present=False
2026-09-06T21:15:00.9917397+08:00 pid=67232 tid=1 format-conversion-bookmarked-visualtex-target-stable sourceFormulaId=b927a41a-4a77-4c28-80b5-43045a547967 formulaId=68f8b9a7-5b76-496f-afb8-50fdad3b44f6 localAnchorRepair=False elapsedMs=0
2026-09-06T21:15:00.9917397+08:00 pid=67232 tid=1 format-conversion-forward-source-check stage=post-transaction formulaId=b927a41a-4a77-4c28-80b5-43045a547967 bookmarkMissing=True present=False
2026-09-06T21:15:00.9917397+08:00 pid=67232 tid=1 format-conversion-perf stage=verify-target formulaId=b927a41a-4a77-4c28-80b5-43045a547967 numbered=False deltaMs=2 totalMs=79
2026-09-06T21:15:01.0027486+08:00 pid=67232 tid=1 format-conversion-mathtype-source-identity-bound formulaId=a61681af-8a89-4e1d-a3cc-7c3d3ef53b3d bookmark=VTFCI_b7a3e6e349504ab8b0739c674c456081 range=1:27
2026-09-06T21:15:01.0037494+08:00 pid=67232 tid=1 format-conversion-undo-state stage=before-source-delete document=文档20 recording=True level=1
2026-09-06T21:15:01.0077483+08:00 pid=67232 tid=1 format-conversion-mathtype-visualtex-paragraph-atomically-replaced formulaId=a61681af-8a89-4e1d-a3cc-7c3d3ef53b3d bookmark=VTFCI_b7a3e6e349504ab8b0739c674c456081 range=0:235 start=0
2026-09-06T21:15:01.0087484+08:00 pid=67232 tid=1 format-conversion-perf stage=delete-source-host formulaId=a61681af-8a89-4e1d-a3cc-7c3d3ef53b3d numbered=True deltaMs=16 totalMs=16
2026-09-06T21:15:01.0087484+08:00 pid=67232 tid=1 format-conversion-undo-state stage=after-source-delete document=文档20 recording=True level=1
2026-09-06T21:15:01.0087484+08:00 pid=67232 tid=1 format-conversion-forward-source-check stage=delete-source formulaId=a61681af-8a89-4e1d-a3cc-7c3d3ef53b3d bookmarkMissing=True present=False
2026-09-06T21:15:01.0097483+08:00 pid=67232 tid=1 word-undo-begin name=VisualTeX Insert Native OLE Display Formula recording=True level=1
2026-09-06T21:15:01.0555222+08:00 pid=67232 tid=1 format-conversion-perf stage=insert-target formulaId=a61681af-8a89-4e1d-a3cc-7c3d3ef53b3d numbered=True deltaMs=47 totalMs=63
2026-09-06T21:15:01.0555222+08:00 pid=67232 tid=1 format-conversion-undo-state stage=after-target-insert document=文档20 recording=True level=1
2026-09-06T21:15:01.0555222+08:00 pid=67232 tid=1 format-conversion-forward-source-check stage=insert-target formulaId=a61681af-8a89-4e1d-a3cc-7c3d3ef53b3d bookmarkMissing=True present=False
2026-09-06T21:15:01.0565199+08:00 pid=67232 tid=1 format-conversion-bookmarked-visualtex-target-stable sourceFormulaId=a61681af-8a89-4e1d-a3cc-7c3d3ef53b3d formulaId=f070e202-381a-475f-8028-47c2c6508225 localAnchorRepair=False elapsedMs=0
2026-09-06T21:15:01.0565199+08:00 pid=67232 tid=1 format-conversion-forward-source-check stage=post-transaction formulaId=a61681af-8a89-4e1d-a3cc-7c3d3ef53b3d bookmarkMissing=True present=False
2026-09-06T21:15:01.0565199+08:00 pid=67232 tid=1 format-conversion-perf stage=verify-target formulaId=a61681af-8a89-4e1d-a3cc-7c3d3ef53b3d numbered=True deltaMs=1 totalMs=64
2026-09-06T21:15:01.3056972+08:00 pid=67232 tid=1 format-conversion-finalize-perf stage=source-residual-check sourceMode=mathTypeOle targetMode=nativeOle deltaMs=248 totalMs=248
2026-09-06T21:15:01.3066965+08:00 pid=67232 tid=1 format-conversion-finalize-perf stage=target-count-check sourceMode=mathTypeOle targetMode=nativeOle deltaMs=2 totalMs=250
2026-09-06T21:15:01.3116953+08:00 pid=67232 tid=1 format-conversion-visualtex-numbering-inventory formulaId=f070e202-381a-475f-8028-47c2c6508225 range=0:34 paragraph=0:35 numbered=True
2026-09-06T21:15:01.3126965+08:00 pid=67232 tid=1 format-conversion-visualtex-numbering-inventory formulaId=68f8b9a7-5b76-496f-afb8-50fdad3b44f6 range=219:253 paragraph=207:255 numbered=False
2026-09-06T21:15:01.3136948+08:00 pid=67232 tid=1 format-conversion-visualtex-numbering-inventory formulaId=42d35b3a-61bb-4f39-bd28-c8e28bec1fec range=256:290 paragraph=256:291 numbered=True
2026-09-06T21:15:01.3136948+08:00 pid=67232 tid=1 format-conversion-visualtex-numbering-inventory formulaId=8c31cb1f-adf5-42df-a719-2289d59f9e8a range=292:326 paragraph=292:327 numbered=True
2026-09-06T21:15:01.3146952+08:00 pid=67232 tid=1 format-conversion-visualtex-numbering-inventory formulaId=8f6c746b-7d07-4313-a3ac-835715de141d range=513:547 paragraph=513:548 numbered=True
2026-09-06T21:15:01.3156948+08:00 pid=67232 tid=1 format-conversion-visualtex-numbering-inventory formulaId=7893c628-84e6-4ab6-a17f-477978397efe range=557:591 paragraph=557:592 numbered=True
2026-09-06T21:15:01.3166970+08:00 pid=67232 tid=1 format-conversion-visualtex-numbering-inventory formulaId=8a731e40-2b9d-4ec9-9550-0cefc83889fd range=611:645 paragraph=611:646 numbered=True
2026-09-06T21:15:01.3206956+08:00 pid=67232 tid=1 format-conversion-visualtex-numbering-before-scaffold formulaId=8a731e40-2b9d-4ec9-9550-0cefc83889fd frozenRange=visualtex-word-vsto-range:611:645 liveRange=611:645 paragraph=611:646
2026-09-06T21:15:01.4163051+08:00 pid=67232 tid=1 format-conversion-visualtex-numbering-before-scaffold formulaId=7893c628-84e6-4ab6-a17f-477978397efe frozenRange=visualtex-word-vsto-range:557:591 liveRange=557:591 paragraph=557:592
2026-09-06T21:15:01.5193719+08:00 pid=67232 tid=1 format-conversion-visualtex-numbering-before-scaffold formulaId=8f6c746b-7d07-4313-a3ac-835715de141d frozenRange=visualtex-word-vsto-range:513:547 liveRange=513:547 paragraph=513:548
2026-09-06T21:15:01.6281663+08:00 pid=67232 tid=1 format-conversion-visualtex-numbering-before-scaffold formulaId=8c31cb1f-adf5-42df-a719-2289d59f9e8a frozenRange=visualtex-word-vsto-range:292:326 liveRange=292:326 paragraph=292:327
2026-09-06T21:15:01.7537690+08:00 pid=67232 tid=1 format-conversion-visualtex-numbering-before-scaffold formulaId=42d35b3a-61bb-4f39-bd28-c8e28bec1fec frozenRange=visualtex-word-vsto-range:256:290 liveRange=256:290 paragraph=256:291
2026-09-06T21:15:01.8737680+08:00 pid=67232 tid=1 format-conversion-visualtex-numbering-before-scaffold formulaId=68f8b9a7-5b76-496f-afb8-50fdad3b44f6 frozenRange=visualtex-word-vsto-range:219:253 liveRange=219:253 paragraph=207:255
2026-09-06T21:15:01.8767678+08:00 pid=67232 tid=1 format-conversion-visualtex-numbering-before-scaffold formulaId=f070e202-381a-475f-8028-47c2c6508225 frozenRange=visualtex-word-vsto-range:0:34 liveRange=0:34 paragraph=0:35
2026-09-06T21:15:02.6320644+08:00 pid=67232 tid=1 format-conversion-numbering-visualtex-batch built=6 finalized=6
2026-09-06T21:15:02.6820667+08:00 pid=67232 tid=1 format-conversion-reference-aliases-restored sourceMode=mathTypeOle targetMode=nativeOle aliases=2 refreshedReferences=2 restoredFormatting=2
2026-09-06T21:15:02.7030669+08:00 pid=67232 tid=1 format-conversion-finalize-perf stage=numbering-reconcile sourceMode=mathTypeOle targetMode=nativeOle deltaMs=1396 totalMs=1646
2026-09-06T21:15:02.7185839+08:00 pid=67232 tid=1 format-conversion-finalize-perf stage=omml-fingerprint-refresh sourceMode=mathTypeOle targetMode=nativeOle deltaMs=15 totalMs=1661
2026-09-06T21:15:02.9830720+08:00 pid=67232 tid=1 format-conversion-transaction-completed targets=7
2026-09-06T21:15:03.0796956+08:00 pid=67232 tid=8 format-conversion-word-apply-finished sourceMode=mathTypeOle targetMode=nativeOle converted=7 failed=0
2026-09-06T21:15:03.0796956+08:00 pid=67232 tid=8 format-conversion-session-cleanup-start sessions=7
2026-09-06T21:15:03.0836970+08:00 pid=67232 tid=8 format-conversion-complete source=MathType target=VisualTeX converted=7 failed=0
2026-09-06T21:15:03.0866961+08:00 pid=67232 tid=21 format-conversion-session-cleanup-complete sessions=7
2026-09-06T21:15:19.0649423+08:00 pid=67232 tid=21 ribbon-session-operation-released sessionId=e6542a51-7830-4799-9b83-c8b83e438526
2026-09-06T21:15:34.7056063+08:00 pid=67232 tid=12 left-down x=1776 y=1270 wordForeground=False
2026-09-06T21:15:38.1353887+08:00 pid=67232 tid=1 word-undo-begin name=VisualTeX Convert or Update Native OLE Formula recording=False level=0
2026-09-06T21:15:38.1363885+08:00 pid=67232 tid=1 word-undo-started name=VisualTeX Convert or Update Native OLE Formula recording=True level=1
2026-09-06T21:15:38.1363885+08:00 pid=67232 tid=1 format-conversion-subperf [perf] ReplaceOle.locate-target: +1ms (1ms total)
2026-09-06T21:15:38.1513894+08:00 pid=67232 tid=1 format-conversion-subperf [perf] ReplaceOle.update-native-object: +14ms (15ms total)
2026-09-06T21:15:38.1723887+08:00 pid=67232 tid=1 format-conversion-subperf [perf] ReplaceOle.configure: +22ms (37ms total)
2026-09-06T21:15:38.3363333+08:00 pid=67232 tid=1 format-conversion-subperf [perf] ReplaceOle.reconcile: +163ms (200ms total)
2026-09-06T21:15:38.3363333+08:00 pid=67232 tid=1 format-conversion-subperf [perf] ReplaceOle.selection: +1ms (201ms total)
2026-09-06T21:15:38.3453332+08:00 pid=67232 tid=1 word-undo-end recording=True level=1
2026-09-06T21:15:38.3503335+08:00 pid=67232 tid=10 ribbon-session-operation-released sessionId=43180a57-8697-438c-893c-eca837f140d7
2026-09-06T21:15:44.0093400+08:00 pid=67232 tid=1 format-conversion-start sourceMode=nativeOle targetMode=wordOmml wholeDocument=True
2026-09-06T21:15:44.0169720+08:00 pid=67232 tid=1 format-conversion-plan-perf stage=shape-access source=nativeOle index=1/7 deltaMs=0 totalMs=0
2026-09-06T21:15:44.0179718+08:00 pid=67232 tid=1 format-conversion-plan-perf stage=shape-range source=nativeOle index=1/7 deltaMs=1 totalMs=1
2026-09-06T21:15:44.0249716+08:00 pid=67232 tid=1 format-conversion-plan-perf stage=target-added source=nativeOle index=1/7 deltaMs=6 totalMs=7
2026-09-06T21:15:44.0259717+08:00 pid=67232 tid=1 format-conversion-plan-perf stage=shape-access source=nativeOle index=2/7 deltaMs=0 totalMs=0
2026-09-06T21:15:44.0269720+08:00 pid=67232 tid=1 format-conversion-plan-perf stage=shape-range source=nativeOle index=2/7 deltaMs=0 totalMs=0
2026-09-06T21:15:44.0303485+08:00 pid=67232 tid=1 format-conversion-plan-perf stage=target-added source=nativeOle index=2/7 deltaMs=4 totalMs=4
2026-09-06T21:15:44.0314045+08:00 pid=67232 tid=1 format-conversion-plan-perf stage=shape-access source=nativeOle index=3/7 deltaMs=0 totalMs=0
2026-09-06T21:15:44.0324513+08:00 pid=67232 tid=1 format-conversion-plan-perf stage=shape-range source=nativeOle index=3/7 deltaMs=0 totalMs=0
2026-09-06T21:15:44.0403942+08:00 pid=67232 tid=1 format-conversion-plan-perf stage=target-added source=nativeOle index=3/7 deltaMs=8 totalMs=8
2026-09-06T21:15:44.0409267+08:00 pid=67232 tid=1 format-conversion-plan-perf stage=shape-access source=nativeOle index=4/7 deltaMs=0 totalMs=0
2026-09-06T21:15:44.0409267+08:00 pid=67232 tid=1 format-conversion-plan-perf stage=shape-range source=nativeOle index=4/7 deltaMs=0 totalMs=0
2026-09-06T21:15:44.0489253+08:00 pid=67232 tid=1 format-conversion-plan-perf stage=target-added source=nativeOle index=4/7 deltaMs=8 totalMs=8
2026-09-06T21:15:44.0499253+08:00 pid=67232 tid=1 format-conversion-plan-perf stage=shape-access source=nativeOle index=5/7 deltaMs=0 totalMs=0
2026-09-06T21:15:44.0509252+08:00 pid=67232 tid=1 format-conversion-plan-perf stage=shape-range source=nativeOle index=5/7 deltaMs=0 totalMs=0
2026-09-06T21:15:44.0601943+08:00 pid=67232 tid=1 format-conversion-plan-perf stage=target-added source=nativeOle index=5/7 deltaMs=9 totalMs=9
2026-09-06T21:15:44.0611944+08:00 pid=67232 tid=1 format-conversion-plan-perf stage=shape-access source=nativeOle index=6/7 deltaMs=0 totalMs=0
2026-09-06T21:15:44.0621942+08:00 pid=67232 tid=1 format-conversion-plan-perf stage=shape-range source=nativeOle index=6/7 deltaMs=0 totalMs=0
2026-09-06T21:15:44.0691940+08:00 pid=67232 tid=1 format-conversion-plan-perf stage=target-added source=nativeOle index=6/7 deltaMs=8 totalMs=8
2026-09-06T21:15:44.0701938+08:00 pid=67232 tid=1 format-conversion-plan-perf stage=shape-access source=nativeOle index=7/7 deltaMs=0 totalMs=0
2026-09-06T21:15:44.0701938+08:00 pid=67232 tid=1 format-conversion-plan-perf stage=shape-range source=nativeOle index=7/7 deltaMs=0 totalMs=0
2026-09-06T21:15:44.0778706+08:00 pid=67232 tid=1 format-conversion-plan-perf stage=target-added source=nativeOle index=7/7 deltaMs=8 totalMs=8
2026-09-06T21:15:44.0788705+08:00 pid=67232 tid=1 format-conversion-plan sourceMode=nativeOle targetMode=wordOmml targets=7
2026-09-06T21:15:47.5545552+08:00 pid=67232 tid=1 bulk-import converter-create display=block mode=wordOmml latex=a^{2}+b^{2}=c^{2}
2026-09-06T21:15:47.5605549+08:00 pid=67232 tid=10 bulk-import converter-created sessionId=c56b15f5-3702-4163-978f-8ee12b6f2eea
2026-09-06T21:15:47.5616644+08:00 pid=67232 tid=10 bulk-import converter-create display=inline mode=wordOmml latex=\sqrt{E-u(x)}=\frac{1}{f(\omega )v_{ph}(\omega ,x)}
2026-09-06T21:15:47.5660609+08:00 pid=67232 tid=20 bulk-import converter-created sessionId=117a61a5-10fc-4209-b843-04050e1247a7
2026-09-06T21:15:47.5665969+08:00 pid=67232 tid=20 bulk-import converter-create display=block mode=wordOmml latex=\left\{ \begin{matrix}\frac{\mathrm{d}}{\mathrm{d}\omega }(\omega f(\omega ))=0 \\ \frac{\omega f(\omega )}{2}\frac{\mathrm{d}E(\omega )}{\mathrm{d}\omega }=\sqrt{\frac{m}{2}}\end{matrix}\right.
2026-09-06T21:15:47.5703185+08:00 pid=67232 tid=10 bulk-import converter-created sessionId=0d0ccd60-9a0b-41aa-923c-f3bc7dfa8289
2026-09-06T21:15:47.5714079+08:00 pid=67232 tid=10 bulk-import converter-create display=block mode=wordOmml latex=E=mc^2
2026-09-06T21:15:47.5759584+08:00 pid=67232 tid=20 bulk-import converter-created sessionId=b2c8037f-cb86-41d0-88f9-007af1d635f5
2026-09-06T21:15:47.5759584+08:00 pid=67232 tid=20 bulk-import converter-create display=block mode=wordOmml latex=i\hbar \frac{\partial }{\partial t}\psi (\mathbf{r},t)=[-\frac{\hbar^{2}}{2m}\nabla^{2}+V(\mathbf{r},t)]\psi (\mathbf{r},t)
2026-09-06T21:15:47.5799559+08:00 pid=67232 tid=10 bulk-import converter-created sessionId=2daacdaf-f102-41cd-8e91-f583610a14f3
2026-09-06T21:15:47.5799559+08:00 pid=67232 tid=10 bulk-import converter-create display=block mode=wordOmml latex=\frac{\partial }{\partial t}\psi^{\ast}(\vec{r})\psi (\vec{r})=\frac{i\hbar }{2m}\nabla \cdot [\psi^{\ast}(\vec{r})\nabla \psi (\vec{r})-\psi (\vec{r})\nabla \psi^{\ast}(r)]
2026-09-06T21:15:47.5839560+08:00 pid=67232 tid=20 bulk-import converter-created sessionId=dfad5959-55d1-481a-ab26-a8d195ca3c9d
2026-09-06T21:15:47.5849566+08:00 pid=67232 tid=20 bulk-import converter-create display=block mode=wordOmml latex=\frac{\partial }{\partial t}\rho (\vec{r},t)+\nabla \cdot \vec{j}=0
2026-09-06T21:15:47.5879558+08:00 pid=67232 tid=10 bulk-import converter-created sessionId=a1936e70-98e8-4996-b403-373c4940d8d1
2026-09-06T21:15:47.5879558+08:00 pid=67232 tid=10 format-conversion-render-start sourceMode=nativeOle targetMode=wordOmml sessions=7
2026-09-06T21:15:47.6259572+08:00 pid=67232 tid=20 format-conversion-rendered sourceMode=nativeOle targetMode=wordOmml sessionId=c56b15f5-3702-4163-978f-8ee12b6f2eea status=committing
2026-09-06T21:15:47.6269581+08:00 pid=67232 tid=10 format-conversion-rendered sourceMode=nativeOle targetMode=wordOmml sessionId=117a61a5-10fc-4209-b843-04050e1247a7 status=committing
2026-09-06T21:15:47.6279569+08:00 pid=67232 tid=20 format-conversion-rendered sourceMode=nativeOle targetMode=wordOmml sessionId=0d0ccd60-9a0b-41aa-923c-f3bc7dfa8289 status=committing
2026-09-06T21:15:47.6289590+08:00 pid=67232 tid=10 format-conversion-rendered sourceMode=nativeOle targetMode=wordOmml sessionId=b2c8037f-cb86-41d0-88f9-007af1d635f5 status=committing
2026-09-06T21:15:47.6379587+08:00 pid=67232 tid=20 format-conversion-rendered sourceMode=nativeOle targetMode=wordOmml sessionId=2daacdaf-f102-41cd-8e91-f583610a14f3 status=committing
2026-09-06T21:15:47.6571363+08:00 pid=67232 tid=20 format-conversion-rendered sourceMode=nativeOle targetMode=wordOmml sessionId=dfad5959-55d1-481a-ab26-a8d195ca3c9d status=committing
2026-09-06T21:15:47.6581344+08:00 pid=67232 tid=10 format-conversion-rendered sourceMode=nativeOle targetMode=wordOmml sessionId=a1936e70-98e8-4996-b403-373c4940d8d1 status=committing
2026-09-06T21:15:47.6581344+08:00 pid=67232 tid=10 format-conversion-word-apply-start sourceMode=nativeOle targetMode=wordOmml targets=7
2026-09-06T21:15:47.6957683+08:00 pid=67232 tid=1 format-conversion-runtime assembly=C:\Users\pojian_liao\AppData\Local\VisualTeX\office\remediation-builds\55F87EA2A4B02F33A386CFFEAF03DA97096FC3A716A6E56CB3F3EC4DA7E1AFA1\VisualTeX.WordVsto.dll source=nativeOle target=wordOmml targetIsVisualTeX=False targetIsMathType=False
2026-09-06T21:15:47.7113652+08:00 pid=67232 tid=1 format-conversion-reference-aliases-captured sourceMode=nativeOle formulaId=f070e202-381a-475f-8028-47c2c6508225 aliases=VTEqNum_f587c633ce054b7da6e1629c0d1eb418
2026-09-06T21:15:47.7423619+08:00 pid=67232 tid=1 format-conversion-reference-aliases-captured sourceMode=nativeOle formulaId=8c31cb1f-adf5-42df-a719-2289d59f9e8a aliases=VTEqNum_5826ff41013246e9899397642ca91acf
2026-09-06T21:15:47.9766304+08:00 pid=67232 tid=1 format-conversion-omml-batch-source-created formulas=7 elapsedMs=193
2026-09-06T21:15:57.9268567+08:00 pid=67232 tid=1 word-undo-begin name=VisualTeX Convert Formula Format recording=False level=0
2026-09-06T21:15:57.9268567+08:00 pid=67232 tid=1 word-undo-started name=VisualTeX Convert Formula Format recording=True level=1
2026-09-06T21:15:57.9268567+08:00 pid=67232 tid=1 format-conversion-undo-state stage=before-preferences document=文档20 recording=True level=1
2026-09-06T21:15:57.9278572+08:00 pid=67232 tid=1 format-conversion-transaction-start targets=7
2026-09-06T21:15:57.9278572+08:00 pid=67232 tid=1 format-conversion-undo-state stage=after-preferences document=文档20 recording=True level=1
2026-09-06T21:15:57.9298554+08:00 pid=67232 tid=1 format-conversion-undo-state stage=before-source-delete document=文档20 recording=True level=1
2026-09-06T21:15:58.0004945+08:00 pid=67232 tid=1 formula-to-latex-visualtex-paragraph-replaced formulaId=8a731e40-2b9d-4ec9-9550-0cefc83889fd range=1223:1294
2026-09-06T21:15:58.0050960+08:00 pid=67232 tid=1 format-conversion-perf stage=delete-source-host formulaId=8a731e40-2b9d-4ec9-9550-0cefc83889fd numbered=True deltaMs=77 totalMs=77
2026-09-06T21:15:58.0061044+08:00 pid=67232 tid=1 format-conversion-undo-state stage=after-source-delete document=文档20 recording=True level=1
2026-09-06T21:15:58.0201027+08:00 pid=67232 tid=1 word-undo-begin name=VisualTeX Insert Word OMML Display Formula recording=True level=1
2026-09-06T21:15:58.0381489+08:00 pid=67232 tid=1 format-conversion-subperf [perf] InsertOmml.insert-native-omml: +18ms (18ms total)
2026-09-06T21:15:58.0658038+08:00 pid=67232 tid=1 format-conversion-subperf [perf] InsertOmml.post-reconcile-layout: +27ms (45ms total)
2026-09-06T21:15:58.0658038+08:00 pid=67232 tid=1 format-conversion-subperf [perf] InsertOmml.final-fingerprint: +0ms (45ms total)
2026-09-06T21:15:58.0658038+08:00 pid=67232 tid=1 format-conversion-subperf [perf] InsertOmml.final-anchor: +1ms (46ms total)
2026-09-06T21:15:58.0697051+08:00 pid=67232 tid=1 format-conversion-subperf [perf] InsertOmml.final-metadata: +3ms (49ms total)
2026-09-06T21:15:58.0707068+08:00 pid=67232 tid=1 format-conversion-perf stage=insert-target formulaId=8a731e40-2b9d-4ec9-9550-0cefc83889fd numbered=True deltaMs=65 totalMs=142
2026-09-06T21:15:58.0718104+08:00 pid=67232 tid=1 format-conversion-undo-state stage=after-target-insert document=文档20 recording=True level=1
2026-09-06T21:15:58.1159205+08:00 pid=67232 tid=1 format-conversion-target-stable formulaId=8a731e40-2b9d-4ec9-9550-0cefc83889fd targetMode=wordOmml count=1 elapsedMs=43
2026-09-06T21:15:58.1169191+08:00 pid=67232 tid=1 format-conversion-perf stage=verify-target formulaId=8a731e40-2b9d-4ec9-9550-0cefc83889fd numbered=True deltaMs=46 totalMs=188
2026-09-06T21:15:58.1189168+08:00 pid=67232 tid=1 format-conversion-undo-state stage=before-source-delete document=文档20 recording=True level=1
2026-09-06T21:15:58.3931757+08:00 pid=67232 tid=1 formula-to-latex-visualtex-paragraph-replaced formulaId=7893c628-84e6-4ab6-a17f-477978397efe range=1046:1223
2026-09-06T21:15:58.4095238+08:00 pid=67232 tid=1 format-conversion-perf stage=delete-source-host formulaId=7893c628-84e6-4ab6-a17f-477978397efe numbered=True deltaMs=292 totalMs=292
2026-09-06T21:15:58.4095238+08:00 pid=67232 tid=1 format-conversion-undo-state stage=after-source-delete document=文档20 recording=True level=1
2026-09-06T21:15:58.4105232+08:00 pid=67232 tid=1 word-undo-begin name=VisualTeX Insert Word OMML Display Formula recording=True level=1
2026-09-06T21:15:58.4298434+08:00 pid=67232 tid=1 format-conversion-subperf [perf] InsertOmml.insert-native-omml: +19ms (19ms total)
2026-09-06T21:15:58.4811352+08:00 pid=67232 tid=1 format-conversion-subperf [perf] InsertOmml.post-reconcile-layout: +52ms (71ms total)
2026-09-06T21:15:58.4821339+08:00 pid=67232 tid=1 format-conversion-subperf [perf] InsertOmml.final-fingerprint: +0ms (71ms total)
2026-09-06T21:15:58.4821339+08:00 pid=67232 tid=1 format-conversion-subperf [perf] InsertOmml.final-anchor: +0ms (71ms total)
2026-09-06T21:15:58.4831350+08:00 pid=67232 tid=1 format-conversion-subperf [perf] InsertOmml.final-metadata: +2ms (73ms total)
2026-09-06T21:15:58.4841361+08:00 pid=67232 tid=1 format-conversion-perf stage=insert-target formulaId=7893c628-84e6-4ab6-a17f-477978397efe numbered=True deltaMs=74 totalMs=366
2026-09-06T21:15:58.4841361+08:00 pid=67232 tid=1 format-conversion-undo-state stage=after-target-insert document=文档20 recording=True level=1
2026-09-06T21:15:58.5287542+08:00 pid=67232 tid=1 format-conversion-target-stable formulaId=7893c628-84e6-4ab6-a17f-477978397efe targetMode=wordOmml count=2 elapsedMs=44
2026-09-06T21:15:58.5287542+08:00 pid=67232 tid=1 format-conversion-perf stage=verify-target formulaId=7893c628-84e6-4ab6-a17f-477978397efe numbered=True deltaMs=46 totalMs=412
2026-09-06T21:15:58.5318791+08:00 pid=67232 tid=1 format-conversion-undo-state stage=before-source-delete document=文档20 recording=True level=1
2026-09-06T21:15:58.8495125+08:00 pid=67232 tid=1 formula-to-latex-visualtex-paragraph-replaced formulaId=8f6c746b-7d07-4313-a3ac-835715de141d range=879:1006
2026-09-06T21:15:58.8685139+08:00 pid=67232 tid=1 format-conversion-perf stage=delete-source-host formulaId=8f6c746b-7d07-4313-a3ac-835715de141d numbered=True deltaMs=338 totalMs=338
2026-09-06T21:15:58.8685139+08:00 pid=67232 tid=1 format-conversion-undo-state stage=after-source-delete document=文档20 recording=True level=1
2026-09-06T21:15:58.8695133+08:00 pid=67232 tid=1 word-undo-begin name=VisualTeX Insert Word OMML Display Formula recording=True level=1
2026-09-06T21:15:58.9021930+08:00 pid=67232 tid=1 format-conversion-subperf [perf] InsertOmml.insert-native-omml: +32ms (32ms total)
2026-09-06T21:15:58.9567183+08:00 pid=67232 tid=1 format-conversion-subperf [perf] InsertOmml.post-reconcile-layout: +54ms (86ms total)
2026-09-06T21:15:58.9567183+08:00 pid=67232 tid=1 format-conversion-subperf [perf] InsertOmml.final-fingerprint: +1ms (87ms total)
2026-09-06T21:15:58.9567183+08:00 pid=67232 tid=1 format-conversion-subperf [perf] InsertOmml.final-anchor: +0ms (87ms total)
2026-09-06T21:15:58.9587187+08:00 pid=67232 tid=1 format-conversion-subperf [perf] InsertOmml.final-metadata: +1ms (88ms total)
2026-09-06T21:15:58.9587187+08:00 pid=67232 tid=1 format-conversion-perf stage=insert-target formulaId=8f6c746b-7d07-4313-a3ac-835715de141d numbered=True deltaMs=91 totalMs=429
2026-09-06T21:15:58.9587187+08:00 pid=67232 tid=1 format-conversion-undo-state stage=after-target-insert document=文档20 recording=True level=1
2026-09-06T21:15:59.0012605+08:00 pid=67232 tid=1 format-conversion-target-stable formulaId=8f6c746b-7d07-4313-a3ac-835715de141d targetMode=wordOmml count=3 elapsedMs=41
2026-09-06T21:15:59.0022599+08:00 pid=67232 tid=1 format-conversion-perf stage=verify-target formulaId=8f6c746b-7d07-4313-a3ac-835715de141d numbered=True deltaMs=43 totalMs=472
2026-09-06T21:15:59.0032599+08:00 pid=67232 tid=1 format-conversion-undo-state stage=before-source-delete document=文档20 recording=True level=1
2026-09-06T21:15:59.2270272+08:00 pid=67232 tid=1 formula-to-latex-visualtex-paragraph-replaced formulaId=8c31cb1f-adf5-42df-a719-2289d59f9e8a range=535:545
2026-09-06T21:15:59.2370255+08:00 pid=67232 tid=1 format-conversion-perf stage=delete-source-host formulaId=8c31cb1f-adf5-42df-a719-2289d59f9e8a numbered=True deltaMs=234 totalMs=234
2026-09-06T21:15:59.2380270+08:00 pid=67232 tid=1 format-conversion-undo-state stage=after-source-delete document=文档20 recording=True level=1
2026-09-06T21:15:59.2380270+08:00 pid=67232 tid=1 word-undo-begin name=VisualTeX Insert Word OMML Display Formula recording=True level=1
2026-09-06T21:15:59.2618247+08:00 pid=67232 tid=1 format-conversion-subperf [perf] InsertOmml.insert-native-omml: +23ms (23ms total)
2026-09-06T21:15:59.3018244+08:00 pid=67232 tid=1 format-conversion-subperf [perf] InsertOmml.post-reconcile-layout: +40ms (63ms total)
2026-09-06T21:15:59.3028224+08:00 pid=67232 tid=1 format-conversion-subperf [perf] InsertOmml.final-fingerprint: +1ms (64ms total)
2026-09-06T21:15:59.3028224+08:00 pid=67232 tid=1 format-conversion-subperf [perf] InsertOmml.final-anchor: +0ms (64ms total)
2026-09-06T21:15:59.3038238+08:00 pid=67232 tid=1 format-conversion-subperf [perf] InsertOmml.final-metadata: +1ms (65ms total)
2026-09-06T21:15:59.3038238+08:00 pid=67232 tid=1 format-conversion-perf stage=insert-target formulaId=8c31cb1f-adf5-42df-a719-2289d59f9e8a numbered=True deltaMs=67 totalMs=301
2026-09-06T21:15:59.3048254+08:00 pid=67232 tid=1 format-conversion-undo-state stage=after-target-insert document=文档20 recording=True level=1
2026-09-06T21:15:59.3477367+08:00 pid=67232 tid=1 format-conversion-target-stable formulaId=8c31cb1f-adf5-42df-a719-2289d59f9e8a targetMode=wordOmml count=4 elapsedMs=41
2026-09-06T21:15:59.3477367+08:00 pid=67232 tid=1 format-conversion-perf stage=verify-target formulaId=8c31cb1f-adf5-42df-a719-2289d59f9e8a numbered=True deltaMs=44 totalMs=345
2026-09-06T21:15:59.3487334+08:00 pid=67232 tid=1 format-conversion-undo-state stage=before-source-delete document=文档20 recording=True level=1
2026-09-06T21:15:59.5986754+08:00 pid=67232 tid=1 formula-to-latex-visualtex-paragraph-replaced formulaId=42d35b3a-61bb-4f39-bd28-c8e28bec1fec range=376:574
2026-09-06T21:15:59.6207275+08:00 pid=67232 tid=1 format-conversion-perf stage=delete-source-host formulaId=42d35b3a-61bb-4f39-bd28-c8e28bec1fec numbered=True deltaMs=273 totalMs=273
2026-09-06T21:15:59.6217363+08:00 pid=67232 tid=1 format-conversion-undo-state stage=after-source-delete document=文档20 recording=True level=1
2026-09-06T21:15:59.6227397+08:00 pid=67232 tid=1 word-undo-begin name=VisualTeX Insert Word OMML Display Formula recording=True level=1
2026-09-06T21:15:59.6613414+08:00 pid=67232 tid=1 format-conversion-subperf [perf] InsertOmml.insert-native-omml: +38ms (38ms total)
2026-09-06T21:15:59.7179218+08:00 pid=67232 tid=1 format-conversion-subperf [perf] InsertOmml.post-reconcile-layout: +57ms (95ms total)
2026-09-06T21:15:59.7189213+08:00 pid=67232 tid=1 format-conversion-subperf [perf] InsertOmml.final-fingerprint: +0ms (95ms total)
2026-09-06T21:15:59.7189213+08:00 pid=67232 tid=1 format-conversion-subperf [perf] InsertOmml.final-anchor: +0ms (95ms total)
2026-09-06T21:15:59.7199227+08:00 pid=67232 tid=1 format-conversion-subperf [perf] InsertOmml.final-metadata: +2ms (97ms total)
2026-09-06T21:15:59.7199227+08:00 pid=67232 tid=1 format-conversion-perf stage=insert-target formulaId=42d35b3a-61bb-4f39-bd28-c8e28bec1fec numbered=True deltaMs=99 totalMs=372
2026-09-06T21:15:59.7209194+08:00 pid=67232 tid=1 format-conversion-undo-state stage=after-target-insert document=文档20 recording=True level=1
2026-09-06T21:15:59.7555099+08:00 pid=67232 tid=1 format-conversion-target-stable formulaId=42d35b3a-61bb-4f39-bd28-c8e28bec1fec targetMode=wordOmml count=5 elapsedMs=34
2026-09-06T21:15:59.7565198+08:00 pid=67232 tid=1 format-conversion-perf stage=verify-target formulaId=42d35b3a-61bb-4f39-bd28-c8e28bec1fec numbered=True deltaMs=36 totalMs=408
2026-09-06T21:15:59.7575186+08:00 pid=67232 tid=1 format-conversion-undo-state stage=before-source-delete document=文档20 recording=True level=1
2026-09-06T21:15:59.8097096+08:00 pid=67232 tid=1 format-conversion-perf stage=delete-source-host formulaId=68f8b9a7-5b76-496f-afb8-50fdad3b44f6 numbered=False deltaMs=52 totalMs=52
2026-09-06T21:15:59.8097096+08:00 pid=67232 tid=1 format-conversion-undo-state stage=after-source-delete document=文档20 recording=True level=1
2026-09-06T21:15:59.8107097+08:00 pid=67232 tid=1 word-undo-begin name=VisualTeX Insert Word OMML Inline Formula recording=True level=1
2026-09-06T21:15:59.8883445+08:00 pid=67232 tid=1 format-conversion-subperf [perf] InsertOmml.insert-native-omml: +77ms (77ms total)
2026-09-06T21:16:00.2026048+08:00 pid=67232 tid=1 format-conversion-subperf [perf] InsertOmml.post-reconcile-layout: +314ms (391ms total)
2026-09-06T21:16:00.2026048+08:00 pid=67232 tid=1 format-conversion-subperf [perf] InsertOmml.final-fingerprint: +0ms (391ms total)
2026-09-06T21:16:00.2026048+08:00 pid=67232 tid=1 format-conversion-subperf [perf] InsertOmml.final-anchor: +1ms (392ms total)
2026-09-06T21:16:00.2046050+08:00 pid=67232 tid=1 format-conversion-subperf [perf] InsertOmml.final-metadata: +1ms (393ms total)
2026-09-06T21:16:00.2046050+08:00 pid=67232 tid=1 format-conversion-perf stage=insert-target formulaId=68f8b9a7-5b76-496f-afb8-50fdad3b44f6 numbered=False deltaMs=395 totalMs=447
2026-09-06T21:16:00.2046050+08:00 pid=67232 tid=1 format-conversion-undo-state stage=after-target-insert document=文档20 recording=False level=0
2026-09-06T21:16:00.2396044+08:00 pid=67232 tid=1 format-conversion-target-stable formulaId=68f8b9a7-5b76-496f-afb8-50fdad3b44f6 targetMode=wordOmml count=6 elapsedMs=34
2026-09-06T21:16:00.2406050+08:00 pid=67232 tid=1 format-conversion-perf stage=verify-target formulaId=68f8b9a7-5b76-496f-afb8-50fdad3b44f6 numbered=False deltaMs=36 totalMs=483
2026-09-06T21:16:00.2406050+08:00 pid=67232 tid=1 format-conversion-undo-state stage=before-source-delete document=文档20 recording=False level=0
2026-09-06T21:16:00.4763567+08:00 pid=67232 tid=1 formula-to-latex-visualtex-paragraph-replaced formulaId=f070e202-381a-475f-8028-47c2c6508225 range=0:21
2026-09-06T21:16:00.4863547+08:00 pid=67232 tid=1 format-conversion-perf stage=delete-source-host formulaId=f070e202-381a-475f-8028-47c2c6508225 numbered=True deltaMs=245 totalMs=245
2026-09-06T21:16:00.4873546+08:00 pid=67232 tid=1 format-conversion-undo-state stage=after-source-delete document=文档20 recording=False level=0
2026-09-06T21:16:00.4893549+08:00 pid=67232 tid=1 word-undo-begin name=VisualTeX Insert Word OMML Display Formula recording=False level=0
2026-09-06T21:16:00.4893549+08:00 pid=67232 tid=1 word-undo-started name=VisualTeX Insert Word OMML Display Formula recording=True level=1
2026-09-06T21:16:00.5215170+08:00 pid=67232 tid=1 format-conversion-subperf [perf] InsertOmml.insert-native-omml: +31ms (31ms total)
2026-09-06T21:16:00.5794962+08:00 pid=67232 tid=1 format-conversion-subperf [perf] InsertOmml.post-reconcile-layout: +58ms (89ms total)
2026-09-06T21:16:00.5794962+08:00 pid=67232 tid=1 format-conversion-subperf [perf] InsertOmml.final-fingerprint: +1ms (90ms total)
2026-09-06T21:16:00.5794962+08:00 pid=67232 tid=1 format-conversion-subperf [perf] InsertOmml.final-anchor: +0ms (90ms total)
2026-09-06T21:16:00.5814964+08:00 pid=67232 tid=1 format-conversion-subperf [perf] InsertOmml.final-metadata: +1ms (91ms total)
2026-09-06T21:16:00.5814964+08:00 pid=67232 tid=1 word-undo-end recording=True level=1
2026-09-06T21:16:00.5814964+08:00 pid=67232 tid=1 format-conversion-perf stage=insert-target formulaId=f070e202-381a-475f-8028-47c2c6508225 numbered=True deltaMs=95 totalMs=340
2026-09-06T21:16:00.5814964+08:00 pid=67232 tid=1 format-conversion-undo-state stage=after-target-insert document=文档20 recording=False level=0
2026-09-06T21:16:00.6187368+08:00 pid=67232 tid=1 format-conversion-target-stable formulaId=f070e202-381a-475f-8028-47c2c6508225 targetMode=wordOmml count=7 elapsedMs=36
2026-09-06T21:16:00.6197362+08:00 pid=67232 tid=1 format-conversion-perf stage=verify-target formulaId=f070e202-381a-475f-8028-47c2c6508225 numbered=True deltaMs=39 totalMs=379
2026-09-06T21:16:00.6207339+08:00 pid=67232 tid=1 format-conversion-finalize-perf stage=source-residual-check sourceMode=nativeOle targetMode=wordOmml deltaMs=0 totalMs=0
2026-09-06T21:16:00.6217354+08:00 pid=67232 tid=1 format-conversion-finalize-perf stage=target-count-check sourceMode=nativeOle targetMode=wordOmml deltaMs=1 totalMs=1
2026-09-06T21:16:00.6217354+08:00 pid=67232 tid=1 format-conversion-undo-state stage=before-source-window-close-commit document=文档20 recording=False level=0
2026-09-06T21:16:00.6217354+08:00 pid=67232 tid=1 format-conversion-undo-state stage=after-source-window-close-commit document=文档20 recording=False level=0
2026-09-06T21:16:00.9143221+08:00 pid=67232 tid=1 word-undo-begin name=VisualTeX Finalize Formula Conversion recording=False level=0
2026-09-06T21:16:00.9153232+08:00 pid=67232 tid=1 word-undo-started name=VisualTeX Finalize Formula Conversion recording=True level=1
2026-09-06T21:16:01.0151513+08:00 pid=67232 tid=1 word-xml-incomplete-export document=文档20 attempt=1 maths=0/7 oles=0/0
2026-09-06T21:16:01.0850317+08:00 pid=67232 tid=1 format-conversion-omml-identities-before-numbering count=7
2026-09-06T21:16:01.0860331+08:00 pid=67232 tid=1 format-conversion-number-format-restored format=heading2-dash
2026-09-06T21:16:10.5410207+08:00 pid=67232 tid=1 format-conversion-numbering-direct-table-complete targetMode=wordOmml built=6 removedBlankParagraphs=6
2026-09-06T21:16:10.5420216+08:00 pid=67232 tid=1 format-conversion-adjacent-ole-identities-rebound count=0
2026-09-06T21:16:10.6998418+08:00 pid=67232 tid=1 format-conversion-numbering-table-rows-grouped boundaries=1 formulas=6
2026-09-06T21:16:10.8686845+08:00 pid=67232 tid=1 format-conversion-reference-aliases-restored sourceMode=nativeOle targetMode=wordOmml aliases=2 refreshedReferences=2 restoredFormatting=2
2026-09-06T21:16:10.8846856+08:00 pid=67232 tid=1 format-conversion-finalize-perf stage=numbering-reconcile sourceMode=nativeOle targetMode=wordOmml deltaMs=10263 totalMs=10264
2026-09-06T21:16:11.0181689+08:00 pid=67232 tid=1 format-conversion-omml-fingerprints-finalized count=7
2026-09-06T21:16:11.0191687+08:00 pid=67232 tid=1 format-conversion-finalize-perf stage=omml-fingerprint-refresh sourceMode=nativeOle targetMode=wordOmml deltaMs=135 totalMs=10399
2026-09-06T21:16:11.0201731+08:00 pid=67232 tid=1 format-conversion-transaction-completed targets=7
2026-09-06T21:16:11.0201731+08:00 pid=67232 tid=5 format-conversion-word-apply-finished sourceMode=nativeOle targetMode=wordOmml converted=7 failed=0
2026-09-06T21:16:11.0209909+08:00 pid=67232 tid=5 format-conversion-session-cleanup-start sessions=7
2026-09-06T21:16:11.0209909+08:00 pid=67232 tid=5 format-conversion-complete source=VisualTeX target=OMML converted=7 failed=0
2026-09-06T21:16:11.0240002+08:00 pid=67232 tid=14 format-conversion-session-cleanup-complete sessions=7
2026-09-06T21:16:27.0402544+08:00 pid=67232 tid=1 format-conversion-start sourceMode=wordOmml targetMode=nativeOle wholeDocument=True
2026-09-06T21:16:29.4788841+08:00 pid=67232 tid=1 format-conversion-plan sourceMode=wordOmml targetMode=nativeOle targets=7
2026-09-06T21:16:32.3802557+08:00 pid=67232 tid=1 bulk-import converter-create display=block mode=nativeOle latex=a^{2}+b^{2}=c^{2}
2026-09-06T21:16:32.3842571+08:00 pid=67232 tid=19 bulk-import converter-created sessionId=853e107c-cd04-46bb-acce-dbbea293017d
2026-09-06T21:16:32.3842571+08:00 pid=67232 tid=19 bulk-import converter-create display=inline mode=nativeOle latex=\sqrt{E-u(x)}=\frac{1}{f(\omega )v_{ph}(\omega ,x)}
2026-09-06T21:16:32.3882598+08:00 pid=67232 tid=23 bulk-import converter-created sessionId=c0a5c5aa-f01c-4420-afe9-2029f9263411
2026-09-06T21:16:32.3882598+08:00 pid=67232 tid=23 bulk-import converter-create display=block mode=nativeOle latex=\left\{ \begin{matrix}\frac{\mathrm{d}}{\mathrm{d}\omega }(\omega f(\omega ))=0 \\ \frac{\omega f(\omega )}{2}\frac{\mathrm{d}E(\omega )}{\mathrm{d}\omega }=\sqrt{\frac{m}{2}}\end{matrix}\right.
2026-09-06T21:16:32.3922612+08:00 pid=67232 tid=19 bulk-import converter-created sessionId=d5362cdc-e1b4-4f8e-9bd2-0a09c86dc0cc
2026-09-06T21:16:32.3932587+08:00 pid=67232 tid=19 bulk-import converter-create display=block mode=nativeOle latex=E=mc^{2}
2026-09-06T21:16:32.3972587+08:00 pid=67232 tid=23 bulk-import converter-created sessionId=2ff232b6-c6a8-4355-9c2d-03d974c1c753
2026-09-06T21:16:32.3972587+08:00 pid=67232 tid=23 bulk-import converter-create display=block mode=nativeOle latex=i\hbar \frac{\partial }{\partial t}\psi (\mathbf{r},t)=[-\frac{\hbar^{2}}{2m}\nabla^{2}+V(\mathbf{r},t)]\psi (\mathbf{r},t)
2026-09-06T21:16:32.4012570+08:00 pid=67232 tid=19 bulk-import converter-created sessionId=e27c56a7-c2de-46dc-9454-c4ea27057731
2026-09-06T21:16:32.4022588+08:00 pid=67232 tid=19 bulk-import converter-create display=block mode=nativeOle latex=\frac{\partial }{\partial t}\psi^{\ast}(\vec{r})\psi (\vec{r})=\frac{i\hbar }{2m}\nabla \cdot [\psi^{\ast}(\vec{r})\nabla \psi (\vec{r})-\psi (\vec{r})\nabla \psi^{\ast}(r)]
2026-09-06T21:16:32.4062601+08:00 pid=67232 tid=23 bulk-import converter-created sessionId=10ed094b-0509-450f-bfc6-d6c83a5ad435
2026-09-06T21:16:32.4062601+08:00 pid=67232 tid=23 bulk-import converter-create display=block mode=nativeOle latex=\frac{\partial }{\partial t}\rho (\vec{r},t)+\nabla \cdot \vec{j}=0
2026-09-06T21:16:32.4102574+08:00 pid=67232 tid=19 bulk-import converter-created sessionId=6b4610a6-06ae-4c59-97d4-b138d53347fd
2026-09-06T21:16:32.4102574+08:00 pid=67232 tid=19 format-conversion-render-start sourceMode=wordOmml targetMode=nativeOle sessions=7
2026-09-06T21:16:32.5607105+08:00 pid=67232 tid=23 format-conversion-rendered sourceMode=wordOmml targetMode=nativeOle sessionId=853e107c-cd04-46bb-acce-dbbea293017d status=committing
2026-09-06T21:16:32.6674638+08:00 pid=67232 tid=19 format-conversion-rendered sourceMode=wordOmml targetMode=nativeOle sessionId=c0a5c5aa-f01c-4420-afe9-2029f9263411 status=committing
2026-09-06T21:16:32.7723461+08:00 pid=67232 tid=23 format-conversion-rendered sourceMode=wordOmml targetMode=nativeOle sessionId=d5362cdc-e1b4-4f8e-9bd2-0a09c86dc0cc status=committing
2026-09-06T21:16:32.8673047+08:00 pid=67232 tid=19 format-conversion-rendered sourceMode=wordOmml targetMode=nativeOle sessionId=2ff232b6-c6a8-4355-9c2d-03d974c1c753 status=committing
2026-09-06T21:16:32.9720894+08:00 pid=67232 tid=23 format-conversion-rendered sourceMode=wordOmml targetMode=nativeOle sessionId=e27c56a7-c2de-46dc-9454-c4ea27057731 status=committing
2026-09-06T21:16:33.0871384+08:00 pid=67232 tid=19 format-conversion-rendered sourceMode=wordOmml targetMode=nativeOle sessionId=10ed094b-0509-450f-bfc6-d6c83a5ad435 status=committing
2026-09-06T21:16:33.1875693+08:00 pid=67232 tid=23 format-conversion-rendered sourceMode=wordOmml targetMode=nativeOle sessionId=6b4610a6-06ae-4c59-97d4-b138d53347fd status=committing
2026-09-06T21:16:33.1875693+08:00 pid=67232 tid=23 format-conversion-word-apply-start sourceMode=wordOmml targetMode=nativeOle targets=7
2026-09-06T21:16:34.6875137+08:00 pid=67232 tid=1 format-conversion-runtime assembly=C:\Users\pojian_liao\AppData\Local\VisualTeX\office\remediation-builds\55F87EA2A4B02F33A386CFFEAF03DA97096FC3A716A6E56CB3F3EC4DA7E1AFA1\VisualTeX.WordVsto.dll source=wordOmml target=nativeOle targetIsVisualTeX=True targetIsMathType=False
2026-09-06T21:16:34.7041420+08:00 pid=67232 tid=1 format-conversion-reference-aliases-captured sourceMode=wordOmml formulaId=0ec1c649-fe26-4b96-8f09-563e9b5055b2 aliases=VTEqNum_f587c633ce054b7da6e1629c0d1eb418
2026-09-06T21:16:34.7462681+08:00 pid=67232 tid=1 format-conversion-reference-aliases-captured sourceMode=wordOmml formulaId=0a39e161-600e-48da-aee1-074b221df651 aliases=VTEqNum_5826ff41013246e9899397642ca91acf
2026-09-06T21:16:50.1773473+08:00 pid=67232 tid=1 word-undo-begin name=VisualTeX Convert Formula Format recording=False level=0
2026-09-06T21:16:50.1773473+08:00 pid=67232 tid=1 word-undo-started name=VisualTeX Convert Formula Format recording=True level=1
2026-09-06T21:16:50.1773473+08:00 pid=67232 tid=1 format-conversion-undo-state stage=before-preferences document=文档20 recording=True level=1
2026-09-06T21:16:50.1783441+08:00 pid=67232 tid=1 format-conversion-transaction-start targets=7
2026-09-06T21:16:50.1783441+08:00 pid=67232 tid=1 format-conversion-undo-state stage=after-preferences document=文档20 recording=True level=1
2026-09-06T21:16:50.1783441+08:00 pid=67232 tid=1 format-conversion-undo-state stage=before-source-delete document=文档20 recording=True level=1
2026-09-06T21:16:50.7182476+08:00 pid=67232 tid=1 format-conversion-direct-numbered-omml-delete formulaId=8f034de2-c795-4bdb-8901-a3cb3c8665b1 start=1012
2026-09-06T21:16:50.7182476+08:00 pid=67232 tid=1 format-conversion-perf stage=delete-source-host formulaId=8f034de2-c795-4bdb-8901-a3cb3c8665b1 numbered=True deltaMs=539 totalMs=539
2026-09-06T21:16:50.7182476+08:00 pid=67232 tid=1 format-conversion-undo-state stage=after-source-delete document=文档20 recording=False level=0
2026-09-06T21:16:50.7192487+08:00 pid=67232 tid=1 word-undo-begin name=VisualTeX Insert Native OLE Display Formula recording=False level=0
2026-09-06T21:16:50.7192487+08:00 pid=67232 tid=1 word-undo-started name=VisualTeX Insert Native OLE Display Formula recording=True level=1
2026-09-06T21:16:51.0215920+08:00 pid=67232 tid=1 word-undo-end recording=True level=1
2026-09-06T21:16:51.0215920+08:00 pid=67232 tid=1 format-conversion-perf stage=insert-target formulaId=8f034de2-c795-4bdb-8901-a3cb3c8665b1 numbered=True deltaMs=304 totalMs=843
2026-09-06T21:16:51.0215920+08:00 pid=67232 tid=1 format-conversion-undo-state stage=after-target-insert document=文档20 recording=False level=0
2026-09-06T21:16:51.0225914+08:00 pid=67232 tid=1 format-conversion-bookmarked-visualtex-target-stable sourceFormulaId=8f034de2-c795-4bdb-8901-a3cb3c8665b1 formulaId=2751d040-239c-4108-aa86-e73546b23bb0 localAnchorRepair=False elapsedMs=0
2026-09-06T21:16:51.0235918+08:00 pid=67232 tid=1 format-conversion-direct-managed-omml-metadata-deleted formulaId=8f034de2-c795-4bdb-8901-a3cb3c8665b1 numbered=True
2026-09-06T21:16:51.0235918+08:00 pid=67232 tid=1 format-conversion-perf stage=verify-target formulaId=8f034de2-c795-4bdb-8901-a3cb3c8665b1 numbered=True deltaMs=2 totalMs=845
2026-09-06T21:16:51.0235918+08:00 pid=67232 tid=1 format-conversion-undo-state stage=before-source-delete document=文档20 recording=False level=0
2026-09-06T21:16:51.6418652+08:00 pid=67232 tid=1 format-conversion-direct-numbered-omml-delete formulaId=ebc91caa-78f2-4089-8970-f702cdef6d8c start=841
2026-09-06T21:16:51.6418652+08:00 pid=67232 tid=1 format-conversion-perf stage=delete-source-host formulaId=ebc91caa-78f2-4089-8970-f702cdef6d8c numbered=True deltaMs=617 totalMs=617
2026-09-06T21:16:51.6418652+08:00 pid=67232 tid=1 format-conversion-undo-state stage=after-source-delete document=文档20 recording=False level=0
2026-09-06T21:16:51.6428656+08:00 pid=67232 tid=1 word-undo-begin name=VisualTeX Insert Native OLE Display Formula recording=False level=0
2026-09-06T21:16:51.6428656+08:00 pid=67232 tid=1 word-undo-started name=VisualTeX Insert Native OLE Display Formula recording=True level=1
2026-09-06T21:16:51.8254660+08:00 pid=67232 tid=1 word-undo-end recording=True level=1
2026-09-06T21:16:51.8254660+08:00 pid=67232 tid=1 format-conversion-perf stage=insert-target formulaId=ebc91caa-78f2-4089-8970-f702cdef6d8c numbered=True deltaMs=184 totalMs=801
2026-09-06T21:16:51.8254660+08:00 pid=67232 tid=1 format-conversion-undo-state stage=after-target-insert document=文档20 recording=False level=0
2026-09-06T21:16:51.8264675+08:00 pid=67232 tid=1 format-conversion-bookmarked-visualtex-target-stable sourceFormulaId=ebc91caa-78f2-4089-8970-f702cdef6d8c formulaId=3f4ba960-b808-4225-b6dd-cde86fe5915e localAnchorRepair=False elapsedMs=0
2026-09-06T21:16:51.8274677+08:00 pid=67232 tid=1 format-conversion-direct-managed-omml-metadata-deleted formulaId=ebc91caa-78f2-4089-8970-f702cdef6d8c numbered=True
2026-09-06T21:16:51.8274677+08:00 pid=67232 tid=1 format-conversion-perf stage=verify-target formulaId=ebc91caa-78f2-4089-8970-f702cdef6d8c numbered=True deltaMs=2 totalMs=803
2026-09-06T21:16:51.8284677+08:00 pid=67232 tid=1 format-conversion-undo-state stage=before-source-delete document=文档20 recording=False level=0
2026-09-06T21:16:52.1106428+08:00 pid=67232 tid=1 format-conversion-direct-numbered-omml-delete formulaId=8b3bb079-1b2f-4565-9e19-d29b85602f3c start=704
2026-09-06T21:16:52.1116424+08:00 pid=67232 tid=1 format-conversion-perf stage=delete-source-host formulaId=8b3bb079-1b2f-4565-9e19-d29b85602f3c numbered=True deltaMs=283 totalMs=283
2026-09-06T21:16:52.1116424+08:00 pid=67232 tid=1 format-conversion-undo-state stage=after-source-delete document=文档20 recording=False level=0
2026-09-06T21:16:52.1116424+08:00 pid=67232 tid=1 word-undo-begin name=VisualTeX Insert Native OLE Display Formula recording=False level=0
2026-09-06T21:16:52.1116424+08:00 pid=67232 tid=1 word-undo-started name=VisualTeX Insert Native OLE Display Formula recording=True level=1
2026-09-06T21:16:52.2426939+08:00 pid=67232 tid=1 word-undo-end recording=True level=1
2026-09-06T21:16:52.2436940+08:00 pid=67232 tid=1 format-conversion-perf stage=insert-target formulaId=8b3bb079-1b2f-4565-9e19-d29b85602f3c numbered=True deltaMs=132 totalMs=415
2026-09-06T21:16:52.2436940+08:00 pid=67232 tid=1 format-conversion-undo-state stage=after-target-insert document=文档20 recording=False level=0
2026-09-06T21:16:52.2446939+08:00 pid=67232 tid=1 format-conversion-bookmarked-visualtex-target-stable sourceFormulaId=8b3bb079-1b2f-4565-9e19-d29b85602f3c formulaId=be48dbbe-4468-41cc-9e47-d4b2446cd30c localAnchorRepair=False elapsedMs=0
2026-09-06T21:16:52.2446939+08:00 pid=67232 tid=1 format-conversion-direct-managed-omml-metadata-deleted formulaId=8b3bb079-1b2f-4565-9e19-d29b85602f3c numbered=True
2026-09-06T21:16:52.2456941+08:00 pid=67232 tid=1 format-conversion-perf stage=verify-target formulaId=8b3bb079-1b2f-4565-9e19-d29b85602f3c numbered=True deltaMs=2 totalMs=417
2026-09-06T21:16:52.2456941+08:00 pid=67232 tid=1 format-conversion-undo-state stage=before-source-delete document=文档20 recording=False level=0
2026-09-06T21:16:52.6173833+08:00 pid=67232 tid=1 format-conversion-direct-numbered-omml-delete formulaId=0a39e161-600e-48da-aee1-074b221df651 start=440
2026-09-06T21:16:52.6173833+08:00 pid=67232 tid=1 format-conversion-perf stage=delete-source-host formulaId=0a39e161-600e-48da-aee1-074b221df651 numbered=True deltaMs=371 totalMs=371
2026-09-06T21:16:52.6173833+08:00 pid=67232 tid=1 format-conversion-undo-state stage=after-source-delete document=文档20 recording=False level=0
2026-09-06T21:16:52.6183874+08:00 pid=67232 tid=1 word-undo-begin name=VisualTeX Insert Native OLE Display Formula recording=False level=0
2026-09-06T21:16:52.6183874+08:00 pid=67232 tid=1 word-undo-started name=VisualTeX Insert Native OLE Display Formula recording=True level=1
2026-09-06T21:16:52.7513861+08:00 pid=67232 tid=1 word-undo-end recording=True level=1
2026-09-06T21:16:52.7513861+08:00 pid=67232 tid=1 format-conversion-perf stage=insert-target formulaId=0a39e161-600e-48da-aee1-074b221df651 numbered=True deltaMs=135 totalMs=506
2026-09-06T21:16:52.7523848+08:00 pid=67232 tid=1 format-conversion-undo-state stage=after-target-insert document=文档20 recording=False level=0
2026-09-06T21:16:52.7533868+08:00 pid=67232 tid=1 format-conversion-bookmarked-visualtex-target-stable sourceFormulaId=0a39e161-600e-48da-aee1-074b221df651 formulaId=295373d4-a392-4d47-b9d1-cc972d57aaa6 localAnchorRepair=False elapsedMs=0
2026-09-06T21:16:52.7533868+08:00 pid=67232 tid=1 format-conversion-direct-managed-omml-metadata-deleted formulaId=0a39e161-600e-48da-aee1-074b221df651 numbered=True
2026-09-06T21:16:52.7543852+08:00 pid=67232 tid=1 format-conversion-perf stage=verify-target formulaId=0a39e161-600e-48da-aee1-074b221df651 numbered=True deltaMs=2 totalMs=508
2026-09-06T21:16:52.7543852+08:00 pid=67232 tid=1 format-conversion-undo-state stage=before-source-delete document=文档20 recording=False level=0
2026-09-06T21:16:52.9755071+08:00 pid=67232 tid=1 format-conversion-direct-numbered-omml-delete formulaId=1730f793-02c8-4919-87e4-a80084efbe3d start=312
2026-09-06T21:16:52.9755071+08:00 pid=67232 tid=1 format-conversion-perf stage=delete-source-host formulaId=1730f793-02c8-4919-87e4-a80084efbe3d numbered=True deltaMs=221 totalMs=221
2026-09-06T21:16:52.9765071+08:00 pid=67232 tid=1 format-conversion-undo-state stage=after-source-delete document=文档20 recording=False level=0
2026-09-06T21:16:52.9785087+08:00 pid=67232 tid=1 word-undo-begin name=VisualTeX Insert Native OLE Display Formula recording=False level=0
2026-09-06T21:16:52.9785087+08:00 pid=67232 tid=1 word-undo-started name=VisualTeX Insert Native OLE Display Formula recording=True level=1
2026-09-06T21:16:53.0775090+08:00 pid=67232 tid=1 word-undo-end recording=True level=1
2026-09-06T21:16:53.0785073+08:00 pid=67232 tid=1 format-conversion-perf stage=insert-target formulaId=1730f793-02c8-4919-87e4-a80084efbe3d numbered=True deltaMs=102 totalMs=323
2026-09-06T21:16:53.0785073+08:00 pid=67232 tid=1 format-conversion-undo-state stage=after-target-insert document=文档20 recording=False level=0
2026-09-06T21:16:53.0785073+08:00 pid=67232 tid=1 format-conversion-bookmarked-visualtex-target-stable sourceFormulaId=1730f793-02c8-4919-87e4-a80084efbe3d formulaId=7c9de8d6-47ed-4a5c-bfb7-37f86e269a00 localAnchorRepair=False elapsedMs=0
2026-09-06T21:16:53.0795091+08:00 pid=67232 tid=1 format-conversion-direct-managed-omml-metadata-deleted formulaId=1730f793-02c8-4919-87e4-a80084efbe3d numbered=True
2026-09-06T21:16:53.0795091+08:00 pid=67232 tid=1 format-conversion-perf stage=verify-target formulaId=1730f793-02c8-4919-87e4-a80084efbe3d numbered=True deltaMs=2 totalMs=325
2026-09-06T21:16:53.0805072+08:00 pid=67232 tid=1 format-conversion-undo-state stage=before-source-delete document=文档20 recording=False level=0
2026-09-06T21:16:53.1106816+08:00 pid=67232 tid=1 format-conversion-perf stage=delete-source-host formulaId=d73b7218-516e-482b-be00-dbe61df8ad91 numbered=False deltaMs=30 totalMs=30
2026-09-06T21:16:53.1116787+08:00 pid=67232 tid=1 format-conversion-undo-state stage=after-source-delete document=文档20 recording=False level=0
2026-09-06T21:16:53.1116787+08:00 pid=67232 tid=1 word-undo-begin name=VisualTeX Insert Native OLE Inline Formula recording=False level=0
2026-09-06T21:16:53.1116787+08:00 pid=67232 tid=1 word-undo-started name=VisualTeX Insert Native OLE Inline Formula recording=True level=1
2026-09-06T21:16:53.1892135+08:00 pid=67232 tid=1 word-undo-end recording=True level=1
2026-09-06T21:16:53.1902142+08:00 pid=67232 tid=1 format-conversion-perf stage=insert-target formulaId=d73b7218-516e-482b-be00-dbe61df8ad91 numbered=False deltaMs=79 totalMs=109
2026-09-06T21:16:53.1902142+08:00 pid=67232 tid=1 format-conversion-undo-state stage=after-target-insert document=文档20 recording=False level=0
2026-09-06T21:16:53.1912268+08:00 pid=67232 tid=1 format-conversion-bookmarked-visualtex-target-stable sourceFormulaId=d73b7218-516e-482b-be00-dbe61df8ad91 formulaId=84ac559a-eb07-49d8-ade8-8b20148d69ad localAnchorRepair=False elapsedMs=0
2026-09-06T21:16:53.1912268+08:00 pid=67232 tid=1 format-conversion-perf stage=verify-target formulaId=d73b7218-516e-482b-be00-dbe61df8ad91 numbered=False deltaMs=2 totalMs=111
2026-09-06T21:16:53.1917326+08:00 pid=67232 tid=1 format-conversion-undo-state stage=before-source-delete document=文档20 recording=False level=0
2026-09-06T21:16:53.3204123+08:00 pid=67232 tid=1 format-conversion-direct-numbered-omml-delete formulaId=0ec1c649-fe26-4b96-8f09-563e9b5055b2 start=0
2026-09-06T21:16:53.3204123+08:00 pid=67232 tid=1 format-conversion-perf stage=delete-source-host formulaId=0ec1c649-fe26-4b96-8f09-563e9b5055b2 numbered=True deltaMs=129 totalMs=129
2026-09-06T21:16:53.3214142+08:00 pid=67232 tid=1 format-conversion-undo-state stage=after-source-delete document=文档20 recording=False level=0
2026-09-06T21:16:53.3214142+08:00 pid=67232 tid=1 word-undo-begin name=VisualTeX Insert Native OLE Display Formula recording=False level=0
2026-09-06T21:16:53.3214142+08:00 pid=67232 tid=1 word-undo-started name=VisualTeX Insert Native OLE Display Formula recording=True level=1
2026-09-06T21:16:53.3617363+08:00 pid=67232 tid=1 word-undo-end recording=True level=1
2026-09-06T21:16:53.3617363+08:00 pid=67232 tid=1 format-conversion-perf stage=insert-target formulaId=0ec1c649-fe26-4b96-8f09-563e9b5055b2 numbered=True deltaMs=41 totalMs=170
2026-09-06T21:16:53.3617363+08:00 pid=67232 tid=1 format-conversion-undo-state stage=after-target-insert document=文档20 recording=False level=0
2026-09-06T21:16:53.3627351+08:00 pid=67232 tid=1 format-conversion-bookmarked-visualtex-target-stable sourceFormulaId=0ec1c649-fe26-4b96-8f09-563e9b5055b2 formulaId=edc3f793-bf5a-4301-bba4-a3cd58df7149 localAnchorRepair=False elapsedMs=0
2026-09-06T21:16:53.3627351+08:00 pid=67232 tid=1 format-conversion-direct-managed-omml-metadata-deleted formulaId=0ec1c649-fe26-4b96-8f09-563e9b5055b2 numbered=True
2026-09-06T21:16:53.3627351+08:00 pid=67232 tid=1 format-conversion-perf stage=verify-target formulaId=0ec1c649-fe26-4b96-8f09-563e9b5055b2 numbered=True deltaMs=1 totalMs=171
2026-09-06T21:16:53.3637362+08:00 pid=67232 tid=1 format-conversion-finalize-perf stage=source-residual-check sourceMode=wordOmml targetMode=nativeOle deltaMs=0 totalMs=0
2026-09-06T21:16:53.3647379+08:00 pid=67232 tid=1 format-conversion-finalize-perf stage=target-count-check sourceMode=wordOmml targetMode=nativeOle deltaMs=1 totalMs=1
2026-09-06T21:16:53.3657379+08:00 pid=67232 tid=1 format-conversion-visualtex-numbering-inventory formulaId=edc3f793-bf5a-4301-bba4-a3cd58df7149 range=0:34 paragraph=0:35 numbered=True
2026-09-06T21:16:53.3667346+08:00 pid=67232 tid=1 format-conversion-visualtex-numbering-inventory formulaId=84ac559a-eb07-49d8-ade8-8b20148d69ad range=219:253 paragraph=207:254 numbered=False
2026-09-06T21:16:53.3667346+08:00 pid=67232 tid=1 format-conversion-visualtex-numbering-inventory formulaId=7c9de8d6-47ed-4a5c-bfb7-37f86e269a00 range=255:289 paragraph=255:290 numbered=True
2026-09-06T21:16:53.3677350+08:00 pid=67232 tid=1 format-conversion-visualtex-numbering-inventory formulaId=295373d4-a392-4d47-b9d1-cc972d57aaa6 range=291:325 paragraph=291:326 numbered=True
2026-09-06T21:16:53.3687346+08:00 pid=67232 tid=1 format-conversion-visualtex-numbering-inventory formulaId=be48dbbe-4468-41cc-9e47-d4b2446cd30c range=512:546 paragraph=512:547 numbered=True
2026-09-06T21:16:53.3687346+08:00 pid=67232 tid=1 format-conversion-visualtex-numbering-inventory formulaId=3f4ba960-b808-4225-b6dd-cde86fe5915e range=556:590 paragraph=556:591 numbered=True
2026-09-06T21:16:53.3697373+08:00 pid=67232 tid=1 format-conversion-visualtex-numbering-inventory formulaId=2751d040-239c-4108-aa86-e73546b23bb0 range=610:644 paragraph=610:645 numbered=True
2026-09-06T21:16:53.3697373+08:00 pid=67232 tid=1 format-conversion-visualtex-numbering-before-scaffold formulaId=2751d040-239c-4108-aa86-e73546b23bb0 frozenRange=visualtex-word-vsto-range:610:644 liveRange=610:644 paragraph=610:645
2026-09-06T21:16:53.4768818+08:00 pid=67232 tid=1 format-conversion-visualtex-numbering-before-scaffold formulaId=3f4ba960-b808-4225-b6dd-cde86fe5915e frozenRange=visualtex-word-vsto-range:556:590 liveRange=556:590 paragraph=556:591
2026-09-06T21:16:53.5998823+08:00 pid=67232 tid=1 format-conversion-visualtex-numbering-before-scaffold formulaId=be48dbbe-4468-41cc-9e47-d4b2446cd30c frozenRange=visualtex-word-vsto-range:512:546 liveRange=512:546 paragraph=512:547
2026-09-06T21:16:53.7164632+08:00 pid=67232 tid=1 format-conversion-visualtex-numbering-before-scaffold formulaId=295373d4-a392-4d47-b9d1-cc972d57aaa6 frozenRange=visualtex-word-vsto-range:291:325 liveRange=291:325 paragraph=291:326
2026-09-06T21:16:53.8475174+08:00 pid=67232 tid=1 format-conversion-visualtex-numbering-before-scaffold formulaId=7c9de8d6-47ed-4a5c-bfb7-37f86e269a00 frozenRange=visualtex-word-vsto-range:255:289 liveRange=255:289 paragraph=255:290
2026-09-06T21:16:53.9865545+08:00 pid=67232 tid=1 format-conversion-visualtex-numbering-before-scaffold formulaId=84ac559a-eb07-49d8-ade8-8b20148d69ad frozenRange=visualtex-word-vsto-range:219:253 liveRange=219:253 paragraph=207:254
2026-09-06T21:16:53.9865545+08:00 pid=67232 tid=1 format-conversion-visualtex-numbering-before-scaffold formulaId=edc3f793-bf5a-4301-bba4-a3cd58df7149 frozenRange=visualtex-word-vsto-range:0:34 liveRange=0:34 paragraph=0:35
2026-09-06T21:16:54.8433309+08:00 pid=67232 tid=1 format-conversion-numbering-visualtex-batch built=6 finalized=6
2026-09-06T21:16:54.8934837+08:00 pid=67232 tid=1 format-conversion-reference-aliases-restored sourceMode=wordOmml targetMode=nativeOle aliases=2 refreshedReferences=2 restoredFormatting=2
2026-09-06T21:16:54.9194828+08:00 pid=67232 tid=1 format-conversion-finalize-perf stage=numbering-reconcile sourceMode=wordOmml targetMode=nativeOle deltaMs=1555 totalMs=1556
2026-09-06T21:16:54.9364806+08:00 pid=67232 tid=1 format-conversion-finalize-perf stage=omml-fingerprint-refresh sourceMode=wordOmml targetMode=nativeOle deltaMs=17 totalMs=1573
2026-09-06T21:16:54.9434817+08:00 pid=67232 tid=1 format-conversion-transaction-completed targets=7
2026-09-06T21:16:54.9444822+08:00 pid=67232 tid=17 format-conversion-word-apply-finished sourceMode=wordOmml targetMode=nativeOle converted=7 failed=0
2026-09-06T21:16:54.9454807+08:00 pid=67232 tid=17 format-conversion-session-cleanup-start sessions=7
2026-09-06T21:16:54.9454807+08:00 pid=67232 tid=17 format-conversion-complete source=OMML target=VisualTeX converted=7 failed=0
2026-09-06T21:16:54.9484812+08:00 pid=67232 tid=18 format-conversion-session-cleanup-complete sessions=7
2026-09-06T21:17:07.5781341+08:00 pid=67232 tid=1 format-conversion-start sourceMode=nativeOle targetMode=mathTypeOle wholeDocument=True
2026-09-06T21:17:07.5791340+08:00 pid=67232 tid=1 format-conversion-plan-perf stage=shape-access source=nativeOle index=1/7 deltaMs=0 totalMs=0
2026-09-06T21:17:07.5801343+08:00 pid=67232 tid=1 format-conversion-plan-perf stage=shape-range source=nativeOle index=1/7 deltaMs=0 totalMs=0
2026-09-06T21:17:07.6021343+08:00 pid=67232 tid=1 format-conversion-plan-perf stage=target-added source=nativeOle index=1/7 deltaMs=21 totalMs=21
2026-09-06T21:17:07.6031352+08:00 pid=67232 tid=1 format-conversion-plan-perf stage=shape-access source=nativeOle index=2/7 deltaMs=0 totalMs=0
2026-09-06T21:17:07.6051353+08:00 pid=67232 tid=1 format-conversion-plan-perf stage=shape-range source=nativeOle index=2/7 deltaMs=2 totalMs=2
2026-09-06T21:17:07.6201346+08:00 pid=67232 tid=1 format-conversion-plan-perf stage=target-added source=nativeOle index=2/7 deltaMs=15 totalMs=17
2026-09-06T21:17:07.6211340+08:00 pid=67232 tid=1 format-conversion-plan-perf stage=shape-access source=nativeOle index=3/7 deltaMs=0 totalMs=0
2026-09-06T21:17:07.6221342+08:00 pid=67232 tid=1 format-conversion-plan-perf stage=shape-range source=nativeOle index=3/7 deltaMs=0 totalMs=0
2026-09-06T21:17:07.6498122+08:00 pid=67232 tid=1 format-conversion-plan-perf stage=target-added source=nativeOle index=3/7 deltaMs=29 totalMs=29
2026-09-06T21:17:07.6508122+08:00 pid=67232 tid=1 format-conversion-plan-perf stage=shape-access source=nativeOle index=4/7 deltaMs=0 totalMs=0
2026-09-06T21:17:07.6518120+08:00 pid=67232 tid=1 format-conversion-plan-perf stage=shape-range source=nativeOle index=4/7 deltaMs=0 totalMs=0
2026-09-06T21:17:07.6808121+08:00 pid=67232 tid=1 format-conversion-plan-perf stage=target-added source=nativeOle index=4/7 deltaMs=30 totalMs=30
2026-09-06T21:17:07.6818122+08:00 pid=67232 tid=1 format-conversion-plan-perf stage=shape-access source=nativeOle index=5/7 deltaMs=0 totalMs=0
2026-09-06T21:17:07.6828120+08:00 pid=67232 tid=1 format-conversion-plan-perf stage=shape-range source=nativeOle index=5/7 deltaMs=0 totalMs=0
2026-09-06T21:17:07.7103726+08:00 pid=67232 tid=1 format-conversion-plan-perf stage=target-added source=nativeOle index=5/7 deltaMs=28 totalMs=28
2026-09-06T21:17:07.7113726+08:00 pid=67232 tid=1 format-conversion-plan-perf stage=shape-access source=nativeOle index=6/7 deltaMs=0 totalMs=0
2026-09-06T21:17:07.7123727+08:00 pid=67232 tid=1 format-conversion-plan-perf stage=shape-range source=nativeOle index=6/7 deltaMs=0 totalMs=0
2026-09-06T21:17:07.7442885+08:00 pid=67232 tid=1 format-conversion-plan-perf stage=target-added source=nativeOle index=6/7 deltaMs=33 totalMs=33
2026-09-06T21:17:07.7452854+08:00 pid=67232 tid=1 format-conversion-plan-perf stage=shape-access source=nativeOle index=7/7 deltaMs=0 totalMs=0
2026-09-06T21:17:07.7462853+08:00 pid=67232 tid=1 format-conversion-plan-perf stage=shape-range source=nativeOle index=7/7 deltaMs=0 totalMs=0
2026-09-06T21:17:07.7778511+08:00 pid=67232 tid=1 format-conversion-plan-perf stage=target-added source=nativeOle index=7/7 deltaMs=33 totalMs=33
2026-09-06T21:17:07.7788510+08:00 pid=67232 tid=1 format-conversion-plan sourceMode=nativeOle targetMode=mathTypeOle targets=7
2026-09-06T21:17:12.9228983+08:00 pid=67232 tid=1 bulk-import converter-create display=block mode=mathTypeOle latex=a^{2}+b^{2}=c^{2}
2026-09-06T21:17:12.9268985+08:00 pid=67232 tid=13 bulk-import converter-created sessionId=a5d3aaa6-fd3d-4eb8-b631-8f64b9cb6029
2026-09-06T21:17:12.9278993+08:00 pid=67232 tid=13 bulk-import converter-create display=inline mode=mathTypeOle latex=\sqrt{E-u(x)}=\frac{1}{f(\omega )v_{ph}(\omega ,x)}
2026-09-06T21:17:12.9308988+08:00 pid=67232 tid=20 bulk-import converter-created sessionId=2653fd9a-f5fb-4d4e-b1f3-b7a4cd2aeaba
2026-09-06T21:17:12.9318997+08:00 pid=67232 tid=20 bulk-import converter-create display=block mode=mathTypeOle latex=\left\{ \begin{matrix}\frac{\mathrm{d}}{\mathrm{d}\omega }(\omega f(\omega ))=0 \\ \frac{\omega f(\omega )}{2}\frac{\mathrm{d}E(\omega )}{\mathrm{d}\omega }=\sqrt{\frac{m}{2}}\end{matrix}\right.
2026-09-06T21:17:12.9349001+08:00 pid=67232 tid=13 bulk-import converter-created sessionId=0197c311-2e14-42f0-8827-086a72b20d00
2026-09-06T21:17:12.9358994+08:00 pid=67232 tid=13 bulk-import converter-create display=block mode=mathTypeOle latex=E=mc^{2}
2026-09-06T21:17:12.9408995+08:00 pid=67232 tid=20 bulk-import converter-created sessionId=d3425c8c-d985-490e-b22f-7b18e16732d3
2026-09-06T21:17:12.9419003+08:00 pid=67232 tid=20 bulk-import converter-create display=block mode=mathTypeOle latex=i\hbar \frac{\partial }{\partial t}\psi (\mathbf{r},t)=[-\frac{\hbar^{2}}{2m}\nabla^{2}+V(\mathbf{r},t)]\psi (\mathbf{r},t)
2026-09-06T21:17:12.9458986+08:00 pid=67232 tid=13 bulk-import converter-created sessionId=a1b99527-70ed-4379-9ef6-996aec13f069
2026-09-06T21:17:12.9468991+08:00 pid=67232 tid=13 bulk-import converter-create display=block mode=mathTypeOle latex=\frac{\partial }{\partial t}\psi^{\ast}(\vec{r})\psi (\vec{r})=\frac{i\hbar }{2m}\nabla \cdot [\psi^{\ast}(\vec{r})\nabla \psi (\vec{r})-\psi (\vec{r})\nabla \psi^{\ast}(r)]
2026-09-06T21:17:12.9499003+08:00 pid=67232 tid=20 bulk-import converter-created sessionId=3dca80eb-0d7f-4529-8a65-ce8228db13a6
2026-09-06T21:17:12.9509418+08:00 pid=67232 tid=20 bulk-import converter-create display=block mode=mathTypeOle latex=\frac{\partial }{\partial t}\rho (\vec{r},t)+\nabla \cdot \vec{j}=0
2026-09-06T21:17:12.9544589+08:00 pid=67232 tid=13 bulk-import converter-created sessionId=cbd313b7-e304-4a1a-8b3a-8fd629d2cf43
2026-09-06T21:17:12.9544589+08:00 pid=67232 tid=13 format-conversion-render-start sourceMode=nativeOle targetMode=mathTypeOle sessions=7
2026-09-06T21:17:13.0090154+08:00 pid=67232 tid=20 format-conversion-rendered sourceMode=nativeOle targetMode=mathTypeOle sessionId=a5d3aaa6-fd3d-4eb8-b631-8f64b9cb6029 status=committing
2026-09-06T21:17:13.0271719+08:00 pid=67232 tid=13 format-conversion-rendered sourceMode=nativeOle targetMode=mathTypeOle sessionId=2653fd9a-f5fb-4d4e-b1f3-b7a4cd2aeaba status=committing
2026-09-06T21:17:13.0483598+08:00 pid=67232 tid=20 format-conversion-rendered sourceMode=nativeOle targetMode=mathTypeOle sessionId=0197c311-2e14-42f0-8827-086a72b20d00 status=committing
2026-09-06T21:17:13.0613602+08:00 pid=67232 tid=13 format-conversion-rendered sourceMode=nativeOle targetMode=mathTypeOle sessionId=d3425c8c-d985-490e-b22f-7b18e16732d3 status=committing
2026-09-06T21:17:13.0835505+08:00 pid=67232 tid=20 format-conversion-rendered sourceMode=nativeOle targetMode=mathTypeOle sessionId=a1b99527-70ed-4379-9ef6-996aec13f069 status=committing
2026-09-06T21:17:13.1061397+08:00 pid=67232 tid=13 format-conversion-rendered sourceMode=nativeOle targetMode=mathTypeOle sessionId=3dca80eb-0d7f-4529-8a65-ce8228db13a6 status=committing
2026-09-06T21:17:13.1190521+08:00 pid=67232 tid=20 format-conversion-rendered sourceMode=nativeOle targetMode=mathTypeOle sessionId=cbd313b7-e304-4a1a-8b3a-8fd629d2cf43 status=committing
2026-09-06T21:17:13.4021315+08:00 pid=67232 tid=20 format-conversion-native-preview-batch-complete formulas=7 elapsedMs=281
2026-09-06T21:17:13.4021315+08:00 pid=67232 tid=20 format-conversion-word-apply-start sourceMode=nativeOle targetMode=mathTypeOle targets=7
2026-09-06T21:17:13.4658349+08:00 pid=67232 tid=1 format-conversion-runtime assembly=C:\Users\pojian_liao\AppData\Local\VisualTeX\office\remediation-builds\55F87EA2A4B02F33A386CFFEAF03DA97096FC3A716A6E56CB3F3EC4DA7E1AFA1\VisualTeX.WordVsto.dll source=nativeOle target=mathTypeOle targetIsVisualTeX=False targetIsMathType=True
2026-09-06T21:17:13.7905572+08:00 pid=67232 tid=1 format-conversion-reference-aliases-captured sourceMode=nativeOle formulaId=edc3f793-bf5a-4301-bba4-a3cd58df7149 aliases=VTEqNum_f587c633ce054b7da6e1629c0d1eb418
2026-09-06T21:17:13.8205571+08:00 pid=67232 tid=1 format-conversion-reference-aliases-captured sourceMode=nativeOle formulaId=295373d4-a392-4d47-b9d1-cc972d57aaa6 aliases=VTEqNum_5826ff41013246e9899397642ca91acf
2026-09-06T21:17:13.9675553+08:00 pid=67232 tid=1 format-conversion-heading-scope-cache format=heading2-dash formulas=6 scopes=2
2026-09-06T21:17:45.2878249+08:00 pid=67232 tid=1 word-undo-begin name=VisualTeX Convert Formula Format recording=False level=0
2026-09-06T21:17:45.2888259+08:00 pid=67232 tid=1 word-undo-started name=VisualTeX Convert Formula Format recording=True level=1
2026-09-06T21:17:45.2898254+08:00 pid=67232 tid=1 format-conversion-undo-state stage=before-preferences document=文档20 recording=True level=1
2026-09-06T21:17:45.2908249+08:00 pid=67232 tid=1 format-conversion-transaction-start targets=7
2026-09-06T21:17:45.2918250+08:00 pid=67232 tid=1 format-conversion-undo-state stage=after-preferences document=文档20 recording=True level=1
2026-09-06T21:17:45.2918250+08:00 pid=67232 tid=1 format-conversion-undo-state stage=before-source-delete document=文档20 recording=True level=1
2026-09-06T21:17:45.3863769+08:00 pid=67232 tid=1 formula-to-latex-visualtex-paragraph-replaced formulaId=2751d040-239c-4108-aa86-e73546b23bb0 range=1222:1293
2026-09-06T21:17:45.3883769+08:00 pid=67232 tid=1 format-conversion-perf stage=delete-source-host formulaId=2751d040-239c-4108-aa86-e73546b23bb0 numbered=True deltaMs=96 totalMs=96
2026-09-06T21:17:45.3893768+08:00 pid=67232 tid=1 format-conversion-undo-state stage=after-source-delete document=文档20 recording=True level=1
2026-09-06T21:17:45.4113768+08:00 pid=67232 tid=1 word-undo-begin name=VisualTeX Insert MathType OLE Numbered Display Formula recording=True level=1
2026-09-06T21:17:45.4153795+08:00 pid=67232 tid=1 mathtype-insert-perf stage=resolve-insertion numbered=True inline=False deltaMs=4 totalMs=4
2026-09-06T21:17:45.4153795+08:00 pid=67232 tid=1 mathtype-insert-perf stage=clear-incomplete-number-row numbered=True inline=False deltaMs=0 totalMs=4
2026-09-06T21:17:45.4163770+08:00 pid=67232 tid=1 mathtype-insert-perf stage=number-template-heading-state numbered=True inline=False deltaMs=1 totalMs=5
2026-09-06T21:17:45.4173769+08:00 pid=67232 tid=1 mathtype-insert-perf stage=prepare-display-row numbered=True inline=False deltaMs=1 totalMs=6
2026-09-06T21:17:45.4223772+08:00 pid=67232 tid=1 mathtype-insert-perf stage=build-flat-opc numbered=True inline=False deltaMs=5 totalMs=11
2026-09-06T21:17:45.4233768+08:00 pid=67232 tid=1 mathtype-insert-perf stage=pre-insert-bookkeeping numbered=True inline=False deltaMs=1 totalMs=12
2026-09-06T21:17:45.4689312+08:00 pid=67232 tid=1 mathtype-insert-perf stage=insert-flat-opc numbered=True inline=False deltaMs=46 totalMs=58
2026-09-06T21:17:45.4699312+08:00 pid=67232 tid=1 mathtype-insert-perf stage=resolve-new-shape numbered=True inline=False deltaMs=0 totalMs=58
2026-09-06T21:17:45.4709311+08:00 pid=67232 tid=1 mathtype-insert-perf stage=set-shape-geometry numbered=True inline=False deltaMs=2 totalMs=60
2026-09-06T21:17:45.4719313+08:00 pid=67232 tid=1 mathtype-insert-perf stage=repair-inline-paragraph numbered=True inline=False deltaMs=0 totalMs=60
2026-09-06T21:17:45.4719313+08:00 pid=67232 tid=1 mathtype-insert-perf stage=refresh-native-shape numbered=True inline=False deltaMs=0 totalMs=60
2026-09-06T21:17:45.4839310+08:00 pid=67232 tid=1 mathtype-insert-perf stage=bind-created-object-identity numbered=True inline=False deltaMs=12 totalMs=72
2026-09-06T21:17:45.4839310+08:00 pid=67232 tid=1 mathtype-insert-perf stage=complete numbered=True inline=False deltaMs=0 totalMs=72
2026-09-06T21:17:45.4839310+08:00 pid=67232 tid=1 format-conversion-perf stage=insert-target formulaId=2751d040-239c-4108-aa86-e73546b23bb0 numbered=True deltaMs=96 totalMs=192
2026-09-06T21:17:45.4839310+08:00 pid=67232 tid=1 format-conversion-undo-state stage=after-target-insert document=文档20 recording=True level=1
2026-09-06T21:17:45.4849311+08:00 pid=67232 tid=1 format-conversion-bookmarked-target-stable formulaId=2751d040-239c-4108-aa86-e73546b23bb0 bookmark=VTMT_a74bfaffba4a4fcdb35d78ab9f3e2b1d range=1223:1249 elapsedMs=0
2026-09-06T21:17:45.4859310+08:00 pid=67232 tid=1 format-conversion-perf stage=verify-target formulaId=2751d040-239c-4108-aa86-e73546b23bb0 numbered=True deltaMs=1 totalMs=193
2026-09-06T21:17:45.4859310+08:00 pid=67232 tid=1 format-conversion-undo-state stage=before-source-delete document=文档20 recording=True level=1
2026-09-06T21:17:45.5775789+08:00 pid=67232 tid=1 formula-to-latex-visualtex-paragraph-replaced formulaId=3f4ba960-b808-4225-b6dd-cde86fe5915e range=1045:1222
2026-09-06T21:17:45.5845787+08:00 pid=67232 tid=1 format-conversion-perf stage=delete-source-host formulaId=3f4ba960-b808-4225-b6dd-cde86fe5915e numbered=True deltaMs=97 totalMs=97
2026-09-06T21:17:45.5845787+08:00 pid=67232 tid=1 format-conversion-undo-state stage=after-source-delete document=文档20 recording=True level=1
2026-09-06T21:17:45.6065803+08:00 pid=67232 tid=1 word-undo-begin name=VisualTeX Insert MathType OLE Numbered Display Formula recording=True level=1
2026-09-06T21:17:45.6125801+08:00 pid=67232 tid=1 mathtype-insert-perf stage=resolve-insertion numbered=True inline=False deltaMs=6 totalMs=6
2026-09-06T21:17:45.6125801+08:00 pid=67232 tid=1 mathtype-insert-perf stage=clear-incomplete-number-row numbered=True inline=False deltaMs=0 totalMs=6
2026-09-06T21:17:45.6135800+08:00 pid=67232 tid=1 mathtype-insert-perf stage=number-template-heading-state numbered=True inline=False deltaMs=0 totalMs=6
2026-09-06T21:17:45.6135800+08:00 pid=67232 tid=1 mathtype-insert-perf stage=prepare-display-row numbered=True inline=False deltaMs=1 totalMs=7
2026-09-06T21:17:45.6205830+08:00 pid=67232 tid=1 mathtype-insert-perf stage=build-flat-opc numbered=True inline=False deltaMs=6 totalMs=13
2026-09-06T21:17:45.6205830+08:00 pid=67232 tid=1 mathtype-insert-perf stage=pre-insert-bookkeeping numbered=True inline=False deltaMs=0 totalMs=13
2026-09-06T21:17:45.6595801+08:00 pid=67232 tid=1 mathtype-insert-perf stage=insert-flat-opc numbered=True inline=False deltaMs=40 totalMs=53
2026-09-06T21:17:45.6605827+08:00 pid=67232 tid=1 mathtype-insert-perf stage=resolve-new-shape numbered=True inline=False deltaMs=1 totalMs=54
2026-09-06T21:17:45.6625802+08:00 pid=67232 tid=1 mathtype-insert-perf stage=set-shape-geometry numbered=True inline=False deltaMs=2 totalMs=56
2026-09-06T21:17:45.6635801+08:00 pid=67232 tid=1 mathtype-insert-perf stage=repair-inline-paragraph numbered=True inline=False deltaMs=0 totalMs=56
2026-09-06T21:17:45.6635801+08:00 pid=67232 tid=1 mathtype-insert-perf stage=refresh-native-shape numbered=True inline=False deltaMs=1 totalMs=57
2026-09-06T21:17:45.6735800+08:00 pid=67232 tid=1 mathtype-insert-perf stage=bind-created-object-identity numbered=True inline=False deltaMs=10 totalMs=67
2026-09-06T21:17:45.6745800+08:00 pid=67232 tid=1 mathtype-insert-perf stage=complete numbered=True inline=False deltaMs=0 totalMs=67
2026-09-06T21:17:45.6745800+08:00 pid=67232 tid=1 format-conversion-perf stage=insert-target formulaId=3f4ba960-b808-4225-b6dd-cde86fe5915e numbered=True deltaMs=91 totalMs=188
2026-09-06T21:17:45.6745800+08:00 pid=67232 tid=1 format-conversion-undo-state stage=after-target-insert document=文档20 recording=True level=1
2026-09-06T21:17:45.6755800+08:00 pid=67232 tid=1 format-conversion-bookmarked-target-stable formulaId=3f4ba960-b808-4225-b6dd-cde86fe5915e bookmark=VTMT_a5d926e392414261b35e4ee4bab5e4fa range=1046:1072 elapsedMs=0
2026-09-06T21:17:45.6765800+08:00 pid=67232 tid=1 format-conversion-perf stage=verify-target formulaId=3f4ba960-b808-4225-b6dd-cde86fe5915e numbered=True deltaMs=2 totalMs=190
2026-09-06T21:17:45.6765800+08:00 pid=67232 tid=1 format-conversion-undo-state stage=before-source-delete document=文档20 recording=True level=1
2026-09-06T21:17:45.7536587+08:00 pid=67232 tid=1 formula-to-latex-visualtex-paragraph-replaced formulaId=be48dbbe-4468-41cc-9e47-d4b2446cd30c range=878:1005
2026-09-06T21:17:45.7586587+08:00 pid=67232 tid=1 format-conversion-perf stage=delete-source-host formulaId=be48dbbe-4468-41cc-9e47-d4b2446cd30c numbered=True deltaMs=81 totalMs=81
2026-09-06T21:17:45.7586587+08:00 pid=67232 tid=1 format-conversion-undo-state stage=after-source-delete document=文档20 recording=True level=1
2026-09-06T21:17:45.7804237+08:00 pid=67232 tid=1 word-undo-begin name=VisualTeX Insert MathType OLE Numbered Display Formula recording=True level=1
2026-09-06T21:17:45.7864235+08:00 pid=67232 tid=1 mathtype-insert-perf stage=resolve-insertion numbered=True inline=False deltaMs=5 totalMs=5
2026-09-06T21:17:45.7864235+08:00 pid=67232 tid=1 mathtype-insert-perf stage=clear-incomplete-number-row numbered=True inline=False deltaMs=0 totalMs=5
2026-09-06T21:17:45.7864235+08:00 pid=67232 tid=1 mathtype-insert-perf stage=number-template-heading-state numbered=True inline=False deltaMs=1 totalMs=6
2026-09-06T21:17:45.7874237+08:00 pid=67232 tid=1 mathtype-insert-perf stage=prepare-display-row numbered=True inline=False deltaMs=0 totalMs=6
2026-09-06T21:17:45.7934242+08:00 pid=67232 tid=1 mathtype-insert-perf stage=build-flat-opc numbered=True inline=False deltaMs=6 totalMs=12
2026-09-06T21:17:45.7934242+08:00 pid=67232 tid=1 mathtype-insert-perf stage=pre-insert-bookkeeping numbered=True inline=False deltaMs=0 totalMs=12
2026-09-06T21:17:45.8294236+08:00 pid=67232 tid=1 mathtype-insert-perf stage=insert-flat-opc numbered=True inline=False deltaMs=36 totalMs=48
2026-09-06T21:17:45.8294236+08:00 pid=67232 tid=1 mathtype-insert-perf stage=resolve-new-shape numbered=True inline=False deltaMs=1 totalMs=49
2026-09-06T21:17:45.8314239+08:00 pid=67232 tid=1 mathtype-insert-perf stage=set-shape-geometry numbered=True inline=False deltaMs=1 totalMs=50
2026-09-06T21:17:45.8314239+08:00 pid=67232 tid=1 mathtype-insert-perf stage=repair-inline-paragraph numbered=True inline=False deltaMs=0 totalMs=50
2026-09-06T21:17:45.8324235+08:00 pid=67232 tid=1 mathtype-insert-perf stage=refresh-native-shape numbered=True inline=False deltaMs=1 totalMs=51
2026-09-06T21:17:45.8414237+08:00 pid=67232 tid=1 mathtype-insert-perf stage=bind-created-object-identity numbered=True inline=False deltaMs=9 totalMs=60
2026-09-06T21:17:45.8414237+08:00 pid=67232 tid=1 mathtype-insert-perf stage=complete numbered=True inline=False deltaMs=0 totalMs=60
2026-09-06T21:17:45.8424247+08:00 pid=67232 tid=1 format-conversion-perf stage=insert-target formulaId=be48dbbe-4468-41cc-9e47-d4b2446cd30c numbered=True deltaMs=84 totalMs=165
2026-09-06T21:17:45.8424247+08:00 pid=67232 tid=1 format-conversion-undo-state stage=after-target-insert document=文档20 recording=True level=1
2026-09-06T21:17:45.8434240+08:00 pid=67232 tid=1 format-conversion-bookmarked-target-stable formulaId=be48dbbe-4468-41cc-9e47-d4b2446cd30c bookmark=VTMT_cb546d6b70704f83a05ae7af236a3f7c range=879:905 elapsedMs=0
2026-09-06T21:17:45.8444264+08:00 pid=67232 tid=1 format-conversion-perf stage=verify-target formulaId=be48dbbe-4468-41cc-9e47-d4b2446cd30c numbered=True deltaMs=2 totalMs=167
2026-09-06T21:17:45.8454239+08:00 pid=67232 tid=1 format-conversion-undo-state stage=before-source-delete document=文档20 recording=True level=1
2026-09-06T21:17:45.8998742+08:00 pid=67232 tid=1 formula-to-latex-visualtex-paragraph-replaced formulaId=295373d4-a392-4d47-b9d1-cc972d57aaa6 range=534:546
2026-09-06T21:17:45.9058749+08:00 pid=67232 tid=1 format-conversion-perf stage=delete-source-host formulaId=295373d4-a392-4d47-b9d1-cc972d57aaa6 numbered=True deltaMs=60 totalMs=60
2026-09-06T21:17:45.9068742+08:00 pid=67232 tid=1 format-conversion-undo-state stage=after-source-delete document=文档20 recording=True level=1
2026-09-06T21:17:45.9291528+08:00 pid=67232 tid=1 word-undo-begin name=VisualTeX Insert MathType OLE Numbered Display Formula recording=True level=1
2026-09-06T21:17:45.9351528+08:00 pid=67232 tid=1 mathtype-insert-perf stage=resolve-insertion numbered=True inline=False deltaMs=5 totalMs=5
2026-09-06T21:17:45.9361528+08:00 pid=67232 tid=1 mathtype-insert-perf stage=clear-incomplete-number-row numbered=True inline=False deltaMs=1 totalMs=6
2026-09-06T21:17:45.9361528+08:00 pid=67232 tid=1 mathtype-insert-perf stage=number-template-heading-state numbered=True inline=False deltaMs=0 totalMs=6
2026-09-06T21:17:45.9371539+08:00 pid=67232 tid=1 mathtype-insert-perf stage=prepare-display-row numbered=True inline=False deltaMs=1 totalMs=7
2026-09-06T21:17:45.9434630+08:00 pid=67232 tid=1 mathtype-insert-perf stage=build-flat-opc numbered=True inline=False deltaMs=6 totalMs=13
2026-09-06T21:17:45.9434630+08:00 pid=67232 tid=1 mathtype-insert-perf stage=pre-insert-bookkeeping numbered=True inline=False deltaMs=0 totalMs=13
2026-09-06T21:17:45.9775032+08:00 pid=67232 tid=1 mathtype-insert-perf stage=insert-flat-opc numbered=True inline=False deltaMs=35 totalMs=48
2026-09-06T21:17:45.9785028+08:00 pid=67232 tid=1 mathtype-insert-perf stage=resolve-new-shape numbered=True inline=False deltaMs=0 totalMs=48
2026-09-06T21:17:45.9795027+08:00 pid=67232 tid=1 mathtype-insert-perf stage=set-shape-geometry numbered=True inline=False deltaMs=2 totalMs=50
2026-09-06T21:17:45.9795027+08:00 pid=67232 tid=1 mathtype-insert-perf stage=repair-inline-paragraph numbered=True inline=False deltaMs=0 totalMs=50
2026-09-06T21:17:45.9805026+08:00 pid=67232 tid=1 mathtype-insert-perf stage=refresh-native-shape numbered=True inline=False deltaMs=0 totalMs=50
2026-09-06T21:17:45.9905032+08:00 pid=67232 tid=1 mathtype-insert-perf stage=bind-created-object-identity numbered=True inline=False deltaMs=11 totalMs=61
2026-09-06T21:17:45.9915027+08:00 pid=67232 tid=1 mathtype-insert-perf stage=complete numbered=True inline=False deltaMs=0 totalMs=61
2026-09-06T21:17:45.9915027+08:00 pid=67232 tid=1 format-conversion-perf stage=insert-target formulaId=295373d4-a392-4d47-b9d1-cc972d57aaa6 numbered=True deltaMs=86 totalMs=146
2026-09-06T21:17:45.9915027+08:00 pid=67232 tid=1 format-conversion-undo-state stage=after-target-insert document=文档20 recording=True level=1
2026-09-06T21:17:45.9945027+08:00 pid=67232 tid=1 format-conversion-bookmarked-target-stable formulaId=295373d4-a392-4d47-b9d1-cc972d57aaa6 bookmark=VTMT_8637c4ef934c439ea1be22c3a1219cfc range=535:561 elapsedMs=0
2026-09-06T21:17:45.9955051+08:00 pid=67232 tid=1 format-conversion-perf stage=verify-target formulaId=295373d4-a392-4d47-b9d1-cc972d57aaa6 numbered=True deltaMs=4 totalMs=150
2026-09-06T21:17:45.9965027+08:00 pid=67232 tid=1 format-conversion-undo-state stage=before-source-delete document=文档20 recording=True level=1
2026-09-06T21:17:46.0765025+08:00 pid=67232 tid=1 formula-to-latex-visualtex-paragraph-replaced formulaId=7c9de8d6-47ed-4a5c-bfb7-37f86e269a00 range=375:573
2026-09-06T21:17:46.0835027+08:00 pid=67232 tid=1 format-conversion-perf stage=delete-source-host formulaId=7c9de8d6-47ed-4a5c-bfb7-37f86e269a00 numbered=True deltaMs=87 totalMs=87
2026-09-06T21:17:46.0845026+08:00 pid=67232 tid=1 format-conversion-undo-state stage=after-source-delete document=文档20 recording=True level=1
2026-09-06T21:17:46.1080880+08:00 pid=67232 tid=1 word-undo-begin name=VisualTeX Insert MathType OLE Numbered Display Formula recording=True level=1
2026-09-06T21:17:46.1143186+08:00 pid=67232 tid=1 mathtype-insert-perf stage=resolve-insertion numbered=True inline=False deltaMs=6 totalMs=6
2026-09-06T21:17:46.1143186+08:00 pid=67232 tid=1 mathtype-insert-perf stage=clear-incomplete-number-row numbered=True inline=False deltaMs=1 totalMs=7
2026-09-06T21:17:46.1153240+08:00 pid=67232 tid=1 mathtype-insert-perf stage=number-template-heading-state numbered=True inline=False deltaMs=0 totalMs=7
2026-09-06T21:17:46.1153240+08:00 pid=67232 tid=1 mathtype-insert-perf stage=prepare-display-row numbered=True inline=False deltaMs=1 totalMs=8
2026-09-06T21:17:46.1213240+08:00 pid=67232 tid=1 mathtype-insert-perf stage=build-flat-opc numbered=True inline=False deltaMs=6 totalMs=14
2026-09-06T21:17:46.1223244+08:00 pid=67232 tid=1 mathtype-insert-perf stage=pre-insert-bookkeeping numbered=True inline=False deltaMs=0 totalMs=14
2026-09-06T21:17:46.1613239+08:00 pid=67232 tid=1 mathtype-insert-perf stage=insert-flat-opc numbered=True inline=False deltaMs=39 totalMs=53
2026-09-06T21:17:46.1623241+08:00 pid=67232 tid=1 mathtype-insert-perf stage=resolve-new-shape numbered=True inline=False deltaMs=1 totalMs=54
2026-09-06T21:17:46.1643240+08:00 pid=67232 tid=1 mathtype-insert-perf stage=set-shape-geometry numbered=True inline=False deltaMs=2 totalMs=56
2026-09-06T21:17:46.1643240+08:00 pid=67232 tid=1 mathtype-insert-perf stage=repair-inline-paragraph numbered=True inline=False deltaMs=0 totalMs=56
2026-09-06T21:17:46.1653245+08:00 pid=67232 tid=1 mathtype-insert-perf stage=refresh-native-shape numbered=True inline=False deltaMs=1 totalMs=57
2026-09-06T21:17:46.1753240+08:00 pid=67232 tid=1 mathtype-insert-perf stage=bind-created-object-identity numbered=True inline=False deltaMs=10 totalMs=67
2026-09-06T21:17:46.1753240+08:00 pid=67232 tid=1 mathtype-insert-perf stage=complete numbered=True inline=False deltaMs=0 totalMs=67
2026-09-06T21:17:46.1763239+08:00 pid=67232 tid=1 format-conversion-perf stage=insert-target formulaId=7c9de8d6-47ed-4a5c-bfb7-37f86e269a00 numbered=True deltaMs=92 totalMs=179
2026-09-06T21:17:46.1763239+08:00 pid=67232 tid=1 format-conversion-undo-state stage=after-target-insert document=文档20 recording=True level=1
2026-09-06T21:17:46.1783240+08:00 pid=67232 tid=1 format-conversion-bookmarked-target-stable formulaId=7c9de8d6-47ed-4a5c-bfb7-37f86e269a00 bookmark=VTMT_c7dede7c547c44eaa8515c3db0569ae7 range=376:402 elapsedMs=0
2026-09-06T21:17:46.1813240+08:00 pid=67232 tid=1 format-conversion-perf stage=verify-target formulaId=7c9de8d6-47ed-4a5c-bfb7-37f86e269a00 numbered=True deltaMs=5 totalMs=184
2026-09-06T21:17:46.1813240+08:00 pid=67232 tid=1 format-conversion-undo-state stage=before-source-delete document=文档20 recording=True level=1
2026-09-06T21:17:46.2022147+08:00 pid=67232 tid=1 format-conversion-perf stage=delete-source-host formulaId=84ac559a-eb07-49d8-ade8-8b20148d69ad numbered=False deltaMs=20 totalMs=20
2026-09-06T21:17:46.2032161+08:00 pid=67232 tid=1 format-conversion-undo-state stage=after-source-delete document=文档20 recording=True level=1
2026-09-06T21:17:46.2364532+08:00 pid=67232 tid=1 word-undo-begin name=VisualTeX Insert MathType OLE Inline Formula recording=True level=1
2026-09-06T21:17:46.2434558+08:00 pid=67232 tid=1 mathtype-insert-perf stage=resolve-insertion numbered=False inline=True deltaMs=6 totalMs=6
2026-09-06T21:17:46.2504536+08:00 pid=67232 tid=1 mathtype-insert-perf stage=build-flat-opc numbered=False inline=True deltaMs=7 totalMs=13
2026-09-06T21:17:46.2504536+08:00 pid=67232 tid=1 mathtype-insert-perf stage=pre-insert-bookkeeping numbered=False inline=True deltaMs=1 totalMs=14
2026-09-06T21:17:46.2914542+08:00 pid=67232 tid=1 mathtype-insert-perf stage=insert-flat-opc numbered=False inline=True deltaMs=41 totalMs=55
2026-09-06T21:17:46.2924546+08:00 pid=67232 tid=1 mathtype-insert-perf stage=resolve-new-shape numbered=False inline=True deltaMs=1 totalMs=56
2026-09-06T21:17:46.2944538+08:00 pid=67232 tid=1 mathtype-insert-perf stage=set-shape-geometry numbered=False inline=True deltaMs=2 totalMs=58
2026-09-06T21:17:46.3014535+08:00 pid=67232 tid=1 mathtype-insert-perf stage=repair-inline-paragraph numbered=False inline=True deltaMs=6 totalMs=64
2026-09-06T21:17:46.3024542+08:00 pid=67232 tid=1 mathtype-insert-perf stage=refresh-native-shape numbered=False inline=True deltaMs=1 totalMs=65
2026-09-06T21:17:46.3037500+08:00 pid=67232 tid=1 mathtype-insert-perf stage=set-native-baseline numbered=False inline=True deltaMs=1 totalMs=66
2026-09-06T21:17:46.3063390+08:00 pid=67232 tid=1 mathtype-insert-perf stage=restore-typing-baseline numbered=False inline=True deltaMs=3 totalMs=69
2026-09-06T21:17:46.3073797+08:00 pid=67232 tid=1 mathtype-insert-perf stage=bind-created-object-identity numbered=False inline=True deltaMs=1 totalMs=70
2026-09-06T21:17:46.3078830+08:00 pid=67232 tid=1 mathtype-insert-perf stage=complete numbered=False inline=True deltaMs=0 totalMs=70
2026-09-06T21:17:46.3079042+08:00 pid=67232 tid=1 format-conversion-perf stage=insert-target formulaId=84ac559a-eb07-49d8-ade8-8b20148d69ad numbered=False deltaMs=105 totalMs=125
2026-09-06T21:17:46.3079042+08:00 pid=67232 tid=1 format-conversion-undo-state stage=after-target-insert document=文档20 recording=True level=1
2026-09-06T21:17:46.3105033+08:00 pid=67232 tid=1 format-conversion-bookmarked-target-stable formulaId=84ac559a-eb07-49d8-ade8-8b20148d69ad bookmark=VTMT_4f6f5cd0da2c464086503036e95ff67d range=339:365 elapsedMs=0
2026-09-06T21:17:46.3130849+08:00 pid=67232 tid=1 format-conversion-perf stage=verify-target formulaId=84ac559a-eb07-49d8-ade8-8b20148d69ad numbered=False deltaMs=5 totalMs=130
2026-09-06T21:17:46.3136246+08:00 pid=67232 tid=1 format-conversion-undo-state stage=before-source-delete document=文档20 recording=True level=1
2026-09-06T21:17:46.3569842+08:00 pid=67232 tid=1 formula-to-latex-visualtex-paragraph-replaced formulaId=edc3f793-bf5a-4301-bba4-a3cd58df7149 range=0:21
2026-09-06T21:17:46.3646024+08:00 pid=67232 tid=1 format-conversion-perf stage=delete-source-host formulaId=edc3f793-bf5a-4301-bba4-a3cd58df7149 numbered=True deltaMs=51 totalMs=51
2026-09-06T21:17:46.3656023+08:00 pid=67232 tid=1 format-conversion-undo-state stage=after-source-delete document=文档20 recording=True level=1
2026-09-06T21:17:46.3900563+08:00 pid=67232 tid=1 word-undo-begin name=VisualTeX Insert MathType OLE Numbered Display Formula recording=True level=1
2026-09-06T21:17:46.3930562+08:00 pid=67232 tid=1 mathtype-insert-perf stage=resolve-insertion numbered=True inline=False deltaMs=3 totalMs=3
2026-09-06T21:17:46.3940562+08:00 pid=67232 tid=1 mathtype-insert-perf stage=clear-incomplete-number-row numbered=True inline=False deltaMs=0 totalMs=3
2026-09-06T21:17:46.3940562+08:00 pid=67232 tid=1 mathtype-insert-perf stage=number-template-heading-state numbered=True inline=False deltaMs=1 totalMs=4
2026-09-06T21:17:46.3950568+08:00 pid=67232 tid=1 mathtype-insert-perf stage=prepare-display-row numbered=True inline=False deltaMs=0 totalMs=4
2026-09-06T21:17:46.4010565+08:00 pid=67232 tid=1 mathtype-insert-perf stage=build-flat-opc numbered=True inline=False deltaMs=6 totalMs=10
2026-09-06T21:17:46.4010565+08:00 pid=67232 tid=1 mathtype-insert-perf stage=pre-insert-bookkeeping numbered=True inline=False deltaMs=1 totalMs=11
2026-09-06T21:17:46.4400587+08:00 pid=67232 tid=1 mathtype-insert-perf stage=insert-flat-opc numbered=True inline=False deltaMs=39 totalMs=50
2026-09-06T21:17:46.4410586+08:00 pid=67232 tid=1 mathtype-insert-perf stage=resolve-new-shape numbered=True inline=False deltaMs=0 totalMs=50
2026-09-06T21:17:46.4430572+08:00 pid=67232 tid=1 mathtype-insert-perf stage=set-shape-geometry numbered=True inline=False deltaMs=3 totalMs=53
2026-09-06T21:17:46.4430572+08:00 pid=67232 tid=1 mathtype-insert-perf stage=repair-inline-paragraph numbered=True inline=False deltaMs=0 totalMs=53
2026-09-06T21:17:46.4440572+08:00 pid=67232 tid=1 mathtype-insert-perf stage=refresh-native-shape numbered=True inline=False deltaMs=1 totalMs=54
2026-09-06T21:17:46.4600561+08:00 pid=67232 tid=1 mathtype-insert-perf stage=bind-created-object-identity numbered=True inline=False deltaMs=16 totalMs=70
2026-09-06T21:17:46.4610567+08:00 pid=67232 tid=1 mathtype-insert-perf stage=complete numbered=True inline=False deltaMs=0 totalMs=70
2026-09-06T21:17:46.4610567+08:00 pid=67232 tid=1 format-conversion-perf stage=insert-target formulaId=edc3f793-bf5a-4301-bba4-a3cd58df7149 numbered=True deltaMs=96 totalMs=147
2026-09-06T21:17:46.4610567+08:00 pid=67232 tid=1 format-conversion-undo-state stage=after-target-insert document=文档20 recording=True level=1
2026-09-06T21:17:46.4650574+08:00 pid=67232 tid=1 format-conversion-bookmarked-target-stable formulaId=edc3f793-bf5a-4301-bba4-a3cd58df7149 bookmark=VTMT_1064ca8813a24a89a60e490fad29d98d range=1:27 elapsedMs=0
2026-09-06T21:17:46.4680586+08:00 pid=67232 tid=1 format-conversion-perf stage=verify-target formulaId=edc3f793-bf5a-4301-bba4-a3cd58df7149 numbered=True deltaMs=7 totalMs=154
2026-09-06T21:17:46.4786572+08:00 pid=67232 tid=1 format-conversion-finalize-perf stage=source-residual-check sourceMode=nativeOle targetMode=mathTypeOle deltaMs=10 totalMs=10
2026-09-06T21:17:46.4816580+08:00 pid=67232 tid=1 format-conversion-finalize-perf stage=target-count-check sourceMode=nativeOle targetMode=mathTypeOle deltaMs=3 totalMs=13
2026-09-06T21:17:46.8305592+08:00 pid=67232 tid=1 format-conversion-reference-aliases-restored sourceMode=nativeOle targetMode=mathTypeOle aliases=2 refreshedReferences=2 restoredFormatting=2
2026-09-06T21:17:46.8635582+08:00 pid=67232 tid=1 format-conversion-finalize-perf stage=numbering-reconcile sourceMode=nativeOle targetMode=mathTypeOle deltaMs=382 totalMs=395
2026-09-06T21:17:46.8665583+08:00 pid=67232 tid=1 format-conversion-finalize-perf stage=omml-fingerprint-refresh sourceMode=nativeOle targetMode=mathTypeOle deltaMs=3 totalMs=398
2026-09-06T21:17:46.8725582+08:00 pid=67232 tid=1 format-conversion-transaction-completed targets=7
2026-09-06T21:17:46.8735582+08:00 pid=67232 tid=16 format-conversion-word-apply-finished sourceMode=nativeOle targetMode=mathTypeOle converted=7 failed=0
2026-09-06T21:17:46.8745582+08:00 pid=67232 tid=16 format-conversion-session-cleanup-start sessions=7
2026-09-06T21:17:46.8745582+08:00 pid=67232 tid=16 format-conversion-complete source=VisualTeX target=MathType converted=7 failed=0
2026-09-06T21:17:46.8775608+08:00 pid=67232 tid=21 format-conversion-session-cleanup-complete sessions=7
2026-09-06T21:17:58.3929315+08:00 pid=67232 tid=1 format-conversion-start sourceMode=mathTypeOle targetMode=wordOmml wholeDocument=True
2026-09-06T21:17:58.4409333+08:00 pid=67232 tid=1 format-conversion-plan-bulk-ole-snapshot count=7 elapsedMs=47
2026-09-06T21:17:58.4419314+08:00 pid=67232 tid=1 format-conversion-plan-perf stage=shape-access source=mathTypeOle index=1/7 deltaMs=0 totalMs=0
2026-09-06T21:17:58.4429314+08:00 pid=67232 tid=1 format-conversion-plan-perf stage=identify-mathtype source=mathTypeOle index=1/7 deltaMs=0 totalMs=0
2026-09-06T21:17:58.4459310+08:00 pid=67232 tid=1 format-conversion-plan-perf stage=read-mathml-bulk source=mathTypeOle index=1/7 deltaMs=3 totalMs=3
2026-09-06T21:17:58.4479306+08:00 pid=67232 tid=1 format-conversion-plan-perf stage=read-metadata source=mathTypeOle index=1/7 deltaMs=2 totalMs=5
2026-09-06T21:17:58.4479306+08:00 pid=67232 tid=1 format-conversion-plan-perf stage=number-position source=mathTypeOle index=1/7 deltaMs=1 totalMs=6
2026-09-06T21:17:58.4489314+08:00 pid=67232 tid=1 format-conversion-plan-perf stage=shape-range source=mathTypeOle index=1/7 deltaMs=1 totalMs=7
2026-09-06T21:17:58.4499311+08:00 pid=67232 tid=1 format-conversion-plan-perf stage=target-added source=mathTypeOle index=1/7 deltaMs=1 totalMs=8
2026-09-06T21:17:58.4509309+08:00 pid=67232 tid=1 format-conversion-plan-perf stage=shape-access source=mathTypeOle index=2/7 deltaMs=0 totalMs=0
2026-09-06T21:17:58.4519306+08:00 pid=67232 tid=1 format-conversion-plan-perf stage=identify-mathtype source=mathTypeOle index=2/7 deltaMs=0 totalMs=0
2026-09-06T21:17:58.4655362+08:00 pid=67232 tid=1 format-conversion-plan-perf stage=read-mathml-bulk source=mathTypeOle index=2/7 deltaMs=14 totalMs=14
2026-09-06T21:17:58.4675500+08:00 pid=67232 tid=1 format-conversion-plan-perf stage=read-metadata source=mathTypeOle index=2/7 deltaMs=2 totalMs=16
2026-09-06T21:17:58.4685466+08:00 pid=67232 tid=1 format-conversion-plan-perf stage=number-position source=mathTypeOle index=2/7 deltaMs=1 totalMs=17
2026-09-06T21:17:58.4685466+08:00 pid=67232 tid=1 format-conversion-plan-perf stage=shape-range source=mathTypeOle index=2/7 deltaMs=1 totalMs=18
2026-09-06T21:17:58.4735504+08:00 pid=67232 tid=1 format-conversion-plan-perf stage=target-added source=mathTypeOle index=2/7 deltaMs=4 totalMs=22
2026-09-06T21:17:58.4745453+08:00 pid=67232 tid=1 format-conversion-plan-perf stage=shape-access source=mathTypeOle index=3/7 deltaMs=0 totalMs=0
2026-09-06T21:17:58.4745453+08:00 pid=67232 tid=1 format-conversion-plan-perf stage=identify-mathtype source=mathTypeOle index=3/7 deltaMs=0 totalMs=0
2026-09-06T21:17:58.4775448+08:00 pid=67232 tid=1 format-conversion-plan-perf stage=read-mathml-bulk source=mathTypeOle index=3/7 deltaMs=3 totalMs=3
2026-09-06T21:17:58.4795441+08:00 pid=67232 tid=1 format-conversion-plan-perf stage=read-metadata source=mathTypeOle index=3/7 deltaMs=2 totalMs=5
2026-09-06T21:17:58.4805457+08:00 pid=67232 tid=1 format-conversion-plan-perf stage=number-position source=mathTypeOle index=3/7 deltaMs=1 totalMs=6
2026-09-06T21:17:58.4815462+08:00 pid=67232 tid=1 format-conversion-plan-perf stage=shape-range source=mathTypeOle index=3/7 deltaMs=1 totalMs=7
2026-09-06T21:17:58.4875465+08:00 pid=67232 tid=1 format-conversion-plan-perf stage=target-added source=mathTypeOle index=3/7 deltaMs=6 totalMs=13
2026-09-06T21:17:58.4885447+08:00 pid=67232 tid=1 format-conversion-plan-perf stage=shape-access source=mathTypeOle index=4/7 deltaMs=0 totalMs=0
2026-09-06T21:17:58.4895444+08:00 pid=67232 tid=1 format-conversion-plan-perf stage=identify-mathtype source=mathTypeOle index=4/7 deltaMs=0 totalMs=0
2026-09-06T21:17:58.4935444+08:00 pid=67232 tid=1 format-conversion-plan-perf stage=read-mathml-bulk source=mathTypeOle index=4/7 deltaMs=4 totalMs=4
2026-09-06T21:17:58.4955445+08:00 pid=67232 tid=1 format-conversion-plan-perf stage=read-metadata source=mathTypeOle index=4/7 deltaMs=3 totalMs=7
2026-09-06T21:17:58.4965445+08:00 pid=67232 tid=1 format-conversion-plan-perf stage=number-position source=mathTypeOle index=4/7 deltaMs=1 totalMs=8
2026-09-06T21:17:58.4975459+08:00 pid=67232 tid=1 format-conversion-plan-perf stage=shape-range source=mathTypeOle index=4/7 deltaMs=0 totalMs=8
2026-09-06T21:17:58.5032797+08:00 pid=67232 tid=1 format-conversion-plan-perf stage=target-added source=mathTypeOle index=4/7 deltaMs=7 totalMs=15
2026-09-06T21:17:58.5042788+08:00 pid=67232 tid=1 format-conversion-plan-perf stage=shape-access source=mathTypeOle index=5/7 deltaMs=0 totalMs=0
2026-09-06T21:17:58.5052819+08:00 pid=67232 tid=1 format-conversion-plan-perf stage=identify-mathtype source=mathTypeOle index=5/7 deltaMs=0 totalMs=0
2026-09-06T21:17:58.5182794+08:00 pid=67232 tid=1 format-conversion-plan-perf stage=read-mathml-bulk source=mathTypeOle index=5/7 deltaMs=13 totalMs=13
2026-09-06T21:17:58.5202793+08:00 pid=67232 tid=1 format-conversion-plan-perf stage=read-metadata source=mathTypeOle index=5/7 deltaMs=2 totalMs=15
2026-09-06T21:17:58.5202793+08:00 pid=67232 tid=1 format-conversion-plan-perf stage=number-position source=mathTypeOle index=5/7 deltaMs=1 totalMs=16
2026-09-06T21:17:58.5212794+08:00 pid=67232 tid=1 format-conversion-plan-perf stage=shape-range source=mathTypeOle index=5/7 deltaMs=0 totalMs=16
2026-09-06T21:17:58.5262780+08:00 pid=67232 tid=1 format-conversion-plan-perf stage=target-added source=mathTypeOle index=5/7 deltaMs=5 totalMs=21
2026-09-06T21:17:58.5272781+08:00 pid=67232 tid=1 format-conversion-plan-perf stage=shape-access source=mathTypeOle index=6/7 deltaMs=0 totalMs=0
2026-09-06T21:17:58.5272781+08:00 pid=67232 tid=1 format-conversion-plan-perf stage=identify-mathtype source=mathTypeOle index=6/7 deltaMs=0 totalMs=0
2026-09-06T21:17:58.5422781+08:00 pid=67232 tid=1 format-conversion-plan-perf stage=read-mathml-bulk source=mathTypeOle index=6/7 deltaMs=15 totalMs=15
2026-09-06T21:17:58.5442787+08:00 pid=67232 tid=1 format-conversion-plan-perf stage=read-metadata source=mathTypeOle index=6/7 deltaMs=2 totalMs=17
2026-09-06T21:17:58.5452789+08:00 pid=67232 tid=1 format-conversion-plan-perf stage=number-position source=mathTypeOle index=6/7 deltaMs=1 totalMs=18
2026-09-06T21:17:58.5452789+08:00 pid=67232 tid=1 format-conversion-plan-perf stage=shape-range source=mathTypeOle index=6/7 deltaMs=0 totalMs=18
2026-09-06T21:17:58.5502781+08:00 pid=67232 tid=1 format-conversion-plan-perf stage=target-added source=mathTypeOle index=6/7 deltaMs=5 totalMs=23
2026-09-06T21:17:58.5512781+08:00 pid=67232 tid=1 format-conversion-plan-perf stage=shape-access source=mathTypeOle index=7/7 deltaMs=0 totalMs=0
2026-09-06T21:17:58.5512781+08:00 pid=67232 tid=1 format-conversion-plan-perf stage=identify-mathtype source=mathTypeOle index=7/7 deltaMs=0 totalMs=0
2026-09-06T21:17:58.5542791+08:00 pid=67232 tid=1 format-conversion-plan-perf stage=read-mathml-bulk source=mathTypeOle index=7/7 deltaMs=3 totalMs=3
2026-09-06T21:17:58.5562789+08:00 pid=67232 tid=1 format-conversion-plan-perf stage=read-metadata source=mathTypeOle index=7/7 deltaMs=2 totalMs=5
2026-09-06T21:17:58.5562789+08:00 pid=67232 tid=1 format-conversion-plan-perf stage=number-position source=mathTypeOle index=7/7 deltaMs=1 totalMs=6
2026-09-06T21:17:58.5572794+08:00 pid=67232 tid=1 format-conversion-plan-perf stage=shape-range source=mathTypeOle index=7/7 deltaMs=0 totalMs=6
2026-09-06T21:17:58.5612780+08:00 pid=67232 tid=1 format-conversion-plan-perf stage=target-added source=mathTypeOle index=7/7 deltaMs=4 totalMs=10
2026-09-06T21:17:58.5622789+08:00 pid=67232 tid=1 format-conversion-plan sourceMode=mathTypeOle targetMode=wordOmml targets=7
2026-09-06T21:18:02.0709764+08:00 pid=67232 tid=1 format-conversion-render-bypass sourceMode=mathTypeOle targetMode=wordOmml targets=7 reason=source-mathml-ready
2026-09-06T21:18:02.0719762+08:00 pid=67232 tid=1 format-conversion-word-apply-start sourceMode=mathTypeOle targetMode=wordOmml targets=7
2026-09-06T21:18:02.0749764+08:00 pid=67232 tid=1 format-conversion-runtime assembly=C:\Users\pojian_liao\AppData\Local\VisualTeX\office\remediation-builds\55F87EA2A4B02F33A386CFFEAF03DA97096FC3A716A6E56CB3F3EC4DA7E1AFA1\VisualTeX.WordVsto.dll source=mathTypeOle target=wordOmml targetIsVisualTeX=False targetIsMathType=False
2026-09-06T21:18:02.0819767+08:00 pid=67232 tid=1 format-conversion-reference-aliases-captured sourceMode=mathTypeOle formulaId=228fa45f-fe1f-46af-b68b-49ea78175a38 aliases=VTEqNum_f587c633ce054b7da6e1629c0d1eb418
2026-09-06T21:18:02.1029766+08:00 pid=67232 tid=1 format-conversion-reference-aliases-captured sourceMode=mathTypeOle formulaId=3ed8bbe9-6ef9-4fb7-980b-8f2526c66ad0 aliases=VTEqNum_5826ff41013246e9899397642ca91acf
2026-09-06T21:18:02.2865227+08:00 pid=67232 tid=1 format-conversion-omml-batch-source-created formulas=7 elapsedMs=169
2026-09-06T21:18:32.9058077+08:00 pid=67232 tid=1 word-undo-begin name=VisualTeX Convert Formula Format recording=False level=0
2026-09-06T21:18:32.9068066+08:00 pid=67232 tid=1 word-undo-started name=VisualTeX Convert Formula Format recording=True level=1
2026-09-06T21:18:32.9068066+08:00 pid=67232 tid=1 format-conversion-undo-state stage=before-preferences document=文档20 recording=True level=1
2026-09-06T21:18:32.9068066+08:00 pid=67232 tid=1 format-conversion-transaction-start targets=7
2026-09-06T21:18:32.9068066+08:00 pid=67232 tid=1 format-conversion-undo-state stage=after-preferences document=文档20 recording=True level=1
2026-09-06T21:18:32.9128067+08:00 pid=67232 tid=1 format-conversion-mathtype-source-identity-bound formulaId=505745b2-e4ba-4095-ae9d-783703992290 bookmark=VTFCI_102ab6b663244cadb0a6e1f608a7e5ce range=1604:1630
2026-09-06T21:18:32.9158070+08:00 pid=67232 tid=1 format-conversion-undo-state stage=before-source-delete document=文档20 recording=True level=1
2026-09-06T21:18:32.9238074+08:00 pid=67232 tid=1 format-conversion-mathtype-paragraph-atomically-replaced formulaId=505745b2-e4ba-4095-ae9d-783703992290 range=1603:1603 start=1603
2026-09-06T21:18:32.9248064+08:00 pid=67232 tid=1 format-conversion-perf stage=delete-source-host formulaId=505745b2-e4ba-4095-ae9d-783703992290 numbered=True deltaMs=12 totalMs=12
2026-09-06T21:18:32.9248064+08:00 pid=67232 tid=1 format-conversion-undo-state stage=after-source-delete document=文档20 recording=True level=1
2026-09-06T21:18:32.9248064+08:00 pid=67232 tid=1 format-conversion-forward-source-check stage=delete-source formulaId=505745b2-e4ba-4095-ae9d-783703992290 bookmarkMissing=True present=False
2026-09-06T21:18:32.9424569+08:00 pid=67232 tid=1 word-undo-begin name=VisualTeX Insert Word OMML Display Formula recording=True level=1
2026-09-06T21:18:32.9920492+08:00 pid=67232 tid=1 format-conversion-subperf [perf] InsertOmml.detach-mathtype-style: +48ms (48ms total)
2026-09-06T21:18:32.9920492+08:00 pid=67232 tid=1 format-conversion-subperf [perf] InsertOmml.insert-native-omml: +1ms (49ms total)
2026-09-06T21:18:33.0220549+08:00 pid=67232 tid=1 format-conversion-subperf [perf] InsertOmml.post-reconcile-layout: +30ms (79ms total)
2026-09-06T21:18:33.0230520+08:00 pid=67232 tid=1 format-conversion-subperf [perf] InsertOmml.final-fingerprint: +1ms (80ms total)
2026-09-06T21:18:33.0240516+08:00 pid=67232 tid=1 format-conversion-subperf [perf] InsertOmml.final-anchor: +1ms (81ms total)
2026-09-06T21:18:33.0260515+08:00 pid=67232 tid=1 format-conversion-subperf [perf] InsertOmml.final-metadata: +2ms (83ms total)
2026-09-06T21:18:33.0270516+08:00 pid=67232 tid=1 format-conversion-perf stage=insert-target formulaId=505745b2-e4ba-4095-ae9d-783703992290 numbered=True deltaMs=103 totalMs=115
2026-09-06T21:18:33.0280497+08:00 pid=67232 tid=1 format-conversion-undo-state stage=after-target-insert document=文档20 recording=True level=1
2026-09-06T21:18:33.0290519+08:00 pid=67232 tid=1 format-conversion-forward-source-check stage=insert-target formulaId=505745b2-e4ba-4095-ae9d-783703992290 bookmarkMissing=True present=False
2026-09-06T21:18:33.0649214+08:00 pid=67232 tid=1 format-conversion-target-stable formulaId=505745b2-e4ba-4095-ae9d-783703992290 targetMode=wordOmml count=1 elapsedMs=35
2026-09-06T21:18:33.0654448+08:00 pid=67232 tid=1 format-conversion-forward-source-check stage=post-transaction formulaId=505745b2-e4ba-4095-ae9d-783703992290 bookmarkMissing=True present=False
2026-09-06T21:18:33.0654448+08:00 pid=67232 tid=1 format-conversion-perf stage=verify-target formulaId=505745b2-e4ba-4095-ae9d-783703992290 numbered=True deltaMs=38 totalMs=153
2026-09-06T21:18:33.0664924+08:00 pid=67232 tid=1 format-conversion-mathtype-source-identity-bound formulaId=6db25682-a595-408c-861a-92a6359403d8 bookmark=VTFCI_cb2e99cd0de14ae39c245bd5751b7ee2 range=1350:1376
2026-09-06T21:18:33.0691168+08:00 pid=67232 tid=1 format-conversion-undo-state stage=before-source-delete document=文档20 recording=True level=1
2026-09-06T21:18:33.0762998+08:00 pid=67232 tid=1 format-conversion-mathtype-paragraph-atomically-replaced formulaId=6db25682-a595-408c-861a-92a6359403d8 range=1349:1349 start=1349
2026-09-06T21:18:33.0762998+08:00 pid=67232 tid=1 format-conversion-perf stage=delete-source-host formulaId=6db25682-a595-408c-861a-92a6359403d8 numbered=True deltaMs=10 totalMs=10
2026-09-06T21:18:33.0762998+08:00 pid=67232 tid=1 format-conversion-undo-state stage=after-source-delete document=文档20 recording=True level=1
2026-09-06T21:18:33.0762998+08:00 pid=67232 tid=1 format-conversion-forward-source-check stage=delete-source formulaId=6db25682-a595-408c-861a-92a6359403d8 bookmarkMissing=True present=False
2026-09-06T21:18:33.0808675+08:00 pid=67232 tid=1 word-undo-begin name=VisualTeX Insert Word OMML Display Formula recording=True level=1
2026-09-06T21:18:33.1394555+08:00 pid=67232 tid=1 format-conversion-subperf [perf] InsertOmml.detach-mathtype-style: +58ms (58ms total)
2026-09-06T21:18:33.1404554+08:00 pid=67232 tid=1 format-conversion-subperf [perf] InsertOmml.insert-native-omml: +1ms (59ms total)
2026-09-06T21:18:33.1710424+08:00 pid=67232 tid=1 format-conversion-subperf [perf] InsertOmml.post-reconcile-layout: +31ms (90ms total)
2026-09-06T21:18:33.1720423+08:00 pid=67232 tid=1 format-conversion-subperf [perf] InsertOmml.final-fingerprint: +0ms (90ms total)
2026-09-06T21:18:33.1720423+08:00 pid=67232 tid=1 format-conversion-subperf [perf] InsertOmml.final-anchor: +1ms (91ms total)
2026-09-06T21:18:33.1731784+08:00 pid=67232 tid=1 format-conversion-subperf [perf] InsertOmml.final-metadata: +1ms (92ms total)
2026-09-06T21:18:33.1746987+08:00 pid=67232 tid=1 format-conversion-perf stage=insert-target formulaId=6db25682-a595-408c-861a-92a6359403d8 numbered=True deltaMs=98 totalMs=108
2026-09-06T21:18:33.1746987+08:00 pid=67232 tid=1 format-conversion-undo-state stage=after-target-insert document=文档20 recording=True level=1
2026-09-06T21:18:33.1756988+08:00 pid=67232 tid=1 format-conversion-forward-source-check stage=insert-target formulaId=6db25682-a595-408c-861a-92a6359403d8 bookmarkMissing=True present=False
2026-09-06T21:18:33.2217035+08:00 pid=67232 tid=1 format-conversion-target-stable formulaId=6db25682-a595-408c-861a-92a6359403d8 targetMode=wordOmml count=2 elapsedMs=45
2026-09-06T21:18:33.2217035+08:00 pid=67232 tid=1 format-conversion-forward-source-check stage=post-transaction formulaId=6db25682-a595-408c-861a-92a6359403d8 bookmarkMissing=True present=False
2026-09-06T21:18:33.2217035+08:00 pid=67232 tid=1 format-conversion-perf stage=verify-target formulaId=6db25682-a595-408c-861a-92a6359403d8 numbered=True deltaMs=48 totalMs=156
2026-09-06T21:18:33.2227031+08:00 pid=67232 tid=1 format-conversion-mathtype-source-identity-bound formulaId=b862f819-7d37-4f38-a25f-9407d02dd4a3 bookmark=VTFCI_958d3977edd44deb9c6ab7d43d102da0 range=1106:1132
2026-09-06T21:18:33.2247033+08:00 pid=67232 tid=1 format-conversion-undo-state stage=before-source-delete document=文档20 recording=True level=1
2026-09-06T21:18:33.2317030+08:00 pid=67232 tid=1 format-conversion-mathtype-paragraph-atomically-replaced formulaId=b862f819-7d37-4f38-a25f-9407d02dd4a3 range=1105:1105 start=1105
2026-09-06T21:18:33.2317030+08:00 pid=67232 tid=1 format-conversion-perf stage=delete-source-host formulaId=b862f819-7d37-4f38-a25f-9407d02dd4a3 numbered=True deltaMs=9 totalMs=9
2026-09-06T21:18:33.2317030+08:00 pid=67232 tid=1 format-conversion-undo-state stage=after-source-delete document=文档20 recording=True level=1
2026-09-06T21:18:33.2327034+08:00 pid=67232 tid=1 format-conversion-forward-source-check stage=delete-source formulaId=b862f819-7d37-4f38-a25f-9407d02dd4a3 bookmarkMissing=True present=False
2026-09-06T21:18:33.2407031+08:00 pid=67232 tid=1 word-undo-begin name=VisualTeX Insert Word OMML Display Formula recording=True level=1
2026-09-06T21:18:33.2977055+08:00 pid=67232 tid=1 format-conversion-subperf [perf] InsertOmml.detach-mathtype-style: +57ms (57ms total)
2026-09-06T21:18:33.2987040+08:00 pid=67232 tid=1 format-conversion-subperf [perf] InsertOmml.insert-native-omml: +0ms (57ms total)
2026-09-06T21:18:33.3225616+08:00 pid=67232 tid=1 format-conversion-subperf [perf] InsertOmml.post-reconcile-layout: +24ms (81ms total)
2026-09-06T21:18:33.3225616+08:00 pid=67232 tid=1 format-conversion-subperf [perf] InsertOmml.final-fingerprint: +1ms (82ms total)
2026-09-06T21:18:33.3235619+08:00 pid=67232 tid=1 format-conversion-subperf [perf] InsertOmml.final-anchor: +0ms (82ms total)
2026-09-06T21:18:33.3245620+08:00 pid=67232 tid=1 format-conversion-subperf [perf] InsertOmml.final-metadata: +1ms (83ms total)
2026-09-06T21:18:33.3245620+08:00 pid=67232 tid=1 format-conversion-perf stage=insert-target formulaId=b862f819-7d37-4f38-a25f-9407d02dd4a3 numbered=True deltaMs=93 totalMs=102
2026-09-06T21:18:33.3255620+08:00 pid=67232 tid=1 format-conversion-undo-state stage=after-target-insert document=文档20 recording=True level=1
2026-09-06T21:18:33.3255620+08:00 pid=67232 tid=1 format-conversion-forward-source-check stage=insert-target formulaId=b862f819-7d37-4f38-a25f-9407d02dd4a3 bookmarkMissing=True present=False
2026-09-06T21:18:33.3605642+08:00 pid=67232 tid=1 format-conversion-target-stable formulaId=b862f819-7d37-4f38-a25f-9407d02dd4a3 targetMode=wordOmml count=3 elapsedMs=34
2026-09-06T21:18:33.3605642+08:00 pid=67232 tid=1 format-conversion-forward-source-check stage=post-transaction formulaId=b862f819-7d37-4f38-a25f-9407d02dd4a3 bookmarkMissing=True present=False
2026-09-06T21:18:33.3605642+08:00 pid=67232 tid=1 format-conversion-perf stage=verify-target formulaId=b862f819-7d37-4f38-a25f-9407d02dd4a3 numbered=True deltaMs=36 totalMs=138
2026-09-06T21:18:33.3615620+08:00 pid=67232 tid=1 format-conversion-mathtype-source-identity-bound formulaId=3ed8bbe9-6ef9-4fb7-980b-8f2526c66ad0 bookmark=VTFCI_cf40daa8f83b4a9ba27bb7dc2dae6970 range=685:711
2026-09-06T21:18:33.3635619+08:00 pid=67232 tid=1 format-conversion-undo-state stage=before-source-delete document=文档20 recording=True level=1
2026-09-06T21:18:33.3695620+08:00 pid=67232 tid=1 format-conversion-mathtype-paragraph-atomically-replaced formulaId=3ed8bbe9-6ef9-4fb7-980b-8f2526c66ad0 range=684:684 start=684
2026-09-06T21:18:33.3695620+08:00 pid=67232 tid=1 format-conversion-perf stage=delete-source-host formulaId=3ed8bbe9-6ef9-4fb7-980b-8f2526c66ad0 numbered=True deltaMs=8 totalMs=8
2026-09-06T21:18:33.3705619+08:00 pid=67232 tid=1 format-conversion-undo-state stage=after-source-delete document=文档20 recording=True level=1
2026-09-06T21:18:33.3705619+08:00 pid=67232 tid=1 format-conversion-forward-source-check stage=delete-source formulaId=3ed8bbe9-6ef9-4fb7-980b-8f2526c66ad0 bookmarkMissing=True present=False
2026-09-06T21:18:33.3875619+08:00 pid=67232 tid=1 word-undo-begin name=VisualTeX Insert Word OMML Display Formula recording=True level=1
2026-09-06T21:18:33.4235643+08:00 pid=67232 tid=1 format-conversion-subperf [perf] InsertOmml.detach-mathtype-style: +35ms (35ms total)
2026-09-06T21:18:33.4235643+08:00 pid=67232 tid=1 format-conversion-subperf [perf] InsertOmml.insert-native-omml: +1ms (36ms total)
2026-09-06T21:18:33.4595625+08:00 pid=67232 tid=1 format-conversion-subperf [perf] InsertOmml.post-reconcile-layout: +35ms (71ms total)
2026-09-06T21:18:33.4595625+08:00 pid=67232 tid=1 format-conversion-subperf [perf] InsertOmml.final-fingerprint: +1ms (72ms total)
2026-09-06T21:18:33.4605624+08:00 pid=67232 tid=1 format-conversion-subperf [perf] InsertOmml.final-anchor: +0ms (72ms total)
2026-09-06T21:18:33.4615621+08:00 pid=67232 tid=1 format-conversion-subperf [perf] InsertOmml.final-metadata: +2ms (74ms total)
2026-09-06T21:18:33.4615621+08:00 pid=67232 tid=1 format-conversion-perf stage=insert-target formulaId=3ed8bbe9-6ef9-4fb7-980b-8f2526c66ad0 numbered=True deltaMs=92 totalMs=100
2026-09-06T21:18:33.4625617+08:00 pid=67232 tid=1 format-conversion-undo-state stage=after-target-insert document=文档20 recording=True level=1
2026-09-06T21:18:33.4625617+08:00 pid=67232 tid=1 format-conversion-forward-source-check stage=insert-target formulaId=3ed8bbe9-6ef9-4fb7-980b-8f2526c66ad0 bookmarkMissing=True present=False
2026-09-06T21:18:33.5011398+08:00 pid=67232 tid=1 format-conversion-target-stable formulaId=3ed8bbe9-6ef9-4fb7-980b-8f2526c66ad0 targetMode=wordOmml count=4 elapsedMs=38
2026-09-06T21:18:33.5019172+08:00 pid=67232 tid=1 format-conversion-forward-source-check stage=post-transaction formulaId=3ed8bbe9-6ef9-4fb7-980b-8f2526c66ad0 bookmarkMissing=True present=False
2026-09-06T21:18:33.5019172+08:00 pid=67232 tid=1 format-conversion-perf stage=verify-target formulaId=3ed8bbe9-6ef9-4fb7-980b-8f2526c66ad0 numbered=True deltaMs=40 totalMs=140
2026-09-06T21:18:33.5029262+08:00 pid=67232 tid=1 format-conversion-mathtype-source-identity-bound formulaId=8e122745-c7c4-4970-87fa-e17f258e24d5 bookmark=VTFCI_30b7d4e0f6ac48f2ad892731a2f2178d range=449:475
2026-09-06T21:18:33.5039266+08:00 pid=67232 tid=1 format-conversion-undo-state stage=before-source-delete document=文档20 recording=True level=1
2026-09-06T21:18:33.5109246+08:00 pid=67232 tid=1 format-conversion-mathtype-paragraph-atomically-replaced formulaId=8e122745-c7c4-4970-87fa-e17f258e24d5 range=448:448 start=448
2026-09-06T21:18:33.5109246+08:00 pid=67232 tid=1 format-conversion-perf stage=delete-source-host formulaId=8e122745-c7c4-4970-87fa-e17f258e24d5 numbered=True deltaMs=8 totalMs=8
2026-09-06T21:18:33.5109246+08:00 pid=67232 tid=1 format-conversion-undo-state stage=after-source-delete document=文档20 recording=True level=1
2026-09-06T21:18:33.5109246+08:00 pid=67232 tid=1 format-conversion-forward-source-check stage=delete-source formulaId=8e122745-c7c4-4970-87fa-e17f258e24d5 bookmarkMissing=True present=False
2026-09-06T21:18:33.5279659+08:00 pid=67232 tid=1 word-undo-begin name=VisualTeX Insert Word OMML Display Formula recording=True level=1
2026-09-06T21:18:33.6052028+08:00 pid=67232 tid=1 format-conversion-subperf [perf] InsertOmml.detach-mathtype-style: +77ms (77ms total)
2026-09-06T21:18:33.6062025+08:00 pid=67232 tid=1 format-conversion-subperf [perf] InsertOmml.insert-native-omml: +1ms (78ms total)
2026-09-06T21:18:33.6452020+08:00 pid=67232 tid=1 format-conversion-subperf [perf] InsertOmml.post-reconcile-layout: +39ms (117ms total)
2026-09-06T21:18:33.6452020+08:00 pid=67232 tid=1 format-conversion-subperf [perf] InsertOmml.final-fingerprint: +0ms (117ms total)
2026-09-06T21:18:33.6452020+08:00 pid=67232 tid=1 format-conversion-subperf [perf] InsertOmml.final-anchor: +0ms (117ms total)
2026-09-06T21:18:33.6472031+08:00 pid=67232 tid=1 format-conversion-subperf [perf] InsertOmml.final-metadata: +2ms (119ms total)
2026-09-06T21:18:33.6472031+08:00 pid=67232 tid=1 format-conversion-perf stage=insert-target formulaId=8e122745-c7c4-4970-87fa-e17f258e24d5 numbered=True deltaMs=137 totalMs=145
2026-09-06T21:18:33.6472031+08:00 pid=67232 tid=1 format-conversion-undo-state stage=after-target-insert document=文档20 recording=True level=1
2026-09-06T21:18:33.6472031+08:00 pid=67232 tid=1 format-conversion-forward-source-check stage=insert-target formulaId=8e122745-c7c4-4970-87fa-e17f258e24d5 bookmarkMissing=True present=False
2026-09-06T21:18:33.6752035+08:00 pid=67232 tid=1 format-conversion-target-stable formulaId=8e122745-c7c4-4970-87fa-e17f258e24d5 targetMode=wordOmml count=5 elapsedMs=27
2026-09-06T21:18:33.6762021+08:00 pid=67232 tid=1 format-conversion-forward-source-check stage=post-transaction formulaId=8e122745-c7c4-4970-87fa-e17f258e24d5 bookmarkMissing=True present=False
2026-09-06T21:18:33.6762021+08:00 pid=67232 tid=1 format-conversion-perf stage=verify-target formulaId=8e122745-c7c4-4970-87fa-e17f258e24d5 numbered=True deltaMs=28 totalMs=173
2026-09-06T21:18:33.6772030+08:00 pid=67232 tid=1 format-conversion-mathtype-source-identity-bound formulaId=9bc301ab-c45e-4bd0-acf4-9ecda4540d0d bookmark=VTFCI_11c0ed8e99074abf9e9e232e734fdbb0 range=419:445
2026-09-06T21:18:33.6782022+08:00 pid=67232 tid=1 format-conversion-undo-state stage=before-source-delete document=文档20 recording=True level=1
2026-09-06T21:18:33.7127718+08:00 pid=67232 tid=1 format-conversion-perf stage=delete-source-host formulaId=9bc301ab-c45e-4bd0-acf4-9ecda4540d0d numbered=False deltaMs=36 totalMs=36
2026-09-06T21:18:33.7127718+08:00 pid=67232 tid=1 format-conversion-undo-state stage=after-source-delete document=文档20 recording=True level=1
2026-09-06T21:18:33.7137708+08:00 pid=67232 tid=1 format-conversion-forward-source-check stage=delete-source formulaId=9bc301ab-c45e-4bd0-acf4-9ecda4540d0d bookmarkMissing=True present=False
2026-09-06T21:18:33.7137708+08:00 pid=67232 tid=1 word-undo-begin name=VisualTeX Insert Word OMML Inline Formula recording=True level=1
2026-09-06T21:18:33.7777717+08:00 pid=67232 tid=1 format-conversion-subperf [perf] InsertOmml.insert-native-omml: +63ms (63ms total)
2026-09-06T21:18:34.0832188+08:00 pid=67232 tid=1 format-conversion-subperf [perf] InsertOmml.post-reconcile-layout: +306ms (369ms total)
2026-09-06T21:18:34.0842174+08:00 pid=67232 tid=1 format-conversion-subperf [perf] InsertOmml.final-fingerprint: +1ms (370ms total)
2026-09-06T21:18:34.0842174+08:00 pid=67232 tid=1 format-conversion-subperf [perf] InsertOmml.final-anchor: +0ms (370ms total)
2026-09-06T21:18:34.0852843+08:00 pid=67232 tid=1 format-conversion-subperf [perf] InsertOmml.final-metadata: +1ms (371ms total)
2026-09-06T21:18:34.0862195+08:00 pid=67232 tid=1 format-conversion-perf stage=insert-target formulaId=9bc301ab-c45e-4bd0-acf4-9ecda4540d0d numbered=False deltaMs=373 totalMs=409
2026-09-06T21:18:34.0862195+08:00 pid=67232 tid=1 format-conversion-undo-state stage=after-target-insert document=文档20 recording=False level=0
2026-09-06T21:18:34.0862195+08:00 pid=67232 tid=1 format-conversion-forward-source-check stage=insert-target formulaId=9bc301ab-c45e-4bd0-acf4-9ecda4540d0d bookmarkMissing=True present=False
2026-09-06T21:18:34.1168030+08:00 pid=67232 tid=1 format-conversion-target-stable formulaId=9bc301ab-c45e-4bd0-acf4-9ecda4540d0d targetMode=wordOmml count=6 elapsedMs=30
2026-09-06T21:18:34.1178028+08:00 pid=67232 tid=1 format-conversion-forward-source-check stage=post-transaction formulaId=9bc301ab-c45e-4bd0-acf4-9ecda4540d0d bookmarkMissing=True present=False
2026-09-06T21:18:34.1178028+08:00 pid=67232 tid=1 format-conversion-perf stage=verify-target formulaId=9bc301ab-c45e-4bd0-acf4-9ecda4540d0d numbered=False deltaMs=32 totalMs=441
2026-09-06T21:18:34.1188039+08:00 pid=67232 tid=1 format-conversion-mathtype-source-identity-bound formulaId=228fa45f-fe1f-46af-b68b-49ea78175a38 bookmark=VTFCI_f365f8a50e054ab48a54b55a39232d1e range=1:27
2026-09-06T21:18:34.1198036+08:00 pid=67232 tid=1 format-conversion-undo-state stage=before-source-delete document=文档20 recording=False level=0
2026-09-06T21:18:34.1264979+08:00 pid=67232 tid=1 format-conversion-mathtype-paragraph-atomically-replaced formulaId=228fa45f-fe1f-46af-b68b-49ea78175a38 range=0:0 start=0
2026-09-06T21:18:34.1264979+08:00 pid=67232 tid=1 format-conversion-perf stage=delete-source-host formulaId=228fa45f-fe1f-46af-b68b-49ea78175a38 numbered=True deltaMs=8 totalMs=8
2026-09-06T21:18:34.1274981+08:00 pid=67232 tid=1 format-conversion-undo-state stage=after-source-delete document=文档20 recording=False level=0
2026-09-06T21:18:34.1274981+08:00 pid=67232 tid=1 format-conversion-forward-source-check stage=delete-source formulaId=228fa45f-fe1f-46af-b68b-49ea78175a38 bookmarkMissing=True present=False
2026-09-06T21:18:34.1484972+08:00 pid=67232 tid=1 word-undo-begin name=VisualTeX Insert Word OMML Display Formula recording=False level=0
2026-09-06T21:18:34.1484972+08:00 pid=67232 tid=1 word-undo-started name=VisualTeX Insert Word OMML Display Formula recording=True level=1
2026-09-06T21:18:34.1987619+08:00 pid=67232 tid=1 format-conversion-subperf [perf] InsertOmml.detach-mathtype-style: +51ms (51ms total)
2026-09-06T21:18:34.1997628+08:00 pid=67232 tid=1 format-conversion-subperf [perf] InsertOmml.insert-native-omml: +0ms (51ms total)
2026-09-06T21:18:34.2437613+08:00 pid=67232 tid=1 format-conversion-subperf [perf] InsertOmml.post-reconcile-layout: +45ms (96ms total)
2026-09-06T21:18:34.2447612+08:00 pid=67232 tid=1 format-conversion-subperf [perf] InsertOmml.final-fingerprint: +0ms (96ms total)
2026-09-06T21:18:34.2447612+08:00 pid=67232 tid=1 format-conversion-subperf [perf] InsertOmml.final-anchor: +0ms (96ms total)
2026-09-06T21:18:34.2457615+08:00 pid=67232 tid=1 format-conversion-subperf [perf] InsertOmml.final-metadata: +1ms (97ms total)
2026-09-06T21:18:34.2467613+08:00 pid=67232 tid=1 word-undo-end recording=True level=1
2026-09-06T21:18:34.2467613+08:00 pid=67232 tid=1 format-conversion-perf stage=insert-target formulaId=228fa45f-fe1f-46af-b68b-49ea78175a38 numbered=True deltaMs=120 totalMs=128
2026-09-06T21:18:34.2467613+08:00 pid=67232 tid=1 format-conversion-undo-state stage=after-target-insert document=文档20 recording=False level=0
2026-09-06T21:18:34.2467613+08:00 pid=67232 tid=1 format-conversion-forward-source-check stage=insert-target formulaId=228fa45f-fe1f-46af-b68b-49ea78175a38 bookmarkMissing=True present=False
2026-09-06T21:18:34.2757618+08:00 pid=67232 tid=1 format-conversion-target-stable formulaId=228fa45f-fe1f-46af-b68b-49ea78175a38 targetMode=wordOmml count=7 elapsedMs=28
2026-09-06T21:18:34.2757618+08:00 pid=67232 tid=1 format-conversion-forward-source-check stage=post-transaction formulaId=228fa45f-fe1f-46af-b68b-49ea78175a38 bookmarkMissing=True present=False
2026-09-06T21:18:34.2757618+08:00 pid=67232 tid=1 format-conversion-perf stage=verify-target formulaId=228fa45f-fe1f-46af-b68b-49ea78175a38 numbered=True deltaMs=30 totalMs=158
2026-09-06T21:18:34.2767610+08:00 pid=67232 tid=1 format-conversion-finalize-perf stage=source-residual-check sourceMode=mathTypeOle targetMode=wordOmml deltaMs=0 totalMs=0
2026-09-06T21:18:34.2767610+08:00 pid=67232 tid=1 format-conversion-finalize-perf stage=target-count-check sourceMode=mathTypeOle targetMode=wordOmml deltaMs=0 totalMs=0
2026-09-06T21:18:34.2777615+08:00 pid=67232 tid=1 format-conversion-undo-state stage=before-source-window-close-commit document=文档20 recording=False level=0
2026-09-06T21:18:34.2777615+08:00 pid=67232 tid=1 format-conversion-undo-state stage=after-source-window-close-commit document=文档20 recording=False level=0
2026-09-06T21:18:34.5514528+08:00 pid=67232 tid=1 word-undo-begin name=VisualTeX Finalize Formula Conversion recording=False level=0
2026-09-06T21:18:34.5514528+08:00 pid=67232 tid=1 word-undo-started name=VisualTeX Finalize Formula Conversion recording=True level=1
2026-09-06T21:18:34.6589936+08:00 pid=67232 tid=1 word-xml-incomplete-export document=文档20 attempt=1 maths=0/7 oles=0/0
2026-09-06T21:18:34.7363914+08:00 pid=67232 tid=1 format-conversion-omml-identities-before-numbering count=7
2026-09-06T21:18:34.7363914+08:00 pid=67232 tid=1 format-conversion-number-format-restored format=heading2-dash
2026-09-06T21:18:44.5002799+08:00 pid=67232 tid=1 format-conversion-numbering-direct-table-complete targetMode=wordOmml built=6 removedBlankParagraphs=6
2026-09-06T21:18:44.5012806+08:00 pid=67232 tid=1 format-conversion-adjacent-ole-identities-rebound count=0
2026-09-06T21:18:44.5812471+08:00 pid=67232 tid=1 format-conversion-numbering-table-rows-grouped boundaries=1 formulas=6
2026-09-06T21:18:44.6512458+08:00 pid=67232 tid=1 format-conversion-reference-aliases-restored sourceMode=mathTypeOle targetMode=wordOmml aliases=2 refreshedReferences=0 restoredFormatting=2
2026-09-06T21:18:44.6682458+08:00 pid=67232 tid=1 format-conversion-finalize-perf stage=numbering-reconcile sourceMode=mathTypeOle targetMode=wordOmml deltaMs=10391 totalMs=10391
2026-09-06T21:18:44.8025437+08:00 pid=67232 tid=1 format-conversion-omml-fingerprints-finalized count=7
2026-09-06T21:18:44.8025437+08:00 pid=67232 tid=1 format-conversion-finalize-perf stage=omml-fingerprint-refresh sourceMode=mathTypeOle targetMode=wordOmml deltaMs=135 totalMs=10526
2026-09-06T21:18:44.8045420+08:00 pid=67232 tid=1 format-conversion-transaction-completed targets=7
2026-09-06T21:18:44.8045420+08:00 pid=67232 tid=1 format-conversion-word-apply-finished sourceMode=mathTypeOle targetMode=wordOmml converted=7 failed=0
2026-09-06T21:18:44.8045420+08:00 pid=67232 tid=1 format-conversion-complete source=MathType target=OMML converted=7 failed=0
2026-09-06T21:20:43.8118818+08:00 pid=67232 tid=12 left-down x=257 y=681 wordForeground=True
2026-09-06T21:20:44.0844125+08:00 pid=67232 tid=12 left-down x=257 y=681 wordForeground=True
2026-09-06T21:20:44.0864127+08:00 pid=67232 tid=12 double-click elapsedMs=273.238 withinX=True withinY=True nativeOleTarget=False suppressSecondDown=False dispatchCallback=True
2026-09-06T21:20:44.1876379+08:00 pid=67232 tid=21 callback-begin interceptedNativeOle=False x=257 y=681
2026-09-06T21:20:44.1886407+08:00 pid=67232 tid=21 addin-callback-received interceptedNativeOle=False x=257 y=681
2026-09-06T21:20:44.1886407+08:00 pid=67232 tid=21 callback-end
2026-09-06T21:20:44.1916398+08:00 pid=67232 tid=1 addin-coordinate-selection formulaId=<null> objectMode=<null>
2026-09-06T21:22:56.9760372+08:00 pid=67232 tid=12 left-down x=1872 y=722 wordForeground=True
2026-09-06T21:23:05.5216206+08:00 pid=67232 tid=12 left-down x=1382 y=1120 wordForeground=False
2026-09-06T21:23:08.6982795+08:00 pid=67232 tid=12 left-down x=2492 y=460 wordForeground=False
2026-09-06T21:23:25.2655016+08:00 pid=67232 tid=12 left-down x=3244 y=1386 wordForeground=True
2026-09-06T21:23:39.6205272+08:00 pid=67232 tid=12 left-down x=1500 y=747 wordForeground=False
2026-09-06T21:24:16.9271975+08:00 pid=67232 tid=12 left-down x=1776 y=1270 wordForeground=False
2026-09-06T21:24:29.5671378+08:00 pid=67232 tid=12 left-down x=2058 y=1221 wordForeground=True
2026-09-06T21:24:37.6576748+08:00 pid=67232 tid=12 left-down x=1872 y=894 wordForeground=True
2026-09-06T21:25:46.9592103+08:00 pid=67232 tid=12 left-down x=3420 y=1159 wordForeground=True
2026-09-06T21:28:17.9878234+08:00 pid=67232 tid=12 left-down x=3020 y=1882 wordForeground=False
2026-09-06T21:28:40.9883510+08:00 pid=67232 tid=12 left-down x=2447 y=1622 wordForeground=False
2026-09-06T21:28:41.7919026+08:00 pid=67232 tid=12 left-down x=2351 y=1574 wordForeground=False
2026-09-06T21:28:48.4259805+08:00 pid=67232 tid=12 left-down x=3554 y=941 wordForeground=False
2026-09-06T21:29:06.5173048+08:00 pid=67232 tid=12 left-down x=2759 y=1917 wordForeground=False
2026-09-06T21:30:04.9748180+08:00 pid=67232 tid=12 left-down x=1776 y=1270 wordForeground=False
2026-09-06T21:30:14.1453878+08:00 pid=67232 tid=12 left-down x=1872 y=722 wordForeground=True
2026-09-06T21:30:27.1705667+08:00 pid=67232 tid=12 left-down x=1872 y=894 wordForeground=True
2026-09-06T21:30:58.4074596+08:00 pid=67232 tid=12 left-down x=3287 y=1354 wordForeground=True
2026-09-06T21:31:04.4456898+08:00 pid=67232 tid=12 left-down x=3193 y=1291 wordForeground=True
2026-09-06T21:31:11.8505167+08:00 pid=67232 tid=12 left-down x=3312 y=1360 wordForeground=True
2026-09-06T21:31:18.0664349+08:00 pid=67232 tid=12 left-down x=1776 y=1270 wordForeground=False
2026-09-06T21:31:32.8047000+08:00 pid=67232 tid=12 left-down x=3455 y=1476 wordForeground=True
2026-09-06T21:32:01.9407957+08:00 pid=67232 tid=12 left-down x=1925 y=1563 wordForeground=True
2026-09-06T21:32:03.0344632+08:00 pid=67232 tid=12 left-down x=3428 y=1458 wordForeground=True
2026-09-06T21:32:31.2605102+08:00 pid=67232 tid=12 left-down x=3294 y=1512 wordForeground=True
2026-09-06T21:34:48.4780876+08:00 pid=67232 tid=12 left-down x=3228 y=1368 wordForeground=True
2026-09-06T21:34:54.3721774+08:00 pid=67232 tid=12 left-down x=3061 y=1317 wordForeground=False
2026-09-06T21:35:04.2879803+08:00 pid=67232 tid=12 left-down x=2884 y=1710 wordForeground=False
2026-09-06T21:35:12.6305778+08:00 pid=67232 tid=12 left-down x=2818 y=1889 wordForeground=False
2026-09-06T21:35:23.0053175+08:00 pid=67232 tid=12 left-down x=2446 y=1904 wordForeground=False
2026-09-06T21:35:44.1104480+08:00 pid=67232 tid=12 left-down x=1750 y=2017 wordForeground=False
2026-09-06T21:35:47.6515106+08:00 pid=67232 tid=12 left-down x=2311 y=1771 wordForeground=False
2026-09-06T21:36:02.3933601+08:00 pid=67232 tid=12 left-down x=1216 y=1122 wordForeground=True
2026-09-06T21:36:02.7627633+08:00 pid=67232 tid=12 left-down x=1216 y=1122 wordForeground=True
2026-09-06T21:36:02.7637636+08:00 pid=67232 tid=12 double-click elapsedMs=369.363 withinX=True withinY=True nativeOleTarget=False suppressSecondDown=False dispatchCallback=True
2026-09-06T21:36:02.8736519+08:00 pid=67232 tid=21 callback-begin interceptedNativeOle=False x=1216 y=1122
2026-09-06T21:36:02.8736519+08:00 pid=67232 tid=21 addin-callback-received interceptedNativeOle=False x=1216 y=1122
2026-09-06T21:36:02.8736519+08:00 pid=67232 tid=21 callback-end
2026-09-06T21:36:02.8746515+08:00 pid=67232 tid=1 addin-coordinate-selection formulaId=<null> objectMode=<null>
2026-09-06T21:37:19.3961692+08:00 pid=67232 tid=12 left-down x=3336 y=1372 wordForeground=True
2026-09-06T21:37:25.8837549+08:00 pid=67232 tid=12 left-down x=2405 y=1625 wordForeground=False
2026-09-06T21:37:27.2744058+08:00 pid=67232 tid=12 left-down x=2310 y=1561 wordForeground=False
2026-09-06T21:37:29.6284540+08:00 pid=67232 tid=12 left-down x=3539 y=957 wordForeground=False
2026-09-06T21:37:31.5737036+08:00 pid=67232 tid=12 left-down x=2655 y=1907 wordForeground=False
2026-09-06T21:37:48.0506776+08:00 pid=67232 tid=12 left-down x=1382 y=1120 wordForeground=False
2026-09-06T21:37:51.3543736+08:00 pid=67232 tid=12 left-down x=2492 y=460 wordForeground=False
2026-09-06T21:38:18.3742817+08:00 pid=67232 tid=12 left-down x=1255 y=1032 wordForeground=True
2026-09-06T21:38:24.7461805+08:00 pid=67232 tid=12 left-down x=2693 y=1663 wordForeground=True
2026-09-06T21:38:26.2299298+08:00 pid=67232 tid=12 left-down x=3239 y=1682 wordForeground=False
2026-09-06T21:38:28.3278942+08:00 pid=67232 tid=12 left-down x=3146 y=1684 wordForeground=False
2026-09-06T21:38:45.4441551+08:00 pid=67232 tid=12 left-down x=1151 y=2140 wordForeground=False
2026-09-06T21:39:11.7225952+08:00 pid=67232 tid=12 left-down x=3303 y=1566 wordForeground=False
2026-09-06T21:39:17.4744769+08:00 pid=67232 tid=12 left-down x=3268 y=1483 wordForeground=False
2026-09-06T21:39:20.5252403+08:00 pid=67232 tid=12 left-down x=2801 y=1901 wordForeground=False
2026-09-06T21:39:31.9563123+08:00 pid=67232 tid=12 left-down x=2801 y=1901 wordForeground=True
2026-09-06T21:41:54.3150502+08:00 pid=67232 tid=12 left-down x=1872 y=722 wordForeground=True
2026-09-06T21:42:54.9365899+08:00 pid=67232 tid=12 left-down x=1332 y=734 wordForeground=True
2026-09-06T21:42:56.7154844+08:00 pid=67232 tid=12 left-down x=3277 y=1290 wordForeground=True
2026-09-06T21:44:10.1085785+08:00 pid=67232 tid=12 left-down x=1445 y=832 wordForeground=True
2026-09-06T21:44:10.4609180+08:00 pid=67232 tid=12 left-down x=1445 y=832 wordForeground=True
2026-09-06T21:44:10.4619183+08:00 pid=67232 tid=12 double-click elapsedMs=352.681 withinX=True withinY=True nativeOleTarget=False suppressSecondDown=False dispatchCallback=True
2026-09-06T21:44:10.5586052+08:00 pid=67232 tid=11 callback-begin interceptedNativeOle=False x=1445 y=832
2026-09-06T21:44:10.5586052+08:00 pid=67232 tid=11 addin-callback-received interceptedNativeOle=False x=1445 y=832
2026-09-06T21:44:10.5586052+08:00 pid=67232 tid=11 callback-end
2026-09-06T21:44:10.5606023+08:00 pid=67232 tid=1 addin-coordinate-selection formulaId=<null> objectMode=<null>
2026-09-06T21:44:12.2914721+08:00 pid=67232 tid=12 left-down x=3812 y=9 wordForeground=False
2026-09-06T21:44:14.5039608+08:00 pid=67232 tid=12 left-down x=1517 y=985 wordForeground=True
2026-09-06T21:44:43.0703891+08:00 pid=67232 tid=12 left-down x=1820 y=1993 wordForeground=True
2026-09-06T21:44:45.0081250+08:00 pid=67232 tid=12 left-down x=2265 y=1773 wordForeground=False
2026-09-06T21:45:35.1017037+08:00 pid=67232 tid=12 left-down x=1897 y=1997 wordForeground=False
2026-09-06T21:45:36.6288917+08:00 pid=67232 tid=12 left-down x=2373 y=1907 wordForeground=False
2026-09-06T21:45:37.7159631+08:00 pid=67232 tid=12 left-down x=2372 y=1627 wordForeground=False
2026-09-06T21:45:38.8240772+08:00 pid=67232 tid=12 left-down x=2305 y=1600 wordForeground=False
2026-09-06T21:45:41.3296788+08:00 pid=67232 tid=12 left-down x=3535 y=976 wordForeground=False
2026-09-06T21:45:42.8100671+08:00 pid=67232 tid=12 left-down x=2685 y=1869 wordForeground=False
2026-09-06T21:46:38.0090876+08:00 pid=67232 tid=12 left-down x=1982 y=2015 wordForeground=False
2026-09-06T21:46:45.2760222+08:00 pid=67232 tid=12 left-down x=852 y=2147 wordForeground=False
2026-09-06T21:46:48.7472611+08:00 pid=67232 tid=12 left-down x=2927 y=1203 wordForeground=False
2026-09-06T21:47:00.5070851+08:00 pid=67232 tid=12 left-down x=1718 y=624 wordForeground=False
2026-09-06T21:47:02.6500816+08:00 pid=67232 tid=12 left-down x=2217 y=1462 wordForeground=False
2026-09-06T21:47:32.1097380+08:00 pid=67232 tid=12 left-down x=1235 y=828 wordForeground=True
2026-09-06T21:47:40.0433285+08:00 pid=67232 tid=12 left-down x=1049 y=502 wordForeground=True
2026-09-06T21:47:45.6052144+08:00 pid=67232 tid=12 left-down x=403 y=1089 wordForeground=True
2026-09-06T21:47:45.9997316+08:00 pid=67232 tid=12 left-down x=403 y=1089 wordForeground=True
2026-09-06T21:47:46.0017294+08:00 pid=67232 tid=12 double-click elapsedMs=394.243 withinX=True withinY=True nativeOleTarget=False suppressSecondDown=False dispatchCallback=True
2026-09-06T21:47:46.1090214+08:00 pid=67232 tid=16 callback-begin interceptedNativeOle=False x=403 y=1089
2026-09-06T21:47:46.1095404+08:00 pid=67232 tid=16 addin-callback-received interceptedNativeOle=False x=403 y=1089
2026-09-06T21:47:46.1095404+08:00 pid=67232 tid=16 callback-end
2026-09-06T21:47:46.1095404+08:00 pid=67232 tid=1 addin-coordinate-selection formulaId=<null> objectMode=<null>
2026-09-06T21:47:56.4240654+08:00 pid=67232 tid=12 left-down x=584 y=1013 wordForeground=True
2026-09-06T21:48:00.7555710+08:00 pid=67232 tid=12 left-down x=2608 y=1634 wordForeground=True
2026-09-06T21:48:24.4098958+08:00 pid=67232 tid=12 left-down x=1927 y=1995 wordForeground=False
2026-09-06T21:48:26.7781577+08:00 pid=67232 tid=12 left-down x=2318 y=1897 wordForeground=False
2026-09-06T21:57:13.6642948+08:00 pid=67232 tid=12 left-down x=1938 y=2024 wordForeground=False
2026-09-06T21:57:15.2775401+08:00 pid=67232 tid=12 left-down x=2338 y=1891 wordForeground=False
2026-09-06T21:59:58.8764357+08:00 pid=67232 tid=12 left-down x=2320 y=1675 wordForeground=False
2026-09-06T22:00:02.9126140+08:00 pid=67232 tid=12 left-down x=686 y=2131 wordForeground=False
2026-09-06T22:00:05.5800514+08:00 pid=67232 tid=12 left-down x=1008 y=1231 wordForeground=False
2026-09-06T22:00:06.0107651+08:00 pid=67232 tid=12 left-down x=1008 y=1231 wordForeground=False
2026-09-06T22:00:08.2784568+08:00 pid=67232 tid=12 left-down x=2052 y=1288 wordForeground=False
2026-09-06T22:00:08.9927727+08:00 pid=67232 tid=12 left-down x=2052 y=1288 wordForeground=False
2026-09-06T22:00:10.0480351+08:00 pid=67232 tid=12 left-down x=2052 y=1288 wordForeground=False
2026-09-06T22:00:11.1479280+08:00 pid=67232 tid=12 left-down x=2052 y=1288 wordForeground=False
