{
    "fields":  [
                   {
                       "preceding":  {
                                         "start":  23,
                                         "end":  24,
                                         "text":  "(",
                                         "style":  "正文",
                                         "Name":  "等线",
                                         "NameAscii":  "+西文正文",
                                         "NameOther":  "+西文正文",
                                         "NameFarEast":  "+中文正文",
                                         "NameBi":  "+正文 CS 字体",
                                         "Size":  10.5,
                                         "SizeBi":  11,
                                         "Bold":  0,
                                         "BoldBi":  0,
                                         "Italic":  0,
                                         "ItalicBi":  0,
                                         "Underline":  0,
                                         "Color":  -16777216,
                                         "Hidden":  0,
                                         "Position":  0,
                                         "Spacing":  0,
                                         "Scaling":  100,
                                         "Subscript":  0,
                                         "Superscript":  0
                                     },
                       "code":  {
                                    "start":  25,
                                    "end":  78,
                                    "text":  " SEQ VisualTeXEquation \\r 1 \\* ARABIC \\* MERGEFORMAT ",
                                    "style":  "正文",
                                    "Name":  "等线",
                                    "NameAscii":  "+西文正文",
                                    "NameOther":  "+西文正文",
                                    "NameFarEast":  "+中文正文",
                                    "NameBi":  "+正文 CS 字体",
                                    "Size":  10.5,
                                    "SizeBi":  11,
                                    "Bold":  0,
                                    "BoldBi":  0,
                                    "Italic":  0,
                                    "ItalicBi":  0,
                                    "Underline":  0,
                                    "Color":  -16777216,
                                    "Hidden":  0,
                                    "Position":  0,
                                    "Spacing":  0,
                                    "Scaling":  100,
                                    "Subscript":  0,
                                    "Superscript":  0
                                },
                       "codeFirst":  {
                                         "start":  25,
                                         "end":  27,
                                         "text":  " S",
                                         "style":  "正文",
                                         "Name":  "等线",
                                         "NameAscii":  "+西文正文",
                                         "NameOther":  "+西文正文",
                                         "NameFarEast":  "+中文正文",
                                         "NameBi":  "+正文 CS 字体",
                                         "Size":  10.5,
                                         "SizeBi":  11,
                                         "Bold":  0,
                                         "BoldBi":  0,
                                         "Italic":  0,
                                         "ItalicBi":  0,
                                         "Underline":  0,
                                         "Color":  -16777216,
                                         "Hidden":  0,
                                         "Position":  0,
                                         "Spacing":  0,
                                         "Scaling":  100,
                                         "Subscript":  0,
                                         "Superscript":  0
                                     },
                       "result":  {
                                      "start":  79,
                                      "end":  80,
                                      "text":  "1",
                                      "style":  "正文",
                                      "Name":  "等线",
                                      "NameAscii":  "+西文正文",
                                      "NameOther":  "+西文正文",
                                      "NameFarEast":  "+中文正文",
                                      "NameBi":  "+正文 CS 字体",
                                      "Size":  10.5,
                                      "SizeBi":  11,
                                      "Bold":  0,
                                      "BoldBi":  0,
                                      "Italic":  0,
                                      "ItalicBi":  0,
                                      "Underline":  0,
                                      "Color":  -16777216,
                                      "Hidden":  0,
                                      "Position":  0,
                                      "Spacing":  0,
                                      "Scaling":  100,
                                      "Subscript":  0,
                                      "Superscript":  0
                                  },
                       "type":  12
                   },
                   {
                       "preceding":  {
                                         "start":  242,
                                         "end":  243,
                                         "text":  "(",
                                         "style":  "正文",
                                         "Name":  "等线",
                                         "NameAscii":  "+西文正文",
                                         "NameOther":  "+西文正文",
                                         "NameFarEast":  "+中文正文",
                                         "NameBi":  "+正文 CS 字体",
                                         "Size":  10.5,
                                         "SizeBi":  11,
                                         "Bold":  0,
                                         "BoldBi":  0,
                                         "Italic":  0,
                                         "ItalicBi":  0,
                                         "Underline":  0,
                                         "Color":  -16777216,
                                         "Hidden":  0,
                                         "Position":  0,
                                         "Spacing":  0,
                                         "Scaling":  100,
                                         "Subscript":  0,
                                         "Superscript":  0
                                     },
                       "code":  {
                                    "start":  244,
                                    "end":  297,
                                    "text":  " SEQ VisualTeXEquation \\r 2 \\* ARABIC \\* MERGEFORMAT ",
                                    "style":  "正文",
                                    "Name":  "等线",
                                    "NameAscii":  "+西文正文",
                                    "NameOther":  "+西文正文",
                                    "NameFarEast":  "+中文正文",
                                    "NameBi":  "+正文 CS 字体",
                                    "Size":  10.5,
                                    "SizeBi":  11,
                                    "Bold":  0,
                                    "BoldBi":  0,
                                    "Italic":  0,
                                    "ItalicBi":  0,
                                    "Underline":  0,
                                    "Color":  -16777216,
                                    "Hidden":  0,
                                    "Position":  0,
                                    "Spacing":  0,
                                    "Scaling":  100,
                                    "Subscript":  0,
                                    "Superscript":  0
                                },
                       "codeFirst":  {
                                         "start":  244,
                                         "end":  246,
                                         "text":  " S",
                                         "style":  "正文",
                                         "Name":  "等线",
                                         "NameAscii":  "+西文正文",
                                         "NameOther":  "+西文正文",
                                         "NameFarEast":  "+中文正文",
                                         "NameBi":  "+正文 CS 字体",
                                         "Size":  10.5,
                                         "SizeBi":  11,
                                         "Bold":  0,
                                         "BoldBi":  0,
                                         "Italic":  0,
                                         "ItalicBi":  0,
                                         "Underline":  0,
                                         "Color":  -16777216,
                                         "Hidden":  0,
                                         "Position":  0,
                                         "Spacing":  0,
                                         "Scaling":  100,
                                         "Subscript":  0,
                                         "Superscript":  0
                                     },
                       "result":  {
                                      "start":  298,
                                      "end":  299,
                                      "text":  "2",
                                      "style":  "正文",
                                      "Name":  "等线",
                                      "NameAscii":  "+西文正文",
                                      "NameOther":  "+西文正文",
                                      "NameFarEast":  "+中文正文",
                                      "NameBi":  "+正文 CS 字体",
                                      "Size":  10.5,
                                      "SizeBi":  11,
                                      "Bold":  0,
                                      "BoldBi":  0,
                                      "Italic":  0,
                                      "ItalicBi":  0,
                                      "Underline":  0,
                                      "Color":  -16777216,
                                      "Hidden":  0,
                                      "Position":  0,
                                      "Spacing":  0,
                                      "Scaling":  100,
                                      "Subscript":  0,
                                      "Superscript":  0
                                  },
                       "type":  12
                   },
                   {
                       "preceding":  {
                                         "start":  317,
                                         "end":  318,
                                         "text":  "(",
                                         "style":  "正文",
                                         "Name":  "等线",
                                         "NameAscii":  "+西文正文",
                                         "NameOther":  "+西文正文",
                                         "NameFarEast":  "+中文正文",
                                         "NameBi":  "+正文 CS 字体",
                                         "Size":  10.5,
                                         "SizeBi":  11,
                                         "Bold":  0,
                                         "BoldBi":  0,
                                         "Italic":  0,
                                         "ItalicBi":  0,
                                         "Underline":  0,
                                         "Color":  -16777216,
                                         "Hidden":  0,
                                         "Position":  0,
                                         "Spacing":  0,
                                         "Scaling":  100,
                                         "Subscript":  0,
                                         "Superscript":  0
                                     },
                       "code":  {
                                    "start":  319,
                                    "end":  372,
                                    "text":  " SEQ VisualTeXEquation \\r 3 \\* ARABIC \\* MERGEFORMAT ",
                                    "style":  "正文",
                                    "Name":  "等线",
                                    "NameAscii":  "+西文正文",
                                    "NameOther":  "+西文正文",
                                    "NameFarEast":  "+中文正文",
                                    "NameBi":  "+正文 CS 字体",
                                    "Size":  10.5,
                                    "SizeBi":  11,
                                    "Bold":  0,
                                    "BoldBi":  0,
                                    "Italic":  0,
                                    "ItalicBi":  0,
                                    "Underline":  0,
                                    "Color":  -16777216,
                                    "Hidden":  0,
                                    "Position":  0,
                                    "Spacing":  0,
                                    "Scaling":  100,
                                    "Subscript":  0,
                                    "Superscript":  0
                                },
                       "codeFirst":  {
                                         "start":  319,
                                         "end":  321,
                                         "text":  " S",
                                         "style":  "正文",
                                         "Name":  "等线",
                                         "NameAscii":  "+西文正文",
                                         "NameOther":  "+西文正文",
                                         "NameFarEast":  "+中文正文",
                                         "NameBi":  "+正文 CS 字体",
                                         "Size":  10.5,
                                         "SizeBi":  11,
                                         "Bold":  0,
                                         "BoldBi":  0,
                                         "Italic":  0,
                                         "ItalicBi":  0,
                                         "Underline":  0,
                                         "Color":  -16777216,
                                         "Hidden":  0,
                                         "Position":  0,
                                         "Spacing":  0,
                                         "Scaling":  100,
                                         "Subscript":  0,
                                         "Superscript":  0
                                     },
                       "result":  {
                                      "start":  373,
                                      "end":  374,
                                      "text":  "3",
                                      "style":  "正文",
                                      "Name":  "等线",
                                      "NameAscii":  "+西文正文",
                                      "NameOther":  "+西文正文",
                                      "NameFarEast":  "+中文正文",
                                      "NameBi":  "+正文 CS 字体",
                                      "Size":  10.5,
                                      "SizeBi":  11,
                                      "Bold":  0,
                                      "BoldBi":  0,
                                      "Italic":  0,
                                      "ItalicBi":  0,
                                      "Underline":  0,
                                      "Color":  -16777216,
                                      "Hidden":  0,
                                      "Position":  0,
                                      "Spacing":  0,
                                      "Scaling":  100,
                                      "Subscript":  0,
                                      "Superscript":  0
                                  },
                       "type":  12
                   },
                   {
                       "preceding":  {
                                         "start":  470,
                                         "end":  471,
                                         "text":  "(",
                                         "style":  "正文",
                                         "Name":  "等线",
                                         "NameAscii":  "+西文正文",
                                         "NameOther":  "+西文正文",
                                         "NameFarEast":  "+中文正文",
                                         "NameBi":  "+正文 CS 字体",
                                         "Size":  10.5,
                                         "SizeBi":  11,
                                         "Bold":  0,
                                         "BoldBi":  0,
                                         "Italic":  0,
                                         "ItalicBi":  0,
                                         "Underline":  0,
                                         "Color":  -16777216,
                                         "Hidden":  0,
                                         "Position":  0,
                                         "Spacing":  0,
                                         "Scaling":  100,
                                         "Subscript":  0,
                                         "Superscript":  0
                                     },
                       "code":  {
                                    "start":  472,
                                    "end":  525,
                                    "text":  " SEQ VisualTeXEquation \\r 4 \\* ARABIC \\* MERGEFORMAT ",
                                    "style":  "正文",
                                    "Name":  "等线",
                                    "NameAscii":  "+西文正文",
                                    "NameOther":  "+西文正文",
                                    "NameFarEast":  "+中文正文",
                                    "NameBi":  "+正文 CS 字体",
                                    "Size":  10.5,
                                    "SizeBi":  11,
                                    "Bold":  0,
                                    "BoldBi":  0,
                                    "Italic":  0,
                                    "ItalicBi":  0,
                                    "Underline":  0,
                                    "Color":  -16777216,
                                    "Hidden":  0,
                                    "Position":  0,
                                    "Spacing":  0,
                                    "Scaling":  100,
                                    "Subscript":  0,
                                    "Superscript":  0
                                },
                       "codeFirst":  {
                                         "start":  472,
                                         "end":  474,
                                         "text":  " S",
                                         "style":  "正文",
                                         "Name":  "等线",
                                         "NameAscii":  "+西文正文",
                                         "NameOther":  "+西文正文",
                                         "NameFarEast":  "+中文正文",
                                         "NameBi":  "+正文 CS 字体",
                                         "Size":  10.5,
                                         "SizeBi":  11,
                                         "Bold":  0,
                                         "BoldBi":  0,
                                         "Italic":  0,
                                         "ItalicBi":  0,
                                         "Underline":  0,
                                         "Color":  -16777216,
                                         "Hidden":  0,
                                         "Position":  0,
                                         "Spacing":  0,
                                         "Scaling":  100,
                                         "Subscript":  0,
                                         "Superscript":  0
                                     },
                       "result":  {
                                      "start":  526,
                                      "end":  527,
                                      "text":  "4",
                                      "style":  "正文",
                                      "Name":  "等线",
                                      "NameAscii":  "+西文正文",
                                      "NameOther":  "+西文正文",
                                      "NameFarEast":  "+中文正文",
                                      "NameBi":  "+正文 CS 字体",
                                      "Size":  10.5,
                                      "SizeBi":  11,
                                      "Bold":  0,
                                      "BoldBi":  0,
                                      "Italic":  0,
                                      "ItalicBi":  0,
                                      "Underline":  0,
                                      "Color":  -16777216,
                                      "Hidden":  0,
                                      "Position":  0,
                                      "Spacing":  0,
                                      "Scaling":  100,
                                      "Subscript":  0,
                                      "Superscript":  0
                                  },
                       "type":  12
                   },
                   {
                       "preceding":  {
                                         "start":  626,
                                         "end":  627,
                                         "text":  "(",
                                         "style":  "正文",
                                         "Name":  "等线",
                                         "NameAscii":  "+西文正文",
                                         "NameOther":  "+西文正文",
                                         "NameFarEast":  "+中文正文",
                                         "NameBi":  "+正文 CS 字体",
                                         "Size":  10.5,
                                         "SizeBi":  11,
                                         "Bold":  0,
                                         "BoldBi":  0,
                                         "Italic":  0,
                                         "ItalicBi":  0,
                                         "Underline":  0,
                                         "Color":  -16777216,
                                         "Hidden":  0,
                                         "Position":  0,
                                         "Spacing":  0,
                                         "Scaling":  100,
                                         "Subscript":  0,
                                         "Superscript":  0
                                     },
                       "code":  {
                                    "start":  628,
                                    "end":  681,
                                    "text":  " SEQ VisualTeXEquation \\r 5 \\* ARABIC \\* MERGEFORMAT ",
                                    "style":  "正文",
                                    "Name":  "等线",
                                    "NameAscii":  "+西文正文",
                                    "NameOther":  "+西文正文",
                                    "NameFarEast":  "+中文正文",
                                    "NameBi":  "+正文 CS 字体",
                                    "Size":  10.5,
                                    "SizeBi":  11,
                                    "Bold":  0,
                                    "BoldBi":  0,
                                    "Italic":  0,
                                    "ItalicBi":  0,
                                    "Underline":  0,
                                    "Color":  -16777216,
                                    "Hidden":  0,
                                    "Position":  0,
                                    "Spacing":  0,
                                    "Scaling":  100,
                                    "Subscript":  0,
                                    "Superscript":  0
                                },
                       "codeFirst":  {
                                         "start":  628,
                                         "end":  630,
                                         "text":  " S",
                                         "style":  "正文",
                                         "Name":  "等线",
                                         "NameAscii":  "+西文正文",
                                         "NameOther":  "+西文正文",
                                         "NameFarEast":  "+中文正文",
                                         "NameBi":  "+正文 CS 字体",
                                         "Size":  10.5,
                                         "SizeBi":  11,
                                         "Bold":  0,
                                         "BoldBi":  0,
                                         "Italic":  0,
                                         "ItalicBi":  0,
                                         "Underline":  0,
                                         "Color":  -16777216,
                                         "Hidden":  0,
                                         "Position":  0,
                                         "Spacing":  0,
                                         "Scaling":  100,
                                         "Subscript":  0,
                                         "Superscript":  0
                                     },
                       "result":  {
                                      "start":  682,
                                      "end":  683,
                                      "text":  "5",
                                      "style":  "正文",
                                      "Name":  "等线",
                                      "NameAscii":  "+西文正文",
                                      "NameOther":  "+西文正文",
                                      "NameFarEast":  "+中文正文",
                                      "NameBi":  "+正文 CS 字体",
                                      "Size":  10.5,
                                      "SizeBi":  11,
                                      "Bold":  0,
                                      "BoldBi":  0,
                                      "Italic":  0,
                                      "ItalicBi":  0,
                                      "Underline":  0,
                                      "Color":  -16777216,
                                      "Hidden":  0,
                                      "Position":  0,
                                      "Spacing":  0,
                                      "Scaling":  100,
                                      "Subscript":  0,
                                      "Superscript":  0
                                  },
                       "type":  12
                   },
                   {
                       "preceding":  {
                                         "start":  737,
                                         "end":  738,
                                         "text":  "(",
                                         "style":  "正文",
                                         "Name":  "等线",
                                         "NameAscii":  "+西文正文",
                                         "NameOther":  "+西文正文",
                                         "NameFarEast":  "+中文正文",
                                         "NameBi":  "+正文 CS 字体",
                                         "Size":  10.5,
                                         "SizeBi":  11,
                                         "Bold":  0,
                                         "BoldBi":  0,
                                         "Italic":  0,
                                         "ItalicBi":  0,
                                         "Underline":  0,
                                         "Color":  -16777216,
                                         "Hidden":  0,
                                         "Position":  0,
                                         "Spacing":  0,
                                         "Scaling":  100,
                                         "Subscript":  0,
                                         "Superscript":  0
                                     },
                       "code":  {
                                    "start":  739,
                                    "end":  792,
                                    "text":  " SEQ VisualTeXEquation \\r 6 \\* ARABIC \\* MERGEFORMAT ",
                                    "style":  "正文",
                                    "Name":  "等线",
                                    "NameAscii":  "+西文正文",
                                    "NameOther":  "+西文正文",
                                    "NameFarEast":  "+中文正文",
                                    "NameBi":  "+正文 CS 字体",
                                    "Size":  10.5,
                                    "SizeBi":  11,
                                    "Bold":  0,
                                    "BoldBi":  0,
                                    "Italic":  0,
                                    "ItalicBi":  0,
                                    "Underline":  0,
                                    "Color":  -16777216,
                                    "Hidden":  0,
                                    "Position":  0,
                                    "Spacing":  0,
                                    "Scaling":  100,
                                    "Subscript":  0,
                                    "Superscript":  0
                                },
                       "codeFirst":  {
                                         "start":  739,
                                         "end":  741,
                                         "text":  " S",
                                         "style":  "正文",
                                         "Name":  "等线",
                                         "NameAscii":  "+西文正文",
                                         "NameOther":  "+西文正文",
                                         "NameFarEast":  "+中文正文",
                                         "NameBi":  "+正文 CS 字体",
                                         "Size":  10.5,
                                         "SizeBi":  11,
                                         "Bold":  0,
                                         "BoldBi":  0,
                                         "Italic":  0,
                                         "ItalicBi":  0,
                                         "Underline":  0,
                                         "Color":  -16777216,
                                         "Hidden":  0,
                                         "Position":  0,
                                         "Spacing":  0,
                                         "Scaling":  100,
                                         "Subscript":  0,
                                         "Superscript":  0
                                     },
                       "result":  {
                                      "start":  793,
                                      "end":  794,
                                      "text":  "6",
                                      "style":  "正文",
                                      "Name":  "等线",
                                      "NameAscii":  "+西文正文",
                                      "NameOther":  "+西文正文",
                                      "NameFarEast":  "+中文正文",
                                      "NameBi":  "+正文 CS 字体",
                                      "Size":  10.5,
                                      "SizeBi":  11,
                                      "Bold":  0,
                                      "BoldBi":  0,
                                      "Italic":  0,
                                      "ItalicBi":  0,
                                      "Underline":  0,
                                      "Color":  -16777216,
                                      "Hidden":  0,
                                      "Position":  0,
                                      "Spacing":  0,
                                      "Scaling":  100,
                                      "Subscript":  0,
                                      "Superscript":  0
                                  },
                       "type":  12
                   },
                   {
                       "preceding":  {
                                         "start":  812,
                                         "end":  813,
                                         "text":  "(",
                                         "style":  "正文",
                                         "Name":  "等线",
                                         "NameAscii":  "+西文正文",
                                         "NameOther":  "+西文正文",
                                         "NameFarEast":  "+中文正文",
                                         "NameBi":  "+正文 CS 字体",
                                         "Size":  10.5,
                                         "SizeBi":  11,
                                         "Bold":  0,
                                         "BoldBi":  0,
                                         "Italic":  0,
                                         "ItalicBi":  0,
                                         "Underline":  0,
                                         "Color":  -16777216,
                                         "Hidden":  0,
                                         "Position":  0,
                                         "Spacing":  0,
                                         "Scaling":  100,
                                         "Subscript":  0,
                                         "Superscript":  0
                                     },
                       "code":  {
                                    "start":  814,
                                    "end":  934,
                                    "text":  " GOTOBUTTON VTEqNum_c4c1d72a6b7a4aaba80e0c50a7e8495e \u0013 REF VTEqNum_c4c1d72a6b7a4aaba80e0c50a7e8495e \\* CHARFORMAT \\! \u0015",
                                    "style":  "正文",
                                    "Name":  "等线",
                                    "NameAscii":  "+西文正文",
                                    "NameOther":  "+西文正文",
                                    "NameFarEast":  "+中文正文",
                                    "NameBi":  "+正文 CS 字体",
                                    "Size":  10.5,
                                    "SizeBi":  11,
                                    "Bold":  0,
                                    "BoldBi":  0,
                                    "Italic":  0,
                                    "ItalicBi":  0,
                                    "Underline":  0,
                                    "Color":  -16777216,
                                    "Hidden":  0,
                                    "Position":  0,
                                    "Spacing":  0,
                                    "Scaling":  100,
                                    "Subscript":  0,
                                    "Superscript":  0
                                },
                       "codeFirst":  {
                                         "start":  814,
                                         "end":  816,
                                         "text":  " G",
                                         "style":  "正文",
                                         "Name":  "等线",
                                         "NameAscii":  "+西文正文",
                                         "NameOther":  "+西文正文",
                                         "NameFarEast":  "+中文正文",
                                         "NameBi":  "+正文 CS 字体",
                                         "Size":  10.5,
                                         "SizeBi":  11,
                                         "Bold":  0,
                                         "BoldBi":  0,
                                         "Italic":  0,
                                         "ItalicBi":  0,
                                         "Underline":  0,
                                         "Color":  -16777216,
                                         "Hidden":  0,
                                         "Position":  0,
                                         "Spacing":  0,
                                         "Scaling":  100,
                                         "Subscript":  0,
                                         "Superscript":  0
                                     },
                       "result":  {
                                      "start":  935,
                                      "end":  935,
                                      "text":  null,
                                      "style":  "正文",
                                      "Name":  "等线",
                                      "NameAscii":  "+西文正文",
                                      "NameOther":  "+西文正文",
                                      "NameFarEast":  "+中文正文",
                                      "NameBi":  "+正文 CS 字体",
                                      "Size":  10.5,
                                      "SizeBi":  11,
                                      "Bold":  0,
                                      "BoldBi":  0,
                                      "Italic":  0,
                                      "ItalicBi":  0,
                                      "Underline":  0,
                                      "Color":  -16777216,
                                      "Hidden":  0,
                                      "Position":  0,
                                      "Spacing":  0,
                                      "Scaling":  100,
                                      "Subscript":  0,
                                      "Superscript":  0
                                  },
                       "type":  50
                   },
                   {
                       "preceding":  {
                                         "start":  866,
                                         "end":  867,
                                         "text":  " ",
                                         "style":  "正文",
                                         "Name":  "等线",
                                         "NameAscii":  "+西文正文",
                                         "NameOther":  "+西文正文",
                                         "NameFarEast":  "+中文正文",
                                         "NameBi":  "+正文 CS 字体",
                                         "Size":  10.5,
                                         "SizeBi":  11,
                                         "Bold":  0,
                                         "BoldBi":  0,
                                         "Italic":  0,
                                         "ItalicBi":  0,
                                         "Underline":  0,
                                         "Color":  -16777216,
                                         "Hidden":  0,
                                         "Position":  0,
                                         "Spacing":  0,
                                         "Scaling":  100,
                                         "Subscript":  0,
                                         "Superscript":  0
                                     },
                       "code":  {
                                    "start":  868,
                                    "end":  931,
                                    "text":  " REF VTEqNum_c4c1d72a6b7a4aaba80e0c50a7e8495e \\* CHARFORMAT \\! ",
                                    "style":  "正文",
                                    "Name":  "等线",
                                    "NameAscii":  "+西文正文",
                                    "NameOther":  "+西文正文",
                                    "NameFarEast":  "+中文正文",
                                    "NameBi":  "+正文 CS 字体",
                                    "Size":  10.5,
                                    "SizeBi":  11,
                                    "Bold":  0,
                                    "BoldBi":  0,
                                    "Italic":  0,
                                    "ItalicBi":  0,
                                    "Underline":  0,
                                    "Color":  -16777216,
                                    "Hidden":  0,
                                    "Position":  0,
                                    "Spacing":  0,
                                    "Scaling":  100,
                                    "Subscript":  0,
                                    "Superscript":  0
                                },
                       "codeFirst":  {
                                         "start":  868,
                                         "end":  870,
                                         "text":  " R",
                                         "style":  "正文",
                                         "Name":  "等线",
                                         "NameAscii":  "+西文正文",
                                         "NameOther":  "+西文正文",
                                         "NameFarEast":  "+中文正文",
                                         "NameBi":  "+正文 CS 字体",
                                         "Size":  10.5,
                                         "SizeBi":  11,
                                         "Bold":  0,
                                         "BoldBi":  0,
                                         "Italic":  0,
                                         "ItalicBi":  0,
                                         "Underline":  0,
                                         "Color":  -16777216,
                                         "Hidden":  0,
                                         "Position":  0,
                                         "Spacing":  0,
                                         "Scaling":  100,
                                         "Subscript":  0,
                                         "Superscript":  0
                                     },
                       "result":  {
                                      "start":  932,
                                      "end":  933,
                                      "text":  "3",
                                      "style":  "正文",
                                      "Name":  "等线",
                                      "NameAscii":  "+西文正文",
                                      "NameOther":  "+西文正文",
                                      "NameFarEast":  "+中文正文",
                                      "NameBi":  "+正文 CS 字体",
                                      "Size":  10.5,
                                      "SizeBi":  11,
                                      "Bold":  0,
                                      "BoldBi":  0,
                                      "Italic":  0,
                                      "ItalicBi":  0,
                                      "Underline":  0,
                                      "Color":  -16777216,
                                      "Hidden":  0,
                                      "Position":  0,
                                      "Spacing":  0,
                                      "Scaling":  100,
                                      "Subscript":  0,
                                      "Superscript":  0
                                  },
                       "type":  3
                   }
               ],
    "paragraphs":  [
                       {
                           "mark":  {
                                        "start":  84,
                                        "end":  85,
                                        "text":  "\r",
                                        "style":  "正文",
                                        "Name":  "等线",
                                        "NameAscii":  "+西文正文",
                                        "NameOther":  "+西文正文",
                                        "NameFarEast":  "+中文正文",
                                        "NameBi":  "+正文 CS 字体",
                                        "Size":  10.5,
                                        "SizeBi":  11,
                                        "Bold":  0,
                                        "BoldBi":  0,
                                        "Italic":  0,
                                        "ItalicBi":  0,
                                        "Underline":  0,
                                        "Color":  -16777216,
                                        "Hidden":  0,
                                        "Position":  0,
                                        "Spacing":  0,
                                        "Scaling":  100,
                                        "Subscript":  0,
                                        "Superscript":  0
                                    },
                           "range":  {
                                         "start":  84,
                                         "end":  85,
                                         "text":  "\r",
                                         "style":  "正文",
                                         "Name":  "等线",
                                         "NameAscii":  "+西文正文",
                                         "NameOther":  "+西文正文",
                                         "NameFarEast":  "+中文正文",
                                         "NameBi":  "+正文 CS 字体",
                                         "Size":  10.5,
                                         "SizeBi":  11,
                                         "Bold":  0,
                                         "BoldBi":  0,
                                         "Italic":  0,
                                         "ItalicBi":  0,
                                         "Underline":  0,
                                         "Color":  -16777216,
                                         "Hidden":  0,
                                         "Position":  0,
                                         "Spacing":  0,
                                         "Scaling":  100,
                                         "Subscript":  0,
                                         "Superscript":  0
                                     },
                           "first":  {
                                         "start":  84,
                                         "end":  85,
                                         "text":  "\r",
                                         "style":  "正文",
                                         "Name":  "等线",
                                         "NameAscii":  "+西文正文",
                                         "NameOther":  "+西文正文",
                                         "NameFarEast":  "+中文正文",
                                         "NameBi":  "+正文 CS 字体",
                                         "Size":  10.5,
                                         "SizeBi":  11,
                                         "Bold":  0,
                                         "BoldBi":  0,
                                         "Italic":  0,
                                         "ItalicBi":  0,
                                         "Underline":  0,
                                         "Color":  -16777216,
                                         "Hidden":  0,
                                         "Position":  0,
                                         "Spacing":  0,
                                         "Scaling":  100,
                                         "Subscript":  0,
                                         "Superscript":  0
                                     }
                       },
                       {
                           "mark":  {
                                        "start":  85,
                                        "end":  86,
                                        "text":  "\r",
                                        "style":  "正文",
                                        "Name":  "等线",
                                        "NameAscii":  "+西文正文",
                                        "NameOther":  "+西文正文",
                                        "NameFarEast":  "+中文正文",
                                        "NameBi":  "+正文 CS 字体",
                                        "Size":  10.5,
                                        "SizeBi":  11,
                                        "Bold":  0,
                                        "BoldBi":  0,
                                        "Italic":  0,
                                        "ItalicBi":  0,
                                        "Underline":  0,
                                        "Color":  -16777216,
                                        "Hidden":  0,
                                        "Position":  0,
                                        "Spacing":  0,
                                        "Scaling":  100,
                                        "Subscript":  0,
                                        "Superscript":  0
                                    },
                           "range":  {
                                         "start":  85,
                                         "end":  86,
                                         "text":  "\r",
                                         "style":  "正文",
                                         "Name":  "等线",
                                         "NameAscii":  "+西文正文",
                                         "NameOther":  "+西文正文",
                                         "NameFarEast":  "+中文正文",
                                         "NameBi":  "+正文 CS 字体",
                                         "Size":  10.5,
                                         "SizeBi":  11,
                                         "Bold":  0,
                                         "BoldBi":  0,
                                         "Italic":  0,
                                         "ItalicBi":  0,
                                         "Underline":  0,
                                         "Color":  -16777216,
                                         "Hidden":  0,
                                         "Position":  0,
                                         "Spacing":  0,
                                         "Scaling":  100,
                                         "Subscript":  0,
                                         "Superscript":  0
                                     },
                           "first":  {
                                         "start":  85,
                                         "end":  86,
                                         "text":  "\r",
                                         "style":  "正文",
                                         "Name":  "等线",
                                         "NameAscii":  "+西文正文",
                                         "NameOther":  "+西文正文",
                                         "NameFarEast":  "+中文正文",
                                         "NameBi":  "+正文 CS 字体",
                                         "Size":  10.5,
                                         "SizeBi":  11,
                                         "Bold":  0,
                                         "BoldBi":  0,
                                         "Italic":  0,
                                         "ItalicBi":  0,
                                         "Underline":  0,
                                         "Color":  -16777216,
                                         "Hidden":  0,
                                         "Position":  0,
                                         "Spacing":  0,
                                         "Scaling":  100,
                                         "Subscript":  0,
                                         "Superscript":  0
                                     }
                       },
                       {
                           "mark":  {
                                        "start":  86,
                                        "end":  87,
                                        "text":  "\r",
                                        "style":  "正文",
                                        "Name":  "等线",
                                        "NameAscii":  "+西文正文",
                                        "NameOther":  "+西文正文",
                                        "NameFarEast":  "+中文正文",
                                        "NameBi":  "+正文 CS 字体",
                                        "Size":  10.5,
                                        "SizeBi":  11,
                                        "Bold":  0,
                                        "BoldBi":  0,
                                        "Italic":  0,
                                        "ItalicBi":  0,
                                        "Underline":  0,
                                        "Color":  -16777216,
                                        "Hidden":  0,
                                        "Position":  0,
                                        "Spacing":  0,
                                        "Scaling":  100,
                                        "Subscript":  0,
                                        "Superscript":  0
                                    },
                           "range":  {
                                         "start":  86,
                                         "end":  87,
                                         "text":  "\r",
                                         "style":  "正文",
                                         "Name":  "等线",
                                         "NameAscii":  "+西文正文",
                                         "NameOther":  "+西文正文",
                                         "NameFarEast":  "+中文正文",
                                         "NameBi":  "+正文 CS 字体",
                                         "Size":  10.5,
                                         "SizeBi":  11,
                                         "Bold":  0,
                                         "BoldBi":  0,
                                         "Italic":  0,
                                         "ItalicBi":  0,
                                         "Underline":  0,
                                         "Color":  -16777216,
                                         "Hidden":  0,
                                         "Position":  0,
                                         "Spacing":  0,
                                         "Scaling":  100,
                                         "Subscript":  0,
                                         "Superscript":  0
                                     },
                           "first":  {
                                         "start":  86,
                                         "end":  87,
                                         "text":  "\r",
                                         "style":  "正文",
                                         "Name":  "等线",
                                         "NameAscii":  "+西文正文",
                                         "NameOther":  "+西文正文",
                                         "NameFarEast":  "+中文正文",
                                         "NameBi":  "+正文 CS 字体",
                                         "Size":  10.5,
                                         "SizeBi":  11,
                                         "Bold":  0,
                                         "BoldBi":  0,
                                         "Italic":  0,
                                         "ItalicBi":  0,
                                         "Underline":  0,
                                         "Color":  -16777216,
                                         "Hidden":  0,
                                         "Position":  0,
                                         "Spacing":  0,
                                         "Scaling":  100,
                                         "Subscript":  0,
                                         "Superscript":  0
                                     }
                       },
                       {
                           "mark":  {
                                        "start":  101,
                                        "end":  102,
                                        "text":  "\r",
                                        "style":  "正文",
                                        "Name":  "等线",
                                        "NameAscii":  "+西文正文",
                                        "NameOther":  "+西文正文",
                                        "NameFarEast":  "+中文正文",
                                        "NameBi":  "+正文 CS 字体",
                                        "Size":  10.5,
                                        "SizeBi":  11,
                                        "Bold":  0,
                                        "BoldBi":  0,
                                        "Italic":  0,
                                        "ItalicBi":  0,
                                        "Underline":  0,
                                        "Color":  -16777216,
                                        "Hidden":  0,
                                        "Position":  0,
                                        "Spacing":  0,
                                        "Scaling":  100,
                                        "Subscript":  0,
                                        "Superscript":  0
                                    },
                           "range":  {
                                         "start":  87,
                                         "end":  102,
                                         "text":  "思考分析力学被发明出来的原因\r",
                                         "style":  "正文",
                                         "Name":  "等线",
                                         "NameAscii":  "+西文正文",
                                         "NameOther":  "+西文正文",
                                         "NameFarEast":  "+中文正文",
                                         "NameBi":  "+正文 CS 字体",
                                         "Size":  10.5,
                                         "SizeBi":  11,
                                         "Bold":  0,
                                         "BoldBi":  0,
                                         "Italic":  0,
                                         "ItalicBi":  0,
                                         "Underline":  0,
                                         "Color":  -16777216,
                                         "Hidden":  0,
                                         "Position":  0,
                                         "Spacing":  0,
                                         "Scaling":  100,
                                         "Subscript":  0,
                                         "Superscript":  0
                                     },
                           "first":  {
                                         "start":  87,
                                         "end":  88,
                                         "text":  "思",
                                         "style":  "正文",
                                         "Name":  "等线",
                                         "NameAscii":  "+西文正文",
                                         "NameOther":  "+西文正文",
                                         "NameFarEast":  "+中文正文",
                                         "NameBi":  "+正文 CS 字体",
                                         "Size":  10.5,
                                         "SizeBi":  11,
                                         "Bold":  0,
                                         "BoldBi":  0,
                                         "Italic":  0,
                                         "ItalicBi":  0,
                                         "Underline":  0,
                                         "Color":  -16777216,
                                         "Hidden":  0,
                                         "Position":  0,
                                         "Spacing":  0,
                                         "Scaling":  100,
                                         "Subscript":  0,
                                         "Superscript":  0
                                     }
                       },
                       {
                           "mark":  {
                                        "start":  117,
                                        "end":  118,
                                        "text":  "\r",
                                        "style":  "列表段落",
                                        "Name":  "等线",
                                        "NameAscii":  "+西文正文",
                                        "NameOther":  "+西文正文",
                                        "NameFarEast":  "+中文正文",
                                        "NameBi":  "+正文 CS 字体",
                                        "Size":  10.5,
                                        "SizeBi":  11,
                                        "Bold":  0,
                                        "BoldBi":  0,
                                        "Italic":  0,
                                        "ItalicBi":  0,
                                        "Underline":  0,
                                        "Color":  -16777216,
                                        "Hidden":  0,
                                        "Position":  0,
                                        "Spacing":  0,
                                        "Scaling":  100,
                                        "Subscript":  0,
                                        "Superscript":  0
                                    },
                           "range":  {
                                         "start":  102,
                                         "end":  118,
                                         "text":  "系统有很多约束，解决多约束问题\r",
                                         "style":  "列表段落",
                                         "Name":  "等线",
                                         "NameAscii":  "+西文正文",
                                         "NameOther":  "+西文正文",
                                         "NameFarEast":  "+中文正文",
                                         "NameBi":  "+正文 CS 字体",
                                         "Size":  10.5,
                                         "SizeBi":  11,
                                         "Bold":  0,
                                         "BoldBi":  0,
                                         "Italic":  0,
                                         "ItalicBi":  0,
                                         "Underline":  0,
                                         "Color":  -16777216,
                                         "Hidden":  0,
                                         "Position":  0,
                                         "Spacing":  0,
                                         "Scaling":  100,
                                         "Subscript":  0,
                                         "Superscript":  0
                                     },
                           "first":  {
                                         "start":  102,
                                         "end":  103,
                                         "text":  "系",
                                         "style":  "列表段落",
                                         "Name":  "等线",
                                         "NameAscii":  "+西文正文",
                                         "NameOther":  "+西文正文",
                                         "NameFarEast":  "+中文正文",
                                         "NameBi":  "+正文 CS 字体",
                                         "Size":  10.5,
                                         "SizeBi":  11,
                                         "Bold":  0,
                                         "BoldBi":  0,
                                         "Italic":  0,
                                         "ItalicBi":  0,
                                         "Underline":  0,
                                         "Color":  -16777216,
                                         "Hidden":  0,
                                         "Position":  0,
                                         "Spacing":  0,
                                         "Scaling":  100,
                                         "Subscript":  0,
                                         "Superscript":  0
                                     }
                       },
                       {
                           "mark":  {
                                        "start":  128,
                                        "end":  129,
                                        "text":  "\r",
                                        "style":  "列表段落",
                                        "Name":  "等线",
                                        "NameAscii":  "+西文正文",
                                        "NameOther":  "+西文正文",
                                        "NameFarEast":  "+中文正文",
                                        "NameBi":  "+正文 CS 字体",
                                        "Size":  10.5,
                                        "SizeBi":  11,
                                        "Bold":  0,
                                        "BoldBi":  0,
                                        "Italic":  0,
                                        "ItalicBi":  0,
                                        "Underline":  0,
                                        "Color":  -16777216,
                                        "Hidden":  0,
                                        "Position":  0,
                                        "Spacing":  0,
                                        "Scaling":  100,
                                        "Subscript":  0,
                                        "Superscript":  0
                                    },
                           "range":  {
                                         "start":  118,
                                         "end":  129,
                                         "text":  "力学和光学统一起来？\r",
                                         "style":  "列表段落",
                                         "Name":  "等线",
                                         "NameAscii":  "+西文正文",
                                         "NameOther":  "+西文正文",
                                         "NameFarEast":  "+中文正文",
                                         "NameBi":  "+正文 CS 字体",
                                         "Size":  10.5,
                                         "SizeBi":  11,
                                         "Bold":  0,
                                         "BoldBi":  0,
                                         "Italic":  0,
                                         "ItalicBi":  0,
                                         "Underline":  0,
                                         "Color":  -16777216,
                                         "Hidden":  0,
                                         "Position":  0,
                                         "Spacing":  0,
                                         "Scaling":  100,
                                         "Subscript":  0,
                                         "Superscript":  0
                                     },
                           "first":  {
                                         "start":  118,
                                         "end":  119,
                                         "text":  "力",
                                         "style":  "列表段落",
                                         "Name":  "等线",
                                         "NameAscii":  "+西文正文",
                                         "NameOther":  "+西文正文",
                                         "NameFarEast":  "+中文正文",
                                         "NameBi":  "+正文 CS 字体",
                                         "Size":  10.5,
                                         "SizeBi":  11,
                                         "Bold":  0,
                                         "BoldBi":  0,
                                         "Italic":  0,
                                         "ItalicBi":  0,
                                         "Underline":  0,
                                         "Color":  -16777216,
                                         "Hidden":  0,
                                         "Position":  0,
                                         "Spacing":  0,
                                         "Scaling":  100,
                                         "Subscript":  0,
                                         "Superscript":  0
                                     }
                       },
                       {
                           "mark":  {
                                        "start":  179,
                                        "end":  180,
                                        "text":  "\r",
                                        "style":  "正文",
                                        "Name":  "等线",
                                        "NameAscii":  "+西文正文",
                                        "NameOther":  "+西文正文",
                                        "NameFarEast":  "+中文正文",
                                        "NameBi":  "+正文 CS 字体",
                                        "Size":  10.5,
                                        "SizeBi":  11,
                                        "Bold":  0,
                                        "BoldBi":  0,
                                        "Italic":  0,
                                        "ItalicBi":  0,
                                        "Underline":  0,
                                        "Color":  -16777216,
                                        "Hidden":  0,
                                        "Position":  0,
                                        "Spacing":  0,
                                        "Scaling":  100,
                                        "Subscript":  0,
                                        "Superscript":  0
                                    },
                           "range":  {
                                         "start":  129,
                                         "end":  180,
                                         "text":  "这几个公式不知道对不对：\r𝐸−𝑢(𝑥)\r=\r1\r𝑓(𝜔)\r𝑣\r𝑝ℎ\r(𝜔,𝑥)\r\r",
                                         "style":  "正文",
                                         "Name":  "",
                                         "NameAscii":  "",
                                         "NameOther":  "",
                                         "NameFarEast":  "+中文正文",
                                         "NameBi":  "+正文 CS 字体",
                                         "Size":  10.5,
                                         "SizeBi":  9999999,
                                         "Bold":  0,
                                         "BoldBi":  0,
                                         "Italic":  9999999,
                                         "ItalicBi":  0,
                                         "Underline":  0,
                                         "Color":  -16777216,
                                         "Hidden":  0,
                                         "Position":  0,
                                         "Spacing":  0,
                                         "Scaling":  100,
                                         "Subscript":  0,
                                         "Superscript":  0
                                     },
                           "first":  {
                                         "start":  129,
                                         "end":  130,
                                         "text":  "这",
                                         "style":  "正文",
                                         "Name":  "等线",
                                         "NameAscii":  "+西文正文",
                                         "NameOther":  "+西文正文",
                                         "NameFarEast":  "+中文正文",
                                         "NameBi":  "+正文 CS 字体",
                                         "Size":  10.5,
                                         "SizeBi":  11,
                                         "Bold":  0,
                                         "BoldBi":  0,
                                         "Italic":  0,
                                         "ItalicBi":  0,
                                         "Underline":  0,
                                         "Color":  -16777216,
                                         "Hidden":  0,
                                         "Position":  0,
                                         "Spacing":  0,
                                         "Scaling":  100,
                                         "Subscript":  0,
                                         "Superscript":  0
                                     }
                       },
                       {
                           "mark":  {
                                        "start":  383,
                                        "end":  384,
                                        "text":  "\r",
                                        "style":  "标题 1",
                                        "Name":  "等线",
                                        "NameAscii":  "+西文正文",
                                        "NameOther":  "+西文正文",
                                        "NameFarEast":  "+中文正文",
                                        "NameBi":  "+正文 CS 字体",
                                        "Size":  22,
                                        "SizeBi":  22,
                                        "Bold":  -1,
                                        "BoldBi":  -1,
                                        "Italic":  0,
                                        "ItalicBi":  0,
                                        "Underline":  0,
                                        "Color":  -16777216,
                                        "Hidden":  0,
                                        "Position":  0,
                                        "Spacing":  0,
                                        "Scaling":  100,
                                        "Subscript":  0,
                                        "Superscript":  0
                                    },
                           "range":  {
                                         "start":  378,
                                         "end":  384,
                                         "text":  "薛定谔方程\r",
                                         "style":  "标题 1",
                                         "Name":  "等线",
                                         "NameAscii":  "+西文正文",
                                         "NameOther":  "+西文正文",
                                         "NameFarEast":  "+中文正文",
                                         "NameBi":  "+正文 CS 字体",
                                         "Size":  22,
                                         "SizeBi":  22,
                                         "Bold":  -1,
                                         "BoldBi":  -1,
                                         "Italic":  0,
                                         "ItalicBi":  0,
                                         "Underline":  0,
                                         "Color":  -16777216,
                                         "Hidden":  0,
                                         "Position":  0,
                                         "Spacing":  0,
                                         "Scaling":  100,
                                         "Subscript":  0,
                                         "Superscript":  0
                                     },
                           "first":  {
                                         "start":  378,
                                         "end":  379,
                                         "text":  "薛",
                                         "style":  "标题 1",
                                         "Name":  "等线",
                                         "NameAscii":  "+西文正文",
                                         "NameOther":  "+西文正文",
                                         "NameFarEast":  "+中文正文",
                                         "NameBi":  "+正文 CS 字体",
                                         "Size":  22,
                                         "SizeBi":  22,
                                         "Bold":  -1,
                                         "BoldBi":  -1,
                                         "Italic":  0,
                                         "ItalicBi":  0,
                                         "Underline":  0,
                                         "Color":  -16777216,
                                         "Hidden":  0,
                                         "Position":  0,
                                         "Spacing":  0,
                                         "Scaling":  100,
                                         "Subscript":  0,
                                         "Superscript":  0
                                     }
                       },
                       {
                           "mark":  {
                                        "start":  399,
                                        "end":  400,
                                        "text":  "\r",
                                        "style":  "标题 1",
                                        "Name":  "等线",
                                        "NameAscii":  "+西文正文",
                                        "NameOther":  "+西文正文",
                                        "NameFarEast":  "+中文正文",
                                        "NameBi":  "+正文 CS 字体",
                                        "Size":  22,
                                        "SizeBi":  22,
                                        "Bold":  -1,
                                        "BoldBi":  -1,
                                        "Italic":  0,
                                        "ItalicBi":  0,
                                        "Underline":  0,
                                        "Color":  -16777216,
                                        "Hidden":  0,
                                        "Position":  0,
                                        "Spacing":  0,
                                        "Scaling":  100,
                                        "Subscript":  0,
                                        "Superscript":  0
                                    },
                           "range":  {
                                         "start":  384,
                                         "end":  400,
                                         "text":  "波函数的统计解释和几率守恒方程\r",
                                         "style":  "标题 1",
                                         "Name":  "等线",
                                         "NameAscii":  "+西文正文",
                                         "NameOther":  "+西文正文",
                                         "NameFarEast":  "+中文正文",
                                         "NameBi":  "+正文 CS 字体",
                                         "Size":  22,
                                         "SizeBi":  22,
                                         "Bold":  -1,
                                         "BoldBi":  -1,
                                         "Italic":  0,
                                         "ItalicBi":  0,
                                         "Underline":  0,
                                         "Color":  -16777216,
                                         "Hidden":  0,
                                         "Position":  0,
                                         "Spacing":  0,
                                         "Scaling":  100,
                                         "Subscript":  0,
                                         "Superscript":  0
                                     },
                           "first":  {
                                         "start":  384,
                                         "end":  385,
                                         "text":  "波",
                                         "style":  "标题 1",
                                         "Name":  "等线",
                                         "NameAscii":  "+西文正文",
                                         "NameOther":  "+西文正文",
                                         "NameFarEast":  "+中文正文",
                                         "NameBi":  "+正文 CS 字体",
                                         "Size":  22,
                                         "SizeBi":  22,
                                         "Bold":  -1,
                                         "BoldBi":  -1,
                                         "Italic":  0,
                                         "ItalicBi":  0,
                                         "Underline":  0,
                                         "Color":  -16777216,
                                         "Hidden":  0,
                                         "Position":  0,
                                         "Spacing":  0,
                                         "Scaling":  100,
                                         "Subscript":  0,
                                         "Superscript":  0
                                     }
                       },
                       {
                           "mark":  {
                                        "start":  406,
                                        "end":  407,
                                        "text":  "\r",
                                        "style":  "正文",
                                        "Name":  "等线",
                                        "NameAscii":  "+西文正文",
                                        "NameOther":  "+西文正文",
                                        "NameFarEast":  "+中文正文",
                                        "NameBi":  "+正文 CS 字体",
                                        "Size":  10.5,
                                        "SizeBi":  11,
                                        "Bold":  0,
                                        "BoldBi":  0,
                                        "Italic":  0,
                                        "ItalicBi":  0,
                                        "Underline":  0,
                                        "Color":  -16777216,
                                        "Hidden":  0,
                                        "Position":  0,
                                        "Spacing":  0,
                                        "Scaling":  100,
                                        "Subscript":  0,
                                        "Superscript":  0
                                    },
                           "range":  {
                                         "start":  400,
                                         "end":  407,
                                         "text":  "薛定谔方程：\r",
                                         "style":  "正文",
                                         "Name":  "等线",
                                         "NameAscii":  "+西文正文",
                                         "NameOther":  "+西文正文",
                                         "NameFarEast":  "+中文正文",
                                         "NameBi":  "+正文 CS 字体",
                                         "Size":  10.5,
                                         "SizeBi":  11,
                                         "Bold":  0,
                                         "BoldBi":  0,
                                         "Italic":  0,
                                         "ItalicBi":  0,
                                         "Underline":  0,
                                         "Color":  -16777216,
                                         "Hidden":  0,
                                         "Position":  0,
                                         "Spacing":  0,
                                         "Scaling":  100,
                                         "Subscript":  0,
                                         "Superscript":  0
                                     },
                           "first":  {
                                         "start":  400,
                                         "end":  401,
                                         "text":  "薛",
                                         "style":  "正文",
                                         "Name":  "等线",
                                         "NameAscii":  "+西文正文",
                                         "NameOther":  "+西文正文",
                                         "NameFarEast":  "+中文正文",
                                         "NameBi":  "+正文 CS 字体",
                                         "Size":  10.5,
                                         "SizeBi":  11,
                                         "Bold":  0,
                                         "BoldBi":  0,
                                         "Italic":  0,
                                         "ItalicBi":  0,
                                         "Underline":  0,
                                         "Color":  -16777216,
                                         "Hidden":  0,
                                         "Position":  0,
                                         "Spacing":  0,
                                         "Scaling":  100,
                                         "Subscript":  0,
                                         "Superscript":  0
                                     }
                       },
                       {
                           "mark":  {
                                        "start":  538,
                                        "end":  539,
                                        "text":  "\r",
                                        "style":  "正文",
                                        "Name":  "等线",
                                        "NameAscii":  "+西文正文",
                                        "NameOther":  "+西文正文",
                                        "NameFarEast":  "+中文正文",
                                        "NameBi":  "+正文 CS 字体",
                                        "Size":  10.5,
                                        "SizeBi":  11,
                                        "Bold":  0,
                                        "BoldBi":  0,
                                        "Italic":  0,
                                        "ItalicBi":  0,
                                        "Underline":  0,
                                        "Color":  -16777216,
                                        "Hidden":  0,
                                        "Position":  0,
                                        "Spacing":  0,
                                        "Scaling":  100,
                                        "Subscript":  0,
                                        "Superscript":  0
                                    },
                           "range":  {
                                         "start":  531,
                                         "end":  539,
                                         "text":  "自己推导一下：\r",
                                         "style":  "正文",
                                         "Name":  "等线",
                                         "NameAscii":  "+西文正文",
                                         "NameOther":  "+西文正文",
                                         "NameFarEast":  "+中文正文",
                                         "NameBi":  "+正文 CS 字体",
                                         "Size":  10.5,
                                         "SizeBi":  11,
                                         "Bold":  0,
                                         "BoldBi":  0,
                                         "Italic":  0,
                                         "ItalicBi":  0,
                                         "Underline":  0,
                                         "Color":  -16777216,
                                         "Hidden":  0,
                                         "Position":  0,
                                         "Spacing":  0,
                                         "Scaling":  100,
                                         "Subscript":  0,
                                         "Superscript":  0
                                     },
                           "first":  {
                                         "start":  531,
                                         "end":  532,
                                         "text":  "自",
                                         "style":  "正文",
                                         "Name":  "等线",
                                         "NameAscii":  "+西文正文",
                                         "NameOther":  "+西文正文",
                                         "NameFarEast":  "+中文正文",
                                         "NameBi":  "+正文 CS 字体",
                                         "Size":  10.5,
                                         "SizeBi":  11,
                                         "Bold":  0,
                                         "BoldBi":  0,
                                         "Italic":  0,
                                         "ItalicBi":  0,
                                         "Underline":  0,
                                         "Color":  -16777216,
                                         "Hidden":  0,
                                         "Position":  0,
                                         "Spacing":  0,
                                         "Scaling":  100,
                                         "Subscript":  0,
                                         "Superscript":  0
                                     }
                       },
                       {
                           "mark":  {
                                        "start":  704,
                                        "end":  705,
                                        "text":  "\r",
                                        "style":  "正文",
                                        "Name":  "等线",
                                        "NameAscii":  "+西文正文",
                                        "NameOther":  "+西文正文",
                                        "NameFarEast":  "+中文正文",
                                        "NameBi":  "+正文 CS 字体",
                                        "Size":  10.5,
                                        "SizeBi":  11,
                                        "Bold":  0,
                                        "BoldBi":  0,
                                        "Italic":  0,
                                        "ItalicBi":  0,
                                        "Underline":  0,
                                        "Color":  -16777216,
                                        "Hidden":  0,
                                        "Position":  0,
                                        "Spacing":  0,
                                        "Scaling":  100,
                                        "Subscript":  0,
                                        "Superscript":  0
                                    },
                           "range":  {
                                         "start":  687,
                                         "end":  705,
                                         "text":  "有这个可以得到类似的密度守恒方程：\r",
                                         "style":  "正文",
                                         "Name":  "等线",
                                         "NameAscii":  "+西文正文",
                                         "NameOther":  "+西文正文",
                                         "NameFarEast":  "+中文正文",
                                         "NameBi":  "+正文 CS 字体",
                                         "Size":  10.5,
                                         "SizeBi":  11,
                                         "Bold":  0,
                                         "BoldBi":  0,
                                         "Italic":  0,
                                         "ItalicBi":  0,
                                         "Underline":  0,
                                         "Color":  -16777216,
                                         "Hidden":  0,
                                         "Position":  0,
                                         "Spacing":  0,
                                         "Scaling":  100,
                                         "Subscript":  0,
                                         "Superscript":  0
                                     },
                           "first":  {
                                         "start":  687,
                                         "end":  688,
                                         "text":  "有",
                                         "style":  "正文",
                                         "Name":  "等线",
                                         "NameAscii":  "+西文正文",
                                         "NameOther":  "+西文正文",
                                         "NameFarEast":  "+中文正文",
                                         "NameBi":  "+正文 CS 字体",
                                         "Size":  10.5,
                                         "SizeBi":  11,
                                         "Bold":  0,
                                         "BoldBi":  0,
                                         "Italic":  0,
                                         "ItalicBi":  0,
                                         "Underline":  0,
                                         "Color":  -16777216,
                                         "Hidden":  0,
                                         "Position":  0,
                                         "Spacing":  0,
                                         "Scaling":  100,
                                         "Subscript":  0,
                                         "Superscript":  0
                                     }
                       },
                       {
                           "mark":  {
                                        "start":  810,
                                        "end":  811,
                                        "text":  "\r",
                                        "style":  "正文",
                                        "Name":  "等线",
                                        "NameAscii":  "+西文正文",
                                        "NameOther":  "+西文正文",
                                        "NameFarEast":  "+中文正文",
                                        "NameBi":  "+正文 CS 字体",
                                        "Size":  10.5,
                                        "SizeBi":  11,
                                        "Bold":  0,
                                        "BoldBi":  0,
                                        "Italic":  0,
                                        "ItalicBi":  0,
                                        "Underline":  0,
                                        "Color":  -16777216,
                                        "Hidden":  0,
                                        "Position":  0,
                                        "Spacing":  0,
                                        "Scaling":  100,
                                        "Subscript":  0,
                                        "Superscript":  0
                                    },
                           "range":  {
                                         "start":  798,
                                         "end":  811,
                                         "text":  "定态的相加不一定为定态。\r",
                                         "style":  "正文",
                                         "Name":  "等线",
                                         "NameAscii":  "+西文正文",
                                         "NameOther":  "+西文正文",
                                         "NameFarEast":  "+中文正文",
                                         "NameBi":  "+正文 CS 字体",
                                         "Size":  10.5,
                                         "SizeBi":  11,
                                         "Bold":  0,
                                         "BoldBi":  0,
                                         "Italic":  0,
                                         "ItalicBi":  0,
                                         "Underline":  0,
                                         "Color":  -16777216,
                                         "Hidden":  0,
                                         "Position":  0,
                                         "Spacing":  0,
                                         "Scaling":  100,
                                         "Subscript":  0,
                                         "Superscript":  0
                                     },
                           "first":  {
                                         "start":  798,
                                         "end":  799,
                                         "text":  "定",
                                         "style":  "正文",
                                         "Name":  "等线",
                                         "NameAscii":  "+西文正文",
                                         "NameOther":  "+西文正文",
                                         "NameFarEast":  "+中文正文",
                                         "NameBi":  "+正文 CS 字体",
                                         "Size":  10.5,
                                         "SizeBi":  11,
                                         "Bold":  0,
                                         "BoldBi":  0,
                                         "Italic":  0,
                                         "ItalicBi":  0,
                                         "Underline":  0,
                                         "Color":  -16777216,
                                         "Hidden":  0,
                                         "Position":  0,
                                         "Spacing":  0,
                                         "Scaling":  100,
                                         "Subscript":  0,
                                         "Superscript":  0
                                     }
                       },
                       {
                           "mark":  {
                                        "start":  811,
                                        "end":  812,
                                        "text":  "\r",
                                        "style":  "正文",
                                        "Name":  "等线",
                                        "NameAscii":  "+西文正文",
                                        "NameOther":  "+西文正文",
                                        "NameFarEast":  "+中文正文",
                                        "NameBi":  "+正文 CS 字体",
                                        "Size":  10.5,
                                        "SizeBi":  11,
                                        "Bold":  0,
                                        "BoldBi":  0,
                                        "Italic":  0,
                                        "ItalicBi":  0,
                                        "Underline":  0,
                                        "Color":  -16777216,
                                        "Hidden":  0,
                                        "Position":  0,
                                        "Spacing":  0,
                                        "Scaling":  100,
                                        "Subscript":  0,
                                        "Superscript":  0
                                    },
                           "range":  {
                                         "start":  811,
                                         "end":  812,
                                         "text":  "\r",
                                         "style":  "正文",
                                         "Name":  "等线",
                                         "NameAscii":  "+西文正文",
                                         "NameOther":  "+西文正文",
                                         "NameFarEast":  "+中文正文",
                                         "NameBi":  "+正文 CS 字体",
                                         "Size":  10.5,
                                         "SizeBi":  11,
                                         "Bold":  0,
                                         "BoldBi":  0,
                                         "Italic":  0,
                                         "ItalicBi":  0,
                                         "Underline":  0,
                                         "Color":  -16777216,
                                         "Hidden":  0,
                                         "Position":  0,
                                         "Spacing":  0,
                                         "Scaling":  100,
                                         "Subscript":  0,
                                         "Superscript":  0
                                     },
                           "first":  {
                                         "start":  811,
                                         "end":  812,
                                         "text":  "\r",
                                         "style":  "正文",
                                         "Name":  "等线",
                                         "NameAscii":  "+西文正文",
                                         "NameOther":  "+西文正文",
                                         "NameFarEast":  "+中文正文",
                                         "NameBi":  "+正文 CS 字体",
                                         "Size":  10.5,
                                         "SizeBi":  11,
                                         "Bold":  0,
                                         "BoldBi":  0,
                                         "Italic":  0,
                                         "ItalicBi":  0,
                                         "Underline":  0,
                                         "Color":  -16777216,
                                         "Hidden":  0,
                                         "Position":  0,
                                         "Spacing":  0,
                                         "Scaling":  100,
                                         "Subscript":  0,
                                         "Superscript":  0
                                     }
                       },
                       {
                           "mark":  {
                                        "start":  936,
                                        "end":  937,
                                        "text":  "\r",
                                        "style":  "正文",
                                        "Name":  "等线",
                                        "NameAscii":  "+西文正文",
                                        "NameOther":  "+西文正文",
                                        "NameFarEast":  "+中文正文",
                                        "NameBi":  "+正文 CS 字体",
                                        "Size":  10.5,
                                        "SizeBi":  11,
                                        "Bold":  0,
                                        "BoldBi":  0,
                                        "Italic":  0,
                                        "ItalicBi":  0,
                                        "Underline":  0,
                                        "Color":  -16777216,
                                        "Hidden":  0,
                                        "Position":  0,
                                        "Spacing":  0,
                                        "Scaling":  100,
                                        "Subscript":  0,
                                        "Superscript":  0
                                    },
                           "range":  {
                                         "start":  812,
                                         "end":  937,
                                         "text":  "(\u0015)\r",
                                         "style":  "正文",
                                         "Name":  "等线",
                                         "NameAscii":  "+西文正文",
                                         "NameOther":  "+西文正文",
                                         "NameFarEast":  "+中文正文",
                                         "NameBi":  "+正文 CS 字体",
                                         "Size":  10.5,
                                         "SizeBi":  11,
                                         "Bold":  0,
                                         "BoldBi":  0,
                                         "Italic":  0,
                                         "ItalicBi":  0,
                                         "Underline":  0,
                                         "Color":  -16777216,
                                         "Hidden":  0,
                                         "Position":  0,
                                         "Spacing":  0,
                                         "Scaling":  100,
                                         "Subscript":  0,
                                         "Superscript":  0
                                     },
                           "first":  {
                                         "start":  812,
                                         "end":  813,
                                         "text":  "(",
                                         "style":  "正文",
                                         "Name":  "等线",
                                         "NameAscii":  "+西文正文",
                                         "NameOther":  "+西文正文",
                                         "NameFarEast":  "+中文正文",
                                         "NameBi":  "+正文 CS 字体",
                                         "Size":  10.5,
                                         "SizeBi":  11,
                                         "Bold":  0,
                                         "BoldBi":  0,
                                         "Italic":  0,
                                         "ItalicBi":  0,
                                         "Underline":  0,
                                         "Color":  -16777216,
                                         "Hidden":  0,
                                         "Position":  0,
                                         "Spacing":  0,
                                         "Scaling":  100,
                                         "Subscript":  0,
                                         "Superscript":  0
                                     }
                       }
                   ],
    "selection":  {
                      "start":  0,
                      "end":  0,
                      "text":  null,
                      "style":  "正文",
                      "Name":  "等线",
                      "NameAscii":  "+西文正文",
                      "NameOther":  "+西文正文",
                      "NameFarEast":  "+中文正文",
                      "NameBi":  "+正文 CS 字体",
                      "Size":  10.5,
                      "SizeBi":  11,
                      "Bold":  0,
                      "BoldBi":  0,
                      "Italic":  0,
                      "ItalicBi":  0,
                      "Underline":  0,
                      "Color":  -16777216,
                      "Hidden":  0,
                      "Position":  0,
                      "Spacing":  0,
                      "Scaling":  100,
                      "Subscript":  0,
                      "Superscript":  0
                  },
    "pid":  111272,
    "bookmarks":  [
                      {
                          "name":  "VTEq_01d4b67f50e14d82be88ac1988df9a6b",
                          "format":  {
                                         "start":  470,
                                         "end":  529,
                                         "text":  "(4)",
                                         "style":  "正文",
                                         "Name":  "等线",
                                         "NameAscii":  "+西文正文",
                                         "NameOther":  "+西文正文",
                                         "NameFarEast":  "+中文正文",
                                         "NameBi":  "+正文 CS 字体",
                                         "Size":  10.5,
                                         "SizeBi":  11,
                                         "Bold":  0,
                                         "BoldBi":  0,
                                         "Italic":  0,
                                         "ItalicBi":  0,
                                         "Underline":  0,
                                         "Color":  -16777216,
                                         "Hidden":  0,
                                         "Position":  0,
                                         "Spacing":  0,
                                         "Scaling":  100,
                                         "Subscript":  0,
                                         "Superscript":  0
                                     }
                      },
                      {
                          "name":  "VTEq_2c9550609d0744c3b709f38d2057e902",
                          "format":  {
                                         "start":  317,
                                         "end":  376,
                                         "text":  "(3)",
                                         "style":  "正文",
                                         "Name":  "等线",
                                         "NameAscii":  "+西文正文",
                                         "NameOther":  "+西文正文",
                                         "NameFarEast":  "+中文正文",
                                         "NameBi":  "+正文 CS 字体",
                                         "Size":  10.5,
                                         "SizeBi":  11,
                                         "Bold":  0,
                                         "BoldBi":  0,
                                         "Italic":  0,
                                         "ItalicBi":  0,
                                         "Underline":  0,
                                         "Color":  -16777216,
                                         "Hidden":  0,
                                         "Position":  0,
                                         "Spacing":  0,
                                         "Scaling":  100,
                                         "Subscript":  0,
                                         "Superscript":  0
                                     }
                      },
                      {
                          "name":  "VTEq_95d946fac9154e95b0ee060c8c57196f",
                          "format":  {
                                         "start":  242,
                                         "end":  301,
                                         "text":  "(2)",
                                         "style":  "正文",
                                         "Name":  "等线",
                                         "NameAscii":  "+西文正文",
                                         "NameOther":  "+西文正文",
                                         "NameFarEast":  "+中文正文",
                                         "NameBi":  "+正文 CS 字体",
                                         "Size":  10.5,
                                         "SizeBi":  11,
                                         "Bold":  0,
                                         "BoldBi":  0,
                                         "Italic":  0,
                                         "ItalicBi":  0,
                                         "Underline":  0,
                                         "Color":  -16777216,
                                         "Hidden":  0,
                                         "Position":  0,
                                         "Spacing":  0,
                                         "Scaling":  100,
                                         "Subscript":  0,
                                         "Superscript":  0
                                     }
                      },
                      {
                          "name":  "VTEq_a65e4915e1bf4160950142f50fa56329",
                          "format":  {
                                         "start":  626,
                                         "end":  685,
                                         "text":  "(5)",
                                         "style":  "正文",
                                         "Name":  "等线",
                                         "NameAscii":  "+西文正文",
                                         "NameOther":  "+西文正文",
                                         "NameFarEast":  "+中文正文",
                                         "NameBi":  "+正文 CS 字体",
                                         "Size":  10.5,
                                         "SizeBi":  11,
                                         "Bold":  0,
                                         "BoldBi":  0,
                                         "Italic":  0,
                                         "ItalicBi":  0,
                                         "Underline":  0,
                                         "Color":  -16777216,
                                         "Hidden":  0,
                                         "Position":  0,
                                         "Spacing":  0,
                                         "Scaling":  100,
                                         "Subscript":  0,
                                         "Superscript":  0
                                     }
                      },
                      {
                          "name":  "VTEq_e9e1a458f2d04fb28ca4b121c2eb5b2e",
                          "format":  {
                                         "start":  737,
                                         "end":  796,
                                         "text":  "(6)",
                                         "style":  "正文",
                                         "Name":  "等线",
                                         "NameAscii":  "+西文正文",
                                         "NameOther":  "+西文正文",
                                         "NameFarEast":  "+中文正文",
                                         "NameBi":  "+正文 CS 字体",
                                         "Size":  10.5,
                                         "SizeBi":  11,
                                         "Bold":  0,
                                         "BoldBi":  0,
                                         "Italic":  0,
                                         "ItalicBi":  0,
                                         "Underline":  0,
                                         "Color":  -16777216,
                                         "Hidden":  0,
                                         "Position":  0,
                                         "Spacing":  0,
                                         "Scaling":  100,
                                         "Subscript":  0,
                                         "Superscript":  0
                                     }
                      },
                      {
                          "name":  "VTEq_ebc56bc392f9462ba4b04c1e718ef799",
                          "format":  {
                                         "start":  23,
                                         "end":  82,
                                         "text":  "(1)",
                                         "style":  "正文",
                                         "Name":  "等线",
                                         "NameAscii":  "+西文正文",
                                         "NameOther":  "+西文正文",
                                         "NameFarEast":  "+中文正文",
                                         "NameBi":  "+正文 CS 字体",
                                         "Size":  10.5,
                                         "SizeBi":  11,
                                         "Bold":  0,
                                         "BoldBi":  0,
                                         "Italic":  0,
                                         "ItalicBi":  0,
                                         "Underline":  0,
                                         "Color":  -16777216,
                                         "Hidden":  0,
                                         "Position":  0,
                                         "Spacing":  0,
                                         "Scaling":  100,
                                         "Subscript":  0,
                                         "Superscript":  0
                                     }
                      },
                      {
                          "name":  "VTEqCap_01d4b67f50e14d82be88ac1988df9a6b",
                          "format":  {
                                         "start":  471,
                                         "end":  528,
                                         "text":  "4",
                                         "style":  "正文",
                                         "Name":  "等线",
                                         "NameAscii":  "+西文正文",
                                         "NameOther":  "+西文正文",
                                         "NameFarEast":  "+中文正文",
                                         "NameBi":  "+正文 CS 字体",
                                         "Size":  10.5,
                                         "SizeBi":  11,
                                         "Bold":  0,
                                         "BoldBi":  0,
                                         "Italic":  0,
                                         "ItalicBi":  0,
                                         "Underline":  0,
                                         "Color":  -16777216,
                                         "Hidden":  0,
                                         "Position":  0,
                                         "Spacing":  0,
                                         "Scaling":  100,
                                         "Subscript":  0,
                                         "Superscript":  0
                                     }
                      },
                      {
                          "name":  "VTEqCap_2c9550609d0744c3b709f38d2057e902",
                          "format":  {
                                         "start":  318,
                                         "end":  375,
                                         "text":  "3",
                                         "style":  "正文",
                                         "Name":  "等线",
                                         "NameAscii":  "+西文正文",
                                         "NameOther":  "+西文正文",
                                         "NameFarEast":  "+中文正文",
                                         "NameBi":  "+正文 CS 字体",
                                         "Size":  10.5,
                                         "SizeBi":  11,
                                         "Bold":  0,
                                         "BoldBi":  0,
                                         "Italic":  0,
                                         "ItalicBi":  0,
                                         "Underline":  0,
                                         "Color":  -16777216,
                                         "Hidden":  0,
                                         "Position":  0,
                                         "Spacing":  0,
                                         "Scaling":  100,
                                         "Subscript":  0,
                                         "Superscript":  0
                                     }
                      },
                      {
                          "name":  "VTEqCap_95d946fac9154e95b0ee060c8c57196f",
                          "format":  {
                                         "start":  243,
                                         "end":  300,
                                         "text":  "2",
                                         "style":  "正文",
                                         "Name":  "等线",
                                         "NameAscii":  "+西文正文",
                                         "NameOther":  "+西文正文",
                                         "NameFarEast":  "+中文正文",
                                         "NameBi":  "+正文 CS 字体",
                                         "Size":  10.5,
                                         "SizeBi":  11,
                                         "Bold":  0,
                                         "BoldBi":  0,
                                         "Italic":  0,
                                         "ItalicBi":  0,
                                         "Underline":  0,
                                         "Color":  -16777216,
                                         "Hidden":  0,
                                         "Position":  0,
                                         "Spacing":  0,
                                         "Scaling":  100,
                                         "Subscript":  0,
                                         "Superscript":  0
                                     }
                      },
                      {
                          "name":  "VTEqCap_a65e4915e1bf4160950142f50fa56329",
                          "format":  {
                                         "start":  627,
                                         "end":  684,
                                         "text":  "5",
                                         "style":  "正文",
                                         "Name":  "等线",
                                         "NameAscii":  "+西文正文",
                                         "NameOther":  "+西文正文",
                                         "NameFarEast":  "+中文正文",
                                         "NameBi":  "+正文 CS 字体",
                                         "Size":  10.5,
                                         "SizeBi":  11,
                                         "Bold":  0,
                                         "BoldBi":  0,
                                         "Italic":  0,
                                         "ItalicBi":  0,
                                         "Underline":  0,
                                         "Color":  -16777216,
                                         "Hidden":  0,
                                         "Position":  0,
                                         "Spacing":  0,
                                         "Scaling":  100,
                                         "Subscript":  0,
                                         "Superscript":  0
                                     }
                      },
                      {
                          "name":  "VTEqCap_e9e1a458f2d04fb28ca4b121c2eb5b2e",
                          "format":  {
                                         "start":  738,
                                         "end":  795,
                                         "text":  "6",
                                         "style":  "正文",
                                         "Name":  "等线",
                                         "NameAscii":  "+西文正文",
                                         "NameOther":  "+西文正文",
                                         "NameFarEast":  "+中文正文",
                                         "NameBi":  "+正文 CS 字体",
                                         "Size":  10.5,
                                         "SizeBi":  11,
                                         "Bold":  0,
                                         "BoldBi":  0,
                                         "Italic":  0,
                                         "ItalicBi":  0,
                                         "Underline":  0,
                                         "Color":  -16777216,
                                         "Hidden":  0,
                                         "Position":  0,
                                         "Spacing":  0,
                                         "Scaling":  100,
                                         "Subscript":  0,
                                         "Superscript":  0
                                     }
                      },
                      {
                          "name":  "VTEqCap_ebc56bc392f9462ba4b04c1e718ef799",
                          "format":  {
                                         "start":  24,
                                         "end":  81,
                                         "text":  "1",
                                         "style":  "正文",
                                         "Name":  "等线",
                                         "NameAscii":  "+西文正文",
                                         "NameOther":  "+西文正文",
                                         "NameFarEast":  "+中文正文",
                                         "NameBi":  "+正文 CS 字体",
                                         "Size":  10.5,
                                         "SizeBi":  11,
                                         "Bold":  0,
                                         "BoldBi":  0,
                                         "Italic":  0,
                                         "ItalicBi":  0,
                                         "Underline":  0,
                                         "Color":  -16777216,
                                         "Hidden":  0,
                                         "Position":  0,
                                         "Spacing":  0,
                                         "Scaling":  100,
                                         "Subscript":  0,
                                         "Superscript":  0
                                     }
                      },
                      {
                          "name":  "VTEqNum_01d4b67f50e14d82be88ac1988df9a6b",
                          "format":  {
                                         "start":  471,
                                         "end":  528,
                                         "text":  "4",
                                         "style":  "正文",
                                         "Name":  "等线",
                                         "NameAscii":  "+西文正文",
                                         "NameOther":  "+西文正文",
                                         "NameFarEast":  "+中文正文",
                                         "NameBi":  "+正文 CS 字体",
                                         "Size":  10.5,
                                         "SizeBi":  11,
                                         "Bold":  0,
                                         "BoldBi":  0,
                                         "Italic":  0,
                                         "ItalicBi":  0,
                                         "Underline":  0,
                                         "Color":  -16777216,
                                         "Hidden":  0,
                                         "Position":  0,
                                         "Spacing":  0,
                                         "Scaling":  100,
                                         "Subscript":  0,
                                         "Superscript":  0
                                     }
                      },
                      {
                          "name":  "VTEqNum_2c9550609d0744c3b709f38d2057e902",
                          "format":  {
                                         "start":  318,
                                         "end":  375,
                                         "text":  "3",
                                         "style":  "正文",
                                         "Name":  "等线",
                                         "NameAscii":  "+西文正文",
                                         "NameOther":  "+西文正文",
                                         "NameFarEast":  "+中文正文",
                                         "NameBi":  "+正文 CS 字体",
                                         "Size":  10.5,
                                         "SizeBi":  11,
                                         "Bold":  0,
                                         "BoldBi":  0,
                                         "Italic":  0,
                                         "ItalicBi":  0,
                                         "Underline":  0,
                                         "Color":  -16777216,
                                         "Hidden":  0,
                                         "Position":  0,
                                         "Spacing":  0,
                                         "Scaling":  100,
                                         "Subscript":  0,
                                         "Superscript":  0
                                     }
                      },
                      {
                          "name":  "VTEqNum_95d946fac9154e95b0ee060c8c57196f",
                          "format":  {
                                         "start":  243,
                                         "end":  300,
                                         "text":  "2",
                                         "style":  "正文",
                                         "Name":  "等线",
                                         "NameAscii":  "+西文正文",
                                         "NameOther":  "+西文正文",
                                         "NameFarEast":  "+中文正文",
                                         "NameBi":  "+正文 CS 字体",
                                         "Size":  10.5,
                                         "SizeBi":  11,
                                         "Bold":  0,
                                         "BoldBi":  0,
                                         "Italic":  0,
                                         "ItalicBi":  0,
                                         "Underline":  0,
                                         "Color":  -16777216,
                                         "Hidden":  0,
                                         "Position":  0,
                                         "Spacing":  0,
                                         "Scaling":  100,
                                         "Subscript":  0,
                                         "Superscript":  0
                                     }
                      },
                      {
                          "name":  "VTEqNum_a65e4915e1bf4160950142f50fa56329",
                          "format":  {
                                         "start":  627,
                                         "end":  684,
                                         "text":  "5",
                                         "style":  "正文",
                                         "Name":  "等线",
                                         "NameAscii":  "+西文正文",
                                         "NameOther":  "+西文正文",
                                         "NameFarEast":  "+中文正文",
                                         "NameBi":  "+正文 CS 字体",
                                         "Size":  10.5,
                                         "SizeBi":  11,
                                         "Bold":  0,
                                         "BoldBi":  0,
                                         "Italic":  0,
                                         "ItalicBi":  0,
                                         "Underline":  0,
                                         "Color":  -16777216,
                                         "Hidden":  0,
                                         "Position":  0,
                                         "Spacing":  0,
                                         "Scaling":  100,
                                         "Subscript":  0,
                                         "Superscript":  0
                                     }
                      },
                      {
                          "name":  "VTEqNum_c4c1d72a6b7a4aaba80e0c50a7e8495e",
                          "format":  {
                                         "start":  318,
                                         "end":  375,
                                         "text":  "3",
                                         "style":  "正文",
                                         "Name":  "等线",
                                         "NameAscii":  "+西文正文",
                                         "NameOther":  "+西文正文",
                                         "NameFarEast":  "+中文正文",
                                         "NameBi":  "+正文 CS 字体",
                                         "Size":  10.5,
                                         "SizeBi":  11,
                                         "Bold":  0,
                                         "BoldBi":  0,
                                         "Italic":  0,
                                         "ItalicBi":  0,
                                         "Underline":  0,
                                         "Color":  -16777216,
                                         "Hidden":  0,
                                         "Position":  0,
                                         "Spacing":  0,
                                         "Scaling":  100,
                                         "Subscript":  0,
                                         "Superscript":  0
                                     }
                      },
                      {
                          "name":  "VTEqNum_e9e1a458f2d04fb28ca4b121c2eb5b2e",
                          "format":  {
                                         "start":  738,
                                         "end":  795,
                                         "text":  "6",
                                         "style":  "正文",
                                         "Name":  "等线",
                                         "NameAscii":  "+西文正文",
                                         "NameOther":  "+西文正文",
                                         "NameFarEast":  "+中文正文",
                                         "NameBi":  "+正文 CS 字体",
                                         "Size":  10.5,
                                         "SizeBi":  11,
                                         "Bold":  0,
                                         "BoldBi":  0,
                                         "Italic":  0,
                                         "ItalicBi":  0,
                                         "Underline":  0,
                                         "Color":  -16777216,
                                         "Hidden":  0,
                                         "Position":  0,
                                         "Spacing":  0,
                                         "Scaling":  100,
                                         "Subscript":  0,
                                         "Superscript":  0
                                     }
                      },
                      {
                          "name":  "VTEqNum_ebc56bc392f9462ba4b04c1e718ef799",
                          "format":  {
                                         "start":  24,
                                         "end":  81,
                                         "text":  "1",
                                         "style":  "正文",
                                         "Name":  "等线",
                                         "NameAscii":  "+西文正文",
                                         "NameOther":  "+西文正文",
                                         "NameFarEast":  "+中文正文",
                                         "NameBi":  "+正文 CS 字体",
                                         "Size":  10.5,
                                         "SizeBi":  11,
                                         "Bold":  0,
                                         "BoldBi":  0,
                                         "Italic":  0,
                                         "ItalicBi":  0,
                                         "Underline":  0,
                                         "Color":  -16777216,
                                         "Hidden":  0,
                                         "Position":  0,
                                         "Spacing":  0,
                                         "Scaling":  100,
                                         "Subscript":  0,
                                         "Superscript":  0
                                     }
                      }
                  ],
    "document":  "文档4"
}
