2026-09-06T09:19:29.1442882+08:00 pid=60152 tid=1 word-addin-loaded pid=60152 assembly=C:\Users\pojian_liao\AppData\Local\VisualTeX\office\remediation-builds\3BDE60401B2CAFD3AD1662BA7E6702C1CE90DA23F5B62B7074ED1466A7F5840C\VisualTeX.WordVsto.dll mvid=a2b367e9-9e16-451a-981d-d11012f37f79
2026-09-06T09:19:29.4293228+08:00 pid=60152 tid=1 hook-started handle=0x7331AD7
2026-09-06T09:19:29.6510666+08:00 pid=60152 tid=8 mathtype-native-preview-shared-prewarm-complete
2026-09-06T09:19:35.1219987+08:00 pid=60152 tid=11 left-down x=1552 y=2118 wordForeground=True
2026-09-06T09:19:36.9095922+08:00 pid=60152 tid=11 left-down x=1869 y=1144 wordForeground=False
2026-09-06T09:19:38.3372970+08:00 pid=60152 tid=11 left-down x=1776 y=1078 wordForeground=True
2026-09-06T09:19:40.1976679+08:00 pid=60152 tid=11 left-down x=1504 y=2113 wordForeground=True
2026-09-06T09:19:42.1608159+08:00 pid=60152 tid=11 left-down x=1255 y=1089 wordForeground=False
2026-09-06T09:20:16.2241386+08:00 pid=60152 tid=11 left-down x=1190 y=747 wordForeground=False
2026-09-06T09:20:42.9254620+08:00 pid=60152 tid=23 ribbon-session-operation-released sessionId=87894006-d8db-438a-80ab-116f51afca01
2026-09-06T09:21:20.3859840+08:00 pid=60152 tid=11 left-down x=1190 y=747 wordForeground=False
2026-09-06T09:21:47.6220818+08:00 pid=60152 tid=6 ribbon-session-operation-released sessionId=413014be-dc28-4a5c-9c6d-285d79f143a4
2026-09-06T09:22:26.0024459+08:00 pid=60152 tid=11 left-down x=1190 y=747 wordForeground=False
2026-09-06T09:22:44.5117008+08:00 pid=60152 tid=5 ribbon-session-operation-released sessionId=99e9f723-ede9-4328-be1e-c9c29bca86db
2026-09-06T09:23:21.5223347+08:00 pid=60152 tid=1 format-conversion-start sourceMode=nativeOle targetMode=wordOmml wholeDocument=True
2026-09-06T09:23:21.5280365+08:00 pid=60152 tid=1 format-conversion-plan-perf stage=shape-access source=nativeOle index=1/3 deltaMs=0 totalMs=0
2026-09-06T09:23:21.5370360+08:00 pid=60152 tid=1 format-conversion-plan-perf stage=shape-range source=nativeOle index=1/3 deltaMs=9 totalMs=9
2026-09-06T09:23:21.5527790+08:00 pid=60152 tid=1 format-conversion-plan-perf stage=target-added source=nativeOle index=1/3 deltaMs=15 totalMs=24
2026-09-06T09:23:21.5527790+08:00 pid=60152 tid=1 format-conversion-plan-perf stage=shape-access source=nativeOle index=2/3 deltaMs=0 totalMs=0
2026-09-06T09:23:21.5537791+08:00 pid=60152 tid=1 format-conversion-plan-perf stage=shape-range source=nativeOle index=2/3 deltaMs=0 totalMs=0
2026-09-06T09:23:21.5721321+08:00 pid=60152 tid=1 format-conversion-plan-perf stage=target-added source=nativeOle index=2/3 deltaMs=19 totalMs=19
2026-09-06T09:23:21.5721321+08:00 pid=60152 tid=1 format-conversion-plan-perf stage=shape-access source=nativeOle index=3/3 deltaMs=0 totalMs=0
2026-09-06T09:23:21.5731323+08:00 pid=60152 tid=1 format-conversion-plan-perf stage=shape-range source=nativeOle index=3/3 deltaMs=0 totalMs=0
2026-09-06T09:23:21.5857663+08:00 pid=60152 tid=1 format-conversion-plan-perf stage=target-added source=nativeOle index=3/3 deltaMs=13 totalMs=13
2026-09-06T09:23:21.5857663+08:00 pid=60152 tid=1 format-conversion-plan sourceMode=nativeOle targetMode=wordOmml targets=3
2026-09-06T09:23:39.3563155+08:00 pid=60152 tid=9 format-conversion-render-start sourceMode=nativeOle targetMode=wordOmml sessions=3
2026-09-06T09:23:39.3983255+08:00 pid=60152 tid=10 format-conversion-rendered sourceMode=nativeOle targetMode=wordOmml sessionId=d170034f-253b-4748-9337-6ccc9bd881c0 status=committing
2026-09-06T09:23:39.3993262+08:00 pid=60152 tid=9 format-conversion-rendered sourceMode=nativeOle targetMode=wordOmml sessionId=2d581836-dba1-4500-9cf0-3b018cbf1016 status=committing
2026-09-06T09:23:39.3993262+08:00 pid=60152 tid=10 format-conversion-rendered sourceMode=nativeOle targetMode=wordOmml sessionId=078afe57-8016-4824-9c73-a5b9947a67fa status=committing
2026-09-06T09:23:39.4003276+08:00 pid=60152 tid=10 format-conversion-word-apply-start sourceMode=nativeOle targetMode=wordOmml targets=3
2026-09-06T09:23:39.5005495+08:00 pid=60152 tid=1 format-conversion-runtime assembly=C:\Users\pojian_liao\AppData\Local\VisualTeX\office\remediation-builds\3BDE60401B2CAFD3AD1662BA7E6702C1CE90DA23F5B62B7074ED1466A7F5840C\VisualTeX.WordVsto.dll source=nativeOle target=wordOmml targetIsVisualTeX=False targetIsMathType=False
2026-09-06T09:23:39.7875008+08:00 pid=60152 tid=1 format-conversion-omml-batch-source-created formulas=3 elapsedMs=261
2026-09-06T09:23:39.8225000+08:00 pid=60152 tid=1 format-conversion-reference-counts-fast-path source=nativeOle formulas=2
2026-09-06T09:23:39.9352602+08:00 pid=60152 tid=1 format-conversion-transaction-start targets=3
2026-09-06T09:23:39.9545853+08:00 pid=60152 tid=1 format-conversion-perf stage=delete-source-host formulaId=66b2ae4e-11c5-4f42-9c53-f0f89d708931 numbered=False deltaMs=18 totalMs=18
2026-09-06T09:23:39.9793178+08:00 pid=60152 tid=1 format-conversion-subperf [perf] InsertOmml.insert-native-omml: +14ms (14ms total)
2026-09-06T09:23:40.1215222+08:00 pid=60152 tid=1 format-conversion-subperf [perf] InsertOmml.post-reconcile-layout: +143ms (157ms total)
2026-09-06T09:23:40.1215222+08:00 pid=60152 tid=1 format-conversion-subperf [perf] InsertOmml.final-fingerprint: +0ms (157ms total)
2026-09-06T09:23:40.1225220+08:00 pid=60152 tid=1 format-conversion-subperf [perf] InsertOmml.final-anchor: +0ms (157ms total)
2026-09-06T09:23:40.1306915+08:00 pid=60152 tid=1 format-conversion-subperf [perf] InsertOmml.final-metadata: +9ms (166ms total)
2026-09-06T09:23:40.1316941+08:00 pid=60152 tid=1 format-conversion-perf stage=insert-target formulaId=66b2ae4e-11c5-4f42-9c53-f0f89d708931 numbered=False deltaMs=177 totalMs=195
2026-09-06T09:23:40.1611579+08:00 pid=60152 tid=1 format-conversion-target-stable formulaId=66b2ae4e-11c5-4f42-9c53-f0f89d708931 targetMode=wordOmml count=1 elapsedMs=29
2026-09-06T09:23:40.1621609+08:00 pid=60152 tid=1 format-conversion-perf stage=verify-target formulaId=66b2ae4e-11c5-4f42-9c53-f0f89d708931 numbered=False deltaMs=31 totalMs=226
2026-09-06T09:23:40.2841209+08:00 pid=60152 tid=1 format-conversion-perf stage=delete-source-host formulaId=7548b126-29ba-4ddf-a6eb-5b20bba3398b numbered=True deltaMs=121 totalMs=121
2026-09-06T09:23:40.2994711+08:00 pid=60152 tid=1 format-conversion-subperf [perf] InsertOmml.insert-native-omml: +12ms (12ms total)
2026-09-06T09:23:40.3435540+08:00 pid=60152 tid=1 format-conversion-subperf [perf] InsertOmml.post-reconcile-layout: +44ms (56ms total)
2026-09-06T09:23:40.3435540+08:00 pid=60152 tid=1 format-conversion-subperf [perf] InsertOmml.final-fingerprint: +0ms (56ms total)
2026-09-06T09:23:40.3445542+08:00 pid=60152 tid=1 format-conversion-subperf [perf] InsertOmml.final-anchor: +1ms (57ms total)
2026-09-06T09:23:40.3455553+08:00 pid=60152 tid=1 format-conversion-subperf [perf] InsertOmml.final-metadata: +1ms (58ms total)
2026-09-06T09:23:40.3455553+08:00 pid=60152 tid=1 format-conversion-perf stage=insert-target formulaId=7548b126-29ba-4ddf-a6eb-5b20bba3398b numbered=True deltaMs=62 totalMs=183
2026-09-06T09:23:40.3796174+08:00 pid=60152 tid=1 format-conversion-target-stable formulaId=7548b126-29ba-4ddf-a6eb-5b20bba3398b targetMode=wordOmml count=2 elapsedMs=33
2026-09-06T09:23:40.3806195+08:00 pid=60152 tid=1 format-conversion-perf stage=verify-target formulaId=7548b126-29ba-4ddf-a6eb-5b20bba3398b numbered=True deltaMs=34 totalMs=217
2026-09-06T09:23:40.5013885+08:00 pid=60152 tid=1 format-conversion-perf stage=delete-source-host formulaId=0854a297-a092-4e6c-b656-f80e4ca97089 numbered=True deltaMs=120 totalMs=120
2026-09-06T09:23:40.5137854+08:00 pid=60152 tid=1 format-conversion-subperf [perf] InsertOmml.insert-native-omml: +12ms (12ms total)
2026-09-06T09:23:40.5586110+08:00 pid=60152 tid=1 format-conversion-subperf [perf] InsertOmml.post-reconcile-layout: +44ms (56ms total)
2026-09-06T09:23:40.5586110+08:00 pid=60152 tid=1 format-conversion-subperf [perf] InsertOmml.final-fingerprint: +1ms (57ms total)
2026-09-06T09:23:40.5586110+08:00 pid=60152 tid=1 format-conversion-subperf [perf] InsertOmml.final-anchor: +0ms (57ms total)
2026-09-06T09:23:40.5606158+08:00 pid=60152 tid=1 format-conversion-subperf [perf] InsertOmml.final-metadata: +1ms (58ms total)
2026-09-06T09:23:40.5606158+08:00 pid=60152 tid=1 format-conversion-perf stage=insert-target formulaId=0854a297-a092-4e6c-b656-f80e4ca97089 numbered=True deltaMs=60 totalMs=180
2026-09-06T09:23:40.5978381+08:00 pid=60152 tid=1 format-conversion-target-stable formulaId=0854a297-a092-4e6c-b656-f80e4ca97089 targetMode=wordOmml count=3 elapsedMs=36
2026-09-06T09:23:40.5988519+08:00 pid=60152 tid=1 format-conversion-perf stage=verify-target formulaId=0854a297-a092-4e6c-b656-f80e4ca97089 numbered=True deltaMs=38 totalMs=218
2026-09-06T09:23:40.5995638+08:00 pid=60152 tid=1 format-conversion-finalize-perf stage=source-residual-check sourceMode=nativeOle targetMode=wordOmml deltaMs=0 totalMs=0
2026-09-06T09:23:40.6000683+08:00 pid=60152 tid=1 format-conversion-finalize-perf stage=target-count-check sourceMode=nativeOle targetMode=wordOmml deltaMs=0 totalMs=0
2026-09-06T09:23:40.8494000+08:00 pid=60152 tid=6 format-conversion-failed sourceMode=nativeOle targetMode=wordOmml error=System.AggregateException: Conversion failed and Word undo recovery could not be verified. ---> System.IO.InvalidDataException: OMML identity 14dad6da-4913-40ef-85be-fbb2c003f195 could not be recovered uniquely (0 matching equations).
   在 VisualTeX.WordVsto.WordOmmlNativeSource.IndexConversionEquationIdentities(XElement body, IReadOnlyDictionary`2 expectedFingerprints)
   在 VisualTeX.WordVsto.WordOmmlNativeSource.RefreshFingerprintsFromDocumentOpenXml(Document document, IReadOnlyCollection`1 formulaIds)
   在 VisualTeX.WordVsto.WordFormulaService.ApplyFormulaFormatConversionPlan(WordFormulaFormatConversionPlan plan, IReadOnlyDictionary`2 prepared)
   --- 内部异常堆栈跟踪的结尾 ---
   在 VisualTeX.WordVsto.WordFormulaService.ApplyFormulaFormatConversionPlan(WordFormulaFormatConversionPlan plan, IReadOnlyDictionary`2 prepared)
   在 VisualTeX.WordVsto.OfficeUiDispatcher.<>c__DisplayClass4_0`1.<InvokeAsync>g__Execute|0()
--- 引发异常的上一位置中堆栈跟踪的末尾 ---
   在 System.Runtime.ExceptionServices.ExceptionDispatchInfo.Throw()
   在 System.Runtime.CompilerServices.TaskAwaiter.HandleNonSuccessAndDebuggerNotification(Task task)
   在 VisualTeX.WordVsto.ThisAddIn.<ConvertFormulaFormatAsync>d__163.MoveNext()
---> (内部异常 #0) System.IO.InvalidDataException: OMML identity 14dad6da-4913-40ef-85be-fbb2c003f195 could not be recovered uniquely (0 matching equations).
   在 VisualTeX.WordVsto.WordOmmlNativeSource.IndexConversionEquationIdentities(XElement body, IReadOnlyDictionary`2 expectedFingerprints)
   在 VisualTeX.WordVsto.WordOmmlNativeSource.RefreshFingerprintsFromDocumentOpenXml(Document document, IReadOnlyCollection`1 formulaIds)
   在 VisualTeX.WordVsto.WordFormulaService.ApplyFormulaFormatConversionPlan(WordFormulaFormatConversionPlan plan, IReadOnlyDictionary`2 prepared)<---

---> (内部异常 #1) System.IO.InvalidDataException: Word undo did not restore the original content, numbering, bookmarks, formatting and metadata.
   在 VisualTeX.WordVsto.WordDocumentEditSnapshot.Restore(Document document)
   在 VisualTeX.WordVsto.WordFormulaService.ApplyFormulaFormatConversionPlan(WordFormulaFormatConversionPlan plan, IReadOnlyDictionary`2 prepared)<---

2026-09-06T09:35:48.7347240+08:00 pid=60152 tid=11 left-down x=1190 y=747 wordForeground=False
2026-09-06T09:37:41.7424186+08:00 pid=60152 tid=11 left-down x=1190 y=747 wordForeground=False
2026-09-06T09:38:47.3359559+08:00 pid=60152 tid=11 left-down x=1190 y=747 wordForeground=False
2026-09-06T09:42:19.2982026+08:00 pid=60152 tid=11 left-down x=730 y=1076 wordForeground=True
2026-09-06T09:42:20.8789923+08:00 pid=60152 tid=11 left-down x=621 y=1023 wordForeground=False
2026-09-06T09:42:22.7138670+08:00 pid=60152 tid=11 left-down x=1900 y=425 wordForeground=False
2026-09-06T09:42:36.2940434+08:00 pid=60152 tid=11 left-down x=1349 y=992 wordForeground=False
2026-09-06T09:42:51.0512935+08:00 pid=60152 tid=11 left-down x=2155 y=1353 wordForeground=False
2026-09-06T09:42:51.7244525+08:00 pid=60152 tid=11 left-down x=2155 y=1353 wordForeground=True
2026-09-06T09:47:00.5818532+08:00 pid=60152 tid=11 left-down x=783 y=846 wordForeground=True
2026-09-06T09:49:37.1303701+08:00 pid=60152 tid=11 left-down x=1190 y=747 wordForeground=False
2026-09-06T09:51:34.3612697+08:00 pid=60152 tid=11 left-down x=1190 y=747 wordForeground=False
2026-09-06T09:52:42.1755771+08:00 pid=60152 tid=11 left-down x=1190 y=747 wordForeground=False
2026-09-06T10:02:12.8919262+08:00 pid=60152 tid=11 left-down x=1190 y=747 wordForeground=False
2026-09-06T10:02:28.0237037+08:00 pid=60152 tid=11 left-down x=1190 y=747 wordForeground=False
2026-09-06T10:03:32.5988586+08:00 pid=60152 tid=11 left-down x=1190 y=747 wordForeground=False
2026-09-06T10:07:32.2107401+08:00 pid=60152 tid=11 left-down x=1190 y=747 wordForeground=False
2026-09-06T10:07:46.6041436+08:00 pid=60152 tid=11 left-down x=1190 y=747 wordForeground=False
2026-09-06T10:08:01.0079769+08:00 pid=60152 tid=11 left-down x=1190 y=747 wordForeground=False
2026-09-06T10:17:39.6188487+08:00 pid=60152 tid=11 left-down x=1190 y=747 wordForeground=False
2026-09-06T10:17:54.1601151+08:00 pid=60152 tid=11 left-down x=1190 y=747 wordForeground=False
2026-09-06T10:18:08.6909403+08:00 pid=60152 tid=11 left-down x=1190 y=747 wordForeground=False
2026-09-06T10:20:29.5448751+08:00 pid=60152 tid=11 left-down x=784 y=903 wordForeground=True
2026-09-06T10:21:09.1832699+08:00 pid=60152 tid=11 left-down x=1190 y=747 wordForeground=False
2026-09-06T10:21:23.8355412+08:00 pid=60152 tid=11 left-down x=1190 y=747 wordForeground=False
2026-09-06T10:21:38.6226365+08:00 pid=60152 tid=11 left-down x=1190 y=747 wordForeground=False
2026-09-06T10:24:30.8745964+08:00 pid=60152 tid=11 left-down x=1190 y=747 wordForeground=False
2026-09-06T10:24:45.7053004+08:00 pid=60152 tid=11 left-down x=1190 y=747 wordForeground=False
2026-09-06T10:25:00.7152157+08:00 pid=60152 tid=11 left-down x=1190 y=747 wordForeground=False
2026-09-06T10:29:30.6003696+08:00 pid=60152 tid=11 left-down x=1190 y=747 wordForeground=False
2026-09-06T10:29:45.3334275+08:00 pid=60152 tid=11 left-down x=1190 y=747 wordForeground=False
2026-09-06T10:30:00.1020635+08:00 pid=60152 tid=11 left-down x=1190 y=747 wordForeground=False
2026-09-06T10:30:16.1631481+08:00 pid=60152 tid=11 left-down x=2058 y=1221 wordForeground=True
2026-09-06T10:31:35.8886386+08:00 pid=60152 tid=11 left-down x=1225 y=1553 wordForeground=True
2026-09-06T10:31:36.3972638+08:00 pid=60152 tid=11 left-down x=1225 y=1553 wordForeground=True
2026-09-06T10:33:00.9479148+08:00 pid=60152 tid=11 left-down x=1225 y=1553 wordForeground=True
2026-09-06T10:33:01.3195286+08:00 pid=60152 tid=11 left-down x=1225 y=1553 wordForeground=True
2026-09-06T10:33:01.3205294+08:00 pid=60152 tid=11 double-click elapsedMs=371.7 withinX=True withinY=True nativeOleTarget=False suppressSecondDown=False dispatchCallback=True
2026-09-06T10:33:01.4211367+08:00 pid=60152 tid=27 callback-begin interceptedNativeOle=False x=1225 y=1553
2026-09-06T10:33:01.4211367+08:00 pid=60152 tid=27 addin-callback-received interceptedNativeOle=False x=1225 y=1553
2026-09-06T10:33:01.4221369+08:00 pid=60152 tid=27 callback-end
2026-09-06T10:33:01.4324838+08:00 pid=60152 tid=1 addin-coordinate-selection formulaId=<null> objectMode=<null>
2026-09-06T10:35:54.9426313+08:00 pid=60152 tid=11 left-down x=1190 y=747 wordForeground=False
2026-09-06T10:36:09.0970076+08:00 pid=60152 tid=11 left-down x=2024 y=1163 wordForeground=True
2026-09-06T10:37:17.4031812+08:00 pid=60152 tid=11 left-down x=1838 y=688 wordForeground=True
2026-09-06T10:40:11.8589225+08:00 pid=60152 tid=11 left-down x=843 y=1255 wordForeground=True
2026-09-06T10:40:17.6611593+08:00 pid=60152 tid=11 left-down x=2308 y=1243 wordForeground=False
2026-09-06T10:40:18.8152694+08:00 pid=60152 tid=11 left-down x=2215 y=1257 wordForeground=True
2026-09-06T10:42:03.1025030+08:00 pid=60152 tid=11 left-down x=1190 y=747 wordForeground=False
2026-09-06T10:42:17.3599217+08:00 pid=60152 tid=11 left-down x=2024 y=1163 wordForeground=True
2026-09-06T10:44:29.5957157+08:00 pid=60152 tid=11 left-down x=1190 y=747 wordForeground=False
2026-09-06T10:44:43.8561129+08:00 pid=60152 tid=11 left-down x=2024 y=1163 wordForeground=True
2026-09-06T10:48:05.5033590+08:00 pid=60152 tid=11 left-down x=791 y=1268 wordForeground=False
2026-09-06T10:48:11.0332425+08:00 pid=60152 tid=11 left-down x=2071 y=1230 wordForeground=False
2026-09-06T10:48:32.2802214+08:00 pid=60152 tid=11 left-down x=111 y=1474 wordForeground=False
2026-09-06T10:48:47.9322949+08:00 pid=60152 tid=11 left-down x=2025 y=1235 wordForeground=True
2026-09-06T10:48:48.9928131+08:00 pid=60152 tid=11 left-down x=1893 y=1130 wordForeground=True
2026-09-06T10:48:49.7437458+08:00 pid=60152 tid=11 left-down x=1897 y=1126 wordForeground=True
2026-09-06T10:48:50.1862809+08:00 pid=60152 tid=11 left-down x=1897 y=1126 wordForeground=True
2026-09-06T10:48:50.1862809+08:00 pid=60152 tid=11 double-click elapsedMs=442.363 withinX=True withinY=True nativeOleTarget=False suppressSecondDown=False dispatchCallback=True
2026-09-06T10:48:50.2889852+08:00 pid=60152 tid=27 callback-begin interceptedNativeOle=False x=1897 y=1126
2026-09-06T10:48:50.2889852+08:00 pid=60152 tid=27 addin-callback-received interceptedNativeOle=False x=1897 y=1126
2026-09-06T10:48:50.2889852+08:00 pid=60152 tid=27 callback-end
2026-09-06T10:48:50.2919853+08:00 pid=60152 tid=1 addin-coordinate-selection formulaId=<null> objectMode=<null>
2026-09-06T10:48:54.0662798+08:00 pid=60152 tid=11 left-down x=1156 y=742 wordForeground=False
2026-09-06T10:48:55.6999512+08:00 pid=60152 tid=11 left-down x=2609 y=687 wordForeground=False
2026-09-06T10:48:57.3472867+08:00 pid=60152 tid=11 left-down x=1819 y=1111 wordForeground=True
2026-09-06T10:48:57.8363147+08:00 pid=60152 tid=11 left-down x=1819 y=1111 wordForeground=True
2026-09-06T10:48:57.8373144+08:00 pid=60152 tid=11 double-click elapsedMs=489.096 withinX=True withinY=True nativeOleTarget=False suppressSecondDown=False dispatchCallback=True
2026-09-06T10:48:57.9425716+08:00 pid=60152 tid=27 callback-begin interceptedNativeOle=False x=1819 y=1111
2026-09-06T10:48:57.9425716+08:00 pid=60152 tid=27 addin-callback-received interceptedNativeOle=False x=1819 y=1111
2026-09-06T10:48:57.9425716+08:00 pid=60152 tid=27 callback-end
2026-09-06T10:48:57.9445719+08:00 pid=60152 tid=1 addin-coordinate-selection formulaId=<null> objectMode=<null>
2026-09-06T10:49:00.1599629+08:00 pid=60152 tid=11 left-down x=1153 y=749 wordForeground=False
2026-09-06T10:49:01.5738649+08:00 pid=60152 tid=11 left-down x=1173 y=746 wordForeground=False
2026-09-06T10:49:02.8726269+08:00 pid=60152 tid=11 left-down x=1173 y=746 wordForeground=False
2026-09-06T10:49:04.6279109+08:00 pid=60152 tid=11 left-down x=2602 y=698 wordForeground=False
2026-09-06T10:49:06.2151927+08:00 pid=60152 tid=11 left-down x=1483 y=1251 wordForeground=True
2026-09-06T10:49:08.5658584+08:00 pid=60152 tid=11 left-down x=1883 y=1126 wordForeground=True
2026-09-06T10:49:09.6490023+08:00 pid=60152 tid=11 left-down x=1243 y=1261 wordForeground=True
2026-09-06T10:49:14.8882479+08:00 pid=60152 tid=11 left-down x=883 y=1241 wordForeground=False
2026-09-06T10:49:17.2668242+08:00 pid=60152 tid=11 left-down x=2108 y=1267 wordForeground=False
2026-09-06T10:49:19.5792090+08:00 pid=60152 tid=11 left-down x=1773 y=689 wordForeground=True
2026-09-06T10:49:21.3265402+08:00 pid=60152 tid=11 left-down x=2148 y=1488 wordForeground=True
2026-09-06T10:49:24.0699542+08:00 pid=60152 tid=11 left-down x=1764 y=686 wordForeground=True
2026-09-06T10:49:26.3856924+08:00 pid=60152 tid=11 left-down x=1903 y=1084 wordForeground=True
2026-09-06T10:49:28.1463179+08:00 pid=60152 tid=11 left-down x=2182 y=1500 wordForeground=True
2026-09-06T10:49:29.4844313+08:00 pid=60152 tid=11 left-down x=2182 y=1500 wordForeground=True
2026-09-06T10:49:32.4531297+08:00 pid=60152 tid=11 left-down x=1852 y=1134 wordForeground=True
2026-09-06T10:49:34.8926337+08:00 pid=60152 tid=11 left-down x=1270 y=663 wordForeground=True
2026-09-06T10:49:37.4984762+08:00 pid=60152 tid=11 left-down x=1252 y=659 wordForeground=True
2026-09-06T10:49:39.6278230+08:00 pid=60152 tid=11 left-down x=1352 y=2123 wordForeground=True
2026-09-06T10:49:40.5251016+08:00 pid=60152 tid=11 left-down x=1440 y=2033 wordForeground=False
2026-09-06T10:49:43.4364383+08:00 pid=60152 tid=11 left-down x=2607 y=696 wordForeground=False
2026-09-06T10:49:44.9428136+08:00 pid=60152 tid=11 left-down x=1324 y=1255 wordForeground=True
2026-09-06T10:49:46.9941967+08:00 pid=60152 tid=11 left-down x=727 y=1092 wordForeground=True
2026-09-06T10:49:48.3408907+08:00 pid=60152 tid=11 left-down x=682 y=1050 wordForeground=False
2026-09-06T10:49:50.3678158+08:00 pid=60152 tid=11 left-down x=1899 y=397 wordForeground=False
2026-09-06T10:49:52.2906210+08:00 pid=60152 tid=11 left-down x=2093 y=1262 wordForeground=False
2026-09-06T10:50:39.1970520+08:00 pid=60152 tid=11 left-down x=1190 y=747 wordForeground=False
2026-09-06T10:50:53.2920847+08:00 pid=60152 tid=11 left-down x=2024 y=1163 wordForeground=True
2026-09-06T10:51:40.7834107+08:00 pid=60152 tid=11 left-down x=779 y=1223 wordForeground=False
2026-09-06T10:51:49.5497107+08:00 pid=60152 tid=11 left-down x=2076 y=1278 wordForeground=True
2026-09-06T10:52:35.8157788+08:00 pid=60152 tid=11 left-down x=1190 y=747 wordForeground=False
2026-09-06T10:52:50.0867222+08:00 pid=60152 tid=11 left-down x=2024 y=1163 wordForeground=True
2026-09-06T10:54:55.8180772+08:00 pid=60152 tid=11 left-down x=736 y=1258 wordForeground=False
2026-09-06T10:54:58.5203836+08:00 pid=60152 tid=11 left-down x=2120 y=899 wordForeground=False
2026-09-06T10:54:58.9787175+08:00 pid=60152 tid=11 left-down x=1190 y=747 wordForeground=False
2026-09-06T10:55:14.0322373+08:00 pid=60152 tid=11 left-down x=2024 y=1163 wordForeground=True
2026-09-06T10:56:55.6828966+08:00 pid=60152 tid=11 left-down x=1190 y=747 wordForeground=False
2026-09-06T10:57:10.0315642+08:00 pid=60152 tid=11 left-down x=2024 y=1163 wordForeground=True
2026-09-06T10:58:00.9425397+08:00 pid=60152 tid=11 left-down x=1140 y=1210 wordForeground=True
2026-09-06T10:58:01.5931035+08:00 pid=60152 tid=11 left-down x=1140 y=1210 wordForeground=True
2026-09-06T10:59:31.8977334+08:00 pid=60152 tid=11 left-down x=846 y=1203 wordForeground=False
2026-09-06T10:59:34.9604294+08:00 pid=60152 tid=11 left-down x=2211 y=1232 wordForeground=True
2026-09-06T10:59:37.6452429+08:00 pid=60152 tid=11 left-down x=1718 y=1090 wordForeground=True
2026-09-06T10:59:38.8150248+08:00 pid=60152 tid=11 left-down x=1634 y=1069 wordForeground=True
2026-09-06T10:59:43.2938170+08:00 pid=60152 tid=11 left-down x=1838 y=818 wordForeground=True
2026-09-06T11:00:22.1271815+08:00 pid=60152 tid=11 left-down x=1155 y=1210 wordForeground=True
2026-09-06T11:00:22.7510714+08:00 pid=60152 tid=11 left-down x=1155 y=1210 wordForeground=True
2026-09-06T11:01:26.0427098+08:00 pid=60152 tid=11 left-down x=1155 y=1060 wordForeground=True
2026-09-06T11:01:26.6389675+08:00 pid=60152 tid=11 left-down x=1155 y=1060 wordForeground=True
2026-09-06T11:03:20.2658643+08:00 pid=60152 tid=11 left-down x=872 y=865 wordForeground=False
2026-09-06T11:03:29.6076338+08:00 pid=60152 tid=11 left-down x=1190 y=747 wordForeground=False
2026-09-06T11:03:44.2943444+08:00 pid=60152 tid=11 left-down x=2024 y=1163 wordForeground=True
2026-09-06T11:04:28.7151477+08:00 pid=60152 tid=11 left-down x=1155 y=1210 wordForeground=True
2026-09-06T11:04:29.4144431+08:00 pid=60152 tid=11 left-down x=1155 y=1210 wordForeground=True
2026-09-06T11:04:49.0285557+08:00 pid=60152 tid=11 left-down x=1838 y=688 wordForeground=True
2026-09-06T11:05:33.3646813+08:00 pid=60152 tid=11 left-down x=1140 y=1207 wordForeground=True
2026-09-06T11:05:34.0426402+08:00 pid=60152 tid=11 left-down x=1140 y=1207 wordForeground=True
2026-09-06T11:06:57.5241568+08:00 pid=60152 tid=11 left-down x=1382 y=1120 wordForeground=False
2026-09-06T11:07:00.3648737+08:00 pid=60152 tid=11 left-down x=2178 y=458 wordForeground=False
2026-09-06T11:07:02.7311611+08:00 pid=60152 tid=11 left-down x=2492 y=460 wordForeground=False
2026-09-06T11:07:53.1400055+08:00 pid=60152 tid=11 left-down x=795 y=1222 wordForeground=False
2026-09-06T11:07:57.8985681+08:00 pid=60152 tid=11 left-down x=2315 y=1180 wordForeground=True
2026-09-06T11:09:30.3654216+08:00 pid=60152 tid=11 left-down x=2178 y=458 wordForeground=False
2026-09-06T11:10:07.4964457+08:00 pid=60152 tid=11 left-down x=1382 y=1120 wordForeground=False
2026-09-06T11:10:10.2705937+08:00 pid=60152 tid=11 left-down x=2492 y=460 wordForeground=False
2026-09-06T11:14:03.7000638+08:00 pid=60152 tid=11 left-down x=1190 y=747 wordForeground=False
2026-09-06T11:14:07.1187878+08:00 pid=60152 tid=11 left-down x=1665 y=747 wordForeground=False
2026-09-06T11:14:21.7172977+08:00 pid=60152 tid=11 left-down x=1190 y=747 wordForeground=False
2026-09-06T11:14:24.9960602+08:00 pid=60152 tid=11 left-down x=1665 y=747 wordForeground=False
2026-09-06T11:14:39.1892560+08:00 pid=60152 tid=11 left-down x=1190 y=747 wordForeground=False
2026-09-06T11:15:52.1877056+08:00 pid=60152 tid=11 left-down x=2024 y=1187 wordForeground=True
2026-09-06T11:17:35.2290401+08:00 pid=60152 tid=11 left-down x=1838 y=774 wordForeground=True
2026-09-06T11:20:19.2206721+08:00 pid=60152 tid=11 left-down x=1072 y=2130 wordForeground=False
2026-09-06T11:20:22.8738116+08:00 pid=60152 tid=11 left-down x=2255 y=1372 wordForeground=True
2026-09-06T11:20:23.9893982+08:00 pid=60152 tid=11 left-down x=2198 y=1441 wordForeground=True
2026-09-06T11:21:15.6989012+08:00 pid=60152 tid=11 left-down x=795 y=1238 wordForeground=False
2026-09-06T11:21:18.0023841+08:00 pid=60152 tid=11 left-down x=2192 y=1367 wordForeground=True
2026-09-06T11:21:19.0938407+08:00 pid=60152 tid=11 left-down x=740 y=1215 wordForeground=False
2026-09-06T11:22:20.5151002+08:00 pid=60152 tid=11 left-down x=1190 y=747 wordForeground=False
2026-09-06T11:22:23.5908918+08:00 pid=60152 tid=11 left-down x=1665 y=747 wordForeground=False
2026-09-06T11:22:37.5317011+08:00 pid=60152 tid=11 left-down x=1190 y=747 wordForeground=False
2026-09-06T11:22:41.2948312+08:00 pid=60152 tid=11 left-down x=1665 y=747 wordForeground=False
2026-09-06T11:22:55.0959497+08:00 pid=60152 tid=11 left-down x=1190 y=747 wordForeground=False
2026-09-06T11:23:11.6556289+08:00 pid=60152 tid=11 left-down x=2024 y=1187 wordForeground=True
2026-09-06T11:24:09.6410383+08:00 pid=60152 tid=11 left-down x=809 y=1245 wordForeground=False
2026-09-06T11:24:16.4925324+08:00 pid=60152 tid=11 left-down x=199 y=1498 wordForeground=False
2026-09-06T11:24:17.2723681+08:00 pid=60152 tid=11 left-down x=206 y=1485 wordForeground=False
2026-09-06T11:24:19.2432431+08:00 pid=60152 tid=11 left-down x=2049 y=1405 wordForeground=True
2026-09-06T11:30:08.9191006+08:00 pid=60152 tid=11 left-down x=1838 y=688 wordForeground=True
2026-09-06T11:30:56.7771529+08:00 pid=60152 tid=11 left-down x=1155 y=1337 wordForeground=True
2026-09-06T11:30:57.4381517+08:00 pid=60152 tid=11 left-down x=1155 y=1337 wordForeground=True
2026-09-06T11:42:00.4636724+08:00 pid=60152 tid=11 left-down x=806 y=1112 wordForeground=False
2026-09-06T11:42:44.5193282+08:00 pid=60152 tid=11 left-down x=239 y=1463 wordForeground=False
2026-09-06T11:42:48.3651468+08:00 pid=60152 tid=11 left-down x=1500 y=1569 wordForeground=True
2026-09-06T11:42:49.7191721+08:00 pid=60152 tid=11 left-down x=661 y=1211 wordForeground=False
2026-09-06T11:42:51.8642827+08:00 pid=60152 tid=11 left-down x=1925 y=1462 wordForeground=False
2026-09-06T11:42:57.7269438+08:00 pid=60152 tid=11 left-down x=1927 y=477 wordForeground=False
2026-09-06T11:43:13.7470485+08:00 pid=60152 tid=11 left-down x=2392 y=184 wordForeground=False
2026-09-06T11:43:16.3572740+08:00 pid=60152 tid=11 left-down x=145 y=94 wordForeground=False
2026-09-06T11:43:19.8204860+08:00 pid=60152 tid=11 left-down x=343 y=307 wordForeground=False
2026-09-06T11:43:22.6837699+08:00 pid=60152 tid=11 left-down x=1441 y=2145 wordForeground=False
2026-09-06T11:43:25.0347977+08:00 pid=60152 tid=11 left-down x=1057 y=2123 wordForeground=False
2026-09-06T11:43:26.2393822+08:00 pid=60152 tid=11 left-down x=1355 y=2138 wordForeground=False
2026-09-06T11:43:40.9652969+08:00 pid=60152 tid=11 left-down x=1076 y=1158 wordForeground=False
2026-09-06T11:43:49.2138282+08:00 pid=60152 tid=11 left-down x=1360 y=2079 wordForeground=False
2026-09-06T11:44:01.8591572+08:00 pid=60152 tid=11 left-down x=1353 y=2049 wordForeground=False
2026-09-06T11:44:04.1582523+08:00 pid=60152 tid=11 left-down x=1902 y=1224 wordForeground=True
2026-09-06T11:44:05.7936668+08:00 pid=60152 tid=11 left-down x=1620 y=1535 wordForeground=True
2026-09-06T11:44:07.9188978+08:00 pid=60152 tid=11 left-down x=880 y=1260 wordForeground=False
2026-09-06T11:48:43.7780230+08:00 pid=60152 tid=11 left-down x=1618 y=1245 wordForeground=True
2026-09-06T11:48:46.0487505+08:00 pid=60152 tid=11 left-down x=788 y=1222 wordForeground=False
2026-09-06T11:48:50.5073485+08:00 pid=60152 tid=11 left-down x=1329 y=1606 wordForeground=True
2026-09-06T11:48:55.3720225+08:00 pid=60152 tid=11 left-down x=780 y=1237 wordForeground=False
2026-09-06T11:48:59.3111488+08:00 pid=60152 tid=11 left-down x=1347 y=1604 wordForeground=False
2026-09-06T11:53:50.6104155+08:00 pid=60152 tid=11 left-down x=1083 y=2146 wordForeground=False
2026-09-06T11:54:07.2394859+08:00 pid=60152 tid=11 left-down x=1984 y=1086 wordForeground=True
2026-09-06T11:56:54.1987127+08:00 pid=60152 tid=11 left-down x=2024 y=1187 wordForeground=True
2026-09-06T11:57:01.9285045+08:00 pid=60152 tid=11 left-down x=1838 y=818 wordForeground=True
2026-09-06T12:09:32.4785100+08:00 pid=60152 tid=11 left-down x=2024 y=1187 wordForeground=True
2026-09-06T12:10:06.8084201+08:00 pid=60152 tid=11 left-down x=1838 y=688 wordForeground=True
2026-09-06T12:10:48.9842846+08:00 pid=60152 tid=11 left-down x=1151 y=1515 wordForeground=True
2026-09-06T12:10:49.4750517+08:00 pid=60152 tid=11 left-down x=1151 y=1515 wordForeground=True
2026-09-06T12:10:49.4760514+08:00 pid=60152 tid=11 double-click elapsedMs=491.083 withinX=True withinY=True nativeOleTarget=False suppressSecondDown=False dispatchCallback=True
2026-09-06T12:10:49.5786466+08:00 pid=60152 tid=27 callback-begin interceptedNativeOle=False x=1151 y=1515
2026-09-06T12:10:49.5786466+08:00 pid=60152 tid=27 addin-callback-received interceptedNativeOle=False x=1151 y=1515
2026-09-06T12:10:49.5786466+08:00 pid=60152 tid=27 callback-end
2026-09-06T12:10:49.5806456+08:00 pid=60152 tid=1 addin-coordinate-selection formulaId=<null> objectMode=<null>
2026-09-06T12:12:07.5642185+08:00 pid=60152 tid=11 left-down x=1838 y=774 wordForeground=True
2026-09-06T12:12:58.8794582+08:00 pid=60152 tid=11 left-down x=1170 y=1320 wordForeground=True
2026-09-06T12:12:59.5000978+08:00 pid=60152 tid=11 left-down x=1170 y=1320 wordForeground=True
2026-09-06T12:16:38.4668744+08:00 pid=60152 tid=11 left-down x=801 y=814 wordForeground=False
2026-09-06T12:16:40.1732350+08:00 pid=60152 tid=11 left-down x=1006 y=849 wordForeground=False
2026-09-06T12:19:29.9233361+08:00 pid=60152 tid=11 left-down x=2024 y=1187 wordForeground=True
2026-09-06T12:19:37.7359962+08:00 pid=60152 tid=11 left-down x=1838 y=688 wordForeground=True
2026-09-06T12:30:33.1815863+08:00 pid=60152 tid=11 left-down x=2024 y=1187 wordForeground=True
2026-09-06T12:36:36.8515451+08:00 pid=60152 tid=11 left-down x=2024 y=1187 wordForeground=True
2026-09-06T12:38:56.3420159+08:00 pid=60152 tid=11 left-down x=2024 y=1187 wordForeground=True
2026-09-06T12:40:48.8414250+08:00 pid=60152 tid=11 left-down x=1838 y=860 wordForeground=True
2026-09-06T12:41:32.6851590+08:00 pid=60152 tid=11 left-down x=1183 y=1627 wordForeground=True
2026-09-06T12:41:33.4214562+08:00 pid=60152 tid=11 left-down x=1183 y=1627 wordForeground=True
2026-09-06T12:42:48.8022576+08:00 pid=60152 tid=11 left-down x=1838 y=732 wordForeground=True
2026-09-06T12:44:29.3711946+08:00 pid=60152 tid=11 left-down x=1838 y=688 wordForeground=True
2026-09-06T12:51:11.7458358+08:00 pid=60152 tid=11 left-down x=1302 y=747 wordForeground=False
2026-09-06T12:52:22.1250568+08:00 pid=60152 tid=11 left-down x=2058 y=1197 wordForeground=True
2026-09-06T12:59:17.2805448+08:00 pid=60152 tid=11 left-down x=1302 y=747 wordForeground=False
2026-09-06T13:00:33.8989896+08:00 pid=60152 tid=11 left-down x=2024 y=1163 wordForeground=True
2026-09-06T13:03:50.0366490+08:00 pid=60152 tid=11 left-down x=846 y=1216 wordForeground=False
2026-09-06T13:04:06.8751507+08:00 pid=60152 tid=11 left-down x=1992 y=1336 wordForeground=True
2026-09-06T13:04:08.8991407+08:00 pid=60152 tid=11 left-down x=1947 y=1234 wordForeground=True
2026-09-06T13:04:10.6239142+08:00 pid=60152 tid=11 left-down x=1796 y=1396 wordForeground=True
2026-09-06T13:04:11.7954069+08:00 pid=60152 tid=11 left-down x=1602 y=1458 wordForeground=True
2026-09-06T13:05:18.7006845+08:00 pid=60152 tid=11 left-down x=851 y=1174 wordForeground=False
2026-09-06T13:06:17.9784737+08:00 pid=60152 tid=11 left-down x=1302 y=747 wordForeground=False
2026-09-06T13:08:48.4462521+08:00 pid=60152 tid=11 left-down x=1302 y=747 wordForeground=True
2026-09-06T13:09:21.8201052+08:00 pid=60152 tid=11 left-down x=807 y=1221 wordForeground=False
2026-09-06T13:09:26.9098479+08:00 pid=60152 tid=11 left-down x=2025 y=1437 wordForeground=True
2026-09-06T13:09:28.3615238+08:00 pid=60152 tid=11 left-down x=1854 y=1262 wordForeground=True
2026-09-06T13:09:29.4930006+08:00 pid=60152 tid=11 left-down x=1605 y=1330 wordForeground=True
2026-09-06T13:11:25.7405889+08:00 pid=60152 tid=11 left-down x=2024 y=1163 wordForeground=True
2026-09-06T13:14:21.9217583+08:00 pid=60152 tid=11 left-down x=801 y=1230 wordForeground=False
2026-09-06T13:14:42.1274916+08:00 pid=60152 tid=11 left-down x=909 y=1354 wordForeground=False
2026-09-06T13:16:13.2334240+08:00 pid=60152 tid=11 left-down x=854 y=1380 wordForeground=False
2026-09-06T13:16:15.5238000+08:00 pid=60152 tid=11 left-down x=1838 y=1436 wordForeground=False
2026-09-06T13:20:48.6654842+08:00 pid=60152 tid=11 left-down x=897 y=1337 wordForeground=False
2026-09-06T13:22:16.6380642+08:00 pid=60152 tid=11 left-down x=1079 y=2134 wordForeground=False
2026-09-06T13:23:31.3112082+08:00 pid=60152 tid=11 left-down x=912 y=1198 wordForeground=False
2026-09-06T13:23:56.5971835+08:00 pid=60152 tid=11 left-down x=300 y=15 wordForeground=False
2026-09-06T13:25:29.5723713+08:00 pid=60152 tid=11 left-down x=832 y=1274 wordForeground=False
2026-09-06T13:28:26.6651881+08:00 pid=60152 tid=11 left-down x=663 y=1262 wordForeground=False
2026-09-06T13:28:53.3592967+08:00 pid=60152 tid=11 left-down x=1317 y=747 wordForeground=False
2026-09-06T13:28:56.8168603+08:00 pid=60152 tid=11 left-down x=1792 y=747 wordForeground=False
2026-09-06T13:29:59.1581305+08:00 pid=60152 tid=11 left-down x=1317 y=747 wordForeground=False
2026-09-06T13:30:02.6285367+08:00 pid=60152 tid=11 left-down x=1792 y=747 wordForeground=False
2026-09-06T13:31:57.0544999+08:00 pid=60152 tid=11 left-down x=2024 y=1187 wordForeground=True
2026-09-06T13:33:21.7534393+08:00 pid=60152 tid=11 left-down x=895 y=904 wordForeground=False
2026-09-06T13:34:33.9222728+08:00 pid=60152 tid=11 left-down x=1838 y=860 wordForeground=True
2026-09-06T13:35:09.2040326+08:00 pid=60152 tid=11 left-down x=766 y=1265 wordForeground=False
2026-09-06T13:40:46.5236875+08:00 pid=60152 tid=11 left-down x=1317 y=747 wordForeground=False
2026-09-06T13:40:49.9707782+08:00 pid=60152 tid=11 left-down x=1792 y=747 wordForeground=False
2026-09-06T13:41:58.3831216+08:00 pid=60152 tid=11 left-down x=1317 y=747 wordForeground=False
2026-09-06T13:42:01.6504543+08:00 pid=60152 tid=11 left-down x=1792 y=747 wordForeground=False
2026-09-06T13:43:10.7961898+08:00 pid=60152 tid=11 left-down x=2024 y=1187 wordForeground=True
2026-09-06T13:51:23.5549868+08:00 pid=60152 tid=11 left-down x=1172 y=1508 wordForeground=True
2026-09-06T13:51:24.2654773+08:00 pid=60152 tid=11 left-down x=1172 y=1508 wordForeground=True
2026-09-06T13:52:14.9106957+08:00 pid=60152 tid=11 left-down x=1172 y=1088 wordForeground=True
2026-09-06T13:52:15.5589611+08:00 pid=60152 tid=11 left-down x=1172 y=1088 wordForeground=True
2026-09-06T13:56:11.0896710+08:00 pid=60152 tid=11 left-down x=1317 y=747 wordForeground=False
2026-09-06T13:56:14.4057811+08:00 pid=60152 tid=11 left-down x=1792 y=747 wordForeground=False
2026-09-06T13:57:06.6857162+08:00 pid=60152 tid=11 left-down x=1317 y=747 wordForeground=False
2026-09-06T13:57:10.1576499+08:00 pid=60152 tid=11 left-down x=1792 y=747 wordForeground=False
2026-09-06T13:58:06.5631879+08:00 pid=60152 tid=11 left-down x=2024 y=1187 wordForeground=True
2026-09-06T14:03:33.5444109+08:00 pid=60152 tid=11 left-down x=1317 y=747 wordForeground=False
2026-09-06T14:03:36.6091078+08:00 pid=60152 tid=11 left-down x=1792 y=747 wordForeground=False
2026-09-06T14:04:17.0897766+08:00 pid=60152 tid=11 left-down x=1317 y=747 wordForeground=False
2026-09-06T14:04:20.4660262+08:00 pid=60152 tid=11 left-down x=1792 y=747 wordForeground=False
2026-09-06T14:05:25.5317331+08:00 pid=60152 tid=11 left-down x=2024 y=1187 wordForeground=True
2026-09-06T14:07:17.4164437+08:00 pid=60152 tid=11 left-down x=1838 y=688 wordForeground=True
2026-09-06T14:08:17.1981434+08:00 pid=60152 tid=11 left-down x=1141 y=1508 wordForeground=True
2026-09-06T14:08:17.7191041+08:00 pid=60152 tid=11 left-down x=1141 y=1508 wordForeground=True
2026-09-06T14:13:47.2401986+08:00 pid=60152 tid=11 left-down x=1141 y=1508 wordForeground=True
2026-09-06T14:13:47.7474734+08:00 pid=60152 tid=11 left-down x=1141 y=1508 wordForeground=True
2026-09-06T14:16:21.1088412+08:00 pid=60152 tid=11 left-down x=1317 y=747 wordForeground=False
2026-09-06T14:16:24.2775160+08:00 pid=60152 tid=11 left-down x=1792 y=747 wordForeground=False
2026-09-06T14:17:35.9248049+08:00 pid=60152 tid=11 left-down x=1317 y=747 wordForeground=False
2026-09-06T14:17:39.4606058+08:00 pid=60152 tid=11 left-down x=1792 y=747 wordForeground=False
2026-09-06T14:18:31.8694432+08:00 pid=60152 tid=11 left-down x=2024 y=1187 wordForeground=True
2026-09-06T14:20:28.9697015+08:00 pid=60152 tid=11 left-down x=1838 y=860 wordForeground=True
2026-09-06T14:21:51.6619802+08:00 pid=60152 tid=11 left-down x=1172 y=1568 wordForeground=True
2026-09-06T14:21:52.1858304+08:00 pid=60152 tid=11 left-down x=1172 y=1568 wordForeground=True
2026-09-06T14:22:33.6332250+08:00 pid=60152 tid=11 left-down x=1382 y=1120 wordForeground=False
2026-09-06T14:22:35.9707324+08:00 pid=60152 tid=11 left-down x=2178 y=458 wordForeground=False
2026-09-06T14:22:38.4913574+08:00 pid=60152 tid=11 left-down x=2492 y=460 wordForeground=False
2026-09-06T14:30:55.2102058+08:00 pid=60152 tid=11 left-down x=1382 y=1120 wordForeground=False
2026-09-06T14:30:57.4814382+08:00 pid=60152 tid=11 left-down x=2178 y=458 wordForeground=False
2026-09-06T14:30:59.6673313+08:00 pid=60152 tid=11 left-down x=2492 y=460 wordForeground=False
2026-09-06T14:32:40.6887857+08:00 pid=60152 tid=11 left-down x=2332 y=460 wordForeground=False
2026-09-06T14:37:41.2874994+08:00 pid=60152 tid=11 left-down x=1382 y=1120 wordForeground=False
2026-09-06T14:37:43.8152296+08:00 pid=60152 tid=11 left-down x=2332 y=460 wordForeground=False
2026-09-06T14:37:46.2325933+08:00 pid=60152 tid=11 left-down x=2492 y=460 wordForeground=False
2026-09-06T14:39:06.9572269+08:00 pid=60152 tid=11 left-down x=2024 y=1259 wordForeground=True
2026-09-06T14:39:15.7018483+08:00 pid=60152 tid=11 left-down x=1838 y=688 wordForeground=True
2026-09-06T14:46:03.3781169+08:00 pid=60152 tid=11 left-down x=1838 y=860 wordForeground=True
2026-09-06T14:46:11.6372589+08:00 pid=60152 tid=11 left-down x=1382 y=1120 wordForeground=False
2026-09-06T14:47:28.1709385+08:00 pid=60152 tid=11 left-down x=2332 y=460 wordForeground=False
2026-09-06T14:47:30.9669775+08:00 pid=60152 tid=11 left-down x=2492 y=460 wordForeground=False
2026-09-06T14:48:36.3575082+08:00 pid=60152 tid=11 left-down x=2024 y=1259 wordForeground=True
2026-09-06T14:48:44.6034830+08:00 pid=60152 tid=11 left-down x=1838 y=688 wordForeground=True
2026-09-06T14:49:32.9605326+08:00 pid=60152 tid=11 left-down x=1136 y=1941 wordForeground=True
2026-09-06T14:49:33.4918300+08:00 pid=60152 tid=11 left-down x=1136 y=1941 wordForeground=True
2026-09-06T14:50:13.0330599+08:00 pid=60152 tid=11 left-down x=1838 y=860 wordForeground=True
2026-09-06T14:53:21.4688885+08:00 pid=60152 tid=11 left-down x=1838 y=688 wordForeground=True
2026-09-06T14:53:30.4236525+08:00 pid=60152 tid=11 left-down x=1382 y=1120 wordForeground=False
2026-09-06T14:53:33.2730539+08:00 pid=60152 tid=11 left-down x=2332 y=460 wordForeground=False
2026-09-06T14:53:35.3372270+08:00 pid=60152 tid=11 left-down x=2492 y=460 wordForeground=False
2026-09-06T14:55:35.6763882+08:00 pid=60152 tid=11 left-down x=2024 y=1187 wordForeground=True
2026-09-06T14:59:40.3101754+08:00 pid=60152 tid=11 left-down x=1776 y=1270 wordForeground=False
2026-09-06T15:07:01.8619806+08:00 pid=60152 tid=11 left-down x=1140 y=1245 wordForeground=True
2026-09-06T15:07:02.2735062+08:00 pid=60152 tid=11 left-down x=1140 y=1245 wordForeground=True
2026-09-06T15:07:02.2745062+08:00 pid=60152 tid=11 double-click elapsedMs=411.319 withinX=True withinY=True nativeOleTarget=False suppressSecondDown=False dispatchCallback=True
2026-09-06T15:07:02.3731232+08:00 pid=60152 tid=27 callback-begin interceptedNativeOle=False x=1140 y=1245
2026-09-06T15:07:02.3731232+08:00 pid=60152 tid=27 addin-callback-received interceptedNativeOle=False x=1140 y=1245
2026-09-06T15:07:02.3731232+08:00 pid=60152 tid=27 callback-end
2026-09-06T15:07:02.3751227+08:00 pid=60152 tid=1 addin-coordinate-selection formulaId=<null> objectMode=<null>
2026-09-06T15:09:35.7220095+08:00 pid=60152 tid=11 left-down x=1776 y=1270 wordForeground=False
2026-09-06T15:21:11.0059869+08:00 pid=60152 tid=11 left-down x=1838 y=688 wordForeground=True
2026-09-06T15:21:35.2913093+08:00 pid=60152 tid=11 left-down x=1382 y=1120 wordForeground=False
2026-09-06T15:21:38.0974887+08:00 pid=60152 tid=11 left-down x=2332 y=460 wordForeground=False
2026-09-06T15:21:40.6040695+08:00 pid=60152 tid=11 left-down x=2492 y=460 wordForeground=False
2026-09-06T15:22:32.8409386+08:00 pid=60152 tid=11 left-down x=2024 y=1187 wordForeground=True
2026-09-06T15:26:36.9332960+08:00 pid=60152 tid=11 left-down x=1140 y=1088 wordForeground=True
2026-09-06T15:26:37.4985938+08:00 pid=60152 tid=11 left-down x=1140 y=1088 wordForeground=True
2026-09-06T15:27:09.5921559+08:00 pid=60152 tid=11 left-down x=1838 y=688 wordForeground=True
2026-09-06T15:27:51.9960631+08:00 pid=60152 tid=11 left-down x=1382 y=1120 wordForeground=False
2026-09-06T15:27:54.8609786+08:00 pid=60152 tid=11 left-down x=2332 y=460 wordForeground=False
2026-09-06T15:27:57.2549470+08:00 pid=60152 tid=11 left-down x=2492 y=460 wordForeground=False
2026-09-06T15:29:57.5855336+08:00 pid=60152 tid=11 left-down x=1776 y=1270 wordForeground=False
2026-09-06T15:30:43.6669554+08:00 pid=60152 tid=11 left-down x=2024 y=1187 wordForeground=True
2026-09-06T15:31:48.8703593+08:00 pid=60152 tid=11 left-down x=698 y=1234 wordForeground=False
2026-09-06T15:31:52.4571510+08:00 pid=60152 tid=11 left-down x=1685 y=1610 wordForeground=True
2026-09-06T15:33:03.6930125+08:00 pid=60152 tid=11 left-down x=1838 y=860 wordForeground=True
2026-09-06T15:33:48.7154461+08:00 pid=60152 tid=11 left-down x=219 y=1479 wordForeground=False
2026-09-06T15:33:54.3608705+08:00 pid=60152 tid=11 left-down x=1323 y=1598 wordForeground=False
2026-09-06T15:35:00.8700723+08:00 pid=60152 tid=11 left-down x=1170 y=1088 wordForeground=True
2026-09-06T15:35:01.4245018+08:00 pid=60152 tid=11 left-down x=1170 y=1088 wordForeground=True
2026-09-06T15:35:43.5966864+08:00 pid=60152 tid=11 left-down x=837 y=1166 wordForeground=False
2026-09-06T15:36:00.4849246+08:00 pid=60152 tid=11 left-down x=2078 y=1366 wordForeground=True
2026-09-06T15:37:05.8093110+08:00 pid=60152 tid=11 left-down x=1776 y=1270 wordForeground=False
2026-09-06T15:46:37.4282856+08:00 pid=60152 tid=11 left-down x=1838 y=688 wordForeground=True
2026-09-06T15:46:46.1073667+08:00 pid=60152 tid=11 left-down x=1382 y=1120 wordForeground=False
2026-09-06T15:46:49.3322631+08:00 pid=60152 tid=11 left-down x=2332 y=460 wordForeground=False
2026-09-06T15:46:51.3323713+08:00 pid=60152 tid=11 left-down x=2492 y=460 wordForeground=False
2026-09-06T15:49:13.1482588+08:00 pid=60152 tid=11 left-down x=1776 y=1270 wordForeground=False
2026-09-06T15:50:01.2848033+08:00 pid=60152 tid=11 left-down x=2024 y=1187 wordForeground=True
2026-09-06T15:50:10.2319494+08:00 pid=60152 tid=11 left-down x=1838 y=860 wordForeground=True
2026-09-06T15:54:09.6910757+08:00 pid=60152 tid=11 left-down x=1170 y=1118 wordForeground=True
2026-09-06T15:54:10.2454898+08:00 pid=60152 tid=11 left-down x=1170 y=1118 wordForeground=True
2026-09-06T15:54:20.7141111+08:00 pid=60152 tid=11 left-down x=1776 y=1270 wordForeground=False
2026-09-06T15:55:19.4685521+08:00 pid=60152 tid=11 left-down x=758 y=1250 wordForeground=False
2026-09-06T15:55:45.5922884+08:00 pid=60152 tid=11 left-down x=820 y=1253 wordForeground=False
2026-09-06T15:55:57.1087557+08:00 pid=60152 tid=11 left-down x=2051 y=1093 wordForeground=True
2026-09-06T15:57:05.0858662+08:00 pid=60152 tid=11 left-down x=763 y=1216 wordForeground=False
2026-09-06T15:57:07.2164842+08:00 pid=60152 tid=11 left-down x=2028 y=1110 wordForeground=True
2026-09-06T15:57:10.2089975+08:00 pid=60152 tid=11 left-down x=770 y=1090 wordForeground=False
2026-09-06T15:57:12.0230587+08:00 pid=60152 tid=11 left-down x=618 y=1046 wordForeground=False
2026-09-06T15:57:16.1726626+08:00 pid=60152 tid=11 left-down x=1892 y=402 wordForeground=False
2026-09-06T15:57:21.1323174+08:00 pid=60152 tid=11 left-down x=1965 y=1091 wordForeground=True
2026-09-06T15:57:24.5353735+08:00 pid=60152 tid=11 left-down x=717 y=1085 wordForeground=False
2026-09-06T15:57:26.8107591+08:00 pid=60152 tid=11 left-down x=620 y=1012 wordForeground=False
2026-09-06T15:57:29.4184521+08:00 pid=60152 tid=11 left-down x=1896 y=398 wordForeground=False
2026-09-06T15:57:34.0265359+08:00 pid=60152 tid=11 left-down x=1979 y=1077 wordForeground=True
2026-09-06T16:04:19.7711735+08:00 pid=60152 tid=11 left-down x=153 y=1448 wordForeground=False
2026-09-06T16:04:23.0943690+08:00 pid=60152 tid=11 left-down x=963 y=1227 wordForeground=False
2026-09-06T16:05:05.7899620+08:00 pid=60152 tid=11 left-down x=1838 y=688 wordForeground=True
2026-09-06T16:05:14.3956225+08:00 pid=60152 tid=11 left-down x=1382 y=1120 wordForeground=False
2026-09-06T16:05:17.0690024+08:00 pid=60152 tid=11 left-down x=2332 y=460 wordForeground=False
2026-09-06T16:05:19.6822361+08:00 pid=60152 tid=11 left-down x=2492 y=460 wordForeground=False
2026-09-06T16:06:52.5878118+08:00 pid=60152 tid=11 left-down x=1776 y=1270 wordForeground=False
2026-09-06T16:08:00.6222398+08:00 pid=60152 tid=11 left-down x=2024 y=1187 wordForeground=True
2026-09-06T16:08:21.2816240+08:00 pid=60152 tid=11 left-down x=1838 y=860 wordForeground=True
2026-09-06T16:12:08.4779935+08:00 pid=60152 tid=11 left-down x=1776 y=1270 wordForeground=False
2026-09-06T16:15:16.3595386+08:00 pid=60152 tid=11 left-down x=772 y=1266 wordForeground=False
2026-09-06T16:15:25.2848322+08:00 pid=60152 tid=11 left-down x=1844 y=1725 wordForeground=True
2026-09-06T16:18:12.1361268+08:00 pid=60152 tid=11 left-down x=1776 y=1270 wordForeground=False
2026-09-06T16:26:34.4252577+08:00 pid=60152 tid=11 left-down x=1382 y=1120 wordForeground=False
2026-09-06T16:26:37.0282936+08:00 pid=60152 tid=11 left-down x=2332 y=460 wordForeground=False
2026-09-06T16:26:39.3460857+08:00 pid=60152 tid=11 left-down x=2492 y=460 wordForeground=False
2026-09-06T16:27:41.6119699+08:00 pid=60152 tid=11 left-down x=713 y=1227 wordForeground=False
2026-09-06T16:27:47.2802028+08:00 pid=60152 tid=11 left-down x=1874 y=1436 wordForeground=True
2026-09-06T16:27:58.0345578+08:00 pid=60152 tid=11 left-down x=700 y=1238 wordForeground=False
2026-09-06T16:28:03.1918923+08:00 pid=60152 tid=11 left-down x=1742 y=1814 wordForeground=True
2026-09-06T16:28:20.6641842+08:00 pid=60152 tid=11 left-down x=2024 y=1187 wordForeground=True
2026-09-06T16:29:40.5147502+08:00 pid=60152 tid=11 left-down x=1172 y=1836 wordForeground=True
2026-09-06T16:29:41.3286529+08:00 pid=60152 tid=11 left-down x=1172 y=1836 wordForeground=True
2026-09-06T16:30:25.1524276+08:00 pid=60152 tid=11 left-down x=739 y=1231 wordForeground=False
2026-09-06T16:30:36.7004770+08:00 pid=60152 tid=11 left-down x=1776 y=1270 wordForeground=False
2026-09-06T16:40:50.8668170+08:00 pid=60152 tid=11 left-down x=1382 y=1120 wordForeground=False
2026-09-06T16:40:53.4300491+08:00 pid=60152 tid=11 left-down x=2332 y=460 wordForeground=False
2026-09-06T16:40:55.7412066+08:00 pid=60152 tid=11 left-down x=2492 y=460 wordForeground=False
2026-09-06T16:43:16.0416296+08:00 pid=60152 tid=11 left-down x=1776 y=1270 wordForeground=False
2026-09-06T16:44:46.8126202+08:00 pid=60152 tid=11 left-down x=2024 y=1187 wordForeground=True
2026-09-06T16:45:51.8139145+08:00 pid=60152 tid=11 left-down x=691 y=1252 wordForeground=False
2026-09-06T16:46:01.3885663+08:00 pid=60152 tid=11 left-down x=191 y=1485 wordForeground=False
2026-09-06T16:46:04.4251605+08:00 pid=60152 tid=11 left-down x=2508 y=1121 wordForeground=True
2026-09-06T16:47:32.0328418+08:00 pid=60152 tid=11 left-down x=776 y=1255 wordForeground=False
2026-09-06T16:47:45.4323001+08:00 pid=60152 tid=11 left-down x=710 y=994 wordForeground=False
2026-09-06T16:47:47.0407658+08:00 pid=60152 tid=11 left-down x=699 y=1023 wordForeground=False
2026-09-06T16:47:48.7653993+08:00 pid=60152 tid=11 left-down x=743 y=1042 wordForeground=False
2026-09-06T16:47:51.3143245+08:00 pid=60152 tid=11 left-down x=764 y=1021 wordForeground=False
2026-09-06T16:47:55.2233976+08:00 pid=60152 tid=11 left-down x=831 y=1077 wordForeground=False
2026-09-06T16:48:05.5652845+08:00 pid=60152 tid=11 left-down x=1046 y=1329 wordForeground=False
2026-09-06T16:48:39.7362213+08:00 pid=60152 tid=11 left-down x=271 y=1440 wordForeground=False
2026-09-06T16:48:41.4738634+08:00 pid=60152 tid=11 left-down x=253 y=1462 wordForeground=False
2026-09-06T16:48:45.5188706+08:00 pid=60152 tid=11 left-down x=270 y=1333 wordForeground=False
2026-09-06T16:48:47.5158961+08:00 pid=60152 tid=11 left-down x=196 y=705 wordForeground=False
2026-09-06T16:48:52.4078556+08:00 pid=60152 tid=11 left-down x=135 y=384 wordForeground=False
2026-09-06T16:58:19.8952300+08:00 pid=60152 tid=11 left-down x=1382 y=1120 wordForeground=False
2026-09-06T16:58:22.7348519+08:00 pid=60152 tid=11 left-down x=2332 y=460 wordForeground=False
2026-09-06T16:58:25.4542884+08:00 pid=60152 tid=11 left-down x=2492 y=460 wordForeground=False
2026-09-06T16:59:25.1622638+08:00 pid=60152 tid=11 left-down x=1776 y=1270 wordForeground=False
2026-09-06T17:00:19.5270154+08:00 pid=60152 tid=11 left-down x=2024 y=1187 wordForeground=True
2026-09-06T17:03:55.2972698+08:00 pid=60152 tid=11 left-down x=711 y=1181 wordForeground=False
2026-09-06T17:04:03.2246867+08:00 pid=60152 tid=11 left-down x=2039 y=1034 wordForeground=True
2026-09-06T17:04:12.9350681+08:00 pid=60152 tid=11 left-down x=759 y=1233 wordForeground=False
2026-09-06T17:06:41.9140341+08:00 pid=60152 tid=11 left-down x=672 y=1256 wordForeground=False
2026-09-06T17:06:50.5313573+08:00 pid=60152 tid=11 left-down x=250 y=1460 wordForeground=False
2026-09-06T17:06:53.6152216+08:00 pid=60152 tid=11 left-down x=902 y=1143 wordForeground=False
2026-09-06T17:08:08.0937763+08:00 pid=60152 tid=11 left-down x=1382 y=1120 wordForeground=False
2026-09-06T17:08:10.5957437+08:00 pid=60152 tid=11 left-down x=2332 y=460 wordForeground=False
2026-09-06T17:08:13.1173934+08:00 pid=60152 tid=11 left-down x=2492 y=460 wordForeground=False
2026-09-06T17:08:28.6622258+08:00 pid=60152 tid=11 left-down x=1776 y=1270 wordForeground=False
2026-09-06T17:08:41.5980076+08:00 pid=60152 tid=11 left-down x=2024 y=1187 wordForeground=True
2026-09-06T17:09:37.1894670+08:00 pid=60152 tid=11 left-down x=841 y=1058 wordForeground=True
2026-09-06T17:10:30.6822290+08:00 pid=60152 tid=11 left-down x=1945 y=1414 wordForeground=True
2026-09-06T17:10:35.0835456+08:00 pid=60152 tid=11 left-down x=782 y=1229 wordForeground=False
2026-09-06T17:10:38.0793484+08:00 pid=60152 tid=11 left-down x=720 y=1078 wordForeground=False
2026-09-06T17:10:41.2406420+08:00 pid=60152 tid=11 left-down x=607 y=974 wordForeground=False
2026-09-06T17:10:44.7588367+08:00 pid=60152 tid=11 left-down x=1871 y=407 wordForeground=False
2026-09-06T17:10:48.9859143+08:00 pid=60152 tid=11 left-down x=2301 y=1453 wordForeground=True
2026-09-06T17:11:37.5284559+08:00 pid=60152 tid=11 left-down x=1776 y=1270 wordForeground=False
2026-09-06T17:13:19.5210536+08:00 pid=60152 tid=11 left-down x=837 y=1224 wordForeground=False
2026-09-06T17:14:16.1751472+08:00 pid=60152 tid=11 left-down x=1838 y=688 wordForeground=True
2026-09-06T17:15:24.7352635+08:00 pid=60152 tid=11 left-down x=1141 y=1087 wordForeground=True
2026-09-06T17:15:25.2230984+08:00 pid=60152 tid=11 left-down x=1141 y=1087 wordForeground=True
2026-09-06T17:15:25.2240981+08:00 pid=60152 tid=11 double-click elapsedMs=487.999 withinX=True withinY=True nativeOleTarget=False suppressSecondDown=False dispatchCallback=True
2026-09-06T17:15:25.3270869+08:00 pid=60152 tid=27 callback-begin interceptedNativeOle=False x=1141 y=1087
2026-09-06T17:15:25.3270869+08:00 pid=60152 tid=27 addin-callback-received interceptedNativeOle=False x=1141 y=1087
2026-09-06T17:15:25.3286050+08:00 pid=60152 tid=27 callback-end
2026-09-06T17:15:25.3486047+08:00 pid=60152 tid=1 addin-coordinate-selection formulaId=<null> objectMode=<null>
2026-09-06T17:16:50.6304455+08:00 pid=60152 tid=11 left-down x=779 y=1278 wordForeground=False
2026-09-06T17:18:49.3022800+08:00 pid=60152 tid=11 left-down x=770 y=1201 wordForeground=False
2026-09-06T17:18:56.3549652+08:00 pid=60152 tid=11 left-down x=2258 y=1350 wordForeground=True
2026-09-06T17:20:34.7535743+08:00 pid=60152 tid=11 left-down x=1382 y=1120 wordForeground=False
2026-09-06T17:20:37.0125535+08:00 pid=60152 tid=11 left-down x=2332 y=460 wordForeground=False
2026-09-06T17:20:39.6789619+08:00 pid=60152 tid=11 left-down x=2492 y=460 wordForeground=False
2026-09-06T17:22:10.8631939+08:00 pid=60152 tid=11 left-down x=1935 y=1345 wordForeground=True
2026-09-06T17:22:14.1369139+08:00 pid=60152 tid=11 left-down x=1808 y=1615 wordForeground=True
2026-09-06T17:23:05.7779189+08:00 pid=60152 tid=11 left-down x=1776 y=1270 wordForeground=False
2026-09-06T17:23:33.8618402+08:00 pid=60152 tid=11 left-down x=2024 y=1187 wordForeground=True
2026-09-06T17:32:01.5817890+08:00 pid=60152 tid=11 left-down x=868 y=930 wordForeground=False
2026-09-06T17:32:13.2779534+08:00 pid=60152 tid=11 left-down x=716 y=707 wordForeground=False
2026-09-06T17:32:15.9433583+08:00 pid=60152 tid=11 left-down x=653 y=533 wordForeground=False
2026-09-06T17:32:19.2828999+08:00 pid=60152 tid=11 left-down x=1891 y=416 wordForeground=False
2026-09-06T17:34:02.5570207+08:00 pid=60152 tid=11 left-down x=1382 y=1120 wordForeground=False
2026-09-06T17:34:05.2949637+08:00 pid=60152 tid=11 left-down x=2332 y=460 wordForeground=False
2026-09-06T17:34:07.9764121+08:00 pid=60152 tid=11 left-down x=2492 y=460 wordForeground=False
2026-09-06T17:35:40.5367391+08:00 pid=60152 tid=11 left-down x=675 y=1190 wordForeground=False
2026-09-06T17:35:46.9807491+08:00 pid=60152 tid=11 left-down x=1961 y=1652 wordForeground=True
2026-09-06T17:35:50.0509026+08:00 pid=60152 tid=11 left-down x=1986 y=1555 wordForeground=True
2026-09-06T17:36:02.2725280+08:00 pid=60152 tid=11 left-down x=1382 y=1120 wordForeground=False
2026-09-06T17:36:04.8049985+08:00 pid=60152 tid=11 left-down x=2332 y=460 wordForeground=False
2026-09-06T17:36:07.6035494+08:00 pid=60152 tid=11 left-down x=2492 y=460 wordForeground=False
2026-09-06T17:38:55.0595043+08:00 pid=60152 tid=11 left-down x=813 y=1058 wordForeground=False
2026-09-06T17:39:06.8673401+08:00 pid=60152 tid=11 left-down x=2050 y=1012 wordForeground=True
2026-09-06T17:39:10.4199695+08:00 pid=60152 tid=11 left-down x=255 y=1492 wordForeground=False
2026-09-06T17:39:13.3898454+08:00 pid=60152 tid=11 left-down x=961 y=1043 wordForeground=False
2026-09-06T17:40:58.2518846+08:00 pid=60152 tid=11 left-down x=1382 y=1120 wordForeground=False
2026-09-06T17:41:00.8187466+08:00 pid=60152 tid=11 left-down x=2332 y=460 wordForeground=False
2026-09-06T17:41:02.7459706+08:00 pid=60152 tid=11 left-down x=2492 y=460 wordForeground=False
2026-09-06T17:41:59.6352526+08:00 pid=60152 tid=11 left-down x=1776 y=1270 wordForeground=False
2026-09-06T17:42:17.9101628+08:00 pid=60152 tid=11 left-down x=2024 y=1187 wordForeground=True
2026-09-06T17:44:01.6186907+08:00 pid=60152 tid=11 left-down x=596 y=1205 wordForeground=False
2026-09-06T17:44:22.4508668+08:00 pid=60152 tid=11 left-down x=2094 y=1018 wordForeground=True
2026-09-06T17:44:25.6644792+08:00 pid=60152 tid=11 left-down x=763 y=1215 wordForeground=False
2026-09-06T17:45:10.1705996+08:00 pid=60152 tid=11 left-down x=737 y=1273 wordForeground=False
2026-09-06T17:45:13.0134273+08:00 pid=60152 tid=11 left-down x=2357 y=1096 wordForeground=False
2026-09-06T17:47:34.7134620+08:00 pid=60152 tid=11 left-down x=894 y=1217 wordForeground=False
2026-09-06T17:47:54.2373295+08:00 pid=60152 tid=11 left-down x=1382 y=1120 wordForeground=False
2026-09-06T17:47:56.6073412+08:00 pid=60152 tid=11 left-down x=2332 y=460 wordForeground=False
2026-09-06T17:47:59.4140817+08:00 pid=60152 tid=11 left-down x=2492 y=460 wordForeground=False
2026-09-06T17:48:44.6636858+08:00 pid=60152 tid=11 left-down x=1776 y=1270 wordForeground=False
2026-09-06T17:49:00.0573207+08:00 pid=60152 tid=11 left-down x=2024 y=1187 wordForeground=True
2026-09-06T17:50:40.0231633+08:00 pid=60152 tid=11 left-down x=836 y=1237 wordForeground=False
2026-09-06T17:50:43.7323972+08:00 pid=60152 tid=11 left-down x=2059 y=1068 wordForeground=True
2026-09-06T17:51:49.2548933+08:00 pid=60152 tid=11 left-down x=607 y=1205 wordForeground=False
2026-09-06T17:51:52.5609512+08:00 pid=60152 tid=11 left-down x=1466 y=1103 wordForeground=False
2026-09-06T17:54:24.3296283+08:00 pid=60152 tid=11 left-down x=1382 y=1120 wordForeground=False
2026-09-06T17:54:27.4166245+08:00 pid=60152 tid=11 left-down x=2332 y=460 wordForeground=False
2026-09-06T17:54:30.2658582+08:00 pid=60152 tid=11 left-down x=2492 y=460 wordForeground=False
2026-09-06T17:55:24.9757010+08:00 pid=60152 tid=11 left-down x=1776 y=1270 wordForeground=False
2026-09-06T17:55:40.4152275+08:00 pid=60152 tid=11 left-down x=2024 y=1211 wordForeground=True
2026-09-06T17:57:01.2007572+08:00 pid=60152 tid=11 left-down x=808 y=1255 wordForeground=False
2026-09-06T17:57:10.2352966+08:00 pid=60152 tid=11 left-down x=1866 y=1723 wordForeground=True
2026-09-06T17:57:19.9214505+08:00 pid=60152 tid=11 left-down x=1905 y=1516 wordForeground=True
2026-09-06T17:58:43.7729255+08:00 pid=60152 tid=11 left-down x=1948 y=1269 wordForeground=True
2026-09-06T17:58:47.5563065+08:00 pid=60152 tid=11 left-down x=1778 y=1476 wordForeground=True
2026-09-06T17:58:52.1224704+08:00 pid=60152 tid=11 left-down x=1141 y=1482 wordForeground=True
2026-09-06T17:58:52.8625627+08:00 pid=60152 tid=11 left-down x=1141 y=1482 wordForeground=True
2026-09-06T17:59:19.8468245+08:00 pid=60152 tid=11 left-down x=1776 y=1270 wordForeground=False
2026-09-06T18:00:02.0951304+08:00 pid=60152 tid=11 left-down x=853 y=1268 wordForeground=False
2026-09-06T18:00:05.5792469+08:00 pid=60152 tid=11 left-down x=2132 y=1445 wordForeground=True
2026-09-06T18:02:54.0088342+08:00 pid=60152 tid=11 left-down x=705 y=1242 wordForeground=False
2026-09-06T18:02:58.7780817+08:00 pid=60152 tid=11 left-down x=2064 y=1539 wordForeground=True
2026-09-06T18:03:24.2875776+08:00 pid=60152 tid=11 left-down x=1776 y=1270 wordForeground=False
2026-09-06T18:08:48.8718343+08:00 pid=60152 tid=11 left-down x=765 y=1027 wordForeground=False
2026-09-06T18:08:52.6637083+08:00 pid=60152 tid=11 left-down x=247 y=1478 wordForeground=False
2026-09-06T18:08:56.4368102+08:00 pid=60152 tid=11 left-down x=664 y=936 wordForeground=False
2026-09-06T18:09:00.5617118+08:00 pid=60152 tid=11 left-down x=1877 y=399 wordForeground=False
2026-09-06T18:11:22.2762204+08:00 pid=60152 tid=11 left-down x=822 y=1270 wordForeground=False
2026-09-06T18:11:31.9613024+08:00 pid=60152 tid=11 left-down x=1265 y=1795 wordForeground=True
2026-09-06T18:13:09.6887512+08:00 pid=60152 tid=11 left-down x=1317 y=747 wordForeground=False
2026-09-06T18:13:11.8125640+08:00 pid=60152 tid=11 left-down x=1602 y=747 wordForeground=False
2026-09-06T18:13:28.4199528+08:00 pid=60152 tid=11 left-down x=1382 y=1120 wordForeground=False
2026-09-06T18:13:31.3767308+08:00 pid=60152 tid=11 left-down x=2332 y=460 wordForeground=False
2026-09-06T18:13:33.9420169+08:00 pid=60152 tid=11 left-down x=2492 y=460 wordForeground=False
2026-09-06T18:14:35.4067173+08:00 pid=60152 tid=11 left-down x=806 y=1212 wordForeground=False
2026-09-06T18:14:52.6679078+08:00 pid=60152 tid=11 left-down x=815 y=1228 wordForeground=False
2026-09-06T18:14:59.8571413+08:00 pid=60152 tid=11 left-down x=2177 y=1494 wordForeground=True
2026-09-06T18:15:03.6696713+08:00 pid=60152 tid=11 left-down x=2100 y=1471 wordForeground=True
2026-09-06T18:15:05.3214338+08:00 pid=60152 tid=11 left-down x=2019 y=1474 wordForeground=True
2026-09-06T18:15:05.6982545+08:00 pid=60152 tid=11 left-down x=2019 y=1475 wordForeground=False
2026-09-06T18:15:14.1289539+08:00 pid=60152 tid=11 left-down x=2639 y=748 wordForeground=True
2026-09-06T18:15:18.6664494+08:00 pid=60152 tid=11 left-down x=835 y=1292 wordForeground=False
2026-09-06T18:15:20.5709526+08:00 pid=60152 tid=11 left-down x=848 y=1359 wordForeground=False
2026-09-06T18:15:22.5577684+08:00 pid=60152 tid=11 left-down x=863 y=1433 wordForeground=False
2026-09-06T18:15:57.8966006+08:00 pid=60152 tid=11 left-down x=218 y=1472 wordForeground=False
2026-09-06T18:18:01.7466373+08:00 pid=60152 tid=11 left-down x=1317 y=747 wordForeground=False
2026-09-06T18:18:19.9242774+08:00 pid=60152 tid=11 left-down x=1382 y=1120 wordForeground=False
2026-09-06T18:18:23.1596355+08:00 pid=60152 tid=11 left-down x=2332 y=460 wordForeground=False
2026-09-06T18:18:25.7659783+08:00 pid=60152 tid=11 left-down x=2492 y=460 wordForeground=False
2026-09-06T18:19:42.8802435+08:00 pid=60152 tid=11 left-down x=1776 y=1270 wordForeground=False
2026-09-06T18:19:56.3856616+08:00 pid=60152 tid=11 left-down x=2024 y=1211 wordForeground=True
2026-09-06T18:22:20.1548425+08:00 pid=60152 tid=11 left-down x=2067 y=1076 wordForeground=True
2026-09-06T18:22:26.3474597+08:00 pid=60152 tid=11 left-down x=1136 y=1362 wordForeground=False
2026-09-06T18:22:56.0611850+08:00 pid=60152 tid=11 left-down x=2228 y=1331 wordForeground=False
2026-09-06T18:23:01.7106285+08:00 pid=60152 tid=11 left-down x=684 y=811 wordForeground=False
2026-09-06T18:23:04.7216555+08:00 pid=60152 tid=11 left-down x=677 y=753 wordForeground=False
2026-09-06T18:23:11.0911241+08:00 pid=60152 tid=11 left-down x=1890 y=411 wordForeground=False
2026-09-06T18:23:16.2758133+08:00 pid=60152 tid=11 left-down x=1381 y=2159 wordForeground=False
2026-09-06T18:23:25.8277641+08:00 pid=60152 tid=11 left-down x=803 y=1363 wordForeground=False
2026-09-06T18:25:28.7756846+08:00 pid=60152 tid=11 left-down x=1245 y=1142 wordForeground=False
2026-09-06T18:25:34.2536219+08:00 pid=60152 tid=11 left-down x=227 y=1461 wordForeground=False
2026-09-06T18:25:39.7362043+08:00 pid=60152 tid=11 left-down x=830 y=1233 wordForeground=False
2026-09-06T18:26:58.7286669+08:00 pid=60152 tid=11 left-down x=1509 y=2116 wordForeground=False
2026-09-06T18:27:03.4487559+08:00 pid=60152 tid=11 left-down x=2283 y=1250 wordForeground=False
2026-09-06T18:27:07.9810628+08:00 pid=60152 tid=11 left-down x=1913 y=1107 wordForeground=True
2026-09-06T18:27:08.5186642+08:00 pid=60152 tid=11 left-down x=1913 y=1107 wordForeground=True
2026-09-06T18:27:10.6254054+08:00 pid=60152 tid=11 left-down x=1856 y=1123 wordForeground=True
2026-09-06T18:27:10.8500563+08:00 pid=60152 tid=11 left-down x=1856 y=1123 wordForeground=True
2026-09-06T18:27:10.8500563+08:00 pid=60152 tid=11 double-click elapsedMs=225.033 withinX=True withinY=True nativeOleTarget=False suppressSecondDown=False dispatchCallback=True
2026-09-06T18:27:10.9542753+08:00 pid=60152 tid=27 callback-begin interceptedNativeOle=False x=1856 y=1123
2026-09-06T18:27:10.9542753+08:00 pid=60152 tid=27 addin-callback-received interceptedNativeOle=False x=1856 y=1123
2026-09-06T18:27:10.9542753+08:00 pid=60152 tid=27 callback-end
2026-09-06T18:27:10.9562744+08:00 pid=60152 tid=1 addin-coordinate-selection formulaId=<null> objectMode=<null>
2026-09-06T18:27:12.5264406+08:00 pid=60152 tid=11 left-down x=2647 y=739 wordForeground=False
2026-09-06T18:27:13.8540473+08:00 pid=60152 tid=11 left-down x=636 y=1272 wordForeground=True
2026-09-06T18:27:15.0218453+08:00 pid=60152 tid=11 left-down x=762 y=1201 wordForeground=False
2026-09-06T18:28:24.3194451+08:00 pid=60152 tid=11 left-down x=1515 y=2124 wordForeground=False
2026-09-06T18:28:29.4218981+08:00 pid=60152 tid=11 left-down x=681 y=1234 wordForeground=True
2026-09-06T18:30:02.1298945+08:00 pid=60152 tid=11 left-down x=681 y=1234 wordForeground=False
2026-09-06T18:30:08.6802933+08:00 pid=60152 tid=11 left-down x=1509 y=2138 wordForeground=False
2026-09-06T18:30:12.6344708+08:00 pid=60152 tid=11 left-down x=2058 y=922 wordForeground=False
2026-09-06T18:32:52.6523730+08:00 pid=60152 tid=11 left-down x=1382 y=1120 wordForeground=False
2026-09-06T18:32:54.7985468+08:00 pid=60152 tid=11 left-down x=2332 y=460 wordForeground=False
2026-09-06T18:32:56.9396447+08:00 pid=60152 tid=11 left-down x=2492 y=460 wordForeground=False
2026-09-06T18:33:15.5656674+08:00 pid=60152 tid=11 left-down x=1776 y=1270 wordForeground=False
2026-09-06T18:33:26.8121282+08:00 pid=60152 tid=11 left-down x=1099 y=716 wordForeground=True
2026-09-06T18:34:34.9668321+08:00 pid=60152 tid=11 left-down x=1055 y=2143 wordForeground=True
2026-09-06T18:34:36.3486505+08:00 pid=60152 tid=11 left-down x=1112 y=285 wordForeground=False
2026-09-06T18:34:37.5858538+08:00 pid=60152 tid=11 left-down x=1489 y=316 wordForeground=False
2026-09-06T18:35:58.1934747+08:00 pid=60152 tid=11 left-down x=214 y=595 wordForeground=True
2026-09-06T18:35:58.3946837+08:00 pid=60152 tid=11 left-down x=214 y=595 wordForeground=True
2026-09-06T18:35:58.3946837+08:00 pid=60152 tid=11 double-click elapsedMs=200.305 withinX=True withinY=True nativeOleTarget=False suppressSecondDown=False dispatchCallback=True
2026-09-06T18:35:58.4977592+08:00 pid=60152 tid=9 callback-begin interceptedNativeOle=False x=214 y=595
2026-09-06T18:35:58.4977592+08:00 pid=60152 tid=9 addin-callback-received interceptedNativeOle=False x=214 y=595
2026-09-06T18:35:58.4987575+08:00 pid=60152 tid=9 callback-end
2026-09-06T18:35:58.5090064+08:00 pid=60152 tid=1 addin-coordinate-selection formulaId=<null> objectMode=<null>
2026-09-06T18:36:59.3922540+08:00 pid=60152 tid=11 left-down x=1776 y=1270 wordForeground=False
2026-09-06T18:38:25.1559778+08:00 pid=60152 tid=11 left-down x=1776 y=1270 wordForeground=False
2026-09-06T18:39:56.3247280+08:00 pid=60152 tid=11 left-down x=2688 y=1281 wordForeground=True
2026-09-06T18:39:57.4281757+08:00 pid=60152 tid=11 left-down x=2687 y=1255 wordForeground=False
2026-09-06T18:40:01.1373086+08:00 pid=60152 tid=11 left-down x=3453 y=883 wordForeground=False
2026-09-06T18:40:03.1421215+08:00 pid=60152 tid=11 left-down x=3255 y=934 wordForeground=False
2026-09-06T18:40:05.1109020+08:00 pid=60152 tid=11 left-down x=2821 y=832 wordForeground=False
2026-09-06T18:40:06.5860087+08:00 pid=60152 tid=11 left-down x=2370 y=1614 wordForeground=False
2026-09-06T18:40:07.3914041+08:00 pid=60152 tid=11 left-down x=2337 y=1551 wordForeground=False
2026-09-06T18:40:09.4101348+08:00 pid=60152 tid=11 left-down x=3541 y=952 wordForeground=False
2026-09-06T18:40:11.2139529+08:00 pid=60152 tid=11 left-down x=916 y=415 wordForeground=False
2026-09-06T18:40:12.1060531+08:00 pid=60152 tid=11 left-down x=952 y=461 wordForeground=True
2026-09-06T18:40:13.3252070+08:00 pid=60152 tid=11 left-down x=1016 y=491 wordForeground=True
2026-09-06T18:40:15.0966078+08:00 pid=60152 tid=11 left-down x=1044 y=500 wordForeground=True
2026-09-06T18:40:15.3231475+08:00 pid=60152 tid=11 left-down x=1044 y=500 wordForeground=True
2026-09-06T18:40:15.3231475+08:00 pid=60152 tid=11 double-click elapsedMs=226.407 withinX=True withinY=True nativeOleTarget=False suppressSecondDown=False dispatchCallback=True
2026-09-06T18:40:15.4271499+08:00 pid=60152 tid=8 callback-begin interceptedNativeOle=False x=1044 y=500
2026-09-06T18:40:15.4271499+08:00 pid=60152 tid=8 addin-callback-received interceptedNativeOle=False x=1044 y=500
2026-09-06T18:40:15.4281485+08:00 pid=60152 tid=8 callback-end
2026-09-06T18:40:15.4401500+08:00 pid=60152 tid=1 addin-coordinate-selection formulaId=<null> objectMode=<null>
2026-09-06T18:40:18.4738312+08:00 pid=60152 tid=11 left-down x=2748 y=671 wordForeground=False
2026-09-06T18:40:30.0987381+08:00 pid=60152 tid=11 left-down x=1382 y=1120 wordForeground=False
2026-09-06T18:40:32.4009740+08:00 pid=60152 tid=11 left-down x=2332 y=460 wordForeground=False
2026-09-06T18:40:34.6846894+08:00 pid=60152 tid=11 left-down x=2492 y=460 wordForeground=False
2026-09-06T18:43:24.0613442+08:00 pid=60152 tid=11 left-down x=1238 y=848 wordForeground=True
2026-09-06T18:43:24.3584804+08:00 pid=60152 tid=11 left-down x=1246 y=845 wordForeground=True
2026-09-06T18:43:25.9066870+08:00 pid=60152 tid=11 left-down x=1124 y=845 wordForeground=True
2026-09-06T18:43:26.0902405+08:00 pid=60152 tid=11 left-down x=1124 y=845 wordForeground=True
2026-09-06T18:43:26.0902405+08:00 pid=60152 tid=11 double-click elapsedMs=183.649 withinX=True withinY=True nativeOleTarget=False suppressSecondDown=False dispatchCallback=True
2026-09-06T18:43:26.1914950+08:00 pid=60152 tid=14 callback-begin interceptedNativeOle=False x=1124 y=845
2026-09-06T18:43:26.1914950+08:00 pid=60152 tid=14 addin-callback-received interceptedNativeOle=False x=1124 y=845
2026-09-06T18:43:26.1924979+08:00 pid=60152 tid=14 callback-end
2026-09-06T18:43:26.1944955+08:00 pid=60152 tid=1 addin-coordinate-selection formulaId=<null> objectMode=<null>
2026-09-06T18:43:28.4474393+08:00 pid=60152 tid=11 left-down x=3804 y=20 wordForeground=False
2026-09-06T18:47:28.2996859+08:00 pid=60152 tid=11 left-down x=1052 y=850 wordForeground=True
2026-09-06T18:47:28.4956053+08:00 pid=60152 tid=11 left-down x=1052 y=850 wordForeground=True
2026-09-06T18:47:28.4956053+08:00 pid=60152 tid=11 double-click elapsedMs=196.311 withinX=True withinY=True nativeOleTarget=False suppressSecondDown=False dispatchCallback=True
2026-09-06T18:47:28.5985292+08:00 pid=60152 tid=6 callback-begin interceptedNativeOle=False x=1052 y=850
2026-09-06T18:47:28.5985292+08:00 pid=60152 tid=6 addin-callback-received interceptedNativeOle=False x=1052 y=850
2026-09-06T18:47:28.5995289+08:00 pid=60152 tid=6 callback-end
2026-09-06T18:47:28.6055292+08:00 pid=60152 tid=1 addin-coordinate-selection formulaId=<null> objectMode=<null>
2026-09-06T18:47:30.2508716+08:00 pid=60152 tid=11 left-down x=3837 y=0 wordForeground=False
2026-09-06T18:47:39.3332906+08:00 pid=60152 tid=11 left-down x=1519 y=2147 wordForeground=True
2026-09-06T18:47:43.2129686+08:00 pid=60152 tid=11 left-down x=2436 y=1682 wordForeground=False
2026-09-06T18:47:44.7977605+08:00 pid=60152 tid=11 left-down x=2469 y=1375 wordForeground=False
2026-09-06T18:48:14.4916029+08:00 pid=60152 tid=11 left-down x=1921 y=2011 wordForeground=False
2026-09-06T18:48:16.3483947+08:00 pid=60152 tid=11 left-down x=2332 y=1805 wordForeground=False
2026-09-06T18:48:23.4278898+08:00 pid=60152 tid=11 left-down x=2421 y=1859 wordForeground=False
2026-09-06T18:50:06.3711124+08:00 pid=60152 tid=11 left-down x=1495 y=2143 wordForeground=False
2026-09-06T18:50:14.7946111+08:00 pid=60152 tid=11 left-down x=1847 y=2014 wordForeground=False
2026-09-06T18:50:16.7907658+08:00 pid=60152 tid=11 left-down x=2507 y=1649 wordForeground=False
2026-09-06T18:50:38.7029785+08:00 pid=60152 tid=11 left-down x=2738 y=1912 wordForeground=False
2026-09-06T18:50:40.1667252+08:00 pid=60152 tid=11 left-down x=2686 y=1888 wordForeground=False
2026-09-06T18:50:51.7296488+08:00 pid=60152 tid=11 left-down x=3503 y=1986 wordForeground=False
2026-09-06T18:50:52.8753259+08:00 pid=60152 tid=11 left-down x=3022 y=1910 wordForeground=False
2026-09-06T18:51:18.2747453+08:00 pid=60152 tid=11 left-down x=1970 y=718 wordForeground=False
2026-09-06T18:51:23.4563977+08:00 pid=60152 tid=11 left-down x=2357 y=1598 wordForeground=True
2026-09-06T18:51:24.3088357+08:00 pid=60152 tid=11 left-down x=2321 y=1594 wordForeground=False
2026-09-06T18:51:34.8426387+08:00 pid=60152 tid=11 left-down x=3553 y=948 wordForeground=False
2026-09-06T18:51:36.5962466+08:00 pid=60152 tid=11 left-down x=2386 y=1883 wordForeground=False
2026-09-06T18:52:00.3845752+08:00 pid=60152 tid=11 left-down x=2306 y=1494 wordForeground=True
2026-09-06T18:52:14.3978198+08:00 pid=60152 tid=11 left-down x=3533 y=934 wordForeground=False
2026-09-06T18:52:25.1474131+08:00 pid=60152 tid=11 left-down x=1236 y=1316 wordForeground=False
2026-09-06T18:52:26.8062143+08:00 pid=60152 tid=11 left-down x=2524 y=1507 wordForeground=True
2026-09-06T18:52:56.1696838+08:00 pid=60152 tid=11 left-down x=1776 y=1270 wordForeground=False
2026-09-06T18:53:33.4612543+08:00 pid=60152 tid=11 left-down x=1133 y=726 wordForeground=True
2026-09-06T18:54:16.6996554+08:00 pid=60152 tid=11 left-down x=947 y=400 wordForeground=True
2026-09-06T18:55:25.2105546+08:00 pid=60152 tid=11 left-down x=280 y=1480 wordForeground=True
2026-09-06T18:55:25.4043774+08:00 pid=60152 tid=11 left-down x=280 y=1480 wordForeground=True
2026-09-06T18:55:25.4053759+08:00 pid=60152 tid=11 double-click elapsedMs=194.173 withinX=True withinY=True nativeOleTarget=False suppressSecondDown=False dispatchCallback=True
2026-09-06T18:55:25.4990384+08:00 pid=60152 tid=26 callback-begin interceptedNativeOle=False x=280 y=1480
2026-09-06T18:55:25.4990384+08:00 pid=60152 tid=26 addin-callback-received interceptedNativeOle=False x=280 y=1480
2026-09-06T18:55:25.5000366+08:00 pid=60152 tid=26 callback-end
2026-09-06T18:55:25.5020361+08:00 pid=60152 tid=1 addin-coordinate-selection formulaId=<null> objectMode=<null>
2026-09-06T18:56:30.5370688+08:00 pid=60152 tid=11 left-down x=1042 y=1026 wordForeground=True
2026-09-06T18:56:31.2848016+08:00 pid=60152 tid=11 left-down x=995 y=1195 wordForeground=True
2026-09-06T18:56:33.6797574+08:00 pid=60152 tid=11 left-down x=2357 y=1684 wordForeground=True
2026-09-06T18:56:34.7347399+08:00 pid=60152 tid=11 left-down x=2340 y=1630 wordForeground=False
2026-09-06T18:56:38.9861340+08:00 pid=60152 tid=11 left-down x=3566 y=939 wordForeground=False
2026-09-06T18:56:40.4533043+08:00 pid=60152 tid=11 left-down x=2628 y=1912 wordForeground=False
2026-09-06T18:56:45.1409242+08:00 pid=60152 tid=11 left-down x=1424 y=1180 wordForeground=False
2026-09-06T18:59:35.9303123+08:00 pid=60152 tid=11 left-down x=2427 y=1888 wordForeground=True
2026-09-06T18:59:49.5511879+08:00 pid=60152 tid=11 left-down x=1150 y=1416 wordForeground=False
2026-09-06T18:59:53.2611543+08:00 pid=60152 tid=11 left-down x=2331 y=1892 wordForeground=True
2026-09-06T19:00:56.3300135+08:00 pid=60152 tid=11 left-down x=1776 y=1270 wordForeground=False
2026-09-06T19:06:27.8263501+08:00 pid=60152 tid=11 left-down x=1317 y=747 wordForeground=False
2026-09-06T19:07:30.5344881+08:00 pid=60152 tid=11 left-down x=1792 y=747 wordForeground=False
2026-09-06T19:08:18.5210146+08:00 pid=60152 tid=11 left-down x=1382 y=1120 wordForeground=False
2026-09-06T19:08:20.6698132+08:00 pid=60152 tid=11 left-down x=2332 y=460 wordForeground=False
2026-09-06T19:08:22.5697530+08:00 pid=60152 tid=11 left-down x=2492 y=460 wordForeground=False
2026-09-06T19:09:50.9074199+08:00 pid=60152 tid=11 left-down x=913 y=194 wordForeground=True
2026-09-06T19:10:16.0049477+08:00 pid=60152 tid=11 left-down x=1382 y=1120 wordForeground=False
2026-09-06T19:10:18.2112988+08:00 pid=60152 tid=11 left-down x=2332 y=460 wordForeground=False
2026-09-06T19:10:20.1073130+08:00 pid=60152 tid=11 left-down x=2492 y=460 wordForeground=False
2026-09-06T19:10:56.0573193+08:00 pid=60152 tid=11 left-down x=913 y=366 wordForeground=True
2026-09-06T19:11:41.0941437+08:00 pid=60152 tid=11 left-down x=3317 y=1332 wordForeground=True
2026-09-06T19:12:19.9471217+08:00 pid=60152 tid=11 left-down x=1099 y=716 wordForeground=True
2026-09-06T19:16:35.5241338+08:00 pid=60152 tid=11 left-down x=2718 y=1688 wordForeground=True
2026-09-06T19:16:45.0691679+08:00 pid=60152 tid=11 left-down x=1144 y=2139 wordForeground=False
2026-09-06T19:17:04.8091094+08:00 pid=60152 tid=11 left-down x=2617 y=1924 wordForeground=False
2026-09-06T19:17:05.9377963+08:00 pid=60152 tid=11 left-down x=1143 y=1214 wordForeground=False
2026-09-06T19:17:06.9017812+08:00 pid=60152 tid=11 left-down x=2443 y=1559 wordForeground=True
2026-09-06T19:17:08.0959383+08:00 pid=60152 tid=11 left-down x=2901 y=1707 wordForeground=False
2026-09-06T19:18:29.1464418+08:00 pid=60152 tid=11 left-down x=1776 y=1270 wordForeground=False
2026-09-06T19:19:29.6671543+08:00 pid=60152 tid=11 left-down x=1776 y=1270 wordForeground=False
2026-09-06T19:25:38.7988821+08:00 pid=60152 tid=11 left-down x=2218 y=1799 wordForeground=True
2026-09-06T19:25:51.6408241+08:00 pid=60152 tid=11 left-down x=1930 y=2008 wordForeground=False
2026-09-06T19:25:53.9753595+08:00 pid=60152 tid=11 left-down x=1819 y=1881 wordForeground=False
2026-09-06T19:25:55.9911580+08:00 pid=60152 tid=11 left-down x=1787 y=1221 wordForeground=False
2026-09-06T19:26:12.7208527+08:00 pid=60152 tid=11 left-down x=1817 y=925 wordForeground=False
2026-09-06T19:26:20.2227176+08:00 pid=60152 tid=11 left-down x=723 y=2133 wordForeground=False
2026-09-06T19:26:23.5760460+08:00 pid=60152 tid=11 left-down x=1003 y=1128 wordForeground=False
2026-09-06T19:26:25.1858614+08:00 pid=60152 tid=11 left-down x=759 y=1281 wordForeground=False
2026-09-06T19:26:25.3992148+08:00 pid=60152 tid=11 left-down x=759 y=1281 wordForeground=False
2026-09-06T19:26:27.0829063+08:00 pid=60152 tid=11 left-down x=765 y=1239 wordForeground=False
2026-09-06T19:26:27.3237978+08:00 pid=60152 tid=11 left-down x=765 y=1239 wordForeground=False
2026-09-06T19:26:33.0635436+08:00 pid=60152 tid=11 left-down x=1154 y=1125 wordForeground=False
2026-09-06T19:26:34.3566966+08:00 pid=60152 tid=11 left-down x=751 y=1249 wordForeground=False
2026-09-06T19:26:34.5886218+08:00 pid=60152 tid=11 left-down x=751 y=1249 wordForeground=False
2026-09-06T19:26:38.6103902+08:00 pid=60152 tid=11 left-down x=723 y=1485 wordForeground=False
2026-09-06T19:26:39.0444592+08:00 pid=60152 tid=11 left-down x=723 y=1485 wordForeground=False
2026-09-06T19:26:41.2365679+08:00 pid=60152 tid=11 left-down x=716 y=1445 wordForeground=False
2026-09-06T19:26:41.5457068+08:00 pid=60152 tid=11 left-down x=716 y=1445 wordForeground=False
2026-09-06T19:26:43.1577795+08:00 pid=60152 tid=11 left-down x=745 y=1260 wordForeground=False
2026-09-06T19:26:43.4139291+08:00 pid=60152 tid=11 left-down x=745 y=1260 wordForeground=False
2026-09-06T19:26:44.8730954+08:00 pid=60152 tid=11 left-down x=730 y=1286 wordForeground=False
2026-09-06T19:26:45.1544052+08:00 pid=60152 tid=11 left-down x=730 y=1286 wordForeground=False
2026-09-06T19:26:46.2452000+08:00 pid=60152 tid=11 left-down x=726 y=1221 wordForeground=False
2026-09-06T19:26:46.5076198+08:00 pid=60152 tid=11 left-down x=726 y=1221 wordForeground=False
2026-09-06T19:26:53.7866190+08:00 pid=60152 tid=11 left-down x=2547 y=1769 wordForeground=False
2026-09-06T19:27:08.3743838+08:00 pid=60152 tid=11 left-down x=2350 y=1340 wordForeground=False
2026-09-06T19:28:13.7813116+08:00 pid=60152 tid=11 left-down x=2358 y=727 wordForeground=False
2026-09-06T19:28:56.2943731+08:00 pid=60152 tid=11 left-down x=3340 y=1397 wordForeground=False
2026-09-06T19:29:00.0314057+08:00 pid=60152 tid=11 left-down x=2887 y=1708 wordForeground=False
2026-09-06T19:29:06.0932524+08:00 pid=60152 tid=11 left-down x=2872 y=1893 wordForeground=False
2026-09-06T19:31:37.6666556+08:00 pid=60152 tid=11 left-down x=2362 y=1685 wordForeground=False
2026-09-06T19:31:39.9646104+08:00 pid=60152 tid=11 left-down x=2431 y=1692 wordForeground=False
2026-09-06T19:36:16.8154890+08:00 pid=60152 tid=11 left-down x=947 y=228 wordForeground=True
2026-09-06T19:36:25.4096150+08:00 pid=60152 tid=11 left-down x=1382 y=1120 wordForeground=False
2026-09-06T19:36:27.6898754+08:00 pid=60152 tid=11 left-down x=2332 y=460 wordForeground=False
2026-09-06T19:36:29.6060500+08:00 pid=60152 tid=11 left-down x=2492 y=460 wordForeground=False
2026-09-06T19:40:29.4558985+08:00 pid=60152 tid=11 left-down x=947 y=400 wordForeground=True
2026-09-06T19:40:38.9684008+08:00 pid=60152 tid=11 left-down x=1133 y=750 wordForeground=True
2026-09-06T19:42:52.9885486+08:00 pid=60152 tid=11 left-down x=278 y=626 wordForeground=True
2026-09-06T19:42:53.2074321+08:00 pid=60152 tid=11 left-down x=278 y=626 wordForeground=True
2026-09-06T19:42:53.2074321+08:00 pid=60152 tid=11 double-click elapsedMs=218.727 withinX=True withinY=True nativeOleTarget=False suppressSecondDown=False dispatchCallback=True
2026-09-06T19:42:53.3074310+08:00 pid=60152 tid=12 callback-begin interceptedNativeOle=False x=278 y=626
2026-09-06T19:42:53.3074310+08:00 pid=60152 tid=12 addin-callback-received interceptedNativeOle=False x=278 y=626
2026-09-06T19:42:53.3084311+08:00 pid=60152 tid=12 callback-end
2026-09-06T19:42:53.3174339+08:00 pid=60152 tid=1 addin-coordinate-selection formulaId=<null> objectMode=<null>
2026-09-06T19:45:08.0451018+08:00 pid=60152 tid=11 left-down x=1776 y=1270 wordForeground=False
2026-09-06T19:46:04.7964157+08:00 pid=60152 tid=11 left-down x=1776 y=1270 wordForeground=False
2026-09-06T19:46:46.5856011+08:00 pid=60152 tid=11 left-down x=1776 y=1270 wordForeground=False
2026-09-06T19:50:59.2469163+08:00 pid=60152 tid=11 left-down x=2410 y=1634 wordForeground=True
2026-09-06T19:51:00.0319272+08:00 pid=60152 tid=11 left-down x=2326 y=1582 wordForeground=False
2026-09-06T19:51:02.1677550+08:00 pid=60152 tid=11 left-down x=3524 y=944 wordForeground=False
2026-09-06T19:51:05.1702194+08:00 pid=60152 tid=11 left-down x=2509 y=1260 wordForeground=False
2026-09-06T19:51:11.5525252+08:00 pid=60152 tid=11 left-down x=3563 y=923 wordForeground=False
2026-09-06T19:51:19.3686705+08:00 pid=60152 tid=11 left-down x=981 y=262 wordForeground=True
2026-09-06T19:51:27.1982990+08:00 pid=60152 tid=11 left-down x=1317 y=747 wordForeground=False
2026-09-06T19:51:29.2148711+08:00 pid=60152 tid=11 left-down x=1602 y=747 wordForeground=False
2026-09-06T19:51:44.2339868+08:00 pid=60152 tid=11 left-down x=1382 y=1120 wordForeground=False
2026-09-06T19:51:46.4225924+08:00 pid=60152 tid=11 left-down x=2332 y=460 wordForeground=False
2026-09-06T19:51:48.3734636+08:00 pid=60152 tid=11 left-down x=2492 y=460 wordForeground=False
2026-09-06T19:52:22.7164146+08:00 pid=60152 tid=11 left-down x=1776 y=1270 wordForeground=False
2026-09-06T19:52:34.4518355+08:00 pid=60152 tid=11 left-down x=1167 y=784 wordForeground=True
2026-09-06T19:54:30.6808724+08:00 pid=60152 tid=11 left-down x=1776 y=1270 wordForeground=False
2026-09-06T19:54:49.5789382+08:00 pid=60152 tid=11 left-down x=981 y=434 wordForeground=True
2026-09-06T19:55:50.5993736+08:00 pid=60152 tid=11 left-down x=1776 y=1270 wordForeground=False
2026-09-06T20:00:14.8845833+08:00 pid=60152 tid=11 left-down x=314 y=899 wordForeground=True
2026-09-06T20:00:15.1216689+08:00 pid=60152 tid=11 left-down x=314 y=899 wordForeground=True
2026-09-06T20:00:15.1226691+08:00 pid=60152 tid=11 double-click elapsedMs=236.914 withinX=True withinY=True nativeOleTarget=False suppressSecondDown=False dispatchCallback=True
2026-09-06T20:00:15.2183466+08:00 pid=60152 tid=25 callback-begin interceptedNativeOle=False x=314 y=899
2026-09-06T20:00:15.2188761+08:00 pid=60152 tid=25 addin-callback-received interceptedNativeOle=False x=314 y=899
2026-09-06T20:00:15.2194150+08:00 pid=60152 tid=25 callback-end
2026-09-06T20:00:15.2246412+08:00 pid=60152 tid=1 addin-coordinate-selection formulaId=<null> objectMode=<null>
2026-09-06T20:00:32.2858928+08:00 pid=60152 tid=11 left-down x=1015 y=296 wordForeground=True
2026-09-06T20:00:40.6958190+08:00 pid=60152 tid=11 left-down x=1382 y=1120 wordForeground=False
2026-09-06T20:00:43.8465860+08:00 pid=60152 tid=11 left-down x=2492 y=460 wordForeground=False
2026-09-06T20:01:13.1680759+08:00 pid=60152 tid=11 left-down x=1382 y=1120 wordForeground=False
2026-09-06T20:01:15.3664455+08:00 pid=60152 tid=11 left-down x=2332 y=460 wordForeground=False
2026-09-06T20:01:17.2939276+08:00 pid=60152 tid=11 left-down x=2492 y=460 wordForeground=False
2026-09-06T20:03:47.0600352+08:00 pid=60152 tid=11 left-down x=3150 y=914 wordForeground=True
2026-09-06T20:07:28.3125652+08:00 pid=60152 tid=11 left-down x=781 y=837 wordForeground=False
2026-09-06T20:07:29.1300514+08:00 pid=60152 tid=11 left-down x=1246 y=904 wordForeground=True
2026-09-06T20:07:32.0377195+08:00 pid=60152 tid=11 left-down x=2652 y=1876 wordForeground=True
2026-09-06T20:18:44.9952789+08:00 pid=60152 tid=11 left-down x=3202 y=1755 wordForeground=True
2026-09-06T20:18:55.6257058+08:00 pid=60152 tid=11 left-down x=1872 y=722 wordForeground=True
2026-09-06T20:19:04.2622735+08:00 pid=60152 tid=11 left-down x=1382 y=1120 wordForeground=False
2026-09-06T20:19:07.4329919+08:00 pid=60152 tid=11 left-down x=2492 y=460 wordForeground=False
2026-09-06T20:19:37.3003518+08:00 pid=60152 tid=11 left-down x=1382 y=1120 wordForeground=False
2026-09-06T20:19:39.5776119+08:00 pid=60152 tid=11 left-down x=2332 y=460 wordForeground=False
2026-09-06T20:19:41.5025209+08:00 pid=60152 tid=11 left-down x=2492 y=460 wordForeground=False
2026-09-06T20:21:07.3098838+08:00 pid=60152 tid=11 left-down x=1776 y=1270 wordForeground=False
2026-09-06T20:21:21.1977304+08:00 pid=60152 tid=11 left-down x=2058 y=1197 wordForeground=True
2026-09-06T20:21:29.2036736+08:00 pid=60152 tid=11 left-down x=1872 y=894 wordForeground=True
2026-09-06T20:23:50.5679209+08:00 pid=60152 tid=11 left-down x=1211 y=1746 wordForeground=True
2026-09-06T20:23:50.8677598+08:00 pid=60152 tid=11 left-down x=1211 y=1746 wordForeground=True
2026-09-06T20:23:50.8677598+08:00 pid=60152 tid=11 double-click elapsedMs=299.401 withinX=True withinY=True nativeOleTarget=False suppressSecondDown=False dispatchCallback=True
2026-09-06T20:23:50.9687630+08:00 pid=60152 tid=24 callback-begin interceptedNativeOle=False x=1211 y=1746
2026-09-06T20:23:50.9687630+08:00 pid=60152 tid=24 addin-callback-received interceptedNativeOle=False x=1211 y=1746
2026-09-06T20:23:50.9697603+08:00 pid=60152 tid=24 callback-end
2026-09-06T20:23:50.9717595+08:00 pid=60152 tid=1 addin-coordinate-selection formulaId=<null> objectMode=<null>
2026-09-06T20:25:37.8993710+08:00 pid=60152 tid=11 left-down x=913 y=194 wordForeground=True
2026-09-06T20:25:46.3361219+08:00 pid=60152 tid=11 left-down x=1382 y=1120 wordForeground=False
2026-09-06T20:25:49.4990440+08:00 pid=60152 tid=11 left-down x=2492 y=460 wordForeground=False
2026-09-06T20:26:39.0595325+08:00 pid=60152 tid=11 left-down x=1776 y=1270 wordForeground=False
2026-09-06T20:26:58.7477235+08:00 pid=60152 tid=11 left-down x=1099 y=692 wordForeground=True
2026-09-06T20:27:06.8046571+08:00 pid=60152 tid=11 left-down x=913 y=366 wordForeground=True
2026-09-06T20:28:01.8265711+08:00 pid=60152 tid=11 left-down x=1776 y=1270 wordForeground=False
2026-09-06T20:30:42.5468351+08:00 pid=60152 tid=11 left-down x=257 y=711 wordForeground=True
2026-09-06T20:30:42.8133054+08:00 pid=60152 tid=11 left-down x=257 y=711 wordForeground=True
2026-09-06T20:30:42.8143057+08:00 pid=60152 tid=11 double-click elapsedMs=266.853 withinX=True withinY=True nativeOleTarget=False suppressSecondDown=False dispatchCallback=True
2026-09-06T20:30:42.9063065+08:00 pid=60152 tid=5 callback-begin interceptedNativeOle=False x=257 y=711
2026-09-06T20:30:42.9063065+08:00 pid=60152 tid=5 addin-callback-received interceptedNativeOle=False x=257 y=711
2026-09-06T20:30:42.9063065+08:00 pid=60152 tid=5 callback-end
2026-09-06T20:30:42.9073071+08:00 pid=60152 tid=1 addin-coordinate-selection formulaId=<null> objectMode=<null>
2026-09-06T20:32:09.1225935+08:00 pid=60152 tid=11 left-down x=1776 y=1270 wordForeground=False
2026-09-06T20:38:37.0663040+08:00 pid=60152 tid=11 left-down x=2327 y=1615 wordForeground=True
2026-09-06T20:38:38.9642543+08:00 pid=60152 tid=11 left-down x=2294 y=1552 wordForeground=False
2026-09-06T20:38:42.6403312+08:00 pid=60152 tid=11 left-down x=3538 y=941 wordForeground=False
2026-09-06T20:38:59.8009895+08:00 pid=60152 tid=11 left-down x=838 y=2134 wordForeground=False
2026-09-06T20:39:02.9729559+08:00 pid=60152 tid=11 left-down x=2513 y=463 wordForeground=False
2026-09-06T20:43:15.6847185+08:00 pid=60152 tid=11 left-down x=1872 y=722 wordForeground=True
2026-09-06T20:43:23.5921476+08:00 pid=60152 tid=11 left-down x=1317 y=747 wordForeground=False
2026-09-06T20:43:26.7070446+08:00 pid=60152 tid=11 left-down x=1792 y=747 wordForeground=False
2026-09-06T20:43:38.5820557+08:00 pid=60152 tid=11 left-down x=2058 y=1197 wordForeground=True
2026-09-06T20:43:52.9427252+08:00 pid=60152 tid=11 left-down x=1382 y=1120 wordForeground=False
2026-09-06T20:43:55.3563055+08:00 pid=60152 tid=11 left-down x=2332 y=460 wordForeground=False
2026-09-06T20:43:57.2518312+08:00 pid=60152 tid=11 left-down x=2492 y=460 wordForeground=False
2026-09-06T20:44:32.1843152+08:00 pid=60152 tid=11 left-down x=1776 y=1270 wordForeground=False
2026-09-06T20:44:43.9406457+08:00 pid=60152 tid=11 left-down x=2058 y=1245 wordForeground=True
2026-09-06T20:44:52.2270118+08:00 pid=60152 tid=11 left-down x=1872 y=894 wordForeground=True
2026-09-06T20:51:58.9567541+08:00 pid=60152 tid=11 left-down x=3322 y=1198 wordForeground=True
2026-09-06T20:54:03.6212602+08:00 pid=60152 tid=11 left-down x=2649 y=1482 wordForeground=False
2026-09-06T20:54:04.7282785+08:00 pid=60152 tid=11 left-down x=1875 y=2003 wordForeground=False
2026-09-06T20:54:05.9610049+08:00 pid=60152 tid=11 left-down x=2514 y=1766 wordForeground=False
2026-09-06T20:54:43.2803246+08:00 pid=60152 tid=11 left-down x=1776 y=1270 wordForeground=False
2026-09-06T20:55:49.3042017+08:00 pid=60152 tid=11 left-down x=1776 y=1270 wordForeground=False
2026-09-06T20:55:55.4171183+08:00 pid=60152 tid=11 left-down x=3287 y=1277 wordForeground=False
2026-09-06T20:57:43.9809722+08:00 pid=60152 tid=11 left-down x=1226 y=1122 wordForeground=True
2026-09-06T20:57:44.2621045+08:00 pid=60152 tid=11 left-down x=1226 y=1122 wordForeground=True
2026-09-06T20:57:44.2631022+08:00 pid=60152 tid=11 double-click elapsedMs=281.782 withinX=True withinY=True nativeOleTarget=False suppressSecondDown=False dispatchCallback=True
2026-09-06T20:57:44.3670192+08:00 pid=60152 tid=13 callback-begin interceptedNativeOle=False x=1226 y=1122
2026-09-06T20:57:44.3670192+08:00 pid=60152 tid=13 addin-callback-received interceptedNativeOle=False x=1226 y=1122
2026-09-06T20:57:44.3680210+08:00 pid=60152 tid=13 callback-end
2026-09-06T20:57:44.3790217+08:00 pid=60152 tid=1 addin-coordinate-selection formulaId=<null> objectMode=<null>
2026-09-06T20:57:48.7752065+08:00 pid=60152 tid=11 left-down x=1967 y=958 wordForeground=True
2026-09-06T20:57:49.8893575+08:00 pid=60152 tid=11 left-down x=3220 y=1476 wordForeground=True
2026-09-06T20:57:52.2906544+08:00 pid=60152 tid=11 left-down x=2352 y=1621 wordForeground=False
2026-09-06T20:57:53.0725104+08:00 pid=60152 tid=11 left-down x=2325 y=1549 wordForeground=False
2026-09-06T20:57:57.3834997+08:00 pid=60152 tid=11 left-down x=3532 y=950 wordForeground=False
2026-09-06T20:58:50.2150498+08:00 pid=60152 tid=11 left-down x=1776 y=1270 wordForeground=False
2026-09-06T20:59:56.9261365+08:00 pid=60152 tid=11 left-down x=3419 y=1293 wordForeground=False
2026-09-06T20:59:58.5420108+08:00 pid=60152 tid=11 left-down x=1526 y=1265 wordForeground=False
2026-09-06T20:59:59.3654780+08:00 pid=60152 tid=11 left-down x=1951 y=1100 wordForeground=True
2026-09-06T21:00:01.0800982+08:00 pid=60152 tid=11 left-down x=1967 y=1302 wordForeground=True
2026-09-06T21:02:26.5210338+08:00 pid=60152 tid=11 left-down x=3305 y=1428 wordForeground=True
2026-09-06T21:02:28.5920623+08:00 pid=60152 tid=11 left-down x=2391 y=1613 wordForeground=False
2026-09-06T21:02:29.4390502+08:00 pid=60152 tid=11 left-down x=2345 y=1578 wordForeground=False
2026-09-06T21:02:31.7534040+08:00 pid=60152 tid=11 left-down x=3555 y=953 wordForeground=False
2026-09-06T21:02:49.3772610+08:00 pid=60152 tid=11 left-down x=1226 y=1122 wordForeground=True
2026-09-06T21:02:49.6639907+08:00 pid=60152 tid=11 left-down x=1226 y=1122 wordForeground=True
2026-09-06T21:02:49.6639907+08:00 pid=60152 tid=11 double-click elapsedMs=287.384 withinX=True withinY=True nativeOleTarget=False suppressSecondDown=False dispatchCallback=True
2026-09-06T21:02:49.7644660+08:00 pid=60152 tid=13 callback-begin interceptedNativeOle=False x=1226 y=1122
2026-09-06T21:02:49.7644660+08:00 pid=60152 tid=13 addin-callback-received interceptedNativeOle=False x=1226 y=1122
2026-09-06T21:02:49.7654644+08:00 pid=60152 tid=13 callback-end
2026-09-06T21:02:49.7764483+08:00 pid=60152 tid=1 addin-coordinate-selection formulaId=<null> objectMode=<null>
2026-09-06T21:04:01.3810134+08:00 pid=60152 tid=11 left-down x=1862 y=913 wordForeground=True
2026-09-06T21:04:02.9131372+08:00 pid=60152 tid=11 left-down x=3251 y=1257 wordForeground=True
2026-09-06T21:04:05.1194201+08:00 pid=60152 tid=11 left-down x=2360 y=1624 wordForeground=False
2026-09-06T21:04:05.8766038+08:00 pid=60152 tid=11 left-down x=2229 y=1506 wordForeground=False
2026-09-06T21:04:06.8530737+08:00 pid=60152 tid=11 left-down x=2296 y=1541 wordForeground=False
2026-09-06T21:04:10.1841575+08:00 pid=60152 tid=11 left-down x=3548 y=938 wordForeground=False
2026-09-06T21:04:11.8045675+08:00 pid=60152 tid=11 left-down x=1498 y=1085 wordForeground=False
2026-09-06T21:04:22.9061707+08:00 pid=60152 tid=11 left-down x=3288 y=1228 wordForeground=True
2026-09-06T21:04:36.6794244+08:00 pid=60152 tid=11 left-down x=1226 y=1122 wordForeground=True
2026-09-06T21:04:36.9890133+08:00 pid=60152 tid=11 left-down x=1226 y=1122 wordForeground=True
2026-09-06T21:04:36.9900129+08:00 pid=60152 tid=11 double-click elapsedMs=309.663 withinX=True withinY=True nativeOleTarget=False suppressSecondDown=False dispatchCallback=True
2026-09-06T21:04:37.0840630+08:00 pid=60152 tid=5 callback-begin interceptedNativeOle=False x=1226 y=1122
2026-09-06T21:04:37.0840630+08:00 pid=60152 tid=5 addin-callback-received interceptedNativeOle=False x=1226 y=1122
2026-09-06T21:04:37.0850308+08:00 pid=60152 tid=5 callback-end
2026-09-06T21:04:37.0920324+08:00 pid=60152 tid=1 addin-coordinate-selection formulaId=<null> objectMode=<null>
2026-09-06T21:05:55.4049976+08:00 pid=60152 tid=11 left-down x=3213 y=1319 wordForeground=True
2026-09-06T21:06:00.8224191+08:00 pid=60152 tid=11 left-down x=1423 y=1125 wordForeground=False
2026-09-06T21:07:41.3326547+08:00 pid=60152 tid=11 left-down x=1872 y=722 wordForeground=True
2026-09-06T21:08:02.0287805+08:00 pid=60152 tid=11 left-down x=2058 y=1197 wordForeground=True
2026-09-06T21:09:13.7535096+08:00 pid=60152 tid=11 left-down x=3259 y=1259 wordForeground=True
2026-09-06T21:09:21.7895916+08:00 pid=60152 tid=11 left-down x=1555 y=1220 wordForeground=False
2026-09-06T21:09:24.4925431+08:00 pid=60152 tid=11 left-down x=1640 y=1276 wordForeground=True
2026-09-06T21:10:06.2623703+08:00 pid=60152 tid=11 left-down x=913 y=194 wordForeground=True
2026-09-06T21:10:25.0386694+08:00 pid=60152 tid=11 left-down x=1099 y=668 wordForeground=True
2026-09-06T21:10:39.5136079+08:00 pid=60152 tid=11 left-down x=1382 y=1120 wordForeground=False
2026-09-06T21:10:42.8093647+08:00 pid=60152 tid=11 left-down x=2492 y=460 wordForeground=False
2026-09-06T21:11:33.8032850+08:00 pid=60152 tid=11 left-down x=1776 y=1270 wordForeground=False
2026-09-06T21:11:46.7096381+08:00 pid=60152 tid=11 left-down x=1099 y=716 wordForeground=True
2026-09-06T21:11:55.0855639+08:00 pid=60152 tid=11 left-down x=913 y=366 wordForeground=True
2026-09-06T21:13:04.3806792+08:00 pid=60152 tid=11 left-down x=3360 y=1425 wordForeground=True
2026-09-06T21:13:12.3460260+08:00 pid=60152 tid=11 left-down x=1336 y=1201 wordForeground=False
2026-09-06T21:13:16.7043318+08:00 pid=60152 tid=11 left-down x=1060 y=1037 wordForeground=True
2026-09-06T21:13:18.4587752+08:00 pid=60152 tid=11 left-down x=1147 y=1380 wordForeground=True
2026-09-06T21:14:17.0941805+08:00 pid=60152 tid=11 left-down x=1776 y=1270 wordForeground=False
2026-09-06T21:14:26.0208243+08:00 pid=60152 tid=11 left-down x=913 y=194 wordForeground=True
2026-09-06T21:14:39.4846917+08:00 pid=60152 tid=11 left-down x=913 y=366 wordForeground=True
2026-09-06T21:15:35.1073510+08:00 pid=60152 tid=11 left-down x=1776 y=1270 wordForeground=False
2026-09-06T21:20:44.0278633+08:00 pid=60152 tid=11 left-down x=257 y=681 wordForeground=True
2026-09-06T21:20:44.3562723+08:00 pid=60152 tid=11 left-down x=257 y=681 wordForeground=True
2026-09-06T21:20:44.3572723+08:00 pid=60152 tid=11 double-click elapsedMs=328.807 withinX=True withinY=True nativeOleTarget=False suppressSecondDown=False dispatchCallback=True
2026-09-06T21:20:44.4552717+08:00 pid=60152 tid=12 callback-begin interceptedNativeOle=False x=257 y=681
2026-09-06T21:20:44.4552717+08:00 pid=60152 tid=12 addin-callback-received interceptedNativeOle=False x=257 y=681
2026-09-06T21:20:44.4552717+08:00 pid=60152 tid=12 callback-end
2026-09-06T21:20:44.4622718+08:00 pid=60152 tid=1 addin-coordinate-selection formulaId=<null> objectMode=<null>
2026-09-06T21:22:57.3219445+08:00 pid=60152 tid=11 left-down x=1872 y=722 wordForeground=True
2026-09-06T21:23:05.7993684+08:00 pid=60152 tid=11 left-down x=1382 y=1120 wordForeground=False
2026-09-06T21:23:08.9351401+08:00 pid=60152 tid=11 left-down x=2492 y=460 wordForeground=False
2026-09-06T21:23:25.5494123+08:00 pid=60152 tid=11 left-down x=3244 y=1386 wordForeground=False
2026-09-06T21:23:39.8973340+08:00 pid=60152 tid=11 left-down x=1500 y=747 wordForeground=False
2026-09-06T21:24:17.3007574+08:00 pid=60152 tid=11 left-down x=1776 y=1270 wordForeground=False
2026-09-06T21:24:29.8256468+08:00 pid=60152 tid=11 left-down x=2058 y=1221 wordForeground=True
2026-09-06T21:24:38.0072838+08:00 pid=60152 tid=11 left-down x=1872 y=894 wordForeground=True
2026-09-06T21:25:47.2242971+08:00 pid=60152 tid=11 left-down x=3420 y=1159 wordForeground=True
2026-09-06T21:28:18.2105495+08:00 pid=60152 tid=11 left-down x=3020 y=1882 wordForeground=False
2026-09-06T21:28:41.2026067+08:00 pid=60152 tid=11 left-down x=2447 y=1622 wordForeground=False
2026-09-06T21:28:42.0195602+08:00 pid=60152 tid=11 left-down x=2351 y=1574 wordForeground=False
2026-09-06T21:28:48.6949418+08:00 pid=60152 tid=11 left-down x=3554 y=941 wordForeground=False
2026-09-06T21:29:06.7534473+08:00 pid=60152 tid=11 left-down x=2759 y=1917 wordForeground=False
2026-09-06T21:30:05.3553529+08:00 pid=60152 tid=11 left-down x=1776 y=1270 wordForeground=False
2026-09-06T21:30:14.5003180+08:00 pid=60152 tid=11 left-down x=1872 y=722 wordForeground=True
2026-09-06T21:30:27.5149751+08:00 pid=60152 tid=11 left-down x=1872 y=894 wordForeground=True
2026-09-06T21:30:58.7914362+08:00 pid=60152 tid=11 left-down x=3287 y=1354 wordForeground=False
2026-09-06T21:31:04.7855147+08:00 pid=60152 tid=11 left-down x=3193 y=1291 wordForeground=False
2026-09-06T21:31:12.0951292+08:00 pid=60152 tid=11 left-down x=3312 y=1360 wordForeground=True
2026-09-06T21:31:18.4179748+08:00 pid=60152 tid=11 left-down x=1776 y=1270 wordForeground=False
2026-09-06T21:31:33.1897916+08:00 pid=60152 tid=11 left-down x=3455 y=1476 wordForeground=False
2026-09-06T21:32:02.2146483+08:00 pid=60152 tid=11 left-down x=1925 y=1563 wordForeground=True
2026-09-06T21:32:03.5638433+08:00 pid=60152 tid=11 left-down x=3428 y=1458 wordForeground=False
2026-09-06T21:32:31.5207674+08:00 pid=60152 tid=11 left-down x=3294 y=1512 wordForeground=True
2026-09-06T21:34:48.8475357+08:00 pid=60152 tid=11 left-down x=3228 y=1368 wordForeground=False
2026-09-06T21:34:54.6398440+08:00 pid=60152 tid=11 left-down x=3061 y=1317 wordForeground=False
2026-09-06T21:35:04.5712213+08:00 pid=60152 tid=11 left-down x=2884 y=1710 wordForeground=False
2026-09-06T21:35:12.8450843+08:00 pid=60152 tid=11 left-down x=2818 y=1889 wordForeground=False
2026-09-06T21:35:23.2485719+08:00 pid=60152 tid=11 left-down x=2446 y=1904 wordForeground=False
2026-09-06T21:35:44.3638126+08:00 pid=60152 tid=11 left-down x=1750 y=2017 wordForeground=False
2026-09-06T21:35:47.8830338+08:00 pid=60152 tid=11 left-down x=2311 y=1771 wordForeground=False
2026-09-06T21:36:02.6521523+08:00 pid=60152 tid=11 left-down x=1216 y=1122 wordForeground=True
2026-09-06T21:36:03.0221908+08:00 pid=60152 tid=11 left-down x=1216 y=1122 wordForeground=True
2026-09-06T21:36:03.0221908+08:00 pid=60152 tid=11 double-click elapsedMs=370.173 withinX=True withinY=True nativeOleTarget=False suppressSecondDown=False dispatchCallback=True
2026-09-06T21:36:03.1272370+08:00 pid=60152 tid=6 callback-begin interceptedNativeOle=False x=1216 y=1122
2026-09-06T21:36:03.1272370+08:00 pid=60152 tid=6 addin-callback-received interceptedNativeOle=False x=1216 y=1122
2026-09-06T21:36:03.1272370+08:00 pid=60152 tid=6 callback-end
2026-09-06T21:36:03.1412367+08:00 pid=60152 tid=1 addin-coordinate-selection formulaId=<null> objectMode=<null>
2026-09-06T21:37:19.6368289+08:00 pid=60152 tid=11 left-down x=3336 y=1372 wordForeground=True
2026-09-06T21:37:26.1054237+08:00 pid=60152 tid=11 left-down x=2405 y=1625 wordForeground=False
2026-09-06T21:37:27.4964670+08:00 pid=60152 tid=11 left-down x=2310 y=1561 wordForeground=False
2026-09-06T21:37:29.8955131+08:00 pid=60152 tid=11 left-down x=3539 y=957 wordForeground=False
2026-09-06T21:37:31.8182869+08:00 pid=60152 tid=11 left-down x=2655 y=1907 wordForeground=False
2026-09-06T21:37:48.2808937+08:00 pid=60152 tid=11 left-down x=1382 y=1120 wordForeground=False
2026-09-06T21:37:51.6701464+08:00 pid=60152 tid=11 left-down x=2492 y=460 wordForeground=False
2026-09-06T21:38:18.6097015+08:00 pid=60152 tid=11 left-down x=1255 y=1032 wordForeground=True
2026-09-06T21:38:24.9862460+08:00 pid=60152 tid=11 left-down x=2693 y=1663 wordForeground=True
2026-09-06T21:38:26.4491516+08:00 pid=60152 tid=11 left-down x=3239 y=1682 wordForeground=False
2026-09-06T21:38:28.5465463+08:00 pid=60152 tid=11 left-down x=3146 y=1684 wordForeground=False
2026-09-06T21:38:45.6989940+08:00 pid=60152 tid=11 left-down x=1151 y=2140 wordForeground=False
2026-09-06T21:39:11.9772128+08:00 pid=60152 tid=11 left-down x=3303 y=1566 wordForeground=False
2026-09-06T21:39:17.8120885+08:00 pid=60152 tid=11 left-down x=3268 y=1483 wordForeground=False
2026-09-06T21:39:20.8766926+08:00 pid=60152 tid=11 left-down x=2801 y=1901 wordForeground=False
2026-09-06T21:39:32.2092705+08:00 pid=60152 tid=11 left-down x=2801 y=1901 wordForeground=True
2026-09-06T21:41:54.6295874+08:00 pid=60152 tid=11 left-down x=1872 y=722 wordForeground=True
2026-09-06T21:42:55.3324791+08:00 pid=60152 tid=11 left-down x=1332 y=734 wordForeground=True
2026-09-06T21:42:57.0550062+08:00 pid=60152 tid=11 left-down x=3277 y=1290 wordForeground=False
2026-09-06T21:44:10.3452953+08:00 pid=60152 tid=11 left-down x=1445 y=832 wordForeground=True
2026-09-06T21:44:10.7206657+08:00 pid=60152 tid=11 left-down x=1445 y=832 wordForeground=True
2026-09-06T21:44:10.7206657+08:00 pid=60152 tid=11 double-click elapsedMs=375.122 withinX=True withinY=True nativeOleTarget=False suppressSecondDown=False dispatchCallback=True
2026-09-06T21:44:10.8267176+08:00 pid=60152 tid=14 callback-begin interceptedNativeOle=False x=1445 y=832
2026-09-06T21:44:10.8267176+08:00 pid=60152 tid=14 addin-callback-received interceptedNativeOle=False x=1445 y=832
2026-09-06T21:44:10.8277201+08:00 pid=60152 tid=14 callback-end
2026-09-06T21:44:10.8387198+08:00 pid=60152 tid=1 addin-coordinate-selection formulaId=<null> objectMode=<null>
2026-09-06T21:44:12.5152343+08:00 pid=60152 tid=11 left-down x=3812 y=9 wordForeground=False
2026-09-06T21:44:14.7732227+08:00 pid=60152 tid=11 left-down x=1517 y=985 wordForeground=True
2026-09-06T21:44:43.3385439+08:00 pid=60152 tid=11 left-down x=1820 y=1993 wordForeground=False
2026-09-06T21:44:45.2317830+08:00 pid=60152 tid=11 left-down x=2265 y=1773 wordForeground=False
2026-09-06T21:45:35.3324111+08:00 pid=60152 tid=11 left-down x=1897 y=1997 wordForeground=False
2026-09-06T21:45:36.8617840+08:00 pid=60152 tid=11 left-down x=2373 y=1907 wordForeground=False
2026-09-06T21:45:37.9391056+08:00 pid=60152 tid=11 left-down x=2372 y=1627 wordForeground=False
2026-09-06T21:45:39.0800705+08:00 pid=60152 tid=11 left-down x=2305 y=1600 wordForeground=False
2026-09-06T21:45:41.5674148+08:00 pid=60152 tid=11 left-down x=3535 y=976 wordForeground=False
2026-09-06T21:45:43.0841434+08:00 pid=60152 tid=11 left-down x=2685 y=1869 wordForeground=False
2026-09-06T21:46:38.2359250+08:00 pid=60152 tid=11 left-down x=1982 y=2015 wordForeground=False
2026-09-06T21:46:45.4794998+08:00 pid=60152 tid=11 left-down x=852 y=2147 wordForeground=False
2026-09-06T21:46:49.0659448+08:00 pid=60152 tid=11 left-down x=2927 y=1203 wordForeground=False
2026-09-06T21:47:00.7735322+08:00 pid=60152 tid=11 left-down x=1718 y=624 wordForeground=False
2026-09-06T21:47:02.8941068+08:00 pid=60152 tid=11 left-down x=2217 y=1462 wordForeground=False
2026-09-06T21:47:32.3451883+08:00 pid=60152 tid=11 left-down x=1235 y=828 wordForeground=True
2026-09-06T21:47:40.4513491+08:00 pid=60152 tid=11 left-down x=1049 y=502 wordForeground=True
2026-09-06T21:47:45.8748547+08:00 pid=60152 tid=11 left-down x=403 y=1089 wordForeground=True
2026-09-06T21:47:46.2555635+08:00 pid=60152 tid=11 left-down x=403 y=1089 wordForeground=True
2026-09-06T21:47:46.2555635+08:00 pid=60152 tid=11 double-click elapsedMs=380.364 withinX=True withinY=True nativeOleTarget=False suppressSecondDown=False dispatchCallback=True
2026-09-06T21:47:46.3585905+08:00 pid=60152 tid=8 callback-begin interceptedNativeOle=False x=403 y=1089
2026-09-06T21:47:46.3585905+08:00 pid=60152 tid=8 addin-callback-received interceptedNativeOle=False x=403 y=1089
2026-09-06T21:47:46.3585905+08:00 pid=60152 tid=8 callback-end
2026-09-06T21:47:46.3595932+08:00 pid=60152 tid=1 addin-coordinate-selection formulaId=<null> objectMode=<null>
2026-09-06T21:47:56.6633352+08:00 pid=60152 tid=11 left-down x=584 y=1013 wordForeground=True
2026-09-06T21:48:00.9841288+08:00 pid=60152 tid=11 left-down x=2608 y=1634 wordForeground=True
2026-09-06T21:48:24.6680190+08:00 pid=60152 tid=11 left-down x=1927 y=1995 wordForeground=False
2026-09-06T21:48:27.1024830+08:00 pid=60152 tid=11 left-down x=2318 y=1897 wordForeground=False
2026-09-06T21:57:13.8922163+08:00 pid=60152 tid=11 left-down x=1938 y=2024 wordForeground=False
2026-09-06T21:57:15.5472119+08:00 pid=60152 tid=11 left-down x=2338 y=1891 wordForeground=False
2026-09-06T21:59:59.0987448+08:00 pid=60152 tid=11 left-down x=2320 y=1675 wordForeground=False
2026-09-06T22:00:03.1359329+08:00 pid=60152 tid=11 left-down x=686 y=2131 wordForeground=False
2026-09-06T22:00:05.8765982+08:00 pid=60152 tid=11 left-down x=1008 y=1231 wordForeground=False
2026-09-06T22:00:06.2544921+08:00 pid=60152 tid=11 left-down x=1008 y=1231 wordForeground=False
2026-09-06T22:00:08.5806286+08:00 pid=60152 tid=11 left-down x=2052 y=1288 wordForeground=False
2026-09-06T22:00:09.2170380+08:00 pid=60152 tid=11 left-down x=2052 y=1288 wordForeground=False
2026-09-06T22:00:10.2712665+08:00 pid=60152 tid=11 left-down x=2052 y=1288 wordForeground=False
