2026-09-06T18:29:31.2005689+08:00 pid=111272 tid=1 word-addin-loaded pid=111272 assembly=C:\Users\pojian_liao\AppData\Local\VisualTeX\office\remediation-builds\8F63B42A61757E3A47ABDBE25BE459D963E3852364D5FD24017474A086BCA506\VisualTeX.WordVsto.dll mvid=27c93c65-2c3c-4a66-89eb-6bff4818e89b
2026-09-06T18:29:31.4807411+08:00 pid=111272 tid=1 hook-started handle=0x234433
2026-09-06T18:29:34.3885730+08:00 pid=111272 tid=9 mathtype-native-preview-shared-prewarm-complete
2026-09-06T18:30:02.0090315+08:00 pid=111272 tid=11 left-down x=681 y=1234 wordForeground=False
2026-09-06T18:30:08.5391325+08:00 pid=111272 tid=11 left-down x=1509 y=2138 wordForeground=False
2026-09-06T18:30:10.2629000+08:00 pid=111272 tid=11 left-down x=690 y=1205 wordForeground=False
2026-09-06T18:30:12.5007809+08:00 pid=111272 tid=11 left-down x=2058 y=922 wordForeground=False
2026-09-06T18:31:21.9754831+08:00 pid=111272 tid=1 word-undo-begin name=VisualTeX Insert Native OLE Display Formula recording=False level=0
2026-09-06T18:31:21.9754831+08:00 pid=111272 tid=1 word-undo-started name=VisualTeX Insert Native OLE Display Formula recording=True level=1
2026-09-06T18:31:22.3175039+08:00 pid=111272 tid=1 word-undo-end recording=True level=1
2026-09-06T18:31:22.3312481+08:00 pid=111272 tid=19 ribbon-session-operation-released sessionId=ab144dde-8945-4197-80c1-3d7cb72b0800
2026-09-06T18:31:28.9054527+08:00 pid=111272 tid=1 format-conversion-start sourceMode=nativeOle targetMode=wordOmml wholeDocument=True
2026-09-06T18:31:28.9134543+08:00 pid=111272 tid=1 format-conversion-plan-perf stage=shape-access source=nativeOle index=1/1 deltaMs=0 totalMs=0
2026-09-06T18:31:28.9224552+08:00 pid=111272 tid=1 format-conversion-plan-perf stage=shape-range source=nativeOle index=1/1 deltaMs=9 totalMs=9
2026-09-06T18:31:28.9364546+08:00 pid=111272 tid=1 format-conversion-plan-perf stage=target-added source=nativeOle index=1/1 deltaMs=14 totalMs=23
2026-09-06T18:31:28.9374545+08:00 pid=111272 tid=1 format-conversion-plan sourceMode=nativeOle targetMode=wordOmml targets=1
2026-09-06T18:31:32.4556075+08:00 pid=111272 tid=1 bulk-import converter-create display=block mode=wordOmml latex=a^2+b^2=c^2
2026-09-06T18:31:32.4607314+08:00 pid=111272 tid=19 bulk-import converter-created sessionId=b1610126-84ab-46f9-af61-31e841962795
2026-09-06T18:31:32.4617410+08:00 pid=111272 tid=19 format-conversion-render-start sourceMode=nativeOle targetMode=wordOmml sessions=1
2026-09-06T18:31:32.4999299+08:00 pid=111272 tid=19 format-conversion-rendered sourceMode=nativeOle targetMode=wordOmml sessionId=b1610126-84ab-46f9-af61-31e841962795 status=committing
2026-09-06T18:31:32.5009870+08:00 pid=111272 tid=19 format-conversion-word-apply-start sourceMode=nativeOle targetMode=wordOmml targets=1
2026-09-06T18:31:32.5386375+08:00 pid=111272 tid=1 format-conversion-runtime assembly=C:\Users\pojian_liao\AppData\Local\VisualTeX\office\remediation-builds\8F63B42A61757E3A47ABDBE25BE459D963E3852364D5FD24017474A086BCA506\VisualTeX.WordVsto.dll source=nativeOle target=wordOmml targetIsVisualTeX=False targetIsMathType=False
2026-09-06T18:31:32.8103736+08:00 pid=111272 tid=1 format-conversion-omml-batch-source-created formulas=1 elapsedMs=259
2026-09-06T18:31:32.8365148+08:00 pid=111272 tid=1 word-xml-incomplete-export document=文档3 attempt=1 maths=0/0 oles=0/1
2026-09-06T18:31:32.8634587+08:00 pid=111272 tid=1 format-conversion-reference-counts-fast-path source=nativeOle formulas=1
2026-09-06T18:31:32.9130945+08:00 pid=111272 tid=1 word-undo-begin name=VisualTeX Convert Formula Format recording=False level=0
2026-09-06T18:31:32.9140944+08:00 pid=111272 tid=1 word-undo-started name=VisualTeX Convert Formula Format recording=True level=1
2026-09-06T18:31:32.9140944+08:00 pid=111272 tid=1 format-conversion-undo-state stage=before-preferences document=文档3 recording=True level=1
2026-09-06T18:31:32.9960941+08:00 pid=111272 tid=1 format-conversion-transaction-start targets=1
2026-09-06T18:31:32.9970942+08:00 pid=111272 tid=1 format-conversion-undo-state stage=after-preferences document=文档3 recording=True level=1
2026-09-06T18:31:32.9970942+08:00 pid=111272 tid=1 format-conversion-undo-state stage=before-source-delete document=文档3 recording=True level=1
2026-09-06T18:31:33.0360944+08:00 pid=111272 tid=1 formula-to-latex-visualtex-paragraph-replaced formulaId=1e741674-10fc-45c8-998b-ac2423de26ef range=0:15
2026-09-06T18:31:33.0390943+08:00 pid=111272 tid=1 format-conversion-perf stage=delete-source-host formulaId=1e741674-10fc-45c8-998b-ac2423de26ef numbered=True deltaMs=41 totalMs=41
2026-09-06T18:31:33.0390943+08:00 pid=111272 tid=1 format-conversion-undo-state stage=after-source-delete document=文档3 recording=True level=1
2026-09-06T18:31:33.0430944+08:00 pid=111272 tid=1 word-undo-begin name=VisualTeX Insert Word OMML Display Formula recording=True level=1
2026-09-06T18:31:33.0500946+08:00 pid=111272 tid=1 format-conversion-subperf [perf] InsertOmml.insert-native-omml: +7ms (7ms total)
2026-09-06T18:31:33.0660946+08:00 pid=111272 tid=1 format-conversion-subperf [perf] InsertOmml.post-reconcile-layout: +16ms (23ms total)
2026-09-06T18:31:33.0660946+08:00 pid=111272 tid=1 format-conversion-subperf [perf] InsertOmml.final-fingerprint: +0ms (23ms total)
2026-09-06T18:31:33.0670943+08:00 pid=111272 tid=1 format-conversion-subperf [perf] InsertOmml.final-anchor: +0ms (23ms total)
2026-09-06T18:31:33.0750946+08:00 pid=111272 tid=1 format-conversion-subperf [perf] InsertOmml.final-metadata: +9ms (32ms total)
2026-09-06T18:31:33.0760946+08:00 pid=111272 tid=1 format-conversion-perf stage=insert-target formulaId=1e741674-10fc-45c8-998b-ac2423de26ef numbered=True deltaMs=38 totalMs=79
2026-09-06T18:31:33.0770969+08:00 pid=111272 tid=1 format-conversion-undo-state stage=after-target-insert document=文档3 recording=True level=1
2026-09-06T18:31:33.1142599+08:00 pid=111272 tid=1 format-conversion-target-stable formulaId=1e741674-10fc-45c8-998b-ac2423de26ef targetMode=wordOmml count=1 elapsedMs=36
2026-09-06T18:31:33.1142599+08:00 pid=111272 tid=1 format-conversion-perf stage=verify-target formulaId=1e741674-10fc-45c8-998b-ac2423de26ef numbered=True deltaMs=38 totalMs=117
2026-09-06T18:31:33.1162600+08:00 pid=111272 tid=1 format-conversion-finalize-perf stage=source-residual-check sourceMode=nativeOle targetMode=wordOmml deltaMs=0 totalMs=0
2026-09-06T18:31:33.1162600+08:00 pid=111272 tid=1 format-conversion-finalize-perf stage=target-count-check sourceMode=nativeOle targetMode=wordOmml deltaMs=0 totalMs=0
2026-09-06T18:31:33.1172598+08:00 pid=111272 tid=1 format-conversion-undo-state stage=before-source-window-close-commit document=文档3 recording=True level=1
2026-09-06T18:31:33.1172598+08:00 pid=111272 tid=1 format-conversion-undo-state stage=after-source-window-close-commit document=文档3 recording=False level=0
2026-09-06T18:31:33.1942597+08:00 pid=111272 tid=1 word-undo-begin name=VisualTeX Finalize Formula Conversion recording=False level=0
2026-09-06T18:31:33.1958623+08:00 pid=111272 tid=1 word-undo-started name=VisualTeX Finalize Formula Conversion recording=True level=1
2026-09-06T18:31:33.2258598+08:00 pid=111272 tid=1 word-xml-incomplete-export document=文档3 attempt=1 maths=0/1 oles=0/0
2026-09-06T18:31:33.2988602+08:00 pid=111272 tid=1 format-conversion-omml-identities-before-numbering count=1
2026-09-06T18:31:33.2998596+08:00 pid=111272 tid=1 format-conversion-number-format-restored format=continuous
2026-09-06T18:31:33.6643773+08:00 pid=111272 tid=1 format-conversion-numbering-direct-table-complete targetMode=wordOmml built=1 removedBlankParagraphs=1
2026-09-06T18:31:33.6663772+08:00 pid=111272 tid=1 format-conversion-finalize-perf stage=numbering-reconcile sourceMode=nativeOle targetMode=wordOmml deltaMs=551 totalMs=551
2026-09-06T18:31:33.7069582+08:00 pid=111272 tid=1 format-conversion-omml-fingerprints-finalized count=1
2026-09-06T18:31:33.7069582+08:00 pid=111272 tid=1 format-conversion-finalize-perf stage=omml-fingerprint-refresh sourceMode=nativeOle targetMode=wordOmml deltaMs=40 totalMs=591
2026-09-06T18:31:33.7069582+08:00 pid=111272 tid=1 format-conversion-transaction-completed targets=1
2026-09-06T18:31:33.7079582+08:00 pid=111272 tid=8 format-conversion-word-apply-finished sourceMode=nativeOle targetMode=wordOmml converted=1 failed=0
2026-09-06T18:31:33.7099583+08:00 pid=111272 tid=8 format-conversion-session-cleanup-start sessions=1
2026-09-06T18:31:33.7139581+08:00 pid=111272 tid=8 format-conversion-complete source=VisualTeX target=OMML converted=1 failed=0
2026-09-06T18:31:33.7139581+08:00 pid=111272 tid=15 format-conversion-session-cleanup-complete sessions=1
2026-09-06T18:32:42.8015591+08:00 pid=111272 tid=1 word-undo-begin name=VisualTeX Insert Native OLE Display Formula recording=False level=0
2026-09-06T18:32:42.8015591+08:00 pid=111272 tid=1 word-undo-started name=VisualTeX Insert Native OLE Display Formula recording=True level=1
2026-09-06T18:32:42.9253741+08:00 pid=111272 tid=1 word-undo-end recording=True level=1
2026-09-06T18:32:42.9293751+08:00 pid=111272 tid=21 ribbon-session-operation-released sessionId=35b62936-aacc-4f64-a2fc-acc602d97199
2026-09-06T18:32:48.7325661+08:00 pid=111272 tid=1 bulk-import bulk-import-start
2026-09-06T18:32:48.7495663+08:00 pid=111272 tid=20 bulk-import bulk-import-ui-created sessionId=dd364e4d-247b-4cf5-8ac1-4ece2e095e36
2026-09-06T18:32:48.7545657+08:00 pid=111272 tid=20 bulk-import bulk-import-ui-opened sessionId=dd364e4d-247b-4cf5-8ac1-4ece2e095e36
2026-09-06T18:32:52.5288672+08:00 pid=111272 tid=11 left-down x=1382 y=1120 wordForeground=False
2026-09-06T18:32:54.6679449+08:00 pid=111272 tid=11 left-down x=2332 y=460 wordForeground=False
2026-09-06T18:32:56.7825627+08:00 pid=111272 tid=11 left-down x=2492 y=460 wordForeground=False
2026-09-06T18:32:59.2326114+08:00 pid=111272 tid=21 bulk-import bulk-import-ui-finished sessionId=dd364e4d-247b-4cf5-8ac1-4ece2e095e36 status=committing error=<null>
2026-09-06T18:32:59.2446201+08:00 pid=111272 tid=21 bulk-import parsed blocks=15 formulas=6 mode=Ole fontSizePt=10.5
2026-09-06T18:32:59.2560204+08:00 pid=111272 tid=21 bulk-import render-prepare index=1/6 display=inline latex=\sqrt{E-u\left(x\right)}=\frac{1}{f\left(\omega\right)v_{ph}\left(\omega,x\right)}
2026-09-06T18:32:59.2560204+08:00 pid=111272 tid=21 bulk-import converter-create display=inline mode=nativeOle latex=\sqrt{E-u\left(x\right)}=\frac{1}{f\left(\omega\right)v_{ph}\left(\omega,x\right)}
2026-09-06T18:32:59.2600166+08:00 pid=111272 tid=5 bulk-import converter-created sessionId=005ca60f-a4b1-4f05-9466-9a79ba7e4e71
2026-09-06T18:32:59.2610176+08:00 pid=111272 tid=5 bulk-import render-prepare index=2/6 display=block latex=\begin{cases}\frac{\mathrm{d}}{\mathrm{d}\omega}\left(\omega f\left(\omega\right)\right)=0 \\ \frac{\omega f\left(\omega\right)}{2}\frac{\mathrm{d}E\left(\omega\right)}{\mathrm{d}\omega}=\sqrt{\frac{m}{2}} \end{cases}
2026-09-06T18:32:59.2610176+08:00 pid=111272 tid=5 bulk-import converter-create display=block mode=nativeOle latex=\begin{cases}\frac{\mathrm{d}}{\mathrm{d}\omega}\left(\omega f\left(\omega\right)\right)=0 \\ \frac{\omega f\left(\omega\right)}{2}\frac{\mathrm{d}E\left(\omega\right)}{\mathrm{d}\omega}=\sqrt{\frac{m}{2}} \end{cases}
2026-09-06T18:32:59.2655664+08:00 pid=111272 tid=21 bulk-import converter-created sessionId=cbeb1536-8486-4927-81ad-78b19343f579
2026-09-06T18:32:59.2655664+08:00 pid=111272 tid=21 bulk-import render-prepare index=3/6 display=block latex=\sqrt{\frac{m}{2\left(E\left(\omega\right)-U\right)}}=\frac{\mathrm{d}}{\mathrm{d}\omega}\left(\omega\cdot f\left(\omega\right)\sqrt{\left(E\left(\omega\right)-U\right)}\right)
2026-09-06T18:32:59.2655664+08:00 pid=111272 tid=21 bulk-import converter-create display=block mode=nativeOle latex=\sqrt{\frac{m}{2\left(E\left(\omega\right)-U\right)}}=\frac{\mathrm{d}}{\mathrm{d}\omega}\left(\omega\cdot f\left(\omega\right)\sqrt{\left(E\left(\omega\right)-U\right)}\right)
2026-09-06T18:32:59.2705663+08:00 pid=111272 tid=5 bulk-import converter-created sessionId=c4be6887-6d07-403c-995f-1cb5d4bf3b4d
2026-09-06T18:32:59.2705663+08:00 pid=111272 tid=5 bulk-import render-prepare index=4/6 display=block latex=i\hbar \frac{\partial}{\partial t}\psi(\mathbf{r},t) = \left[ -\frac{\hbar^2}{2m}\nabla^2 + V(\mathbf{r},t) \right]\psi(\mathbf{r},t)
2026-09-06T18:32:59.2715656+08:00 pid=111272 tid=5 bulk-import converter-create display=block mode=nativeOle latex=i\hbar \frac{\partial}{\partial t}\psi(\mathbf{r},t) = \left[ -\frac{\hbar^2}{2m}\nabla^2 + V(\mathbf{r},t) \right]\psi(\mathbf{r},t)
2026-09-06T18:32:59.2745656+08:00 pid=111272 tid=21 bulk-import converter-created sessionId=8d574611-7f06-464c-817a-2b2c1b5ebb03
2026-09-06T18:32:59.2745656+08:00 pid=111272 tid=21 bulk-import render-prepare index=5/6 display=block latex=\frac{\partial}{\partial t}\psi ^*\left( \vec{r} \right) \psi \left( \vec{r} \right) =\frac{i\hbar}{2m}\nabla \cdot \left[ \psi ^*\left( \vec{r} \right) \nabla \psi \left( \vec{r} \right) -\psi \left( \vec{r} \right) \nabla \psi ^*\left( r \right) \right]
2026-09-06T18:32:59.2755655+08:00 pid=111272 tid=21 bulk-import converter-create display=block mode=nativeOle latex=\frac{\partial}{\partial t}\psi ^*\left( \vec{r} \right) \psi \left( \vec{r} \right) =\frac{i\hbar}{2m}\nabla \cdot \left[ \psi ^*\left( \vec{r} \right) \nabla \psi \left( \vec{r} \right) -\psi \left( \vec{r} \right) \nabla \psi ^*\left( r \right) \right]
2026-09-06T18:32:59.2791226+08:00 pid=111272 tid=5 bulk-import converter-created sessionId=60ca45c4-94be-4ec1-b968-0ddbbd387964
2026-09-06T18:32:59.2791226+08:00 pid=111272 tid=5 bulk-import render-prepare index=6/6 display=block latex=\frac{\partial}{\partial t}\rho \left( \vec{r},t \right) +\nabla \cdot \vec{j}=0
2026-09-06T18:32:59.2801338+08:00 pid=111272 tid=5 bulk-import converter-create display=block mode=nativeOle latex=\frac{\partial}{\partial t}\rho \left( \vec{r},t \right) +\nabla \cdot \vec{j}=0
2026-09-06T18:32:59.2831335+08:00 pid=111272 tid=21 bulk-import converter-created sessionId=a8d096dd-82ee-4f78-9215-b0fbe9170645
2026-09-06T18:32:59.2841324+08:00 pid=111272 tid=21 bulk-import render-batch-start unique=6 total=6
2026-09-06T18:32:59.4339952+08:00 pid=111272 tid=20 bulk-import render-batch-item sessionId=005ca60f-a4b1-4f05-9466-9a79ba7e4e71 status=committing display=inline
2026-09-06T18:32:59.5542461+08:00 pid=111272 tid=21 bulk-import render-batch-item sessionId=cbeb1536-8486-4927-81ad-78b19343f579 status=committing display=block
2026-09-06T18:32:59.6585020+08:00 pid=111272 tid=20 bulk-import render-batch-item sessionId=c4be6887-6d07-403c-995f-1cb5d4bf3b4d status=committing display=block
2026-09-06T18:32:59.7633518+08:00 pid=111272 tid=21 bulk-import render-batch-item sessionId=8d574611-7f06-464c-817a-2b2c1b5ebb03 status=committing display=block
2026-09-06T18:32:59.8666600+08:00 pid=111272 tid=20 bulk-import render-batch-item sessionId=60ca45c4-94be-4ec1-b968-0ddbbd387964 status=committing display=block
2026-09-06T18:32:59.9667414+08:00 pid=111272 tid=21 bulk-import render-batch-item sessionId=a8d096dd-82ee-4f78-9215-b0fbe9170645 status=committing display=block
2026-09-06T18:32:59.9677412+08:00 pid=111272 tid=21 bulk-import render-batch-complete unique=6 elapsedMs=683
2026-09-06T18:32:59.9972945+08:00 pid=111272 tid=1 word-undo-begin name=VisualTeX 批量导入 recording=False level=0
2026-09-06T18:32:59.9972945+08:00 pid=111272 tid=1 word-undo-started name=VisualTeX 批量导入 recording=True level=1
2026-09-06T18:33:00.3677020+08:00 pid=111272 tid=1 format-conversion-visualtex-numbering-inventory formulaId=9fb6060b-5814-45d9-8901-b53a2e16a3ea range=215:249 paragraph=203:250 numbered=False
2026-09-06T18:33:00.3687015+08:00 pid=111272 tid=1 format-conversion-visualtex-numbering-inventory formulaId=9791f0fe-7698-45c2-965b-96316324e7d6 range=250:284 paragraph=250:285 numbered=True
2026-09-06T18:33:00.3697010+08:00 pid=111272 tid=1 format-conversion-visualtex-numbering-inventory formulaId=c4c1d72a-6b7a-4aab-a80e-0c50a7e8495e range=285:319 paragraph=285:320 numbered=True
2026-09-06T18:33:00.3707012+08:00 pid=111272 tid=1 format-conversion-visualtex-numbering-inventory formulaId=e4044c3c-25fa-4e28-ab50-983cfd1e5f63 range=349:383 paragraph=349:384 numbered=True
2026-09-06T18:33:00.3707012+08:00 pid=111272 tid=1 format-conversion-visualtex-numbering-inventory formulaId=8bd4a742-a572-444d-b6a1-7cb8a452cff0 range=392:426 paragraph=392:427 numbered=True
2026-09-06T18:33:00.3717043+08:00 pid=111272 tid=1 format-conversion-visualtex-numbering-inventory formulaId=9c810426-23b4-448c-94b6-f36dd44bccf4 range=445:479 paragraph=445:480 numbered=True
2026-09-06T18:33:00.3727021+08:00 pid=111272 tid=1 format-conversion-visualtex-numbering-before-scaffold formulaId=9c810426-23b4-448c-94b6-f36dd44bccf4 frozenRange=visualtex-word-vsto-range:445:479 liveRange=445:479 paragraph=445:480
2026-09-06T18:33:00.4432373+08:00 pid=111272 tid=1 format-conversion-visualtex-numbering-before-scaffold formulaId=8bd4a742-a572-444d-b6a1-7cb8a452cff0 frozenRange=visualtex-word-vsto-range:392:426 liveRange=392:426 paragraph=392:427
2026-09-06T18:33:00.5102484+08:00 pid=111272 tid=1 format-conversion-visualtex-numbering-before-scaffold formulaId=e4044c3c-25fa-4e28-ab50-983cfd1e5f63 frozenRange=visualtex-word-vsto-range:349:383 liveRange=349:383 paragraph=349:384
2026-09-06T18:33:00.5925228+08:00 pid=111272 tid=1 format-conversion-visualtex-numbering-before-scaffold formulaId=c4c1d72a-6b7a-4aab-a80e-0c50a7e8495e frozenRange=visualtex-word-vsto-range:285:319 liveRange=285:319 paragraph=285:320
2026-09-06T18:33:00.6905236+08:00 pid=111272 tid=1 format-conversion-visualtex-numbering-before-scaffold formulaId=9791f0fe-7698-45c2-965b-96316324e7d6 frozenRange=visualtex-word-vsto-range:250:284 liveRange=250:284 paragraph=250:285
2026-09-06T18:33:00.8403231+08:00 pid=111272 tid=1 format-conversion-visualtex-numbering-before-scaffold formulaId=9fb6060b-5814-45d9-8901-b53a2e16a3ea frozenRange=visualtex-word-vsto-range:215:249 liveRange=215:249 paragraph=203:250
2026-09-06T18:33:01.1540650+08:00 pid=111272 tid=1 bulk-import-ole-identities-finalized repaired=0
2026-09-06T18:33:01.1540650+08:00 pid=111272 tid=1 word-undo-end recording=False level=0
2026-09-06T18:33:01.1550590+08:00 pid=111272 tid=7 bulk-import bulk-insert-complete blocks=15 formulas=6 elapsedMs=1185
2026-09-06T18:33:01.1550590+08:00 pid=111272 tid=7 bulk-import bulk-import-complete blocks=15 formulas=6 elapsedMs=12422
2026-09-06T18:33:01.1560606+08:00 pid=111272 tid=7 bulk-import bulk-operation-gate-released
2026-09-06T18:33:01.1840597+08:00 pid=111272 tid=5 office-session-finalization-complete sessions=7 completed=True
2026-09-06T18:33:15.4343970+08:00 pid=111272 tid=11 left-down x=1776 y=1270 wordForeground=False
2026-09-06T18:33:18.4469953+08:00 pid=111272 tid=1 word-undo-begin name=VisualTeX Convert or Update Native OLE Formula recording=False level=0
2026-09-06T18:33:18.4469953+08:00 pid=111272 tid=1 word-undo-started name=VisualTeX Convert or Update Native OLE Formula recording=True level=1
2026-09-06T18:33:18.4479953+08:00 pid=111272 tid=1 format-conversion-subperf [perf] ReplaceOle.locate-target: +1ms (1ms total)
2026-09-06T18:33:18.4609928+08:00 pid=111272 tid=1 format-conversion-subperf [perf] ReplaceOle.update-native-object: +13ms (14ms total)
2026-09-06T18:33:18.4779922+08:00 pid=111272 tid=1 format-conversion-subperf [perf] ReplaceOle.configure: +17ms (31ms total)
2026-09-06T18:33:18.7232733+08:00 pid=111272 tid=1 format-conversion-subperf [perf] ReplaceOle.reconcile: +245ms (276ms total)
2026-09-06T18:33:18.7232733+08:00 pid=111272 tid=1 format-conversion-subperf [perf] ReplaceOle.selection: +0ms (276ms total)
2026-09-06T18:33:18.7332733+08:00 pid=111272 tid=1 word-undo-end recording=True level=1
2026-09-06T18:33:18.7382733+08:00 pid=111272 tid=14 ribbon-session-operation-released sessionId=497e8292-c56a-46ef-9ccc-f05638ce1fa4
2026-09-06T18:33:26.6680939+08:00 pid=111272 tid=11 left-down x=1099 y=716 wordForeground=True
2026-09-06T18:33:28.0999171+08:00 pid=111272 tid=1 word-undo-begin name=VisualTeX Insert Equation Reference recording=False level=0
2026-09-06T18:33:28.1009148+08:00 pid=111272 tid=1 word-undo-started name=VisualTeX Insert Equation Reference recording=True level=1
2026-09-06T18:33:28.1655744+08:00 pid=111272 tid=1 word-undo-end recording=True level=1
2026-09-06T18:33:28.1665753+08:00 pid=111272 tid=1 reference-insertion-complete target=VisualTeX 公式 (3)
2026-09-06T18:33:39.0575350+08:00 pid=111272 tid=1 format-conversion-start sourceMode=nativeOle targetMode=wordOmml wholeDocument=True
2026-09-06T18:33:39.0585340+08:00 pid=111272 tid=1 format-conversion-plan-perf stage=shape-access source=nativeOle index=1/7 deltaMs=0 totalMs=0
2026-09-06T18:33:39.0595344+08:00 pid=111272 tid=1 format-conversion-plan-perf stage=shape-range source=nativeOle index=1/7 deltaMs=0 totalMs=0
2026-09-06T18:33:39.0881013+08:00 pid=111272 tid=1 format-conversion-plan-perf stage=target-added source=nativeOle index=1/7 deltaMs=28 totalMs=28
2026-09-06T18:33:39.0891012+08:00 pid=111272 tid=1 format-conversion-plan-perf stage=shape-access source=nativeOle index=2/7 deltaMs=0 totalMs=0
2026-09-06T18:33:39.0891012+08:00 pid=111272 tid=1 format-conversion-plan-perf stage=shape-range source=nativeOle index=2/7 deltaMs=0 totalMs=0
2026-09-06T18:33:39.1047310+08:00 pid=111272 tid=1 format-conversion-plan-perf stage=target-added source=nativeOle index=2/7 deltaMs=16 totalMs=16
2026-09-06T18:33:39.1057331+08:00 pid=111272 tid=1 format-conversion-plan-perf stage=shape-access source=nativeOle index=3/7 deltaMs=0 totalMs=0
2026-09-06T18:33:39.1067305+08:00 pid=111272 tid=1 format-conversion-plan-perf stage=shape-range source=nativeOle index=3/7 deltaMs=0 totalMs=0
2026-09-06T18:33:39.1357321+08:00 pid=111272 tid=1 format-conversion-plan-perf stage=target-added source=nativeOle index=3/7 deltaMs=30 totalMs=30
2026-09-06T18:33:39.1367307+08:00 pid=111272 tid=1 format-conversion-plan-perf stage=shape-access source=nativeOle index=4/7 deltaMs=0 totalMs=0
2026-09-06T18:33:39.1377305+08:00 pid=111272 tid=1 format-conversion-plan-perf stage=shape-range source=nativeOle index=4/7 deltaMs=0 totalMs=0
2026-09-06T18:33:39.1667315+08:00 pid=111272 tid=1 format-conversion-plan-perf stage=target-added source=nativeOle index=4/7 deltaMs=29 totalMs=29
2026-09-06T18:33:39.1667315+08:00 pid=111272 tid=1 format-conversion-plan-perf stage=shape-access source=nativeOle index=5/7 deltaMs=0 totalMs=0
2026-09-06T18:33:39.1677306+08:00 pid=111272 tid=1 format-conversion-plan-perf stage=shape-range source=nativeOle index=5/7 deltaMs=0 totalMs=0
2026-09-06T18:33:39.2019783+08:00 pid=111272 tid=1 format-conversion-plan-perf stage=target-added source=nativeOle index=5/7 deltaMs=34 totalMs=34
2026-09-06T18:33:39.2025066+08:00 pid=111272 tid=1 format-conversion-plan-perf stage=shape-access source=nativeOle index=6/7 deltaMs=0 totalMs=0
2026-09-06T18:33:39.2035654+08:00 pid=111272 tid=1 format-conversion-plan-perf stage=shape-range source=nativeOle index=6/7 deltaMs=0 totalMs=0
2026-09-06T18:33:39.2345080+08:00 pid=111272 tid=1 format-conversion-plan-perf stage=target-added source=nativeOle index=6/7 deltaMs=32 totalMs=32
2026-09-06T18:33:39.2355080+08:00 pid=111272 tid=1 format-conversion-plan-perf stage=shape-access source=nativeOle index=7/7 deltaMs=0 totalMs=0
2026-09-06T18:33:39.2355080+08:00 pid=111272 tid=1 format-conversion-plan-perf stage=shape-range source=nativeOle index=7/7 deltaMs=0 totalMs=0
2026-09-06T18:33:39.2629326+08:00 pid=111272 tid=1 format-conversion-plan-perf stage=target-added source=nativeOle index=7/7 deltaMs=28 totalMs=28
2026-09-06T18:33:39.2639326+08:00 pid=111272 tid=1 format-conversion-plan sourceMode=nativeOle targetMode=wordOmml targets=7
2026-09-06T18:33:42.8267111+08:00 pid=111272 tid=1 bulk-import converter-create display=block mode=wordOmml latex=a^2+b^2=c^2
2026-09-06T18:33:42.8327136+08:00 pid=111272 tid=18 bulk-import converter-created sessionId=26dec1bd-d013-46cf-80a0-62c5dd490cdf
2026-09-06T18:33:42.8327136+08:00 pid=111272 tid=18 bulk-import converter-create display=inline mode=wordOmml latex=\sqrt{E-u\left(x\right)}=\frac{1}{f\left(\omega\right)v_{ph}\left(\omega,x\right)}
2026-09-06T18:33:42.8367145+08:00 pid=111272 tid=19 bulk-import converter-created sessionId=2742db1a-f962-406c-9fc9-ff3765c56a5a
2026-09-06T18:33:42.8377137+08:00 pid=111272 tid=19 bulk-import converter-create display=block mode=wordOmml latex=\begin{cases}\frac{\mathrm{d}}{\mathrm{d}\omega}\left(\omega f\left(\omega\right)\right)=0 \\ \frac{\omega f\left(\omega\right)}{2}\frac{\mathrm{d}E\left(\omega\right)}{\mathrm{d}\omega}=\sqrt{\frac{m}{2}} \end{cases}
2026-09-06T18:33:42.8417117+08:00 pid=111272 tid=18 bulk-import converter-created sessionId=6a1783e8-fe15-44eb-bab8-118708fe8e55
2026-09-06T18:33:42.8427125+08:00 pid=111272 tid=18 bulk-import converter-create display=block mode=wordOmml latex=E=mc^2
2026-09-06T18:33:42.8475646+08:00 pid=111272 tid=19 bulk-import converter-created sessionId=0631e14f-5e35-4aea-9285-71d7e34cc5dc
2026-09-06T18:33:42.8475646+08:00 pid=111272 tid=19 bulk-import converter-create display=block mode=wordOmml latex=i\hbar \frac{\partial}{\partial t}\psi(\mathbf{r},t) = \left[ -\frac{\hbar^2}{2m}\nabla^2 + V(\mathbf{r},t) \right]\psi(\mathbf{r},t)
2026-09-06T18:33:42.8515650+08:00 pid=111272 tid=18 bulk-import converter-created sessionId=394ce6a2-316e-43e3-8230-f234b7d3bd6b
2026-09-06T18:33:42.8515650+08:00 pid=111272 tid=18 bulk-import converter-create display=block mode=wordOmml latex=\frac{\partial}{\partial t}\psi ^*\left( \vec{r} \right) \psi \left( \vec{r} \right) =\frac{i\hbar}{2m}\nabla \cdot \left[ \psi ^*\left( \vec{r} \right) \nabla \psi \left( \vec{r} \right) -\psi \left( \vec{r} \right) \nabla \psi ^*\left( r \right) \right]
2026-09-06T18:33:42.8555698+08:00 pid=111272 tid=19 bulk-import converter-created sessionId=f59daaf1-a90e-4687-9c25-9148aadbdc0c
2026-09-06T18:33:42.8555698+08:00 pid=111272 tid=19 bulk-import converter-create display=block mode=wordOmml latex=\frac{\partial}{\partial t}\rho \left( \vec{r},t \right) +\nabla \cdot \vec{j}=0
2026-09-06T18:33:42.8585642+08:00 pid=111272 tid=18 bulk-import converter-created sessionId=1dfd84aa-ba50-4270-87b5-191078ec2095
2026-09-06T18:33:42.8585642+08:00 pid=111272 tid=18 format-conversion-render-start sourceMode=nativeOle targetMode=wordOmml sessions=7
2026-09-06T18:33:42.8906951+08:00 pid=111272 tid=19 format-conversion-rendered sourceMode=nativeOle targetMode=wordOmml sessionId=26dec1bd-d013-46cf-80a0-62c5dd490cdf status=committing
2026-09-06T18:33:42.8936931+08:00 pid=111272 tid=18 format-conversion-rendered sourceMode=nativeOle targetMode=wordOmml sessionId=2742db1a-f962-406c-9fc9-ff3765c56a5a status=committing
2026-09-06T18:33:42.8946936+08:00 pid=111272 tid=19 format-conversion-rendered sourceMode=nativeOle targetMode=wordOmml sessionId=6a1783e8-fe15-44eb-bab8-118708fe8e55 status=committing
2026-09-06T18:33:42.8976940+08:00 pid=111272 tid=18 format-conversion-rendered sourceMode=nativeOle targetMode=wordOmml sessionId=0631e14f-5e35-4aea-9285-71d7e34cc5dc status=committing
2026-09-06T18:33:42.9216939+08:00 pid=111272 tid=18 format-conversion-rendered sourceMode=nativeOle targetMode=wordOmml sessionId=394ce6a2-316e-43e3-8230-f234b7d3bd6b status=committing
2026-09-06T18:33:42.9226950+08:00 pid=111272 tid=19 format-conversion-rendered sourceMode=nativeOle targetMode=wordOmml sessionId=f59daaf1-a90e-4687-9c25-9148aadbdc0c status=committing
2026-09-06T18:33:42.9236963+08:00 pid=111272 tid=18 format-conversion-rendered sourceMode=nativeOle targetMode=wordOmml sessionId=1dfd84aa-ba50-4270-87b5-191078ec2095 status=committing
2026-09-06T18:33:42.9236963+08:00 pid=111272 tid=18 format-conversion-word-apply-start sourceMode=nativeOle targetMode=wordOmml targets=7
2026-09-06T18:33:42.9716959+08:00 pid=111272 tid=1 format-conversion-runtime assembly=C:\Users\pojian_liao\AppData\Local\VisualTeX\office\remediation-builds\8F63B42A61757E3A47ABDBE25BE459D963E3852364D5FD24017474A086BCA506\VisualTeX.WordVsto.dll source=nativeOle target=wordOmml targetIsVisualTeX=False targetIsMathType=False
2026-09-06T18:33:43.0008768+08:00 pid=111272 tid=1 format-conversion-reference-aliases-captured sourceMode=nativeOle formulaId=c4c1d72a-6b7a-4aab-a80e-0c50a7e8495e aliases=VTEqNum_c4c1d72a6b7a4aaba80e0c50a7e8495e
2026-09-06T18:33:43.2274269+08:00 pid=111272 tid=1 format-conversion-omml-batch-source-created formulas=7 elapsedMs=182
2026-09-06T18:33:43.3011910+08:00 pid=111272 tid=1 format-conversion-reference-counts-fast-path source=nativeOle formulas=6
2026-09-06T18:33:43.4797752+08:00 pid=111272 tid=1 word-undo-begin name=VisualTeX Convert Formula Format recording=False level=0
2026-09-06T18:33:43.4803023+08:00 pid=111272 tid=1 word-undo-started name=VisualTeX Convert Formula Format recording=True level=1
2026-09-06T18:33:43.4803023+08:00 pid=111272 tid=1 format-conversion-undo-state stage=before-preferences document=文档4 recording=True level=1
2026-09-06T18:33:43.5277291+08:00 pid=111272 tid=1 format-conversion-transaction-start targets=7
2026-09-06T18:33:43.5287262+08:00 pid=111272 tid=1 format-conversion-undo-state stage=after-preferences document=文档4 recording=True level=1
2026-09-06T18:33:43.5313899+08:00 pid=111272 tid=1 format-conversion-undo-state stage=before-source-delete document=文档4 recording=True level=1
2026-09-06T18:33:43.5779579+08:00 pid=111272 tid=1 formula-to-latex-visualtex-paragraph-replaced formulaId=9c810426-23b4-448c-94b6-f36dd44bccf4 range=945:1029
2026-09-06T18:33:43.5819590+08:00 pid=111272 tid=1 format-conversion-perf stage=delete-source-host formulaId=9c810426-23b4-448c-94b6-f36dd44bccf4 numbered=True deltaMs=53 totalMs=53
2026-09-06T18:33:43.5829572+08:00 pid=111272 tid=1 format-conversion-undo-state stage=after-source-delete document=文档4 recording=True level=1
2026-09-06T18:33:43.5959569+08:00 pid=111272 tid=1 word-undo-begin name=VisualTeX Insert Word OMML Display Formula recording=True level=1
2026-09-06T18:33:43.6119582+08:00 pid=111272 tid=1 format-conversion-subperf [perf] InsertOmml.insert-native-omml: +15ms (15ms total)
2026-09-06T18:33:43.6364819+08:00 pid=111272 tid=1 format-conversion-subperf [perf] InsertOmml.post-reconcile-layout: +25ms (40ms total)
2026-09-06T18:33:43.6364819+08:00 pid=111272 tid=1 format-conversion-subperf [perf] InsertOmml.final-fingerprint: +0ms (40ms total)
2026-09-06T18:33:43.6374818+08:00 pid=111272 tid=1 format-conversion-subperf [perf] InsertOmml.final-anchor: +0ms (40ms total)
2026-09-06T18:33:43.6384820+08:00 pid=111272 tid=1 format-conversion-subperf [perf] InsertOmml.final-metadata: +2ms (42ms total)
2026-09-06T18:33:43.6384820+08:00 pid=111272 tid=1 format-conversion-perf stage=insert-target formulaId=9c810426-23b4-448c-94b6-f36dd44bccf4 numbered=True deltaMs=56 totalMs=109
2026-09-06T18:33:43.6384820+08:00 pid=111272 tid=1 format-conversion-undo-state stage=after-target-insert document=文档4 recording=True level=1
2026-09-06T18:33:43.6720277+08:00 pid=111272 tid=1 format-conversion-target-stable formulaId=9c810426-23b4-448c-94b6-f36dd44bccf4 targetMode=wordOmml count=1 elapsedMs=31
2026-09-06T18:33:43.6730283+08:00 pid=111272 tid=1 format-conversion-perf stage=verify-target formulaId=9c810426-23b4-448c-94b6-f36dd44bccf4 numbered=True deltaMs=35 totalMs=144
2026-09-06T18:33:43.6740281+08:00 pid=111272 tid=1 format-conversion-undo-state stage=before-source-delete document=文档4 recording=True level=1
2026-09-06T18:33:43.8576838+08:00 pid=111272 tid=1 formula-to-latex-visualtex-paragraph-replaced formulaId=8bd4a742-a572-444d-b6a1-7cb8a452cff0 range=767:1026
2026-09-06T18:33:43.8706827+08:00 pid=111272 tid=1 format-conversion-perf stage=delete-source-host formulaId=8bd4a742-a572-444d-b6a1-7cb8a452cff0 numbered=True deltaMs=197 totalMs=197
2026-09-06T18:33:43.8716841+08:00 pid=111272 tid=1 format-conversion-undo-state stage=after-source-delete document=文档4 recording=True level=1
2026-09-06T18:33:43.8716841+08:00 pid=111272 tid=1 word-undo-begin name=VisualTeX Insert Word OMML Display Formula recording=True level=1
2026-09-06T18:33:43.8866841+08:00 pid=111272 tid=1 format-conversion-subperf [perf] InsertOmml.insert-native-omml: +14ms (14ms total)
2026-09-06T18:33:43.9286826+08:00 pid=111272 tid=1 format-conversion-subperf [perf] InsertOmml.post-reconcile-layout: +43ms (57ms total)
2026-09-06T18:33:43.9296855+08:00 pid=111272 tid=1 format-conversion-subperf [perf] InsertOmml.final-fingerprint: +0ms (57ms total)
2026-09-06T18:33:43.9296855+08:00 pid=111272 tid=1 format-conversion-subperf [perf] InsertOmml.final-anchor: +0ms (57ms total)
2026-09-06T18:33:43.9306847+08:00 pid=111272 tid=1 format-conversion-subperf [perf] InsertOmml.final-metadata: +1ms (58ms total)
2026-09-06T18:33:43.9306847+08:00 pid=111272 tid=1 format-conversion-perf stage=insert-target formulaId=8bd4a742-a572-444d-b6a1-7cb8a452cff0 numbered=True deltaMs=60 totalMs=257
2026-09-06T18:33:43.9306847+08:00 pid=111272 tid=1 format-conversion-undo-state stage=after-target-insert document=文档4 recording=True level=1
2026-09-06T18:33:43.9693615+08:00 pid=111272 tid=1 format-conversion-target-stable formulaId=8bd4a742-a572-444d-b6a1-7cb8a452cff0 targetMode=wordOmml count=2 elapsedMs=37
2026-09-06T18:33:43.9693615+08:00 pid=111272 tid=1 format-conversion-perf stage=verify-target formulaId=8bd4a742-a572-444d-b6a1-7cb8a452cff0 numbered=True deltaMs=39 totalMs=296
2026-09-06T18:33:43.9703612+08:00 pid=111272 tid=1 format-conversion-undo-state stage=before-source-delete document=文档4 recording=True level=1
2026-09-06T18:33:44.1702484+08:00 pid=111272 tid=1 formula-to-latex-visualtex-paragraph-replaced formulaId=e4044c3c-25fa-4e28-ab50-983cfd1e5f63 range=599:736
2026-09-06T18:33:44.1852571+08:00 pid=111272 tid=1 format-conversion-perf stage=delete-source-host formulaId=e4044c3c-25fa-4e28-ab50-983cfd1e5f63 numbered=True deltaMs=215 totalMs=215
2026-09-06T18:33:44.1852571+08:00 pid=111272 tid=1 format-conversion-undo-state stage=after-source-delete document=文档4 recording=True level=1
2026-09-06T18:33:44.1862569+08:00 pid=111272 tid=1 word-undo-begin name=VisualTeX Insert Word OMML Display Formula recording=True level=1
2026-09-06T18:33:44.1992587+08:00 pid=111272 tid=1 format-conversion-subperf [perf] InsertOmml.insert-native-omml: +13ms (13ms total)
2026-09-06T18:33:44.2363515+08:00 pid=111272 tid=1 format-conversion-subperf [perf] InsertOmml.post-reconcile-layout: +37ms (50ms total)
2026-09-06T18:33:44.2363515+08:00 pid=111272 tid=1 format-conversion-subperf [perf] InsertOmml.final-fingerprint: +1ms (51ms total)
2026-09-06T18:33:44.2373482+08:00 pid=111272 tid=1 format-conversion-subperf [perf] InsertOmml.final-anchor: +0ms (51ms total)
2026-09-06T18:33:44.2383473+08:00 pid=111272 tid=1 format-conversion-subperf [perf] InsertOmml.final-metadata: +1ms (52ms total)
2026-09-06T18:33:44.2383473+08:00 pid=111272 tid=1 format-conversion-perf stage=insert-target formulaId=e4044c3c-25fa-4e28-ab50-983cfd1e5f63 numbered=True deltaMs=54 totalMs=269
2026-09-06T18:33:44.2393493+08:00 pid=111272 tid=1 format-conversion-undo-state stage=after-target-insert document=文档4 recording=True level=1
2026-09-06T18:33:44.2798932+08:00 pid=111272 tid=1 format-conversion-target-stable formulaId=e4044c3c-25fa-4e28-ab50-983cfd1e5f63 targetMode=wordOmml count=3 elapsedMs=40
2026-09-06T18:33:44.2809006+08:00 pid=111272 tid=1 format-conversion-perf stage=verify-target formulaId=e4044c3c-25fa-4e28-ab50-983cfd1e5f63 numbered=True deltaMs=42 totalMs=311
2026-09-06T18:33:44.2819027+08:00 pid=111272 tid=1 format-conversion-undo-state stage=before-source-delete document=文档4 recording=True level=1
2026-09-06T18:33:44.4936032+08:00 pid=111272 tid=1 formula-to-latex-visualtex-paragraph-replaced formulaId=c4c1d72a-6b7a-4aab-a80e-0c50a7e8495e range=410:420
2026-09-06T18:33:44.5046005+08:00 pid=111272 tid=1 format-conversion-perf stage=delete-source-host formulaId=c4c1d72a-6b7a-4aab-a80e-0c50a7e8495e numbered=True deltaMs=223 totalMs=223
2026-09-06T18:33:44.5046005+08:00 pid=111272 tid=1 format-conversion-undo-state stage=after-source-delete document=文档4 recording=True level=1
2026-09-06T18:33:44.5056023+08:00 pid=111272 tid=1 word-undo-begin name=VisualTeX Insert Word OMML Display Formula recording=True level=1
2026-09-06T18:33:44.5226019+08:00 pid=111272 tid=1 format-conversion-subperf [perf] InsertOmml.insert-native-omml: +17ms (17ms total)
2026-09-06T18:33:44.5576027+08:00 pid=111272 tid=1 format-conversion-subperf [perf] InsertOmml.post-reconcile-layout: +35ms (52ms total)
2026-09-06T18:33:44.5576027+08:00 pid=111272 tid=1 format-conversion-subperf [perf] InsertOmml.final-fingerprint: +0ms (52ms total)
2026-09-06T18:33:44.5586044+08:00 pid=111272 tid=1 format-conversion-subperf [perf] InsertOmml.final-anchor: +0ms (52ms total)
2026-09-06T18:33:44.5596022+08:00 pid=111272 tid=1 format-conversion-subperf [perf] InsertOmml.final-metadata: +1ms (53ms total)
2026-09-06T18:33:44.5596022+08:00 pid=111272 tid=1 format-conversion-perf stage=insert-target formulaId=c4c1d72a-6b7a-4aab-a80e-0c50a7e8495e numbered=True deltaMs=55 totalMs=278
2026-09-06T18:33:44.5596022+08:00 pid=111272 tid=1 format-conversion-undo-state stage=after-target-insert document=文档4 recording=True level=1
2026-09-06T18:33:44.5987622+08:00 pid=111272 tid=1 format-conversion-target-stable formulaId=c4c1d72a-6b7a-4aab-a80e-0c50a7e8495e targetMode=wordOmml count=4 elapsedMs=38
2026-09-06T18:33:44.5992732+08:00 pid=111272 tid=1 format-conversion-perf stage=verify-target formulaId=c4c1d72a-6b7a-4aab-a80e-0c50a7e8495e numbered=True deltaMs=40 totalMs=318
2026-09-06T18:33:44.6002843+08:00 pid=111272 tid=1 format-conversion-undo-state stage=before-source-delete document=文档4 recording=True level=1
2026-09-06T18:33:44.7820624+08:00 pid=111272 tid=1 formula-to-latex-visualtex-paragraph-replaced formulaId=9791f0fe-7698-45c2-965b-96316324e7d6 range=250:471
2026-09-06T18:33:44.8010624+08:00 pid=111272 tid=1 format-conversion-perf stage=delete-source-host formulaId=9791f0fe-7698-45c2-965b-96316324e7d6 numbered=True deltaMs=201 totalMs=201
2026-09-06T18:33:44.8020622+08:00 pid=111272 tid=1 format-conversion-undo-state stage=after-source-delete document=文档4 recording=True level=1
2026-09-06T18:33:44.8020622+08:00 pid=111272 tid=1 word-undo-begin name=VisualTeX Insert Word OMML Display Formula recording=True level=1
2026-09-06T18:33:44.8234705+08:00 pid=111272 tid=1 format-conversion-subperf [perf] InsertOmml.insert-native-omml: +20ms (20ms total)
2026-09-06T18:33:44.8724693+08:00 pid=111272 tid=1 format-conversion-subperf [perf] InsertOmml.post-reconcile-layout: +49ms (69ms total)
2026-09-06T18:33:44.8724693+08:00 pid=111272 tid=1 format-conversion-subperf [perf] InsertOmml.final-fingerprint: +1ms (70ms total)
2026-09-06T18:33:44.8734716+08:00 pid=111272 tid=1 format-conversion-subperf [perf] InsertOmml.final-anchor: +0ms (70ms total)
2026-09-06T18:33:44.8744680+08:00 pid=111272 tid=1 format-conversion-subperf [perf] InsertOmml.final-metadata: +1ms (71ms total)
2026-09-06T18:33:44.8744680+08:00 pid=111272 tid=1 format-conversion-perf stage=insert-target formulaId=9791f0fe-7698-45c2-965b-96316324e7d6 numbered=True deltaMs=74 totalMs=275
2026-09-06T18:33:44.8744680+08:00 pid=111272 tid=1 format-conversion-undo-state stage=after-target-insert document=文档4 recording=True level=1
2026-09-06T18:33:44.9134686+08:00 pid=111272 tid=1 format-conversion-target-stable formulaId=9791f0fe-7698-45c2-965b-96316324e7d6 targetMode=wordOmml count=5 elapsedMs=37
2026-09-06T18:33:44.9144708+08:00 pid=111272 tid=1 format-conversion-perf stage=verify-target formulaId=9791f0fe-7698-45c2-965b-96316324e7d6 numbered=True deltaMs=39 totalMs=314
2026-09-06T18:33:44.9154705+08:00 pid=111272 tid=1 format-conversion-undo-state stage=before-source-delete document=文档4 recording=True level=1
2026-09-06T18:33:44.9874681+08:00 pid=111272 tid=1 format-conversion-perf stage=delete-source-host formulaId=9fb6060b-5814-45d9-8901-b53a2e16a3ea numbered=False deltaMs=72 totalMs=72
2026-09-06T18:33:44.9874681+08:00 pid=111272 tid=1 format-conversion-undo-state stage=after-source-delete document=文档4 recording=True level=1
2026-09-06T18:33:44.9884703+08:00 pid=111272 tid=1 word-undo-begin name=VisualTeX Insert Word OMML Inline Formula recording=True level=1
2026-09-06T18:33:45.0401376+08:00 pid=111272 tid=1 format-conversion-subperf [perf] InsertOmml.insert-native-omml: +51ms (51ms total)
2026-09-06T18:33:45.2761734+08:00 pid=111272 tid=1 format-conversion-subperf [perf] InsertOmml.post-reconcile-layout: +236ms (287ms total)
2026-09-06T18:33:45.2761734+08:00 pid=111272 tid=1 format-conversion-subperf [perf] InsertOmml.final-fingerprint: +0ms (287ms total)
2026-09-06T18:33:45.2761734+08:00 pid=111272 tid=1 format-conversion-subperf [perf] InsertOmml.final-anchor: +0ms (287ms total)
2026-09-06T18:33:45.2771742+08:00 pid=111272 tid=1 format-conversion-subperf [perf] InsertOmml.final-metadata: +1ms (288ms total)
2026-09-06T18:33:45.2781717+08:00 pid=111272 tid=1 format-conversion-perf stage=insert-target formulaId=9fb6060b-5814-45d9-8901-b53a2e16a3ea numbered=False deltaMs=291 totalMs=363
2026-09-06T18:33:45.2781717+08:00 pid=111272 tid=1 format-conversion-undo-state stage=after-target-insert document=文档4 recording=False level=0
2026-09-06T18:33:45.3196424+08:00 pid=111272 tid=1 format-conversion-target-stable formulaId=9fb6060b-5814-45d9-8901-b53a2e16a3ea targetMode=wordOmml count=6 elapsedMs=41
2026-09-06T18:33:45.3196424+08:00 pid=111272 tid=1 format-conversion-perf stage=verify-target formulaId=9fb6060b-5814-45d9-8901-b53a2e16a3ea numbered=False deltaMs=42 totalMs=405
2026-09-06T18:33:45.3206460+08:00 pid=111272 tid=1 format-conversion-undo-state stage=before-source-delete document=文档4 recording=False level=0
2026-09-06T18:33:45.5051209+08:00 pid=111272 tid=1 formula-to-latex-visualtex-paragraph-replaced formulaId=71d5f284-2609-41e0-8b1c-79927c8fd42f range=0:15
2026-09-06T18:33:45.5151216+08:00 pid=111272 tid=1 format-conversion-perf stage=delete-source-host formulaId=71d5f284-2609-41e0-8b1c-79927c8fd42f numbered=True deltaMs=194 totalMs=194
2026-09-06T18:33:45.5151216+08:00 pid=111272 tid=1 format-conversion-undo-state stage=after-source-delete document=文档4 recording=False level=0
2026-09-06T18:33:45.5181226+08:00 pid=111272 tid=1 word-undo-begin name=VisualTeX Insert Word OMML Display Formula recording=False level=0
2026-09-06T18:33:45.5181226+08:00 pid=111272 tid=1 word-undo-started name=VisualTeX Insert Word OMML Display Formula recording=True level=1
2026-09-06T18:33:45.5611209+08:00 pid=111272 tid=1 format-conversion-subperf [perf] InsertOmml.insert-native-omml: +43ms (43ms total)
2026-09-06T18:33:45.6011227+08:00 pid=111272 tid=1 format-conversion-subperf [perf] InsertOmml.post-reconcile-layout: +39ms (82ms total)
2026-09-06T18:33:45.6011227+08:00 pid=111272 tid=1 format-conversion-subperf [perf] InsertOmml.final-fingerprint: +0ms (82ms total)
2026-09-06T18:33:45.6011227+08:00 pid=111272 tid=1 format-conversion-subperf [perf] InsertOmml.final-anchor: +1ms (83ms total)
2026-09-06T18:33:45.6021220+08:00 pid=111272 tid=1 format-conversion-subperf [perf] InsertOmml.final-metadata: +1ms (84ms total)
2026-09-06T18:33:45.6031221+08:00 pid=111272 tid=1 word-undo-end recording=True level=1
2026-09-06T18:33:45.6031221+08:00 pid=111272 tid=1 format-conversion-perf stage=insert-target formulaId=71d5f284-2609-41e0-8b1c-79927c8fd42f numbered=True deltaMs=88 totalMs=282
2026-09-06T18:33:45.6031221+08:00 pid=111272 tid=1 format-conversion-undo-state stage=after-target-insert document=文档4 recording=False level=0
2026-09-06T18:33:45.6321221+08:00 pid=111272 tid=1 format-conversion-target-stable formulaId=71d5f284-2609-41e0-8b1c-79927c8fd42f targetMode=wordOmml count=7 elapsedMs=28
2026-09-06T18:33:45.6331242+08:00 pid=111272 tid=1 format-conversion-perf stage=verify-target formulaId=71d5f284-2609-41e0-8b1c-79927c8fd42f numbered=True deltaMs=31 totalMs=313
2026-09-06T18:33:45.6391213+08:00 pid=111272 tid=1 format-conversion-finalize-perf stage=source-residual-check sourceMode=nativeOle targetMode=wordOmml deltaMs=5 totalMs=5
2026-09-06T18:33:45.6391213+08:00 pid=111272 tid=1 format-conversion-finalize-perf stage=target-count-check sourceMode=nativeOle targetMode=wordOmml deltaMs=0 totalMs=5
2026-09-06T18:33:45.6401232+08:00 pid=111272 tid=1 format-conversion-undo-state stage=before-source-window-close-commit document=文档4 recording=False level=0
2026-09-06T18:33:45.6401232+08:00 pid=111272 tid=1 format-conversion-undo-state stage=after-source-window-close-commit document=文档4 recording=False level=0
2026-09-06T18:33:45.9028994+08:00 pid=111272 tid=1 word-undo-begin name=VisualTeX Finalize Formula Conversion recording=False level=0
2026-09-06T18:33:45.9028994+08:00 pid=111272 tid=1 word-undo-started name=VisualTeX Finalize Formula Conversion recording=True level=1
2026-09-06T18:33:45.9868989+08:00 pid=111272 tid=1 word-xml-incomplete-export document=文档4 attempt=1 maths=0/7 oles=0/0
2026-09-06T18:33:46.1862511+08:00 pid=111272 tid=1 format-conversion-omml-identities-before-numbering count=7
2026-09-06T18:33:46.1872512+08:00 pid=111272 tid=1 format-conversion-number-format-restored format=continuous
2026-09-06T18:33:53.7596021+08:00 pid=111272 tid=1 format-conversion-numbering-direct-table-complete targetMode=wordOmml built=6 removedBlankParagraphs=6
2026-09-06T18:33:53.7606021+08:00 pid=111272 tid=1 format-conversion-adjacent-ole-identities-rebound count=0
2026-09-06T18:33:53.8131875+08:00 pid=111272 tid=1 format-conversion-numbering-table-rows-grouped boundaries=1 formulas=6
2026-09-06T18:33:53.8849095+08:00 pid=111272 tid=1 format-conversion-reference-aliases-restored sourceMode=nativeOle targetMode=wordOmml aliases=1 refreshedReferences=1 restoredFormatting=1
2026-09-06T18:33:53.8949096+08:00 pid=111272 tid=1 format-conversion-finalize-perf stage=numbering-reconcile sourceMode=nativeOle targetMode=wordOmml deltaMs=8256 totalMs=8261
2026-09-06T18:33:53.9919096+08:00 pid=111272 tid=1 format-conversion-omml-fingerprints-finalized count=7
2026-09-06T18:33:53.9929096+08:00 pid=111272 tid=1 format-conversion-finalize-perf stage=omml-fingerprint-refresh sourceMode=nativeOle targetMode=wordOmml deltaMs=98 totalMs=8359
2026-09-06T18:33:53.9939119+08:00 pid=111272 tid=1 format-conversion-transaction-completed targets=7
2026-09-06T18:33:53.9949096+08:00 pid=111272 tid=17 format-conversion-word-apply-finished sourceMode=nativeOle targetMode=wordOmml converted=7 failed=0
2026-09-06T18:33:53.9949096+08:00 pid=111272 tid=17 format-conversion-session-cleanup-start sessions=7
2026-09-06T18:33:53.9949096+08:00 pid=111272 tid=17 format-conversion-complete source=VisualTeX target=OMML converted=7 failed=0
2026-09-06T18:33:53.9979125+08:00 pid=111272 tid=19 format-conversion-session-cleanup-complete sessions=7
2026-09-06T18:34:34.8346707+08:00 pid=111272 tid=11 left-down x=1055 y=2143 wordForeground=True
2026-09-06T18:34:36.2196490+08:00 pid=111272 tid=11 left-down x=1112 y=285 wordForeground=False
2026-09-06T18:34:37.4477432+08:00 pid=111272 tid=11 left-down x=1489 y=316 wordForeground=False
2026-09-06T18:35:58.0602733+08:00 pid=111272 tid=11 left-down x=214 y=595 wordForeground=True
2026-09-06T18:35:58.2494783+08:00 pid=111272 tid=11 left-down x=214 y=595 wordForeground=True
2026-09-06T18:35:58.2514783+08:00 pid=111272 tid=11 double-click elapsedMs=189.214 withinX=True withinY=True nativeOleTarget=False suppressSecondDown=False dispatchCallback=True
2026-09-06T18:35:58.3556754+08:00 pid=111272 tid=13 callback-begin interceptedNativeOle=False x=214 y=595
2026-09-06T18:35:58.3566754+08:00 pid=111272 tid=13 addin-callback-received interceptedNativeOle=False x=214 y=595
2026-09-06T18:35:58.3566754+08:00 pid=111272 tid=13 callback-end
2026-09-06T18:35:58.3586766+08:00 pid=111272 tid=1 addin-coordinate-selection formulaId=<null> objectMode=<null>
2026-09-06T18:36:40.5452892+08:00 pid=111272 tid=21 ribbon-session-operation-released sessionId=e685de84-5c81-422c-9122-3795caec8e6a
2026-09-06T18:36:59.2416749+08:00 pid=111272 tid=11 left-down x=1776 y=1270 wordForeground=False
2026-09-06T18:37:02.2136912+08:00 pid=111272 tid=1 word-undo-begin name=VisualTeX Convert or Update Word OMML Formula recording=False level=0
2026-09-06T18:37:02.2136912+08:00 pid=111272 tid=1 word-undo-started name=VisualTeX Convert or Update Word OMML Formula recording=True level=1
2026-09-06T18:37:02.2146913+08:00 pid=111272 tid=1 format-conversion-subperf [perf] ReplaceOmml.locate-target: +1ms (1ms total)
2026-09-06T18:37:02.3517612+08:00 pid=111272 tid=1 format-conversion-subperf [perf] ReplaceOmml.source-range-resolve: +137ms (138ms total)
2026-09-06T18:37:02.3688728+08:00 pid=111272 tid=1 format-conversion-subperf [perf] ReplaceOmml.rollback-capture: +17ms (155ms total)
2026-09-06T18:37:03.1725406+08:00 pid=111272 tid=1 format-conversion-subperf [perf] ReplaceOmml.direct-host-health: +804ms (959ms total)
2026-09-06T18:37:03.1735409+08:00 pid=111272 tid=1 format-conversion-subperf [perf] ReplaceOmml.direct-content-prep: +1ms (960ms total)
2026-09-06T18:37:03.1745406+08:00 pid=111272 tid=1 format-conversion-subperf [perf] ReplaceOmml.resolve-source: +1ms (961ms total)
2026-09-06T18:37:03.2189157+08:00 pid=111272 tid=1 format-conversion-subperf [perf] ReplaceOmml.insert-native-omml: +44ms (1005ms total)
2026-09-06T18:37:03.2409149+08:00 pid=111272 tid=1 format-conversion-subperf [perf] ReplaceOmml.validate-native-omml: +22ms (1027ms total)
2026-09-06T18:37:03.3345275+08:00 pid=111272 tid=1 format-conversion-subperf [perf] ReplaceOmml.stamp-fingerprint: +94ms (1121ms total)
2026-09-06T18:37:03.3829438+08:00 pid=111272 tid=1 format-conversion-subperf [perf] ReplaceOmml.wrap-formula-anchor: +48ms (1169ms total)
2026-09-06T18:37:03.3839440+08:00 pid=111272 tid=1 format-conversion-subperf [perf] ReplaceOmml.protect-source-metadata: +1ms (1170ms total)
2026-09-06T18:37:03.3839440+08:00 pid=111272 tid=1 format-conversion-subperf [perf] ReplaceOmml.reconcile: +0ms (1170ms total)
2026-09-06T18:37:03.4457434+08:00 pid=111272 tid=1 format-conversion-subperf [perf] ReplaceOmml.final-identity-resolve: +62ms (1232ms total)
2026-09-06T18:37:03.4807437+08:00 pid=111272 tid=1 format-conversion-subperf [perf] ReplaceOmml.final-identity-fingerprint: +35ms (1267ms total)
2026-09-06T18:37:03.4817435+08:00 pid=111272 tid=1 format-conversion-subperf [perf] ReplaceOmml.final-identity-anchor: +0ms (1267ms total)
2026-09-06T18:37:03.4887449+08:00 pid=111272 tid=1 format-conversion-subperf [perf] ReplaceOmml.final-identity-metadata: +8ms (1275ms total)
2026-09-06T18:37:03.4897439+08:00 pid=111272 tid=1 format-conversion-subperf [perf] ReplaceOmml.finalize-identity: +0ms (1275ms total)
2026-09-06T18:37:03.4897439+08:00 pid=111272 tid=1 format-conversion-subperf [perf] ReplaceOmml.prepare-result: +1ms (1276ms total)
2026-09-06T18:37:03.5427435+08:00 pid=111272 tid=1 format-conversion-subperf [perf] ReplaceOmml.restore-view: +53ms (1329ms total)
2026-09-06T18:37:03.5437437+08:00 pid=111272 tid=1 format-conversion-subperf [perf] ReplaceOmml.restore-screen-updating: +0ms (1329ms total)
2026-09-06T18:37:03.5437437+08:00 pid=111272 tid=1 word-undo-end recording=False level=0
2026-09-06T18:37:03.5437437+08:00 pid=111272 tid=1 format-conversion-subperf [perf] ReplaceOmml.end-undo: +1ms (1330ms total)
2026-09-06T18:37:03.5437437+08:00 pid=111272 tid=1 format-conversion-subperf [perf] ReplaceOmml.release-rcws: +0ms (1330ms total)
2026-09-06T18:37:03.5477437+08:00 pid=111272 tid=16 ribbon-session-operation-released sessionId=309a978d-5323-4b80-a192-6125a180f966
2026-09-06T18:37:16.8553884+08:00 pid=111272 tid=1 format-conversion-start sourceMode=wordOmml targetMode=mathTypeOle wholeDocument=True
2026-09-06T18:37:18.9115738+08:00 pid=111272 tid=1 format-conversion-plan sourceMode=wordOmml targetMode=mathTypeOle targets=7
2026-09-06T18:37:21.2618810+08:00 pid=111272 tid=1 format-conversion-render-bypass sourceMode=wordOmml targetMode=mathTypeOle targets=7 reason=source-mathml-ready
2026-09-06T18:37:21.6006036+08:00 pid=111272 tid=1 format-conversion-native-preview-batch-complete formulas=7 elapsedMs=323
2026-09-06T18:37:21.6006036+08:00 pid=111272 tid=1 format-conversion-word-apply-start sourceMode=wordOmml targetMode=mathTypeOle targets=7
2026-09-06T18:37:22.6908832+08:00 pid=111272 tid=1 format-conversion-runtime assembly=C:\Users\pojian_liao\AppData\Local\VisualTeX\office\remediation-builds\8F63B42A61757E3A47ABDBE25BE459D963E3852364D5FD24017474A086BCA506\VisualTeX.WordVsto.dll source=wordOmml target=mathTypeOle targetIsVisualTeX=False targetIsMathType=True
2026-09-06T18:37:22.7155082+08:00 pid=111272 tid=1 format-conversion-reference-aliases-captured sourceMode=wordOmml formulaId=2c955060-9d07-44c3-b709-f38d2057e902 aliases=VTEqNum_c4c1d72a6b7a4aaba80e0c50a7e8495e
2026-09-06T18:37:23.4356569+08:00 pid=111272 tid=1 word-undo-begin name=VisualTeX Convert Formula Format recording=False level=0
2026-09-06T18:37:23.4366595+08:00 pid=111272 tid=1 word-undo-started name=VisualTeX Convert Formula Format recording=True level=1
2026-09-06T18:37:23.4366595+08:00 pid=111272 tid=1 format-conversion-undo-state stage=before-preferences document=文档4 recording=True level=1
2026-09-06T18:37:23.4366595+08:00 pid=111272 tid=1 format-conversion-transaction-start targets=7
2026-09-06T18:37:23.4366595+08:00 pid=111272 tid=1 format-conversion-undo-state stage=after-preferences document=文档4 recording=True level=1
2026-09-06T18:37:23.4376597+08:00 pid=111272 tid=1 format-conversion-undo-state stage=before-source-delete document=文档4 recording=True level=1
2026-09-06T18:37:23.8418365+08:00 pid=111272 tid=1 format-conversion-direct-numbered-omml-delete formulaId=e9e1a458-f2d0-4fb2-8ca4-b121c2eb5b2e start=714
2026-09-06T18:37:23.8428370+08:00 pid=111272 tid=1 format-conversion-perf stage=delete-source-host formulaId=e9e1a458-f2d0-4fb2-8ca4-b121c2eb5b2e numbered=True deltaMs=405 totalMs=405
2026-09-06T18:37:23.8428370+08:00 pid=111272 tid=1 format-conversion-undo-state stage=after-source-delete document=文档4 recording=False level=0
2026-09-06T18:37:23.8948362+08:00 pid=111272 tid=1 word-undo-begin name=VisualTeX Insert MathType OLE Numbered Display Formula recording=False level=0
2026-09-06T18:37:23.8948362+08:00 pid=111272 tid=1 word-undo-started name=VisualTeX Insert MathType OLE Numbered Display Formula recording=True level=1
2026-09-06T18:37:23.9388382+08:00 pid=111272 tid=1 mathtype-insert-perf stage=resolve-insertion numbered=True inline=False deltaMs=44 totalMs=44
2026-09-06T18:37:23.9408367+08:00 pid=111272 tid=1 mathtype-insert-perf stage=clear-incomplete-number-row numbered=True inline=False deltaMs=2 totalMs=46
2026-09-06T18:37:23.9428369+08:00 pid=111272 tid=1 mathtype-insert-perf stage=number-template-heading-state numbered=True inline=False deltaMs=1 totalMs=47
2026-09-06T18:37:23.9448365+08:00 pid=111272 tid=1 mathtype-insert-perf stage=prepare-display-row numbered=True inline=False deltaMs=2 totalMs=49
2026-09-06T18:37:23.9648370+08:00 pid=111272 tid=1 mathtype-insert-perf stage=build-flat-opc numbered=True inline=False deltaMs=21 totalMs=70
2026-09-06T18:37:23.9658365+08:00 pid=111272 tid=1 mathtype-insert-perf stage=pre-insert-bookkeeping numbered=True inline=False deltaMs=0 totalMs=70
2026-09-06T18:37:24.0129228+08:00 pid=111272 tid=1 mathtype-insert-perf stage=insert-flat-opc numbered=True inline=False deltaMs=48 totalMs=118
2026-09-06T18:37:24.0159246+08:00 pid=111272 tid=1 mathtype-insert-perf stage=resolve-new-shape numbered=True inline=False deltaMs=3 totalMs=121
2026-09-06T18:37:24.0169246+08:00 pid=111272 tid=1 mathtype-insert-perf stage=set-shape-geometry numbered=True inline=False deltaMs=1 totalMs=122
2026-09-06T18:37:24.0169246+08:00 pid=111272 tid=1 mathtype-insert-perf stage=repair-inline-paragraph numbered=True inline=False deltaMs=0 totalMs=122
2026-09-06T18:37:24.0179224+08:00 pid=111272 tid=1 mathtype-insert-perf stage=refresh-native-shape numbered=True inline=False deltaMs=0 totalMs=122
2026-09-06T18:37:24.1576725+08:00 pid=111272 tid=1 mathtype-insert-perf stage=bind-created-object-identity numbered=True inline=False deltaMs=140 totalMs=262
2026-09-06T18:37:24.1576725+08:00 pid=111272 tid=1 mathtype-insert-perf stage=complete numbered=True inline=False deltaMs=1 totalMs=263
2026-09-06T18:37:24.1586729+08:00 pid=111272 tid=1 word-undo-end recording=True level=1
2026-09-06T18:37:24.1586729+08:00 pid=111272 tid=1 format-conversion-perf stage=insert-target formulaId=e9e1a458-f2d0-4fb2-8ca4-b121c2eb5b2e numbered=True deltaMs=316 totalMs=721
2026-09-06T18:37:24.1596737+08:00 pid=111272 tid=1 format-conversion-undo-state stage=after-target-insert document=文档4 recording=False level=0
2026-09-06T18:37:24.1626727+08:00 pid=111272 tid=1 format-conversion-bookmarked-target-stable formulaId=e9e1a458-f2d0-4fb2-8ca4-b121c2eb5b2e bookmark=VTMT_59d89f7394424e7d891fa436f1f0e333 range=715:741 elapsedMs=2
2026-09-06T18:37:24.1646731+08:00 pid=111272 tid=1 format-conversion-direct-managed-omml-metadata-deleted formulaId=e9e1a458-f2d0-4fb2-8ca4-b121c2eb5b2e numbered=True
2026-09-06T18:37:24.1646731+08:00 pid=111272 tid=1 format-conversion-perf stage=verify-target formulaId=e9e1a458-f2d0-4fb2-8ca4-b121c2eb5b2e numbered=True deltaMs=6 totalMs=727
2026-09-06T18:37:24.1656732+08:00 pid=111272 tid=1 format-conversion-undo-state stage=before-source-delete document=文档4 recording=False level=0
2026-09-06T18:37:24.7073056+08:00 pid=111272 tid=1 format-conversion-direct-numbered-omml-delete formulaId=a65e4915-e1bf-4160-9501-42f50fa56329 start=548
2026-09-06T18:37:24.7073056+08:00 pid=111272 tid=1 format-conversion-perf stage=delete-source-host formulaId=a65e4915-e1bf-4160-9501-42f50fa56329 numbered=True deltaMs=542 totalMs=542
2026-09-06T18:37:24.7083027+08:00 pid=111272 tid=1 format-conversion-undo-state stage=after-source-delete document=文档4 recording=False level=0
2026-09-06T18:37:24.7561783+08:00 pid=111272 tid=1 word-undo-begin name=VisualTeX Insert MathType OLE Numbered Display Formula recording=False level=0
2026-09-06T18:37:24.7561783+08:00 pid=111272 tid=1 word-undo-started name=VisualTeX Insert MathType OLE Numbered Display Formula recording=True level=1
2026-09-06T18:37:24.7908726+08:00 pid=111272 tid=1 mathtype-insert-perf stage=resolve-insertion numbered=True inline=False deltaMs=34 totalMs=34
2026-09-06T18:37:24.7928725+08:00 pid=111272 tid=1 mathtype-insert-perf stage=clear-incomplete-number-row numbered=True inline=False deltaMs=2 totalMs=36
2026-09-06T18:37:24.7928725+08:00 pid=111272 tid=1 mathtype-insert-perf stage=number-template-heading-state numbered=True inline=False deltaMs=0 totalMs=36
2026-09-06T18:37:24.7958710+08:00 pid=111272 tid=1 mathtype-insert-perf stage=prepare-display-row numbered=True inline=False deltaMs=3 totalMs=39
2026-09-06T18:37:24.8018702+08:00 pid=111272 tid=1 mathtype-insert-perf stage=build-flat-opc numbered=True inline=False deltaMs=6 totalMs=45
2026-09-06T18:37:24.8018702+08:00 pid=111272 tid=1 mathtype-insert-perf stage=pre-insert-bookkeeping numbered=True inline=False deltaMs=0 totalMs=45
2026-09-06T18:37:24.8367201+08:00 pid=111272 tid=1 mathtype-insert-perf stage=insert-flat-opc numbered=True inline=False deltaMs=35 totalMs=80
2026-09-06T18:37:24.8377195+08:00 pid=111272 tid=1 mathtype-insert-perf stage=resolve-new-shape numbered=True inline=False deltaMs=1 totalMs=81
2026-09-06T18:37:24.8377195+08:00 pid=111272 tid=1 mathtype-insert-perf stage=set-shape-geometry numbered=True inline=False deltaMs=0 totalMs=81
2026-09-06T18:37:24.8387198+08:00 pid=111272 tid=1 mathtype-insert-perf stage=repair-inline-paragraph numbered=True inline=False deltaMs=0 totalMs=81
2026-09-06T18:37:24.8387198+08:00 pid=111272 tid=1 mathtype-insert-perf stage=refresh-native-shape numbered=True inline=False deltaMs=1 totalMs=82
2026-09-06T18:37:24.8740471+08:00 pid=111272 tid=1 mathtype-insert-perf stage=bind-created-object-identity numbered=True inline=False deltaMs=35 totalMs=117
2026-09-06T18:37:24.8740471+08:00 pid=111272 tid=1 mathtype-insert-perf stage=complete numbered=True inline=False deltaMs=0 totalMs=117
2026-09-06T18:37:24.8750473+08:00 pid=111272 tid=1 word-undo-end recording=True level=1
2026-09-06T18:37:24.8750473+08:00 pid=111272 tid=1 format-conversion-perf stage=insert-target formulaId=a65e4915-e1bf-4160-9501-42f50fa56329 numbered=True deltaMs=167 totalMs=709
2026-09-06T18:37:24.8760452+08:00 pid=111272 tid=1 format-conversion-undo-state stage=after-target-insert document=文档4 recording=False level=0
2026-09-06T18:37:24.8770458+08:00 pid=111272 tid=1 format-conversion-bookmarked-target-stable formulaId=a65e4915-e1bf-4160-9501-42f50fa56329 bookmark=VTMT_65a2b45ce5e449368ce9961dd756bef6 range=549:575 elapsedMs=0
2026-09-06T18:37:24.8780473+08:00 pid=111272 tid=1 format-conversion-direct-managed-omml-metadata-deleted formulaId=a65e4915-e1bf-4160-9501-42f50fa56329 numbered=True
2026-09-06T18:37:24.8780473+08:00 pid=111272 tid=1 format-conversion-perf stage=verify-target formulaId=a65e4915-e1bf-4160-9501-42f50fa56329 numbered=True deltaMs=3 totalMs=712
2026-09-06T18:37:24.8790458+08:00 pid=111272 tid=1 format-conversion-undo-state stage=before-source-delete document=文档4 recording=False level=0
2026-09-06T18:37:25.3338469+08:00 pid=111272 tid=1 format-conversion-direct-numbered-omml-delete formulaId=01d4b67f-50e1-4d82-be88-ac1988df9a6b start=416
2026-09-06T18:37:25.3338469+08:00 pid=111272 tid=1 format-conversion-perf stage=delete-source-host formulaId=01d4b67f-50e1-4d82-be88-ac1988df9a6b numbered=True deltaMs=455 totalMs=455
2026-09-06T18:37:25.3348480+08:00 pid=111272 tid=1 format-conversion-undo-state stage=after-source-delete document=文档4 recording=False level=0
2026-09-06T18:37:25.3814771+08:00 pid=111272 tid=1 word-undo-begin name=VisualTeX Insert MathType OLE Numbered Display Formula recording=False level=0
2026-09-06T18:37:25.3820018+08:00 pid=111272 tid=1 word-undo-started name=VisualTeX Insert MathType OLE Numbered Display Formula recording=True level=1
2026-09-06T18:37:25.4158448+08:00 pid=111272 tid=1 mathtype-insert-perf stage=resolve-insertion numbered=True inline=False deltaMs=34 totalMs=34
2026-09-06T18:37:25.4168446+08:00 pid=111272 tid=1 mathtype-insert-perf stage=clear-incomplete-number-row numbered=True inline=False deltaMs=1 totalMs=35
2026-09-06T18:37:25.4168446+08:00 pid=111272 tid=1 mathtype-insert-perf stage=number-template-heading-state numbered=True inline=False deltaMs=0 totalMs=35
2026-09-06T18:37:25.4178446+08:00 pid=111272 tid=1 mathtype-insert-perf stage=prepare-display-row numbered=True inline=False deltaMs=1 totalMs=36
2026-09-06T18:37:25.4238446+08:00 pid=111272 tid=1 mathtype-insert-perf stage=build-flat-opc numbered=True inline=False deltaMs=6 totalMs=42
2026-09-06T18:37:25.4238446+08:00 pid=111272 tid=1 mathtype-insert-perf stage=pre-insert-bookkeeping numbered=True inline=False deltaMs=0 totalMs=42
2026-09-06T18:37:25.4621183+08:00 pid=111272 tid=1 mathtype-insert-perf stage=insert-flat-opc numbered=True inline=False deltaMs=38 totalMs=80
2026-09-06T18:37:25.4631176+08:00 pid=111272 tid=1 mathtype-insert-perf stage=resolve-new-shape numbered=True inline=False deltaMs=1 totalMs=81
2026-09-06T18:37:25.4631176+08:00 pid=111272 tid=1 mathtype-insert-perf stage=set-shape-geometry numbered=True inline=False deltaMs=1 totalMs=82
2026-09-06T18:37:25.4641179+08:00 pid=111272 tid=1 mathtype-insert-perf stage=repair-inline-paragraph numbered=True inline=False deltaMs=0 totalMs=82
2026-09-06T18:37:25.4641179+08:00 pid=111272 tid=1 mathtype-insert-perf stage=refresh-native-shape numbered=True inline=False deltaMs=0 totalMs=82
2026-09-06T18:37:25.4901174+08:00 pid=111272 tid=1 mathtype-insert-perf stage=bind-created-object-identity numbered=True inline=False deltaMs=27 totalMs=109
2026-09-06T18:37:25.4911191+08:00 pid=111272 tid=1 mathtype-insert-perf stage=complete numbered=True inline=False deltaMs=0 totalMs=109
2026-09-06T18:37:25.4911191+08:00 pid=111272 tid=1 word-undo-end recording=True level=1
2026-09-06T18:37:25.4911191+08:00 pid=111272 tid=1 format-conversion-perf stage=insert-target formulaId=01d4b67f-50e1-4d82-be88-ac1988df9a6b numbered=True deltaMs=157 totalMs=612
2026-09-06T18:37:25.4911191+08:00 pid=111272 tid=1 format-conversion-undo-state stage=after-target-insert document=文档4 recording=False level=0
2026-09-06T18:37:25.4921182+08:00 pid=111272 tid=1 format-conversion-bookmarked-target-stable formulaId=01d4b67f-50e1-4d82-be88-ac1988df9a6b bookmark=VTMT_c7dcb05325594ad79800a0c2d2076de2 range=417:443 elapsedMs=0
2026-09-06T18:37:25.4921182+08:00 pid=111272 tid=1 format-conversion-direct-managed-omml-metadata-deleted formulaId=01d4b67f-50e1-4d82-be88-ac1988df9a6b numbered=True
2026-09-06T18:37:25.4931184+08:00 pid=111272 tid=1 format-conversion-perf stage=verify-target formulaId=01d4b67f-50e1-4d82-be88-ac1988df9a6b numbered=True deltaMs=1 totalMs=613
2026-09-06T18:37:25.4931184+08:00 pid=111272 tid=1 format-conversion-undo-state stage=before-source-delete document=文档4 recording=False level=0
2026-09-06T18:37:26.0426950+08:00 pid=111272 tid=1 format-conversion-direct-numbered-omml-delete formulaId=2c955060-9d07-44c3-b709-f38d2057e902 start=304
2026-09-06T18:37:26.0426950+08:00 pid=111272 tid=1 format-conversion-perf stage=delete-source-host formulaId=2c955060-9d07-44c3-b709-f38d2057e902 numbered=True deltaMs=549 totalMs=549
2026-09-06T18:37:26.0436946+08:00 pid=111272 tid=1 format-conversion-undo-state stage=after-source-delete document=文档4 recording=False level=0
2026-09-06T18:37:26.0808797+08:00 pid=111272 tid=1 word-undo-begin name=VisualTeX Insert MathType OLE Numbered Display Formula recording=False level=0
2026-09-06T18:37:26.0808797+08:00 pid=111272 tid=1 word-undo-started name=VisualTeX Insert MathType OLE Numbered Display Formula recording=True level=1
2026-09-06T18:37:26.1018783+08:00 pid=111272 tid=1 mathtype-insert-perf stage=resolve-insertion numbered=True inline=False deltaMs=21 totalMs=21
2026-09-06T18:37:26.1028790+08:00 pid=111272 tid=1 mathtype-insert-perf stage=clear-incomplete-number-row numbered=True inline=False deltaMs=1 totalMs=22
2026-09-06T18:37:26.1028790+08:00 pid=111272 tid=1 mathtype-insert-perf stage=number-template-heading-state numbered=True inline=False deltaMs=0 totalMs=22
2026-09-06T18:37:26.1038789+08:00 pid=111272 tid=1 mathtype-insert-perf stage=prepare-display-row numbered=True inline=False deltaMs=1 totalMs=23
2026-09-06T18:37:26.1088778+08:00 pid=111272 tid=1 mathtype-insert-perf stage=build-flat-opc numbered=True inline=False deltaMs=5 totalMs=28
2026-09-06T18:37:26.1100269+08:00 pid=111272 tid=1 mathtype-insert-perf stage=pre-insert-bookkeeping numbered=True inline=False deltaMs=1 totalMs=29
2026-09-06T18:37:26.1435481+08:00 pid=111272 tid=1 mathtype-insert-perf stage=insert-flat-opc numbered=True inline=False deltaMs=33 totalMs=62
2026-09-06T18:37:26.1435481+08:00 pid=111272 tid=1 mathtype-insert-perf stage=resolve-new-shape numbered=True inline=False deltaMs=1 totalMs=63
2026-09-06T18:37:26.1445474+08:00 pid=111272 tid=1 mathtype-insert-perf stage=set-shape-geometry numbered=True inline=False deltaMs=0 totalMs=63
2026-09-06T18:37:26.1445474+08:00 pid=111272 tid=1 mathtype-insert-perf stage=repair-inline-paragraph numbered=True inline=False deltaMs=0 totalMs=63
2026-09-06T18:37:26.1445474+08:00 pid=111272 tid=1 mathtype-insert-perf stage=refresh-native-shape numbered=True inline=False deltaMs=1 totalMs=64
2026-09-06T18:37:26.1658671+08:00 pid=111272 tid=1 mathtype-insert-perf stage=bind-created-object-identity numbered=True inline=False deltaMs=21 totalMs=85
2026-09-06T18:37:26.1658671+08:00 pid=111272 tid=1 mathtype-insert-perf stage=complete numbered=True inline=False deltaMs=0 totalMs=85
2026-09-06T18:37:26.1668673+08:00 pid=111272 tid=1 word-undo-end recording=True level=1
2026-09-06T18:37:26.1668673+08:00 pid=111272 tid=1 format-conversion-perf stage=insert-target formulaId=2c955060-9d07-44c3-b709-f38d2057e902 numbered=True deltaMs=124 totalMs=673
2026-09-06T18:37:26.1668673+08:00 pid=111272 tid=1 format-conversion-undo-state stage=after-target-insert document=文档4 recording=False level=0
2026-09-06T18:37:26.1678685+08:00 pid=111272 tid=1 format-conversion-bookmarked-target-stable formulaId=2c955060-9d07-44c3-b709-f38d2057e902 bookmark=VTMT_ef539e2a3a5e497982358119dee58f3e range=305:331 elapsedMs=0
2026-09-06T18:37:26.1678685+08:00 pid=111272 tid=1 format-conversion-direct-managed-omml-metadata-deleted formulaId=2c955060-9d07-44c3-b709-f38d2057e902 numbered=True
2026-09-06T18:37:26.1678685+08:00 pid=111272 tid=1 format-conversion-perf stage=verify-target formulaId=2c955060-9d07-44c3-b709-f38d2057e902 numbered=True deltaMs=2 totalMs=675
2026-09-06T18:37:26.1688674+08:00 pid=111272 tid=1 format-conversion-undo-state stage=before-source-delete document=文档4 recording=False level=0
2026-09-06T18:37:26.4708428+08:00 pid=111272 tid=1 format-conversion-direct-numbered-omml-delete formulaId=95d946fa-c915-4e95-b0ee-060c8c57196f start=180
2026-09-06T18:37:26.4718425+08:00 pid=111272 tid=1 format-conversion-perf stage=delete-source-host formulaId=95d946fa-c915-4e95-b0ee-060c8c57196f numbered=True deltaMs=302 totalMs=302
2026-09-06T18:37:26.4718425+08:00 pid=111272 tid=1 format-conversion-undo-state stage=after-source-delete document=文档4 recording=False level=0
2026-09-06T18:37:26.5104468+08:00 pid=111272 tid=1 word-undo-begin name=VisualTeX Insert MathType OLE Numbered Display Formula recording=False level=0
2026-09-06T18:37:26.5104468+08:00 pid=111272 tid=1 word-undo-started name=VisualTeX Insert MathType OLE Numbered Display Formula recording=True level=1
2026-09-06T18:37:26.5294457+08:00 pid=111272 tid=1 mathtype-insert-perf stage=resolve-insertion numbered=True inline=False deltaMs=19 totalMs=19
2026-09-06T18:37:26.5304455+08:00 pid=111272 tid=1 mathtype-insert-perf stage=clear-incomplete-number-row numbered=True inline=False deltaMs=1 totalMs=20
2026-09-06T18:37:26.5314486+08:00 pid=111272 tid=1 mathtype-insert-perf stage=number-template-heading-state numbered=True inline=False deltaMs=1 totalMs=21
2026-09-06T18:37:26.5334452+08:00 pid=111272 tid=1 mathtype-insert-perf stage=prepare-display-row numbered=True inline=False deltaMs=2 totalMs=23
2026-09-06T18:37:26.5414479+08:00 pid=111272 tid=1 mathtype-insert-perf stage=build-flat-opc numbered=True inline=False deltaMs=8 totalMs=31
2026-09-06T18:37:26.5414479+08:00 pid=111272 tid=1 mathtype-insert-perf stage=pre-insert-bookkeeping numbered=True inline=False deltaMs=0 totalMs=31
2026-09-06T18:37:26.5774463+08:00 pid=111272 tid=1 mathtype-insert-perf stage=insert-flat-opc numbered=True inline=False deltaMs=36 totalMs=67
2026-09-06T18:37:26.5784468+08:00 pid=111272 tid=1 mathtype-insert-perf stage=resolve-new-shape numbered=True inline=False deltaMs=1 totalMs=68
2026-09-06T18:37:26.5784468+08:00 pid=111272 tid=1 mathtype-insert-perf stage=set-shape-geometry numbered=True inline=False deltaMs=0 totalMs=68
2026-09-06T18:37:26.5784468+08:00 pid=111272 tid=1 mathtype-insert-perf stage=repair-inline-paragraph numbered=True inline=False deltaMs=1 totalMs=69
2026-09-06T18:37:26.5794457+08:00 pid=111272 tid=1 mathtype-insert-perf stage=refresh-native-shape numbered=True inline=False deltaMs=0 totalMs=69
2026-09-06T18:37:26.5972423+08:00 pid=111272 tid=1 mathtype-insert-perf stage=bind-created-object-identity numbered=True inline=False deltaMs=18 totalMs=87
2026-09-06T18:37:26.5972423+08:00 pid=111272 tid=1 mathtype-insert-perf stage=complete numbered=True inline=False deltaMs=0 totalMs=87
2026-09-06T18:37:26.5982428+08:00 pid=111272 tid=1 word-undo-end recording=True level=1
2026-09-06T18:37:26.5982428+08:00 pid=111272 tid=1 format-conversion-perf stage=insert-target formulaId=95d946fa-c915-4e95-b0ee-060c8c57196f numbered=True deltaMs=127 totalMs=429
2026-09-06T18:37:26.5982428+08:00 pid=111272 tid=1 format-conversion-undo-state stage=after-target-insert document=文档4 recording=False level=0
2026-09-06T18:37:26.5982428+08:00 pid=111272 tid=1 format-conversion-bookmarked-target-stable formulaId=95d946fa-c915-4e95-b0ee-060c8c57196f bookmark=VTMT_7ee219555dff4bcb84a5dbfb04baaac8 range=181:207 elapsedMs=0
2026-09-06T18:37:26.5992417+08:00 pid=111272 tid=1 format-conversion-direct-managed-omml-metadata-deleted formulaId=95d946fa-c915-4e95-b0ee-060c8c57196f numbered=True
2026-09-06T18:37:26.5992417+08:00 pid=111272 tid=1 format-conversion-perf stage=verify-target formulaId=95d946fa-c915-4e95-b0ee-060c8c57196f numbered=True deltaMs=1 totalMs=430
2026-09-06T18:37:26.6002417+08:00 pid=111272 tid=1 format-conversion-undo-state stage=before-source-delete document=文档4 recording=False level=0
2026-09-06T18:37:26.6494871+08:00 pid=111272 tid=1 format-conversion-perf stage=delete-source-host formulaId=b525accf-d366-40c3-a88d-e5e2c9fc4652 numbered=False deltaMs=49 totalMs=49
2026-09-06T18:37:26.6494871+08:00 pid=111272 tid=1 format-conversion-undo-state stage=after-source-delete document=文档4 recording=False level=0
2026-09-06T18:37:26.6734869+08:00 pid=111272 tid=1 word-undo-begin name=VisualTeX Insert MathType OLE Inline Formula recording=False level=0
2026-09-06T18:37:26.6734869+08:00 pid=111272 tid=1 word-undo-started name=VisualTeX Insert MathType OLE Inline Formula recording=True level=1
2026-09-06T18:37:26.6814870+08:00 pid=111272 tid=1 mathtype-insert-perf stage=resolve-insertion numbered=False inline=True deltaMs=7 totalMs=7
2026-09-06T18:37:26.6874873+08:00 pid=111272 tid=1 mathtype-insert-perf stage=build-flat-opc numbered=False inline=True deltaMs=7 totalMs=14
2026-09-06T18:37:26.6884871+08:00 pid=111272 tid=1 mathtype-insert-perf stage=pre-insert-bookkeeping numbered=False inline=True deltaMs=0 totalMs=14
2026-09-06T18:37:26.7250581+08:00 pid=111272 tid=1 mathtype-insert-perf stage=insert-flat-opc numbered=False inline=True deltaMs=37 totalMs=51
2026-09-06T18:37:26.7250581+08:00 pid=111272 tid=1 mathtype-insert-perf stage=resolve-new-shape numbered=False inline=True deltaMs=1 totalMs=52
2026-09-06T18:37:26.7260580+08:00 pid=111272 tid=1 mathtype-insert-perf stage=set-shape-geometry numbered=False inline=True deltaMs=0 totalMs=52
2026-09-06T18:37:26.7270579+08:00 pid=111272 tid=1 mathtype-insert-perf stage=repair-inline-paragraph numbered=False inline=True deltaMs=1 totalMs=53
2026-09-06T18:37:26.7270579+08:00 pid=111272 tid=1 mathtype-insert-perf stage=refresh-native-shape numbered=False inline=True deltaMs=1 totalMs=54
2026-09-06T18:37:26.7280586+08:00 pid=111272 tid=1 mathtype-insert-perf stage=set-native-baseline numbered=False inline=True deltaMs=0 totalMs=54
2026-09-06T18:37:26.7330580+08:00 pid=111272 tid=1 mathtype-insert-perf stage=restore-typing-baseline numbered=False inline=True deltaMs=5 totalMs=59
2026-09-06T18:37:26.7330580+08:00 pid=111272 tid=1 mathtype-insert-perf stage=bind-created-object-identity numbered=False inline=True deltaMs=1 totalMs=60
2026-09-06T18:37:26.7340578+08:00 pid=111272 tid=1 mathtype-insert-perf stage=complete numbered=False inline=True deltaMs=0 totalMs=60
2026-09-06T18:37:26.7340578+08:00 pid=111272 tid=1 word-undo-end recording=True level=1
2026-09-06T18:37:26.7340578+08:00 pid=111272 tid=1 format-conversion-perf stage=insert-target formulaId=b525accf-d366-40c3-a88d-e5e2c9fc4652 numbered=False deltaMs=85 totalMs=134
2026-09-06T18:37:26.7340578+08:00 pid=111272 tid=1 format-conversion-undo-state stage=after-target-insert document=文档4 recording=False level=0
2026-09-06T18:37:26.7340578+08:00 pid=111272 tid=1 format-conversion-bookmarked-target-stable formulaId=b525accf-d366-40c3-a88d-e5e2c9fc4652 bookmark=VTMT_09f4ab38811d4df58a70e068e26c9e60 range=141:167 elapsedMs=0
2026-09-06T18:37:26.7350585+08:00 pid=111272 tid=1 format-conversion-perf stage=verify-target formulaId=b525accf-d366-40c3-a88d-e5e2c9fc4652 numbered=False deltaMs=0 totalMs=134
2026-09-06T18:37:26.7350585+08:00 pid=111272 tid=1 format-conversion-undo-state stage=before-source-delete document=文档4 recording=False level=0
2026-09-06T18:37:26.8475164+08:00 pid=111272 tid=1 format-conversion-direct-numbered-omml-delete formulaId=ebc56bc3-92f9-462b-a4b0-4c1e718ef799 start=0
2026-09-06T18:37:26.8485160+08:00 pid=111272 tid=1 format-conversion-perf stage=delete-source-host formulaId=ebc56bc3-92f9-462b-a4b0-4c1e718ef799 numbered=True deltaMs=113 totalMs=113
2026-09-06T18:37:26.8485160+08:00 pid=111272 tid=1 format-conversion-undo-state stage=after-source-delete document=文档4 recording=False level=0
2026-09-06T18:37:26.8715150+08:00 pid=111272 tid=1 word-undo-begin name=VisualTeX Insert MathType OLE Numbered Display Formula recording=False level=0
2026-09-06T18:37:26.8725148+08:00 pid=111272 tid=1 word-undo-started name=VisualTeX Insert MathType OLE Numbered Display Formula recording=True level=1
2026-09-06T18:37:26.8755155+08:00 pid=111272 tid=1 mathtype-insert-perf stage=resolve-insertion numbered=True inline=False deltaMs=3 totalMs=3
2026-09-06T18:37:26.8765149+08:00 pid=111272 tid=1 mathtype-insert-perf stage=clear-incomplete-number-row numbered=True inline=False deltaMs=1 totalMs=4
2026-09-06T18:37:26.8765149+08:00 pid=111272 tid=1 mathtype-insert-perf stage=number-template-heading-state numbered=True inline=False deltaMs=0 totalMs=4
2026-09-06T18:37:26.8765149+08:00 pid=111272 tid=1 mathtype-insert-perf stage=prepare-display-row numbered=True inline=False deltaMs=1 totalMs=5
2026-09-06T18:37:26.8835147+08:00 pid=111272 tid=1 mathtype-insert-perf stage=build-flat-opc numbered=True inline=False deltaMs=6 totalMs=11
2026-09-06T18:37:26.8835147+08:00 pid=111272 tid=1 mathtype-insert-perf stage=pre-insert-bookkeeping numbered=True inline=False deltaMs=0 totalMs=11
2026-09-06T18:37:26.9215140+08:00 pid=111272 tid=1 mathtype-insert-perf stage=insert-flat-opc numbered=True inline=False deltaMs=39 totalMs=50
2026-09-06T18:37:26.9225158+08:00 pid=111272 tid=1 mathtype-insert-perf stage=resolve-new-shape numbered=True inline=False deltaMs=0 totalMs=50
2026-09-06T18:37:26.9235156+08:00 pid=111272 tid=1 mathtype-insert-perf stage=set-shape-geometry numbered=True inline=False deltaMs=2 totalMs=52
2026-09-06T18:37:26.9245143+08:00 pid=111272 tid=1 mathtype-insert-perf stage=repair-inline-paragraph numbered=True inline=False deltaMs=0 totalMs=52
2026-09-06T18:37:26.9245143+08:00 pid=111272 tid=1 mathtype-insert-perf stage=refresh-native-shape numbered=True inline=False deltaMs=0 totalMs=52
2026-09-06T18:37:26.9315160+08:00 pid=111272 tid=1 mathtype-insert-perf stage=bind-created-object-identity numbered=True inline=False deltaMs=8 totalMs=60
2026-09-06T18:37:26.9325148+08:00 pid=111272 tid=1 mathtype-insert-perf stage=complete numbered=True inline=False deltaMs=0 totalMs=60
2026-09-06T18:37:26.9325148+08:00 pid=111272 tid=1 word-undo-end recording=True level=1
2026-09-06T18:37:26.9325148+08:00 pid=111272 tid=1 format-conversion-perf stage=insert-target formulaId=ebc56bc3-92f9-462b-a4b0-4c1e718ef799 numbered=True deltaMs=84 totalMs=197
2026-09-06T18:37:26.9325148+08:00 pid=111272 tid=1 format-conversion-undo-state stage=after-target-insert document=文档4 recording=False level=0
2026-09-06T18:37:26.9335144+08:00 pid=111272 tid=1 format-conversion-bookmarked-target-stable formulaId=ebc56bc3-92f9-462b-a4b0-4c1e718ef799 bookmark=VTMT_11a72725b9f943aebafe8a4e7dca5e4f range=1:27 elapsedMs=0
2026-09-06T18:37:26.9335144+08:00 pid=111272 tid=1 format-conversion-direct-managed-omml-metadata-deleted formulaId=ebc56bc3-92f9-462b-a4b0-4c1e718ef799 numbered=True
2026-09-06T18:37:26.9335144+08:00 pid=111272 tid=1 format-conversion-perf stage=verify-target formulaId=ebc56bc3-92f9-462b-a4b0-4c1e718ef799 numbered=True deltaMs=1 totalMs=198
2026-09-06T18:37:26.9345152+08:00 pid=111272 tid=1 format-conversion-finalize-perf stage=source-residual-check sourceMode=wordOmml targetMode=mathTypeOle deltaMs=0 totalMs=0
2026-09-06T18:37:26.9365132+08:00 pid=111272 tid=1 format-conversion-finalize-perf stage=target-count-check sourceMode=wordOmml targetMode=mathTypeOle deltaMs=1 totalMs=1
2026-09-06T18:37:27.0375142+08:00 pid=111272 tid=1 format-conversion-reference-aliases-restored sourceMode=wordOmml targetMode=mathTypeOle aliases=1 refreshedReferences=0 restoredFormatting=1
2026-09-06T18:37:27.0511153+08:00 pid=111272 tid=1 format-conversion-finalize-perf stage=numbering-reconcile sourceMode=wordOmml targetMode=mathTypeOle deltaMs=115 totalMs=116
2026-09-06T18:37:27.0531153+08:00 pid=111272 tid=1 format-conversion-finalize-perf stage=omml-fingerprint-refresh sourceMode=wordOmml targetMode=mathTypeOle deltaMs=2 totalMs=118
2026-09-06T18:37:27.0571157+08:00 pid=111272 tid=1 format-conversion-transaction-completed targets=7
2026-09-06T18:37:27.0571157+08:00 pid=111272 tid=1 format-conversion-word-apply-finished sourceMode=wordOmml targetMode=mathTypeOle converted=7 failed=0
2026-09-06T18:37:27.0571157+08:00 pid=111272 tid=1 format-conversion-complete source=OMML target=MathType converted=7 failed=0
2026-09-06T18:38:10.5516319+08:00 pid=111272 tid=1 word-undo-begin name=VisualTeX Update MathType OLE Formula recording=False level=0
2026-09-06T18:38:10.5526331+08:00 pid=111272 tid=1 word-undo-started name=VisualTeX Update MathType OLE Formula recording=True level=1
2026-09-06T18:38:10.5536347+08:00 pid=111272 tid=1 mathtype-replace-stage stage=resolve-source formulaId=743b3a78-1149-468f-ac05-f2c5228acff4
2026-09-06T18:38:10.5616323+08:00 pid=111272 tid=1 mathtype-replace-numbering source=True:right target=True:right changed=False
2026-09-06T18:38:10.5616323+08:00 pid=111272 tid=1 mathtype-replace-stage stage=read-source-flat-opc formulaId=743b3a78-1149-468f-ac05-f2c5228acff4
2026-09-06T18:38:10.5876349+08:00 pid=111272 tid=1 mathtype-replace-stage stage=read-source-flat-opc-complete formulaId=743b3a78-1149-468f-ac05-f2c5228acff4
2026-09-06T18:38:10.5886322+08:00 pid=111272 tid=1 mathtype-replace-stage stage=rewrite-cfb formulaId=743b3a78-1149-468f-ac05-f2c5228acff4
2026-09-06T18:38:10.7326341+08:00 pid=111272 tid=1 mathtype-replace-native-preview formulaId=743b3a78-1149-468f-ac05-f2c5228acff4 sourceWord=52.05x15@-3 sourceNative=52x15@-3 rewrittenNative=52x15@-3 scale=1.001x1 target=52.05x15@-3
2026-09-06T18:38:10.7336337+08:00 pid=111272 tid=1 mathtype-replace-stage stage=rewrite-flat-opc formulaId=743b3a78-1149-468f-ac05-f2c5228acff4
2026-09-06T18:38:10.7396333+08:00 pid=111272 tid=1 mathtype-replace-stage stage=rewrite-flat-opc-complete formulaId=743b3a78-1149-468f-ac05-f2c5228acff4
2026-09-06T18:38:10.7426334+08:00 pid=111272 tid=1 mathtype-replace-stage stage=delete-source formulaId=743b3a78-1149-468f-ac05-f2c5228acff4
2026-09-06T18:38:10.7466334+08:00 pid=111272 tid=1 mathtype-replace-stage stage=insert-rewritten-flat-opc formulaId=743b3a78-1149-468f-ac05-f2c5228acff4
2026-09-06T18:38:10.7958152+08:00 pid=111272 tid=1 mathtype-replace-stage stage=insert-rewritten-flat-opc-complete formulaId=743b3a78-1149-468f-ac05-f2c5228acff4
2026-09-06T18:38:10.8096301+08:00 pid=111272 tid=1 mathtype-replace-stage stage=validate-replacement formulaId=743b3a78-1149-468f-ac05-f2c5228acff4
2026-09-06T18:38:10.8296301+08:00 pid=111272 tid=1 mathtype-replace-stage stage=complete formulaId=743b3a78-1149-468f-ac05-f2c5228acff4
2026-09-06T18:38:10.8486307+08:00 pid=111272 tid=1 word-undo-end recording=False level=0
2026-09-06T18:38:10.8536307+08:00 pid=111272 tid=18 ribbon-session-operation-released sessionId=b9ea9ef5-52d7-481e-91f3-7ad1a75f3df7
2026-09-06T18:38:24.9957263+08:00 pid=111272 tid=11 left-down x=1776 y=1270 wordForeground=False
2026-09-06T18:38:28.0133880+08:00 pid=111272 tid=1 word-undo-begin name=VisualTeX Update MathType OLE Formula recording=False level=0
2026-09-06T18:38:28.0133880+08:00 pid=111272 tid=1 word-undo-started name=VisualTeX Update MathType OLE Formula recording=True level=1
2026-09-06T18:38:28.0143878+08:00 pid=111272 tid=1 mathtype-replace-stage stage=resolve-source formulaId=348d6040-214b-487e-89b2-b3e796cb7dac
2026-09-06T18:38:28.0163881+08:00 pid=111272 tid=1 mathtype-replace-numbering source=True:right target=True:right changed=False
2026-09-06T18:38:28.0163881+08:00 pid=111272 tid=1 mathtype-replace-stage stage=read-source-flat-opc formulaId=348d6040-214b-487e-89b2-b3e796cb7dac
2026-09-06T18:38:28.0393874+08:00 pid=111272 tid=1 mathtype-replace-stage stage=read-source-flat-opc-complete formulaId=348d6040-214b-487e-89b2-b3e796cb7dac
2026-09-06T18:38:28.0393874+08:00 pid=111272 tid=1 mathtype-replace-stage stage=rewrite-cfb formulaId=348d6040-214b-487e-89b2-b3e796cb7dac
2026-09-06T18:38:28.1918218+08:00 pid=111272 tid=1 mathtype-replace-native-preview formulaId=348d6040-214b-487e-89b2-b3e796cb7dac sourceWord=52.05x15@-3 sourceNative=52x15@-3 rewrittenNative=38x15@-3 scale=1.001x1 target=38.037x15@-3
2026-09-06T18:38:28.1923367+08:00 pid=111272 tid=1 mathtype-replace-stage stage=rewrite-flat-opc formulaId=348d6040-214b-487e-89b2-b3e796cb7dac
2026-09-06T18:38:28.1970266+08:00 pid=111272 tid=1 mathtype-replace-stage stage=rewrite-flat-opc-complete formulaId=348d6040-214b-487e-89b2-b3e796cb7dac
2026-09-06T18:38:28.2000476+08:00 pid=111272 tid=1 mathtype-replace-stage stage=delete-source formulaId=348d6040-214b-487e-89b2-b3e796cb7dac
2026-09-06T18:38:28.2030470+08:00 pid=111272 tid=1 mathtype-replace-stage stage=insert-rewritten-flat-opc formulaId=348d6040-214b-487e-89b2-b3e796cb7dac
2026-09-06T18:38:28.2504794+08:00 pid=111272 tid=1 mathtype-replace-stage stage=insert-rewritten-flat-opc-complete formulaId=348d6040-214b-487e-89b2-b3e796cb7dac
2026-09-06T18:38:28.2604803+08:00 pid=111272 tid=1 mathtype-replace-stage stage=validate-replacement formulaId=348d6040-214b-487e-89b2-b3e796cb7dac
2026-09-06T18:38:28.2894819+08:00 pid=111272 tid=1 mathtype-replace-stage stage=complete formulaId=348d6040-214b-487e-89b2-b3e796cb7dac
2026-09-06T18:38:28.3120710+08:00 pid=111272 tid=1 word-undo-end recording=False level=0
2026-09-06T18:38:28.3161284+08:00 pid=111272 tid=9 ribbon-session-operation-released sessionId=a6a06707-719c-4ac6-9bcc-680c3b97fcfe
2026-09-06T18:38:38.8410003+08:00 pid=111272 tid=1 format-conversion-start sourceMode=mathTypeOle targetMode=nativeOle wholeDocument=True
2026-09-06T18:38:38.8904393+08:00 pid=111272 tid=1 format-conversion-plan-bulk-ole-snapshot count=7 elapsedMs=49
2026-09-06T18:38:38.8914402+08:00 pid=111272 tid=1 format-conversion-plan-perf stage=shape-access source=mathTypeOle index=1/7 deltaMs=0 totalMs=0
2026-09-06T18:38:38.8924391+08:00 pid=111272 tid=1 format-conversion-plan-perf stage=identify-mathtype source=mathTypeOle index=1/7 deltaMs=0 totalMs=0
2026-09-06T18:38:38.8959710+08:00 pid=111272 tid=1 format-conversion-plan-perf stage=read-mathml-bulk source=mathTypeOle index=1/7 deltaMs=3 totalMs=3
2026-09-06T18:38:38.8979704+08:00 pid=111272 tid=1 format-conversion-plan-perf stage=read-metadata source=mathTypeOle index=1/7 deltaMs=3 totalMs=6
2026-09-06T18:38:38.8989709+08:00 pid=111272 tid=1 format-conversion-plan-perf stage=number-position source=mathTypeOle index=1/7 deltaMs=0 totalMs=6
2026-09-06T18:38:38.8989709+08:00 pid=111272 tid=1 format-conversion-plan-perf stage=shape-range source=mathTypeOle index=1/7 deltaMs=1 totalMs=7
2026-09-06T18:38:38.8999733+08:00 pid=111272 tid=1 format-conversion-plan-perf stage=target-added source=mathTypeOle index=1/7 deltaMs=1 totalMs=8
2026-09-06T18:38:38.8999733+08:00 pid=111272 tid=1 format-conversion-plan-perf stage=shape-access source=mathTypeOle index=2/7 deltaMs=0 totalMs=0
2026-09-06T18:38:38.9009704+08:00 pid=111272 tid=1 format-conversion-plan-perf stage=identify-mathtype source=mathTypeOle index=2/7 deltaMs=0 totalMs=0
2026-09-06T18:38:38.9149706+08:00 pid=111272 tid=1 format-conversion-plan-perf stage=read-mathml-bulk source=mathTypeOle index=2/7 deltaMs=14 totalMs=14
2026-09-06T18:38:38.9169709+08:00 pid=111272 tid=1 format-conversion-plan-perf stage=read-metadata source=mathTypeOle index=2/7 deltaMs=2 totalMs=16
2026-09-06T18:38:38.9179727+08:00 pid=111272 tid=1 format-conversion-plan-perf stage=number-position source=mathTypeOle index=2/7 deltaMs=1 totalMs=17
2026-09-06T18:38:38.9179727+08:00 pid=111272 tid=1 format-conversion-plan-perf stage=shape-range source=mathTypeOle index=2/7 deltaMs=0 totalMs=17
2026-09-06T18:38:38.9229714+08:00 pid=111272 tid=1 format-conversion-plan-perf stage=target-added source=mathTypeOle index=2/7 deltaMs=5 totalMs=22
2026-09-06T18:38:38.9229714+08:00 pid=111272 tid=1 format-conversion-plan-perf stage=shape-access source=mathTypeOle index=3/7 deltaMs=0 totalMs=0
2026-09-06T18:38:38.9239708+08:00 pid=111272 tid=1 format-conversion-plan-perf stage=identify-mathtype source=mathTypeOle index=3/7 deltaMs=0 totalMs=0
2026-09-06T18:38:38.9368073+08:00 pid=111272 tid=1 format-conversion-plan-perf stage=read-mathml-bulk source=mathTypeOle index=3/7 deltaMs=13 totalMs=13
2026-09-06T18:38:38.9393759+08:00 pid=111272 tid=1 format-conversion-plan-perf stage=read-metadata source=mathTypeOle index=3/7 deltaMs=3 totalMs=16
2026-09-06T18:38:38.9403768+08:00 pid=111272 tid=1 format-conversion-plan-perf stage=number-position source=mathTypeOle index=3/7 deltaMs=1 totalMs=17
2026-09-06T18:38:38.9403768+08:00 pid=111272 tid=1 format-conversion-plan-perf stage=shape-range source=mathTypeOle index=3/7 deltaMs=0 totalMs=17
2026-09-06T18:38:38.9433759+08:00 pid=111272 tid=1 format-conversion-plan-perf stage=target-added source=mathTypeOle index=3/7 deltaMs=3 totalMs=20
2026-09-06T18:38:38.9443763+08:00 pid=111272 tid=1 format-conversion-plan-perf stage=shape-access source=mathTypeOle index=4/7 deltaMs=0 totalMs=0
2026-09-06T18:38:38.9443763+08:00 pid=111272 tid=1 format-conversion-plan-perf stage=identify-mathtype source=mathTypeOle index=4/7 deltaMs=0 totalMs=0
2026-09-06T18:38:38.9483762+08:00 pid=111272 tid=1 format-conversion-plan-perf stage=read-mathml-bulk source=mathTypeOle index=4/7 deltaMs=3 totalMs=3
2026-09-06T18:38:38.9503786+08:00 pid=111272 tid=1 format-conversion-plan-perf stage=read-metadata source=mathTypeOle index=4/7 deltaMs=3 totalMs=6
2026-09-06T18:38:38.9503786+08:00 pid=111272 tid=1 format-conversion-plan-perf stage=number-position source=mathTypeOle index=4/7 deltaMs=0 totalMs=6
2026-09-06T18:38:38.9513768+08:00 pid=111272 tid=1 format-conversion-plan-perf stage=shape-range source=mathTypeOle index=4/7 deltaMs=1 totalMs=7
2026-09-06T18:38:38.9553782+08:00 pid=111272 tid=1 format-conversion-plan-perf stage=target-added source=mathTypeOle index=4/7 deltaMs=4 totalMs=11
2026-09-06T18:38:38.9563760+08:00 pid=111272 tid=1 format-conversion-plan-perf stage=shape-access source=mathTypeOle index=5/7 deltaMs=0 totalMs=0
2026-09-06T18:38:38.9573767+08:00 pid=111272 tid=1 format-conversion-plan-perf stage=identify-mathtype source=mathTypeOle index=5/7 deltaMs=0 totalMs=0
2026-09-06T18:38:38.9713759+08:00 pid=111272 tid=1 format-conversion-plan-perf stage=read-mathml-bulk source=mathTypeOle index=5/7 deltaMs=15 totalMs=15
2026-09-06T18:38:38.9743758+08:00 pid=111272 tid=1 format-conversion-plan-perf stage=read-metadata source=mathTypeOle index=5/7 deltaMs=2 totalMs=17
2026-09-06T18:38:38.9743758+08:00 pid=111272 tid=1 format-conversion-plan-perf stage=number-position source=mathTypeOle index=5/7 deltaMs=1 totalMs=18
2026-09-06T18:38:38.9753785+08:00 pid=111272 tid=1 format-conversion-plan-perf stage=shape-range source=mathTypeOle index=5/7 deltaMs=0 totalMs=18
2026-09-06T18:38:38.9783767+08:00 pid=111272 tid=1 format-conversion-plan-perf stage=target-added source=mathTypeOle index=5/7 deltaMs=3 totalMs=21
2026-09-06T18:38:38.9783767+08:00 pid=111272 tid=1 format-conversion-plan-perf stage=shape-access source=mathTypeOle index=6/7 deltaMs=0 totalMs=0
2026-09-06T18:38:38.9793810+08:00 pid=111272 tid=1 format-conversion-plan-perf stage=identify-mathtype source=mathTypeOle index=6/7 deltaMs=0 totalMs=0
2026-09-06T18:38:38.9943760+08:00 pid=111272 tid=1 format-conversion-plan-perf stage=read-mathml-bulk source=mathTypeOle index=6/7 deltaMs=15 totalMs=15
2026-09-06T18:38:38.9963769+08:00 pid=111272 tid=1 format-conversion-plan-perf stage=read-metadata source=mathTypeOle index=6/7 deltaMs=2 totalMs=17
2026-09-06T18:38:38.9973783+08:00 pid=111272 tid=1 format-conversion-plan-perf stage=number-position source=mathTypeOle index=6/7 deltaMs=1 totalMs=18
2026-09-06T18:38:38.9973783+08:00 pid=111272 tid=1 format-conversion-plan-perf stage=shape-range source=mathTypeOle index=6/7 deltaMs=0 totalMs=18
2026-09-06T18:38:39.0003778+08:00 pid=111272 tid=1 format-conversion-plan-perf stage=target-added source=mathTypeOle index=6/7 deltaMs=4 totalMs=22
2026-09-06T18:38:39.0013761+08:00 pid=111272 tid=1 format-conversion-plan-perf stage=shape-access source=mathTypeOle index=7/7 deltaMs=0 totalMs=0
2026-09-06T18:38:39.0023771+08:00 pid=111272 tid=1 format-conversion-plan-perf stage=identify-mathtype source=mathTypeOle index=7/7 deltaMs=0 totalMs=0
2026-09-06T18:38:39.0173757+08:00 pid=111272 tid=1 format-conversion-plan-perf stage=read-mathml-bulk source=mathTypeOle index=7/7 deltaMs=15 totalMs=15
2026-09-06T18:38:39.0193864+08:00 pid=111272 tid=1 format-conversion-plan-perf stage=read-metadata source=mathTypeOle index=7/7 deltaMs=3 totalMs=18
2026-09-06T18:38:39.0203767+08:00 pid=111272 tid=1 format-conversion-plan-perf stage=number-position source=mathTypeOle index=7/7 deltaMs=1 totalMs=19
2026-09-06T18:38:39.0213766+08:00 pid=111272 tid=1 format-conversion-plan-perf stage=shape-range source=mathTypeOle index=7/7 deltaMs=0 totalMs=19
2026-09-06T18:38:39.0233757+08:00 pid=111272 tid=1 format-conversion-plan-perf stage=target-added source=mathTypeOle index=7/7 deltaMs=3 totalMs=22
2026-09-06T18:38:39.0243777+08:00 pid=111272 tid=1 format-conversion-plan sourceMode=mathTypeOle targetMode=nativeOle targets=7
2026-09-06T18:38:42.5912744+08:00 pid=111272 tid=1 bulk-import converter-create display=block mode=nativeOle latex=a^{2}+b^{2}=c^{2}
2026-09-06T18:38:42.5958581+08:00 pid=111272 tid=22 bulk-import converter-created sessionId=3ae7c9c2-d351-411a-b1ac-b2a68b9b429a
2026-09-06T18:38:42.5958581+08:00 pid=111272 tid=22 bulk-import converter-create display=inline mode=nativeOle latex=\sqrt{E-u(x)}=\frac{1}{f(\omega )v_{ph}(\omega ,x)}
2026-09-06T18:38:42.6008570+08:00 pid=111272 tid=22 bulk-import converter-created sessionId=df8fa1f2-e1f2-4c20-a974-50de6b76e5ed
2026-09-06T18:38:42.6008570+08:00 pid=111272 tid=22 bulk-import converter-create display=block mode=nativeOle latex=\left\{ \begin{matrix}\frac{\mathrm{d}}{\mathrm{d}\omega }(\omega f(\omega ))=0 \\ \frac{\omega f(\omega )}{2}\frac{\mathrm{d}E(\omega )}{\mathrm{d}\omega }=\sqrt{\frac{m}{2}}\end{matrix}\right.
2026-09-06T18:38:42.6058551+08:00 pid=111272 tid=22 bulk-import converter-created sessionId=b79aa11b-5cd5-4009-8205-80c211f66ec0
2026-09-06T18:38:42.6058551+08:00 pid=111272 tid=22 bulk-import converter-create display=block mode=nativeOle latex=E=mc^{2}
2026-09-06T18:38:42.6108552+08:00 pid=111272 tid=22 bulk-import converter-created sessionId=ded8275b-9150-455b-9995-475cceb615d0
2026-09-06T18:38:42.6118540+08:00 pid=111272 tid=22 bulk-import converter-create display=block mode=nativeOle latex=i\hbar \frac{\partial }{\partial t}\psi (\mathbf{r},t)=[-\frac{\hbar^{2}}{2m}\nabla^{2}+V(\mathbf{r},t)]\psi (\mathbf{r},t)
2026-09-06T18:38:42.6158546+08:00 pid=111272 tid=22 bulk-import converter-created sessionId=762af75d-a05f-4449-a736-20a8ce5953c7
2026-09-06T18:38:42.6168548+08:00 pid=111272 tid=22 bulk-import converter-create display=block mode=nativeOle latex=\frac{\partial }{\partial t}\psi^{\ast}(\vec{r})\psi (\vec{r})=\frac{i\hbar }{2m}\nabla \cdot [\psi^{\ast}(\vec{r})\nabla \psi (\vec{r})-\psi (\vec{r})\nabla \psi^{\ast}(r)]
2026-09-06T18:38:42.6208556+08:00 pid=111272 tid=22 bulk-import converter-created sessionId=b282f527-3baa-4017-874a-161588cdbeaa
2026-09-06T18:38:42.6208556+08:00 pid=111272 tid=22 bulk-import converter-create display=block mode=nativeOle latex=\frac{\partial }{\partial t}\rho (\vec{r},t)+\nabla \cdot \vec{j}=0
2026-09-06T18:38:42.6248536+08:00 pid=111272 tid=22 bulk-import converter-created sessionId=69583d75-00cc-4a29-851d-1abfabe99cef
2026-09-06T18:38:42.6248536+08:00 pid=111272 tid=22 format-conversion-render-start sourceMode=mathTypeOle targetMode=nativeOle sessions=7
2026-09-06T18:38:42.7462299+08:00 pid=111272 tid=22 format-conversion-rendered sourceMode=mathTypeOle targetMode=nativeOle sessionId=3ae7c9c2-d351-411a-b1ac-b2a68b9b429a status=committing
2026-09-06T18:38:42.8468254+08:00 pid=111272 tid=18 format-conversion-rendered sourceMode=mathTypeOle targetMode=nativeOle sessionId=df8fa1f2-e1f2-4c20-a974-50de6b76e5ed status=committing
2026-09-06T18:38:42.9528235+08:00 pid=111272 tid=22 format-conversion-rendered sourceMode=mathTypeOle targetMode=nativeOle sessionId=b79aa11b-5cd5-4009-8205-80c211f66ec0 status=committing
2026-09-06T18:38:43.0505045+08:00 pid=111272 tid=18 format-conversion-rendered sourceMode=mathTypeOle targetMode=nativeOle sessionId=ded8275b-9150-455b-9995-475cceb615d0 status=committing
2026-09-06T18:38:43.1561728+08:00 pid=111272 tid=22 format-conversion-rendered sourceMode=mathTypeOle targetMode=nativeOle sessionId=762af75d-a05f-4449-a736-20a8ce5953c7 status=committing
2026-09-06T18:38:43.2609407+08:00 pid=111272 tid=18 format-conversion-rendered sourceMode=mathTypeOle targetMode=nativeOle sessionId=b282f527-3baa-4017-874a-161588cdbeaa status=committing
2026-09-06T18:38:43.3607526+08:00 pid=111272 tid=22 format-conversion-rendered sourceMode=mathTypeOle targetMode=nativeOle sessionId=69583d75-00cc-4a29-851d-1abfabe99cef status=committing
2026-09-06T18:38:43.3607526+08:00 pid=111272 tid=22 format-conversion-word-apply-start sourceMode=mathTypeOle targetMode=nativeOle targets=7
2026-09-06T18:38:43.4203177+08:00 pid=111272 tid=1 format-conversion-mathtype-visualtex-atomic-buffer-created
2026-09-06T18:38:43.4203177+08:00 pid=111272 tid=1 format-conversion-runtime assembly=C:\Users\pojian_liao\AppData\Local\VisualTeX\office\remediation-builds\8F63B42A61757E3A47ABDBE25BE459D963E3852364D5FD24017474A086BCA506\VisualTeX.WordVsto.dll source=mathTypeOle target=nativeOle targetIsVisualTeX=True targetIsMathType=False
2026-09-06T18:38:43.4303188+08:00 pid=111272 tid=1 format-conversion-reference-aliases-captured sourceMode=mathTypeOle formulaId=1e281fba-f74f-4968-9252-1accf4fb74c6 aliases=VTEqNum_c4c1d72a6b7a4aaba80e0c50a7e8495e
2026-09-06T18:38:44.5323243+08:00 pid=111272 tid=1 word-undo-begin name=VisualTeX Convert Formula Format recording=False level=0
2026-09-06T18:38:44.5323243+08:00 pid=111272 tid=1 word-undo-started name=VisualTeX Convert Formula Format recording=True level=1
2026-09-06T18:38:44.5323243+08:00 pid=111272 tid=1 format-conversion-undo-state stage=before-preferences document=文档4 recording=True level=1
2026-09-06T18:38:44.5323243+08:00 pid=111272 tid=1 format-conversion-transaction-start targets=7
2026-09-06T18:38:44.5333263+08:00 pid=111272 tid=1 format-conversion-undo-state stage=after-preferences document=文档4 recording=True level=1
2026-09-06T18:38:44.5343242+08:00 pid=111272 tid=1 format-conversion-mathtype-source-identity-bound formulaId=aa9aecf5-ebfe-47ed-b5cd-827e25c5ce1f bookmark=VTFCI_cc12a4bb34434e8c952b7c3c829d848f range=871:897
2026-09-06T18:38:44.5343242+08:00 pid=111272 tid=1 format-conversion-undo-state stage=before-source-delete document=文档4 recording=True level=1
2026-09-06T18:38:44.5433242+08:00 pid=111272 tid=1 format-conversion-mathtype-visualtex-paragraph-atomically-replaced formulaId=aa9aecf5-ebfe-47ed-b5cd-827e25c5ce1f bookmark=VTFCI_cc12a4bb34434e8c952b7c3c829d848f range=870:1016 start=870
2026-09-06T18:38:44.5443240+08:00 pid=111272 tid=1 format-conversion-perf stage=delete-source-host formulaId=aa9aecf5-ebfe-47ed-b5cd-827e25c5ce1f numbered=True deltaMs=10 totalMs=10
2026-09-06T18:38:44.5443240+08:00 pid=111272 tid=1 format-conversion-undo-state stage=after-source-delete document=文档4 recording=True level=1
2026-09-06T18:38:44.5443240+08:00 pid=111272 tid=1 format-conversion-forward-source-check stage=delete-source formulaId=aa9aecf5-ebfe-47ed-b5cd-827e25c5ce1f bookmarkMissing=True present=False
2026-09-06T18:38:44.5463241+08:00 pid=111272 tid=1 word-undo-begin name=VisualTeX Insert Native OLE Display Formula recording=True level=1
2026-09-06T18:38:44.6180724+08:00 pid=111272 tid=1 format-conversion-perf stage=insert-target formulaId=aa9aecf5-ebfe-47ed-b5cd-827e25c5ce1f numbered=True deltaMs=74 totalMs=84
2026-09-06T18:38:44.6180724+08:00 pid=111272 tid=1 format-conversion-undo-state stage=after-target-insert document=文档4 recording=True level=1
2026-09-06T18:38:44.6190724+08:00 pid=111272 tid=1 format-conversion-forward-source-check stage=insert-target formulaId=aa9aecf5-ebfe-47ed-b5cd-827e25c5ce1f bookmarkMissing=True present=False
2026-09-06T18:38:44.6200725+08:00 pid=111272 tid=1 format-conversion-bookmarked-visualtex-target-stable sourceFormulaId=aa9aecf5-ebfe-47ed-b5cd-827e25c5ce1f formulaId=105ae3ac-3510-4d94-8ec0-9923158b6f7c localAnchorRepair=False elapsedMs=0
2026-09-06T18:38:44.6200725+08:00 pid=111272 tid=1 format-conversion-forward-source-check stage=post-transaction formulaId=aa9aecf5-ebfe-47ed-b5cd-827e25c5ce1f bookmarkMissing=True present=False
2026-09-06T18:38:44.6200725+08:00 pid=111272 tid=1 format-conversion-perf stage=verify-target formulaId=aa9aecf5-ebfe-47ed-b5cd-827e25c5ce1f numbered=True deltaMs=3 totalMs=87
2026-09-06T18:38:44.6210724+08:00 pid=111272 tid=1 format-conversion-mathtype-source-identity-bound formulaId=dc4391c9-8890-4248-b727-7512f65e1d2e bookmark=VTFCI_7d9b515d83e844289c28d32de4afb61f range=707:733
2026-09-06T18:38:44.6210724+08:00 pid=111272 tid=1 format-conversion-undo-state stage=before-source-delete document=文档4 recording=True level=1
2026-09-06T18:38:44.6330728+08:00 pid=111272 tid=1 format-conversion-mathtype-visualtex-paragraph-atomically-replaced formulaId=dc4391c9-8890-4248-b727-7512f65e1d2e bookmark=VTFCI_7d9b515d83e844289c28d32de4afb61f range=706:852 start=706
2026-09-06T18:38:44.6330728+08:00 pid=111272 tid=1 format-conversion-perf stage=delete-source-host formulaId=dc4391c9-8890-4248-b727-7512f65e1d2e numbered=True deltaMs=13 totalMs=13
2026-09-06T18:38:44.6340727+08:00 pid=111272 tid=1 format-conversion-undo-state stage=after-source-delete document=文档4 recording=True level=1
2026-09-06T18:38:44.6340727+08:00 pid=111272 tid=1 format-conversion-forward-source-check stage=delete-source formulaId=dc4391c9-8890-4248-b727-7512f65e1d2e bookmarkMissing=True present=False
2026-09-06T18:38:44.6340727+08:00 pid=111272 tid=1 word-undo-begin name=VisualTeX Insert Native OLE Display Formula recording=True level=1
2026-09-06T18:38:44.6832897+08:00 pid=111272 tid=1 format-conversion-perf stage=insert-target formulaId=dc4391c9-8890-4248-b727-7512f65e1d2e numbered=True deltaMs=49 totalMs=62
2026-09-06T18:38:44.6832897+08:00 pid=111272 tid=1 format-conversion-undo-state stage=after-target-insert document=文档4 recording=True level=1
2026-09-06T18:38:44.6832897+08:00 pid=111272 tid=1 format-conversion-forward-source-check stage=insert-target formulaId=dc4391c9-8890-4248-b727-7512f65e1d2e bookmarkMissing=True present=False
2026-09-06T18:38:44.6842900+08:00 pid=111272 tid=1 format-conversion-bookmarked-visualtex-target-stable sourceFormulaId=dc4391c9-8890-4248-b727-7512f65e1d2e formulaId=d5a82e94-a24e-464e-91be-0d630c6fb10f localAnchorRepair=False elapsedMs=0
2026-09-06T18:38:44.6842900+08:00 pid=111272 tid=1 format-conversion-forward-source-check stage=post-transaction formulaId=dc4391c9-8890-4248-b727-7512f65e1d2e bookmarkMissing=True present=False
2026-09-06T18:38:44.6842900+08:00 pid=111272 tid=1 format-conversion-perf stage=verify-target formulaId=dc4391c9-8890-4248-b727-7512f65e1d2e numbered=True deltaMs=2 totalMs=64
2026-09-06T18:38:44.6842900+08:00 pid=111272 tid=1 format-conversion-mathtype-source-identity-bound formulaId=bc429573-9a3e-4ea7-8f65-7dc097ea293f bookmark=VTFCI_d6d5ac51e9fd48febdb38be83d222266 range=553:579
2026-09-06T18:38:44.6852898+08:00 pid=111272 tid=1 format-conversion-undo-state stage=before-source-delete document=文档4 recording=True level=1
2026-09-06T18:38:44.6979227+08:00 pid=111272 tid=1 format-conversion-mathtype-visualtex-paragraph-atomically-replaced formulaId=bc429573-9a3e-4ea7-8f65-7dc097ea293f bookmark=VTFCI_d6d5ac51e9fd48febdb38be83d222266 range=552:698 start=552
2026-09-06T18:38:44.6979227+08:00 pid=111272 tid=1 format-conversion-perf stage=delete-source-host formulaId=bc429573-9a3e-4ea7-8f65-7dc097ea293f numbered=True deltaMs=13 totalMs=13
2026-09-06T18:38:44.6979227+08:00 pid=111272 tid=1 format-conversion-undo-state stage=after-source-delete document=文档4 recording=True level=1
2026-09-06T18:38:44.6989224+08:00 pid=111272 tid=1 format-conversion-forward-source-check stage=delete-source formulaId=bc429573-9a3e-4ea7-8f65-7dc097ea293f bookmarkMissing=True present=False
2026-09-06T18:38:44.6989224+08:00 pid=111272 tid=1 word-undo-begin name=VisualTeX Insert Native OLE Display Formula recording=True level=1
2026-09-06T18:38:44.7565553+08:00 pid=111272 tid=1 format-conversion-perf stage=insert-target formulaId=bc429573-9a3e-4ea7-8f65-7dc097ea293f numbered=True deltaMs=58 totalMs=71
2026-09-06T18:38:44.7565553+08:00 pid=111272 tid=1 format-conversion-undo-state stage=after-target-insert document=文档4 recording=True level=1
2026-09-06T18:38:44.7565553+08:00 pid=111272 tid=1 format-conversion-forward-source-check stage=insert-target formulaId=bc429573-9a3e-4ea7-8f65-7dc097ea293f bookmarkMissing=True present=False
2026-09-06T18:38:44.7575579+08:00 pid=111272 tid=1 format-conversion-bookmarked-visualtex-target-stable sourceFormulaId=bc429573-9a3e-4ea7-8f65-7dc097ea293f formulaId=44299139-b880-4aaa-bc43-0e9310b63dc2 localAnchorRepair=False elapsedMs=0
2026-09-06T18:38:44.7575579+08:00 pid=111272 tid=1 format-conversion-forward-source-check stage=post-transaction formulaId=bc429573-9a3e-4ea7-8f65-7dc097ea293f bookmarkMissing=True present=False
2026-09-06T18:38:44.7575579+08:00 pid=111272 tid=1 format-conversion-perf stage=verify-target formulaId=bc429573-9a3e-4ea7-8f65-7dc097ea293f numbered=True deltaMs=2 totalMs=73
2026-09-06T18:38:44.7585553+08:00 pid=111272 tid=1 format-conversion-mathtype-source-identity-bound formulaId=1e281fba-f74f-4968-9252-1accf4fb74c6 bookmark=VTFCI_4ca37d0c8d0948d5b387393c74689a75 range=378:404
2026-09-06T18:38:44.7585553+08:00 pid=111272 tid=1 format-conversion-undo-state stage=before-source-delete document=文档4 recording=True level=1
2026-09-06T18:38:44.7745555+08:00 pid=111272 tid=1 format-conversion-mathtype-visualtex-paragraph-atomically-replaced formulaId=1e281fba-f74f-4968-9252-1accf4fb74c6 bookmark=VTFCI_4ca37d0c8d0948d5b387393c74689a75 range=377:523 start=377
2026-09-06T18:38:44.7745555+08:00 pid=111272 tid=1 format-conversion-perf stage=delete-source-host formulaId=1e281fba-f74f-4968-9252-1accf4fb74c6 numbered=True deltaMs=16 totalMs=16
2026-09-06T18:38:44.7745555+08:00 pid=111272 tid=1 format-conversion-undo-state stage=after-source-delete document=文档4 recording=True level=1
2026-09-06T18:38:44.7755554+08:00 pid=111272 tid=1 format-conversion-forward-source-check stage=delete-source formulaId=1e281fba-f74f-4968-9252-1accf4fb74c6 bookmarkMissing=True present=False
2026-09-06T18:38:44.7755554+08:00 pid=111272 tid=1 word-undo-begin name=VisualTeX Insert Native OLE Display Formula recording=True level=1
2026-09-06T18:38:44.8285551+08:00 pid=111272 tid=1 format-conversion-perf stage=insert-target formulaId=1e281fba-f74f-4968-9252-1accf4fb74c6 numbered=True deltaMs=54 totalMs=70
2026-09-06T18:38:44.8285551+08:00 pid=111272 tid=1 format-conversion-undo-state stage=after-target-insert document=文档4 recording=True level=1
2026-09-06T18:38:44.8295556+08:00 pid=111272 tid=1 format-conversion-forward-source-check stage=insert-target formulaId=1e281fba-f74f-4968-9252-1accf4fb74c6 bookmarkMissing=True present=False
2026-09-06T18:38:44.8295556+08:00 pid=111272 tid=1 format-conversion-bookmarked-visualtex-target-stable sourceFormulaId=1e281fba-f74f-4968-9252-1accf4fb74c6 formulaId=a7bb7035-053b-4c08-a256-913bb9569225 localAnchorRepair=False elapsedMs=0
2026-09-06T18:38:44.8295556+08:00 pid=111272 tid=1 format-conversion-forward-source-check stage=post-transaction formulaId=1e281fba-f74f-4968-9252-1accf4fb74c6 bookmarkMissing=True present=False
2026-09-06T18:38:44.8305591+08:00 pid=111272 tid=1 format-conversion-perf stage=verify-target formulaId=1e281fba-f74f-4968-9252-1accf4fb74c6 numbered=True deltaMs=1 totalMs=71
2026-09-06T18:38:44.8435551+08:00 pid=111272 tid=1 format-conversion-mathtype-source-identity-bound formulaId=b0d04382-a649-47c9-accd-b9ed5970c58d bookmark=VTFCI_d560d512159b4ee68360c85b39305f15 range=231:257
2026-09-06T18:38:44.8435551+08:00 pid=111272 tid=1 format-conversion-undo-state stage=before-source-delete document=文档4 recording=True level=1
2026-09-06T18:38:44.8495563+08:00 pid=111272 tid=1 format-conversion-mathtype-visualtex-paragraph-atomically-replaced formulaId=b0d04382-a649-47c9-accd-b9ed5970c58d bookmark=VTFCI_d560d512159b4ee68360c85b39305f15 range=230:376 start=230
2026-09-06T18:38:44.8495563+08:00 pid=111272 tid=1 format-conversion-perf stage=delete-source-host formulaId=b0d04382-a649-47c9-accd-b9ed5970c58d numbered=True deltaMs=19 totalMs=19
2026-09-06T18:38:44.8505553+08:00 pid=111272 tid=1 format-conversion-undo-state stage=after-source-delete document=文档4 recording=True level=1
2026-09-06T18:38:44.8505553+08:00 pid=111272 tid=1 format-conversion-forward-source-check stage=delete-source formulaId=b0d04382-a649-47c9-accd-b9ed5970c58d bookmarkMissing=True present=False
2026-09-06T18:38:44.8505553+08:00 pid=111272 tid=1 word-undo-begin name=VisualTeX Insert Native OLE Display Formula recording=True level=1
2026-09-06T18:38:44.9131972+08:00 pid=111272 tid=1 format-conversion-perf stage=insert-target formulaId=b0d04382-a649-47c9-accd-b9ed5970c58d numbered=True deltaMs=63 totalMs=82
2026-09-06T18:38:44.9131972+08:00 pid=111272 tid=1 format-conversion-undo-state stage=after-target-insert document=文档4 recording=True level=1
2026-09-06T18:38:44.9141971+08:00 pid=111272 tid=1 format-conversion-forward-source-check stage=insert-target formulaId=b0d04382-a649-47c9-accd-b9ed5970c58d bookmarkMissing=True present=False
2026-09-06T18:38:44.9141971+08:00 pid=111272 tid=1 format-conversion-bookmarked-visualtex-target-stable sourceFormulaId=b0d04382-a649-47c9-accd-b9ed5970c58d formulaId=d6e6bb6c-5b04-402f-bde4-d8023f9b396c localAnchorRepair=False elapsedMs=0
2026-09-06T18:38:44.9151976+08:00 pid=111272 tid=1 format-conversion-forward-source-check stage=post-transaction formulaId=b0d04382-a649-47c9-accd-b9ed5970c58d bookmarkMissing=True present=False
2026-09-06T18:38:44.9151976+08:00 pid=111272 tid=1 format-conversion-perf stage=verify-target formulaId=b0d04382-a649-47c9-accd-b9ed5970c58d numbered=True deltaMs=2 totalMs=84
2026-09-06T18:38:44.9161991+08:00 pid=111272 tid=1 format-conversion-mathtype-source-identity-bound formulaId=b610767b-cae5-4eb5-890a-78977088b037 bookmark=VTFCI_7ec951a0d6f94f8d809e71321eb69eaf range=203:229
2026-09-06T18:38:44.9161991+08:00 pid=111272 tid=1 format-conversion-undo-state stage=before-source-delete document=文档4 recording=True level=1
2026-09-06T18:38:44.9231972+08:00 pid=111272 tid=1 format-conversion-perf stage=delete-source-host formulaId=b610767b-cae5-4eb5-890a-78977088b037 numbered=False deltaMs=7 totalMs=7
2026-09-06T18:38:44.9231972+08:00 pid=111272 tid=1 format-conversion-undo-state stage=after-source-delete document=文档4 recording=True level=1
2026-09-06T18:38:44.9231972+08:00 pid=111272 tid=1 format-conversion-forward-source-check stage=delete-source formulaId=b610767b-cae5-4eb5-890a-78977088b037 bookmarkMissing=True present=False
2026-09-06T18:38:44.9241987+08:00 pid=111272 tid=1 word-undo-begin name=VisualTeX Insert Native OLE Inline Formula recording=True level=1
2026-09-06T18:38:44.9901972+08:00 pid=111272 tid=1 format-conversion-perf stage=insert-target formulaId=b610767b-cae5-4eb5-890a-78977088b037 numbered=False deltaMs=67 totalMs=74
2026-09-06T18:38:44.9901972+08:00 pid=111272 tid=1 format-conversion-undo-state stage=after-target-insert document=文档4 recording=True level=1
2026-09-06T18:38:44.9901972+08:00 pid=111272 tid=1 format-conversion-forward-source-check stage=insert-target formulaId=b610767b-cae5-4eb5-890a-78977088b037 bookmarkMissing=True present=False
2026-09-06T18:38:44.9911969+08:00 pid=111272 tid=1 format-conversion-bookmarked-visualtex-target-stable sourceFormulaId=b610767b-cae5-4eb5-890a-78977088b037 formulaId=d2a4c08d-e92f-4dc7-88c3-f71a29f793a8 localAnchorRepair=False elapsedMs=0
2026-09-06T18:38:44.9911969+08:00 pid=111272 tid=1 format-conversion-forward-source-check stage=post-transaction formulaId=b610767b-cae5-4eb5-890a-78977088b037 bookmarkMissing=True present=False
2026-09-06T18:38:44.9911969+08:00 pid=111272 tid=1 format-conversion-perf stage=verify-target formulaId=b610767b-cae5-4eb5-890a-78977088b037 numbered=False deltaMs=1 totalMs=75
2026-09-06T18:38:45.0141969+08:00 pid=111272 tid=1 format-conversion-mathtype-source-identity-bound formulaId=42117b6d-9b07-4c1c-8c41-bd52cabf694a bookmark=VTFCI_d3d9b72e358a4c33b22b0d0b0533b87f range=1:27
2026-09-06T18:38:45.0141969+08:00 pid=111272 tid=1 format-conversion-undo-state stage=before-source-delete document=文档4 recording=True level=1
2026-09-06T18:38:45.0203585+08:00 pid=111272 tid=1 format-conversion-mathtype-visualtex-paragraph-atomically-replaced formulaId=42117b6d-9b07-4c1c-8c41-bd52cabf694a bookmark=VTFCI_d3d9b72e358a4c33b22b0d0b0533b87f range=0:146 start=0
2026-09-06T18:38:45.0203585+08:00 pid=111272 tid=1 format-conversion-perf stage=delete-source-host formulaId=42117b6d-9b07-4c1c-8c41-bd52cabf694a numbered=True deltaMs=28 totalMs=28
2026-09-06T18:38:45.0208838+08:00 pid=111272 tid=1 format-conversion-undo-state stage=after-source-delete document=文档4 recording=True level=1
2026-09-06T18:38:45.0208838+08:00 pid=111272 tid=1 format-conversion-forward-source-check stage=delete-source formulaId=42117b6d-9b07-4c1c-8c41-bd52cabf694a bookmarkMissing=True present=False
2026-09-06T18:38:45.0214042+08:00 pid=111272 tid=1 word-undo-begin name=VisualTeX Insert Native OLE Display Formula recording=True level=1
2026-09-06T18:38:45.0876983+08:00 pid=111272 tid=1 format-conversion-perf stage=insert-target formulaId=42117b6d-9b07-4c1c-8c41-bd52cabf694a numbered=True deltaMs=67 totalMs=95
2026-09-06T18:38:45.0876983+08:00 pid=111272 tid=1 format-conversion-undo-state stage=after-target-insert document=文档4 recording=True level=1
2026-09-06T18:38:45.0876983+08:00 pid=111272 tid=1 format-conversion-forward-source-check stage=insert-target formulaId=42117b6d-9b07-4c1c-8c41-bd52cabf694a bookmarkMissing=True present=False
2026-09-06T18:38:45.0886983+08:00 pid=111272 tid=1 format-conversion-bookmarked-visualtex-target-stable sourceFormulaId=42117b6d-9b07-4c1c-8c41-bd52cabf694a formulaId=5258d136-4eb2-4ebe-8cb8-8129e465497b localAnchorRepair=False elapsedMs=0
2026-09-06T18:38:45.0886983+08:00 pid=111272 tid=1 format-conversion-forward-source-check stage=post-transaction formulaId=42117b6d-9b07-4c1c-8c41-bd52cabf694a bookmarkMissing=True present=False
2026-09-06T18:38:45.0886983+08:00 pid=111272 tid=1 format-conversion-perf stage=verify-target formulaId=42117b6d-9b07-4c1c-8c41-bd52cabf694a numbered=True deltaMs=2 totalMs=97
2026-09-06T18:38:45.4227313+08:00 pid=111272 tid=1 format-conversion-finalize-perf stage=source-residual-check sourceMode=mathTypeOle targetMode=nativeOle deltaMs=333 totalMs=333
2026-09-06T18:38:45.4237314+08:00 pid=111272 tid=1 format-conversion-finalize-perf stage=target-count-check sourceMode=mathTypeOle targetMode=nativeOle deltaMs=2 totalMs=335
2026-09-06T18:38:45.4257339+08:00 pid=111272 tid=1 format-conversion-visualtex-numbering-inventory formulaId=5258d136-4eb2-4ebe-8cb8-8129e465497b range=0:34 paragraph=0:35 numbered=True
2026-09-06T18:38:45.4257339+08:00 pid=111272 tid=1 format-conversion-visualtex-numbering-inventory formulaId=d2a4c08d-e92f-4dc7-88c3-f71a29f793a8 range=92:126 paragraph=80:128 numbered=False
2026-09-06T18:38:45.4267311+08:00 pid=111272 tid=1 format-conversion-visualtex-numbering-inventory formulaId=d6e6bb6c-5b04-402f-bde4-d8023f9b396c range=128:162 paragraph=128:163 numbered=True
2026-09-06T18:38:45.4277311+08:00 pid=111272 tid=1 format-conversion-visualtex-numbering-inventory formulaId=a7bb7035-053b-4c08-a256-913bb9569225 range=164:198 paragraph=164:199 numbered=True
2026-09-06T18:38:45.4277311+08:00 pid=111272 tid=1 format-conversion-visualtex-numbering-inventory formulaId=44299139-b880-4aaa-bc43-0e9310b63dc2 range=228:262 paragraph=228:263 numbered=True
2026-09-06T18:38:45.4287310+08:00 pid=111272 tid=1 format-conversion-visualtex-numbering-inventory formulaId=d5a82e94-a24e-464e-91be-0d630c6fb10f range=271:305 paragraph=271:306 numbered=True
2026-09-06T18:38:45.4297311+08:00 pid=111272 tid=1 format-conversion-visualtex-numbering-inventory formulaId=105ae3ac-3510-4d94-8ec0-9923158b6f7c range=324:358 paragraph=324:359 numbered=True
2026-09-06T18:38:45.4317310+08:00 pid=111272 tid=1 format-conversion-visualtex-numbering-before-scaffold formulaId=105ae3ac-3510-4d94-8ec0-9923158b6f7c frozenRange=visualtex-word-vsto-range:324:358 liveRange=324:358 paragraph=324:359
2026-09-06T18:38:45.5042931+08:00 pid=111272 tid=1 format-conversion-visualtex-numbering-before-scaffold formulaId=d5a82e94-a24e-464e-91be-0d630c6fb10f frozenRange=visualtex-word-vsto-range:271:305 liveRange=271:305 paragraph=271:306
2026-09-06T18:38:45.5832925+08:00 pid=111272 tid=1 format-conversion-visualtex-numbering-before-scaffold formulaId=44299139-b880-4aaa-bc43-0e9310b63dc2 frozenRange=visualtex-word-vsto-range:228:262 liveRange=228:262 paragraph=228:263
2026-09-06T18:38:45.6788600+08:00 pid=111272 tid=1 format-conversion-visualtex-numbering-before-scaffold formulaId=a7bb7035-053b-4c08-a256-913bb9569225 frozenRange=visualtex-word-vsto-range:164:198 liveRange=164:198 paragraph=164:199
2026-09-06T18:38:45.7694910+08:00 pid=111272 tid=1 format-conversion-visualtex-numbering-before-scaffold formulaId=d6e6bb6c-5b04-402f-bde4-d8023f9b396c frozenRange=visualtex-word-vsto-range:128:162 liveRange=128:162 paragraph=128:163
2026-09-06T18:38:45.8680837+08:00 pid=111272 tid=1 format-conversion-visualtex-numbering-before-scaffold formulaId=d2a4c08d-e92f-4dc7-88c3-f71a29f793a8 frozenRange=visualtex-word-vsto-range:92:126 liveRange=92:126 paragraph=80:128
2026-09-06T18:38:45.8700839+08:00 pid=111272 tid=1 format-conversion-visualtex-numbering-before-scaffold formulaId=5258d136-4eb2-4ebe-8cb8-8129e465497b frozenRange=visualtex-word-vsto-range:0:34 liveRange=0:34 paragraph=0:35
2026-09-06T18:38:46.2967267+08:00 pid=111272 tid=1 format-conversion-numbering-visualtex-batch built=6 finalized=6
2026-09-06T18:38:46.3279422+08:00 pid=111272 tid=1 format-conversion-reference-aliases-restored sourceMode=mathTypeOle targetMode=nativeOle aliases=1 refreshedReferences=1 restoredFormatting=1
2026-09-06T18:38:46.3419497+08:00 pid=111272 tid=1 format-conversion-finalize-perf stage=numbering-reconcile sourceMode=mathTypeOle targetMode=nativeOle deltaMs=917 totalMs=1252
2026-09-06T18:38:46.3465491+08:00 pid=111272 tid=1 format-conversion-finalize-perf stage=omml-fingerprint-refresh sourceMode=mathTypeOle targetMode=nativeOle deltaMs=5 totalMs=1257
2026-09-06T18:38:46.6143089+08:00 pid=111272 tid=1 format-conversion-transaction-completed targets=7
2026-09-06T18:38:46.7469372+08:00 pid=111272 tid=13 format-conversion-word-apply-finished sourceMode=mathTypeOle targetMode=nativeOle converted=7 failed=0
2026-09-06T18:38:46.7469372+08:00 pid=111272 tid=13 format-conversion-session-cleanup-start sessions=7
2026-09-06T18:38:46.7479389+08:00 pid=111272 tid=13 format-conversion-complete source=MathType target=VisualTeX converted=7 failed=0
2026-09-06T18:38:46.7509380+08:00 pid=111272 tid=22 format-conversion-session-cleanup-complete sessions=7
2026-09-06T18:39:56.1755403+08:00 pid=111272 tid=11 left-down x=2688 y=1281 wordForeground=True
2026-09-06T18:39:57.2924767+08:00 pid=111272 tid=11 left-down x=2687 y=1255 wordForeground=False
2026-09-06T18:40:00.9971190+08:00 pid=111272 tid=11 left-down x=3453 y=883 wordForeground=False
2026-09-06T18:40:03.0178174+08:00 pid=111272 tid=11 left-down x=3255 y=934 wordForeground=False
2026-09-06T18:40:04.9859265+08:00 pid=111272 tid=11 left-down x=2821 y=832 wordForeground=False
2026-09-06T18:40:06.4468926+08:00 pid=111272 tid=11 left-down x=2370 y=1614 wordForeground=False
2026-09-06T18:40:07.2456859+08:00 pid=111272 tid=11 left-down x=2337 y=1551 wordForeground=False
2026-09-06T18:40:09.2562020+08:00 pid=111272 tid=11 left-down x=3541 y=952 wordForeground=False
2026-09-06T18:40:11.0712423+08:00 pid=111272 tid=11 left-down x=916 y=415 wordForeground=False
2026-09-06T18:40:11.9850447+08:00 pid=111272 tid=11 left-down x=952 y=461 wordForeground=True
2026-09-06T18:40:13.1823432+08:00 pid=111272 tid=11 left-down x=1016 y=491 wordForeground=True
2026-09-06T18:40:14.9760362+08:00 pid=111272 tid=11 left-down x=1044 y=500 wordForeground=True
2026-09-06T18:40:15.1522363+08:00 pid=111272 tid=11 left-down x=1044 y=500 wordForeground=True
2026-09-06T18:40:15.1522363+08:00 pid=111272 tid=11 double-click elapsedMs=176.367 withinX=True withinY=True nativeOleTarget=False suppressSecondDown=False dispatchCallback=True
2026-09-06T18:40:15.2557426+08:00 pid=111272 tid=16 callback-begin interceptedNativeOle=False x=1044 y=500
2026-09-06T18:40:15.2557426+08:00 pid=111272 tid=16 addin-callback-received interceptedNativeOle=False x=1044 y=500
2026-09-06T18:40:15.2557426+08:00 pid=111272 tid=16 callback-end
2026-09-06T18:40:15.2567445+08:00 pid=111272 tid=1 addin-coordinate-selection formulaId=<null> objectMode=<null>
2026-09-06T18:40:15.3521478+08:00 pid=111272 tid=1 window-before-double-click formulaId=d6e6bb6c-5b04-402f-bde4-d8023f9b396c objectMode=nativeOle shouldOpenVisualTeX=True hasMousePoint=True pointHitsFormula=True
2026-09-06T18:40:18.3440282+08:00 pid=111272 tid=11 left-down x=2748 y=671 wordForeground=False
2026-09-06T18:40:18.5499709+08:00 pid=111272 tid=17 ribbon-session-operation-released sessionId=f7ab4138-eca2-4daa-a9dc-524acea71cfd
2026-09-06T18:40:26.0915331+08:00 pid=111272 tid=1 bulk-import bulk-import-start
2026-09-06T18:40:26.1061200+08:00 pid=111272 tid=5 bulk-import bulk-import-ui-created sessionId=eb82f20c-7f37-4f43-8975-b984b6df0b9c
2026-09-06T18:40:26.1110552+08:00 pid=111272 tid=5 bulk-import bulk-import-ui-opened sessionId=eb82f20c-7f37-4f43-8975-b984b6df0b9c
2026-09-06T18:40:29.9675107+08:00 pid=111272 tid=11 left-down x=1382 y=1120 wordForeground=False
2026-09-06T18:40:32.1806604+08:00 pid=111272 tid=11 left-down x=2332 y=460 wordForeground=False
2026-09-06T18:40:34.5029592+08:00 pid=111272 tid=11 left-down x=2492 y=460 wordForeground=False
2026-09-06T18:40:37.0964736+08:00 pid=111272 tid=15 bulk-import bulk-import-ui-finished sessionId=eb82f20c-7f37-4f43-8975-b984b6df0b9c status=committing error=<null>
2026-09-06T18:40:37.1004743+08:00 pid=111272 tid=15 bulk-import parsed blocks=15 formulas=6 mode=MathType fontSizePt=10.5
2026-09-06T18:40:37.1160609+08:00 pid=111272 tid=8 bulk-import render-prepare index=1/6 display=inline latex=\sqrt{E-u\left(x\right)}=\frac{1}{f\left(\omega\right)v_{ph}\left(\omega,x\right)}
2026-09-06T18:40:37.1170655+08:00 pid=111272 tid=8 bulk-import converter-create display=inline mode=mathTypeOle latex=\sqrt{E-u\left(x\right)}=\frac{1}{f\left(\omega\right)v_{ph}\left(\omega,x\right)}
2026-09-06T18:40:37.1210616+08:00 pid=111272 tid=5 bulk-import converter-created sessionId=9fe7c2fe-a339-40b8-9903-d579945cdfb1
2026-09-06T18:40:37.1210616+08:00 pid=111272 tid=5 bulk-import render-prepare index=2/6 display=block latex=\begin{cases}\frac{\mathrm{d}}{\mathrm{d}\omega}\left(\omega f\left(\omega\right)\right)=0 \\ \frac{\omega f\left(\omega\right)}{2}\frac{\mathrm{d}E\left(\omega\right)}{\mathrm{d}\omega}=\sqrt{\frac{m}{2}} \end{cases}
2026-09-06T18:40:37.1220621+08:00 pid=111272 tid=5 bulk-import converter-create display=block mode=mathTypeOle latex=\begin{cases}\frac{\mathrm{d}}{\mathrm{d}\omega}\left(\omega f\left(\omega\right)\right)=0 \\ \frac{\omega f\left(\omega\right)}{2}\frac{\mathrm{d}E\left(\omega\right)}{\mathrm{d}\omega}=\sqrt{\frac{m}{2}} \end{cases}
2026-09-06T18:40:37.1270617+08:00 pid=111272 tid=15 bulk-import converter-created sessionId=ea2ba1fb-33a8-4fac-bbdc-7d7930976c6b
2026-09-06T18:40:37.1270617+08:00 pid=111272 tid=15 bulk-import render-prepare index=3/6 display=block latex=\sqrt{\frac{m}{2\left(E\left(\omega\right)-U\right)}}=\frac{\mathrm{d}}{\mathrm{d}\omega}\left(\omega\cdot f\left(\omega\right)\sqrt{\left(E\left(\omega\right)-U\right)}\right)
2026-09-06T18:40:37.1280622+08:00 pid=111272 tid=15 bulk-import converter-create display=block mode=mathTypeOle latex=\sqrt{\frac{m}{2\left(E\left(\omega\right)-U\right)}}=\frac{\mathrm{d}}{\mathrm{d}\omega}\left(\omega\cdot f\left(\omega\right)\sqrt{\left(E\left(\omega\right)-U\right)}\right)
2026-09-06T18:40:37.1310621+08:00 pid=111272 tid=5 bulk-import converter-created sessionId=93a8235b-b677-4b46-b7d8-eb9d2442307e
2026-09-06T18:40:37.1320617+08:00 pid=111272 tid=5 bulk-import render-prepare index=4/6 display=block latex=i\hbar \frac{\partial}{\partial t}\psi(\mathbf{r},t) = \left[ -\frac{\hbar^2}{2m}\nabla^2 + V(\mathbf{r},t) \right]\psi(\mathbf{r},t)
2026-09-06T18:40:37.1320617+08:00 pid=111272 tid=5 bulk-import converter-create display=block mode=mathTypeOle latex=i\hbar \frac{\partial}{\partial t}\psi(\mathbf{r},t) = \left[ -\frac{\hbar^2}{2m}\nabla^2 + V(\mathbf{r},t) \right]\psi(\mathbf{r},t)
2026-09-06T18:40:37.1360612+08:00 pid=111272 tid=15 bulk-import converter-created sessionId=60a1f85b-6287-4bd8-935a-5283e15b93f9
2026-09-06T18:40:37.1360612+08:00 pid=111272 tid=15 bulk-import render-prepare index=5/6 display=block latex=\frac{\partial}{\partial t}\psi ^*\left( \vec{r} \right) \psi \left( \vec{r} \right) =\frac{i\hbar}{2m}\nabla \cdot \left[ \psi ^*\left( \vec{r} \right) \nabla \psi \left( \vec{r} \right) -\psi \left( \vec{r} \right) \nabla \psi ^*\left( r \right) \right]
2026-09-06T18:40:37.1370605+08:00 pid=111272 tid=15 bulk-import converter-create display=block mode=mathTypeOle latex=\frac{\partial}{\partial t}\psi ^*\left( \vec{r} \right) \psi \left( \vec{r} \right) =\frac{i\hbar}{2m}\nabla \cdot \left[ \psi ^*\left( \vec{r} \right) \nabla \psi \left( \vec{r} \right) -\psi \left( \vec{r} \right) \nabla \psi ^*\left( r \right) \right]
2026-09-06T18:40:37.1400608+08:00 pid=111272 tid=5 bulk-import converter-created sessionId=5a068cab-ae0b-45c2-bfe6-f648d53d4a78
2026-09-06T18:40:37.1410614+08:00 pid=111272 tid=5 bulk-import render-prepare index=6/6 display=block latex=\frac{\partial}{\partial t}\rho \left( \vec{r},t \right) +\nabla \cdot \vec{j}=0
2026-09-06T18:40:37.1410614+08:00 pid=111272 tid=5 bulk-import converter-create display=block mode=mathTypeOle latex=\frac{\partial}{\partial t}\rho \left( \vec{r},t \right) +\nabla \cdot \vec{j}=0
2026-09-06T18:40:37.1450613+08:00 pid=111272 tid=15 bulk-import converter-created sessionId=e40775b3-bb8d-40a5-bd46-568ceaee03af
2026-09-06T18:40:37.1450613+08:00 pid=111272 tid=15 bulk-import render-batch-start unique=6 total=6
2026-09-06T18:40:37.1892232+08:00 pid=111272 tid=5 bulk-import render-batch-item sessionId=9fe7c2fe-a339-40b8-9903-d579945cdfb1 status=committing display=inline
2026-09-06T18:40:37.2402247+08:00 pid=111272 tid=5 bulk-import render-batch-item sessionId=ea2ba1fb-33a8-4fac-bbdc-7d7930976c6b status=committing display=block
2026-09-06T18:40:37.2622223+08:00 pid=111272 tid=15 bulk-import render-batch-item sessionId=93a8235b-b677-4b46-b7d8-eb9d2442307e status=committing display=block
2026-09-06T18:40:37.2819442+08:00 pid=111272 tid=5 bulk-import render-batch-item sessionId=60a1f85b-6287-4bd8-935a-5283e15b93f9 status=committing display=block
2026-09-06T18:40:37.3009444+08:00 pid=111272 tid=15 bulk-import render-batch-item sessionId=5a068cab-ae0b-45c2-bfe6-f648d53d4a78 status=committing display=block
2026-09-06T18:40:37.3179437+08:00 pid=111272 tid=17 bulk-import render-batch-item sessionId=e40775b3-bb8d-40a5-bd46-568ceaee03af status=committing display=block
2026-09-06T18:40:37.3189572+08:00 pid=111272 tid=17 bulk-import render-batch-complete unique=6 elapsedMs=172
2026-09-06T18:40:37.6578988+08:00 pid=111272 tid=17 bulk-import mathtype-native-preview-batch templates=6 formulas=6 elapsedMs=335
2026-09-06T18:40:37.6818990+08:00 pid=111272 tid=1 word-undo-begin name=VisualTeX 批量导入 recording=False level=0
2026-09-06T18:40:37.6818990+08:00 pid=111272 tid=1 word-undo-started name=VisualTeX 批量导入 recording=True level=1
2026-09-06T18:40:37.7317620+08:00 pid=111272 tid=1 word-undo-begin name=VisualTeX Insert MathType OLE Inline Formula recording=True level=1
2026-09-06T18:40:37.7347689+08:00 pid=111272 tid=1 mathtype-insert-perf stage=resolve-insertion numbered=False inline=True deltaMs=2 totalMs=2
2026-09-06T18:40:37.7397682+08:00 pid=111272 tid=1 mathtype-insert-perf stage=build-flat-opc numbered=False inline=True deltaMs=6 totalMs=8
2026-09-06T18:40:37.7397682+08:00 pid=111272 tid=1 mathtype-insert-perf stage=pre-insert-bookkeeping numbered=False inline=True deltaMs=0 totalMs=8
2026-09-06T18:40:37.7757843+08:00 pid=111272 tid=1 mathtype-insert-perf stage=insert-flat-opc numbered=False inline=True deltaMs=36 totalMs=44
2026-09-06T18:40:37.7767843+08:00 pid=111272 tid=1 mathtype-insert-perf stage=resolve-new-shape numbered=False inline=True deltaMs=0 totalMs=44
2026-09-06T18:40:37.8057847+08:00 pid=111272 tid=1 mathtype-insert-perf stage=set-shape-geometry numbered=False inline=True deltaMs=30 totalMs=74
2026-09-06T18:40:37.8057847+08:00 pid=111272 tid=1 mathtype-insert-perf stage=repair-inline-paragraph numbered=False inline=True deltaMs=0 totalMs=74
2026-09-06T18:40:37.8067844+08:00 pid=111272 tid=1 mathtype-insert-perf stage=refresh-native-shape numbered=False inline=True deltaMs=0 totalMs=74
2026-09-06T18:40:37.8077846+08:00 pid=111272 tid=1 mathtype-insert-perf stage=set-native-baseline numbered=False inline=True deltaMs=1 totalMs=75
2026-09-06T18:40:37.8087867+08:00 pid=111272 tid=1 mathtype-insert-perf stage=restore-typing-baseline numbered=False inline=True deltaMs=2 totalMs=77
2026-09-06T18:40:37.8097846+08:00 pid=111272 tid=1 mathtype-insert-perf stage=complete numbered=False inline=True deltaMs=0 totalMs=77
2026-09-06T18:40:37.8327842+08:00 pid=111272 tid=1 word-undo-begin name=VisualTeX Insert MathType OLE Numbered Display Formula recording=False level=0
2026-09-06T18:40:37.8327842+08:00 pid=111272 tid=1 word-undo-started name=VisualTeX Insert MathType OLE Numbered Display Formula recording=True level=1
2026-09-06T18:40:37.8357844+08:00 pid=111272 tid=1 mathtype-insert-perf stage=resolve-insertion numbered=True inline=False deltaMs=3 totalMs=3
2026-09-06T18:40:37.8357844+08:00 pid=111272 tid=1 mathtype-insert-perf stage=clear-incomplete-number-row numbered=True inline=False deltaMs=0 totalMs=3
2026-09-06T18:40:37.8377839+08:00 pid=111272 tid=1 mathtype-insert-perf stage=number-template-heading-state numbered=True inline=False deltaMs=2 totalMs=5
2026-09-06T18:40:37.8387844+08:00 pid=111272 tid=1 mathtype-insert-perf stage=prepare-display-row numbered=True inline=False deltaMs=1 totalMs=6
2026-09-06T18:40:37.8437846+08:00 pid=111272 tid=1 mathtype-insert-perf stage=build-flat-opc numbered=True inline=False deltaMs=5 totalMs=11
2026-09-06T18:40:37.8437846+08:00 pid=111272 tid=1 mathtype-insert-perf stage=pre-insert-bookkeeping numbered=True inline=False deltaMs=0 totalMs=11
2026-09-06T18:40:37.8777845+08:00 pid=111272 tid=1 mathtype-insert-perf stage=insert-flat-opc numbered=True inline=False deltaMs=34 totalMs=45
2026-09-06T18:40:37.8787843+08:00 pid=111272 tid=1 mathtype-insert-perf stage=resolve-new-shape numbered=True inline=False deltaMs=1 totalMs=46
2026-09-06T18:40:37.9087852+08:00 pid=111272 tid=1 mathtype-insert-perf stage=set-shape-geometry numbered=True inline=False deltaMs=30 totalMs=76
2026-09-06T18:40:37.9097874+08:00 pid=111272 tid=1 mathtype-insert-perf stage=repair-inline-paragraph numbered=True inline=False deltaMs=1 totalMs=77
2026-09-06T18:40:37.9097874+08:00 pid=111272 tid=1 mathtype-insert-perf stage=refresh-native-shape numbered=True inline=False deltaMs=0 totalMs=77
2026-09-06T18:40:37.9157844+08:00 pid=111272 tid=1 mathtype-insert-perf stage=relocate-left-mathtype-field-scaffold numbered=True inline=False deltaMs=6 totalMs=83
2026-09-06T18:40:37.9407846+08:00 pid=111272 tid=1 mathtype-insert-perf stage=complete numbered=True inline=False deltaMs=25 totalMs=108
2026-09-06T18:40:37.9407846+08:00 pid=111272 tid=1 word-undo-end recording=False level=0
2026-09-06T18:40:37.9640319+08:00 pid=111272 tid=1 word-undo-begin name=VisualTeX Insert MathType OLE Numbered Display Formula recording=False level=0
2026-09-06T18:40:37.9640319+08:00 pid=111272 tid=1 word-undo-started name=VisualTeX Insert MathType OLE Numbered Display Formula recording=True level=1
2026-09-06T18:40:37.9670316+08:00 pid=111272 tid=1 mathtype-insert-perf stage=resolve-insertion numbered=True inline=False deltaMs=3 totalMs=3
2026-09-06T18:40:37.9680344+08:00 pid=111272 tid=1 mathtype-insert-perf stage=clear-incomplete-number-row numbered=True inline=False deltaMs=1 totalMs=4
2026-09-06T18:40:37.9705863+08:00 pid=111272 tid=1 mathtype-insert-perf stage=number-template-heading-state numbered=True inline=False deltaMs=2 totalMs=6
2026-09-06T18:40:37.9705863+08:00 pid=111272 tid=1 mathtype-insert-perf stage=prepare-display-row numbered=True inline=False deltaMs=0 totalMs=6
2026-09-06T18:40:37.9775861+08:00 pid=111272 tid=1 mathtype-insert-perf stage=build-flat-opc numbered=True inline=False deltaMs=7 totalMs=13
2026-09-06T18:40:37.9775861+08:00 pid=111272 tid=1 mathtype-insert-perf stage=pre-insert-bookkeeping numbered=True inline=False deltaMs=0 totalMs=13
2026-09-06T18:40:38.0164514+08:00 pid=111272 tid=1 mathtype-insert-perf stage=insert-flat-opc numbered=True inline=False deltaMs=39 totalMs=52
2026-09-06T18:40:38.0174051+08:00 pid=111272 tid=1 mathtype-insert-perf stage=resolve-new-shape numbered=True inline=False deltaMs=1 totalMs=53
2026-09-06T18:40:38.0504140+08:00 pid=111272 tid=1 mathtype-insert-perf stage=set-shape-geometry numbered=True inline=False deltaMs=33 totalMs=86
2026-09-06T18:40:38.0514131+08:00 pid=111272 tid=1 mathtype-insert-perf stage=repair-inline-paragraph numbered=True inline=False deltaMs=1 totalMs=87
2026-09-06T18:40:38.0514131+08:00 pid=111272 tid=1 mathtype-insert-perf stage=refresh-native-shape numbered=True inline=False deltaMs=0 totalMs=87
2026-09-06T18:40:38.0554131+08:00 pid=111272 tid=1 mathtype-insert-perf stage=relocate-left-mathtype-field-scaffold numbered=True inline=False deltaMs=4 totalMs=91
2026-09-06T18:40:38.0740094+08:00 pid=111272 tid=1 mathtype-insert-perf stage=complete numbered=True inline=False deltaMs=18 totalMs=109
2026-09-06T18:40:38.0740094+08:00 pid=111272 tid=1 word-undo-end recording=False level=0
2026-09-06T18:40:38.1365953+08:00 pid=111272 tid=1 word-undo-begin name=VisualTeX Insert MathType OLE Numbered Display Formula recording=False level=0
2026-09-06T18:40:38.1365953+08:00 pid=111272 tid=1 word-undo-started name=VisualTeX Insert MathType OLE Numbered Display Formula recording=True level=1
2026-09-06T18:40:38.1395967+08:00 pid=111272 tid=1 mathtype-insert-perf stage=resolve-insertion numbered=True inline=False deltaMs=3 totalMs=3
2026-09-06T18:40:38.1395967+08:00 pid=111272 tid=1 mathtype-insert-perf stage=clear-incomplete-number-row numbered=True inline=False deltaMs=0 totalMs=3
2026-09-06T18:40:38.1405952+08:00 pid=111272 tid=1 mathtype-insert-perf stage=number-template-heading-state numbered=True inline=False deltaMs=1 totalMs=4
2026-09-06T18:40:38.1415951+08:00 pid=111272 tid=1 mathtype-insert-perf stage=prepare-display-row numbered=True inline=False deltaMs=1 totalMs=5
2026-09-06T18:40:38.1475953+08:00 pid=111272 tid=1 mathtype-insert-perf stage=build-flat-opc numbered=True inline=False deltaMs=6 totalMs=11
2026-09-06T18:40:38.1475953+08:00 pid=111272 tid=1 mathtype-insert-perf stage=pre-insert-bookkeeping numbered=True inline=False deltaMs=0 totalMs=11
2026-09-06T18:40:38.1833567+08:00 pid=111272 tid=1 mathtype-insert-perf stage=insert-flat-opc numbered=True inline=False deltaMs=36 totalMs=47
2026-09-06T18:40:38.1843550+08:00 pid=111272 tid=1 mathtype-insert-perf stage=resolve-new-shape numbered=True inline=False deltaMs=1 totalMs=48
2026-09-06T18:40:38.2153159+08:00 pid=111272 tid=1 mathtype-insert-perf stage=set-shape-geometry numbered=True inline=False deltaMs=30 totalMs=78
2026-09-06T18:40:38.2153159+08:00 pid=111272 tid=1 mathtype-insert-perf stage=repair-inline-paragraph numbered=True inline=False deltaMs=0 totalMs=78
2026-09-06T18:40:38.2153159+08:00 pid=111272 tid=1 mathtype-insert-perf stage=refresh-native-shape numbered=True inline=False deltaMs=1 totalMs=79
2026-09-06T18:40:38.2193183+08:00 pid=111272 tid=1 mathtype-insert-perf stage=relocate-left-mathtype-field-scaffold numbered=True inline=False deltaMs=4 totalMs=83
2026-09-06T18:40:38.2403160+08:00 pid=111272 tid=1 mathtype-insert-perf stage=complete numbered=True inline=False deltaMs=21 totalMs=104
2026-09-06T18:40:38.2403160+08:00 pid=111272 tid=1 word-undo-end recording=False level=0
2026-09-06T18:40:38.2713154+08:00 pid=111272 tid=1 word-undo-begin name=VisualTeX Insert MathType OLE Numbered Display Formula recording=False level=0
2026-09-06T18:40:38.2713154+08:00 pid=111272 tid=1 word-undo-started name=VisualTeX Insert MathType OLE Numbered Display Formula recording=True level=1
2026-09-06T18:40:38.2753154+08:00 pid=111272 tid=1 mathtype-insert-perf stage=resolve-insertion numbered=True inline=False deltaMs=3 totalMs=3
2026-09-06T18:40:38.2753154+08:00 pid=111272 tid=1 mathtype-insert-perf stage=clear-incomplete-number-row numbered=True inline=False deltaMs=1 totalMs=4
2026-09-06T18:40:38.2763179+08:00 pid=111272 tid=1 mathtype-insert-perf stage=number-template-heading-state numbered=True inline=False deltaMs=1 totalMs=5
2026-09-06T18:40:38.2773157+08:00 pid=111272 tid=1 mathtype-insert-perf stage=prepare-display-row numbered=True inline=False deltaMs=0 totalMs=5
2026-09-06T18:40:38.2823180+08:00 pid=111272 tid=1 mathtype-insert-perf stage=build-flat-opc numbered=True inline=False deltaMs=6 totalMs=11
2026-09-06T18:40:38.2823180+08:00 pid=111272 tid=1 mathtype-insert-perf stage=pre-insert-bookkeeping numbered=True inline=False deltaMs=0 totalMs=11
2026-09-06T18:40:38.3203283+08:00 pid=111272 tid=1 mathtype-insert-perf stage=insert-flat-opc numbered=True inline=False deltaMs=37 totalMs=48
2026-09-06T18:40:38.3223293+08:00 pid=111272 tid=1 mathtype-insert-perf stage=resolve-new-shape numbered=True inline=False deltaMs=3 totalMs=51
2026-09-06T18:40:38.3574545+08:00 pid=111272 tid=1 mathtype-insert-perf stage=set-shape-geometry numbered=True inline=False deltaMs=34 totalMs=85
2026-09-06T18:40:38.3574545+08:00 pid=111272 tid=1 mathtype-insert-perf stage=repair-inline-paragraph numbered=True inline=False deltaMs=0 totalMs=85
2026-09-06T18:40:38.3584548+08:00 pid=111272 tid=1 mathtype-insert-perf stage=refresh-native-shape numbered=True inline=False deltaMs=1 totalMs=86
2026-09-06T18:40:38.3674549+08:00 pid=111272 tid=1 mathtype-insert-perf stage=relocate-left-mathtype-field-scaffold numbered=True inline=False deltaMs=10 totalMs=96
2026-09-06T18:40:38.3914553+08:00 pid=111272 tid=1 mathtype-insert-perf stage=complete numbered=True inline=False deltaMs=24 totalMs=120
2026-09-06T18:40:38.3924557+08:00 pid=111272 tid=1 word-undo-end recording=False level=0
2026-09-06T18:40:38.4294550+08:00 pid=111272 tid=1 word-undo-begin name=VisualTeX Insert MathType OLE Numbered Display Formula recording=False level=0
2026-09-06T18:40:38.4294550+08:00 pid=111272 tid=1 word-undo-started name=VisualTeX Insert MathType OLE Numbered Display Formula recording=True level=1
2026-09-06T18:40:38.4354555+08:00 pid=111272 tid=1 mathtype-insert-perf stage=resolve-insertion numbered=True inline=False deltaMs=6 totalMs=6
2026-09-06T18:40:38.4354555+08:00 pid=111272 tid=1 mathtype-insert-perf stage=clear-incomplete-number-row numbered=True inline=False deltaMs=0 totalMs=6
2026-09-06T18:40:38.4384554+08:00 pid=111272 tid=1 mathtype-insert-perf stage=number-template-heading-state numbered=True inline=False deltaMs=3 totalMs=9
2026-09-06T18:40:38.4394570+08:00 pid=111272 tid=1 mathtype-insert-perf stage=prepare-display-row numbered=True inline=False deltaMs=1 totalMs=10
2026-09-06T18:40:38.4464544+08:00 pid=111272 tid=1 mathtype-insert-perf stage=build-flat-opc numbered=True inline=False deltaMs=7 totalMs=17
2026-09-06T18:40:38.4474542+08:00 pid=111272 tid=1 mathtype-insert-perf stage=pre-insert-bookkeeping numbered=True inline=False deltaMs=1 totalMs=18
2026-09-06T18:40:38.4854545+08:00 pid=111272 tid=1 mathtype-insert-perf stage=insert-flat-opc numbered=True inline=False deltaMs=38 totalMs=56
2026-09-06T18:40:38.4854545+08:00 pid=111272 tid=1 mathtype-insert-perf stage=resolve-new-shape numbered=True inline=False deltaMs=0 totalMs=56
2026-09-06T18:40:38.5154627+08:00 pid=111272 tid=1 mathtype-insert-perf stage=set-shape-geometry numbered=True inline=False deltaMs=30 totalMs=86
2026-09-06T18:40:38.5164641+08:00 pid=111272 tid=1 mathtype-insert-perf stage=repair-inline-paragraph numbered=True inline=False deltaMs=0 totalMs=86
2026-09-06T18:40:38.5164641+08:00 pid=111272 tid=1 mathtype-insert-perf stage=refresh-native-shape numbered=True inline=False deltaMs=1 totalMs=87
2026-09-06T18:40:38.5204619+08:00 pid=111272 tid=1 mathtype-insert-perf stage=relocate-left-mathtype-field-scaffold numbered=True inline=False deltaMs=4 totalMs=91
2026-09-06T18:40:38.5424622+08:00 pid=111272 tid=1 mathtype-insert-perf stage=complete numbered=True inline=False deltaMs=22 totalMs=113
2026-09-06T18:40:38.5434643+08:00 pid=111272 tid=1 word-undo-end recording=False level=0
2026-09-06T18:40:38.6084615+08:00 pid=111272 tid=1 bulk-import-ole-identities-finalized repaired=0
2026-09-06T18:40:38.6094634+08:00 pid=111272 tid=1 word-undo-end recording=False level=0
2026-09-06T18:40:38.6104612+08:00 pid=111272 tid=21 bulk-import bulk-insert-complete blocks=15 formulas=6 elapsedMs=952
2026-09-06T18:40:38.6104612+08:00 pid=111272 tid=21 bulk-import bulk-import-complete blocks=15 formulas=6 elapsedMs=12518
2026-09-06T18:40:38.6104612+08:00 pid=111272 tid=21 bulk-import bulk-operation-gate-released
2026-09-06T18:40:38.6544620+08:00 pid=111272 tid=25 office-session-finalization-complete sessions=7 completed=True
2026-09-06T18:43:23.9334565+08:00 pid=111272 tid=11 left-down x=1238 y=848 wordForeground=True
2026-09-06T18:43:24.2414793+08:00 pid=111272 tid=11 left-down x=1246 y=845 wordForeground=True
2026-09-06T18:43:25.7737651+08:00 pid=111272 tid=11 left-down x=1124 y=845 wordForeground=True
2026-09-06T18:43:25.9616938+08:00 pid=111272 tid=11 left-down x=1124 y=845 wordForeground=True
2026-09-06T18:43:25.9616938+08:00 pid=111272 tid=11 double-click elapsedMs=187.946 withinX=True withinY=True nativeOleTarget=False suppressSecondDown=False dispatchCallback=True
2026-09-06T18:43:26.0646623+08:00 pid=111272 tid=12 callback-begin interceptedNativeOle=False x=1124 y=845
2026-09-06T18:43:26.0646623+08:00 pid=111272 tid=12 addin-callback-received interceptedNativeOle=False x=1124 y=845
2026-09-06T18:43:26.0646623+08:00 pid=111272 tid=12 callback-end
2026-09-06T18:43:26.0656641+08:00 pid=111272 tid=1 addin-coordinate-selection formulaId=<null> objectMode=<null>
2026-09-06T18:43:26.1247953+08:00 pid=111272 tid=1 window-before-double-click-mathtype-released-to-native-editor-unclaimed
2026-09-06T18:43:28.3186796+08:00 pid=111272 tid=11 left-down x=3804 y=20 wordForeground=False
2026-09-06T18:47:28.1728083+08:00 pid=111272 tid=11 left-down x=1052 y=850 wordForeground=True
2026-09-06T18:47:28.3516723+08:00 pid=111272 tid=11 left-down x=1052 y=850 wordForeground=True
2026-09-06T18:47:28.3526720+08:00 pid=111272 tid=11 double-click elapsedMs=178.85 withinX=True withinY=True nativeOleTarget=False suppressSecondDown=False dispatchCallback=True
2026-09-06T18:47:28.4583660+08:00 pid=111272 tid=22 callback-begin interceptedNativeOle=False x=1052 y=850
2026-09-06T18:47:28.4583660+08:00 pid=111272 tid=22 addin-callback-received interceptedNativeOle=False x=1052 y=850
2026-09-06T18:47:28.4583660+08:00 pid=111272 tid=22 callback-end
2026-09-06T18:47:28.4593682+08:00 pid=111272 tid=1 addin-coordinate-selection formulaId=<null> objectMode=<null>
2026-09-06T18:47:28.5275062+08:00 pid=111272 tid=1 window-before-double-click-mathtype-released-to-native-editor-unclaimed
2026-09-06T18:47:30.0922580+08:00 pid=111272 tid=11 left-down x=3837 y=0 wordForeground=False
2026-09-06T18:47:39.1922887+08:00 pid=111272 tid=11 left-down x=1519 y=2147 wordForeground=True
2026-09-06T18:47:41.5176304+08:00 pid=111272 tid=11 left-down x=2619 y=1506 wordForeground=False
2026-09-06T18:47:43.0909919+08:00 pid=111272 tid=11 left-down x=2436 y=1682 wordForeground=False
2026-09-06T18:47:44.6482010+08:00 pid=111272 tid=11 left-down x=2469 y=1375 wordForeground=False
2026-09-06T18:48:14.3399349+08:00 pid=111272 tid=11 left-down x=1921 y=2011 wordForeground=False
2026-09-06T18:48:16.2470589+08:00 pid=111272 tid=11 left-down x=2332 y=1805 wordForeground=False
2026-09-06T18:48:23.3239548+08:00 pid=111272 tid=11 left-down x=2421 y=1859 wordForeground=False
2026-09-06T18:50:06.2371156+08:00 pid=111272 tid=11 left-down x=1495 y=2143 wordForeground=False
2026-09-06T18:50:07.3698171+08:00 pid=111272 tid=11 left-down x=2605 y=1416 wordForeground=False
2026-09-06T18:50:14.6466035+08:00 pid=111272 tid=11 left-down x=1847 y=2014 wordForeground=False
2026-09-06T18:50:16.6621463+08:00 pid=111272 tid=11 left-down x=2507 y=1649 wordForeground=False
2026-09-06T18:50:38.5740324+08:00 pid=111272 tid=11 left-down x=2738 y=1912 wordForeground=False
2026-09-06T18:50:40.0449021+08:00 pid=111272 tid=11 left-down x=2686 y=1888 wordForeground=False
2026-09-06T18:50:51.6040590+08:00 pid=111272 tid=11 left-down x=3503 y=1986 wordForeground=False
2026-09-06T18:50:52.7721924+08:00 pid=111272 tid=11 left-down x=3022 y=1910 wordForeground=False
2026-09-06T18:51:18.1494837+08:00 pid=111272 tid=11 left-down x=1970 y=718 wordForeground=False
2026-09-06T18:51:23.3280526+08:00 pid=111272 tid=11 left-down x=2357 y=1598 wordForeground=True
2026-09-06T18:51:24.1846296+08:00 pid=111272 tid=11 left-down x=2321 y=1594 wordForeground=False
2026-09-06T18:51:34.7150216+08:00 pid=111272 tid=11 left-down x=3553 y=948 wordForeground=False
2026-09-06T18:51:36.4617614+08:00 pid=111272 tid=11 left-down x=2386 y=1883 wordForeground=False
2026-09-06T18:51:51.9796789+08:00 pid=111272 tid=1 word-undo-begin name=VisualTeX Update MathType OLE Formula recording=False level=0
2026-09-06T18:51:51.9807406+08:00 pid=111272 tid=1 word-undo-started name=VisualTeX Update MathType OLE Formula recording=True level=1
2026-09-06T18:51:51.9812579+08:00 pid=111272 tid=1 mathtype-replace-stage stage=resolve-source formulaId=5b9b1842-5f50-4d39-b41d-cd454dc0e998
2026-09-06T18:51:51.9842570+08:00 pid=111272 tid=1 mathtype-replace-numbering source=True:left target=True:left changed=False
2026-09-06T18:51:51.9842570+08:00 pid=111272 tid=1 mathtype-replace-stage stage=read-source-flat-opc formulaId=5b9b1842-5f50-4d39-b41d-cd454dc0e998
2026-09-06T18:51:52.0048243+08:00 pid=111272 tid=1 mathtype-replace-stage stage=read-source-flat-opc-complete formulaId=5b9b1842-5f50-4d39-b41d-cd454dc0e998
2026-09-06T18:51:52.0048243+08:00 pid=111272 tid=1 mathtype-replace-stage stage=rewrite-cfb formulaId=5b9b1842-5f50-4d39-b41d-cd454dc0e998
2026-09-06T18:51:52.1502462+08:00 pid=111272 tid=1 mathtype-replace-native-preview formulaId=5b9b1842-5f50-4d39-b41d-cd454dc0e998 sourceWord=100.9x60.95@-28 sourceNative=101x61@-28 rewrittenNative=101x61@-28 scale=0.999x0.999 target=100.9x60.95@-28
2026-09-06T18:51:52.1502462+08:00 pid=111272 tid=1 mathtype-replace-stage stage=rewrite-flat-opc formulaId=5b9b1842-5f50-4d39-b41d-cd454dc0e998
2026-09-06T18:51:52.1552458+08:00 pid=111272 tid=1 mathtype-replace-stage stage=rewrite-flat-opc-complete formulaId=5b9b1842-5f50-4d39-b41d-cd454dc0e998
2026-09-06T18:51:52.1582459+08:00 pid=111272 tid=1 mathtype-replace-stage stage=delete-source formulaId=5b9b1842-5f50-4d39-b41d-cd454dc0e998
2026-09-06T18:51:52.1622460+08:00 pid=111272 tid=1 mathtype-replace-stage stage=insert-rewritten-flat-opc formulaId=5b9b1842-5f50-4d39-b41d-cd454dc0e998
2026-09-06T18:51:52.2105936+08:00 pid=111272 tid=1 mathtype-replace-stage stage=insert-rewritten-flat-opc-complete formulaId=5b9b1842-5f50-4d39-b41d-cd454dc0e998
2026-09-06T18:51:52.2187847+08:00 pid=111272 tid=1 mathtype-replace-stage stage=validate-replacement formulaId=5b9b1842-5f50-4d39-b41d-cd454dc0e998
2026-09-06T18:51:52.2387846+08:00 pid=111272 tid=1 mathtype-replace-stage stage=complete formulaId=5b9b1842-5f50-4d39-b41d-cd454dc0e998
2026-09-06T18:51:52.2617848+08:00 pid=111272 tid=1 word-undo-end recording=False level=0
2026-09-06T18:51:52.2667847+08:00 pid=111272 tid=19 ribbon-session-operation-released sessionId=e6e87987-3a31-422c-92c3-953beadf60e7
2026-09-06T18:52:00.2479453+08:00 pid=111272 tid=11 left-down x=2306 y=1494 wordForeground=True
2026-09-06T18:52:14.2351199+08:00 pid=111272 tid=11 left-down x=3533 y=934 wordForeground=False
2026-09-06T18:52:25.0173795+08:00 pid=111272 tid=11 left-down x=1236 y=1316 wordForeground=False
2026-09-06T18:52:26.6143586+08:00 pid=111272 tid=11 left-down x=2524 y=1507 wordForeground=True
2026-09-06T18:52:56.0166280+08:00 pid=111272 tid=11 left-down x=1776 y=1270 wordForeground=False
2026-09-06T18:52:59.0647234+08:00 pid=111272 tid=1 word-undo-begin name=VisualTeX Update MathType OLE Formula recording=False level=0
2026-09-06T18:52:59.0647234+08:00 pid=111272 tid=1 word-undo-started name=VisualTeX Update MathType OLE Formula recording=True level=1
2026-09-06T18:52:59.0657236+08:00 pid=111272 tid=1 mathtype-replace-stage stage=resolve-source formulaId=4707ee3e-ad9d-4179-a063-f710434f9efc
2026-09-06T18:52:59.0677231+08:00 pid=111272 tid=1 mathtype-replace-numbering source=True:left target=True:left changed=False
2026-09-06T18:52:59.0677231+08:00 pid=111272 tid=1 mathtype-replace-stage stage=read-source-flat-opc formulaId=4707ee3e-ad9d-4179-a063-f710434f9efc
2026-09-06T18:52:59.0877234+08:00 pid=111272 tid=1 mathtype-replace-stage stage=read-source-flat-opc-complete formulaId=4707ee3e-ad9d-4179-a063-f710434f9efc
2026-09-06T18:52:59.0877234+08:00 pid=111272 tid=1 mathtype-replace-stage stage=rewrite-cfb formulaId=4707ee3e-ad9d-4179-a063-f710434f9efc
2026-09-06T18:52:59.2343043+08:00 pid=111272 tid=1 mathtype-replace-native-preview formulaId=4707ee3e-ad9d-4179-a063-f710434f9efc sourceWord=198.9x34.95@-16 sourceNative=199x35@-16 rewrittenNative=38x15@-3 scale=0.999x0.999 target=37.981x14.979@-3
2026-09-06T18:52:59.2343043+08:00 pid=111272 tid=1 mathtype-replace-stage stage=rewrite-flat-opc formulaId=4707ee3e-ad9d-4179-a063-f710434f9efc
2026-09-06T18:52:59.2383047+08:00 pid=111272 tid=1 mathtype-replace-stage stage=rewrite-flat-opc-complete formulaId=4707ee3e-ad9d-4179-a063-f710434f9efc
2026-09-06T18:52:59.2413045+08:00 pid=111272 tid=1 mathtype-replace-stage stage=delete-source formulaId=4707ee3e-ad9d-4179-a063-f710434f9efc
2026-09-06T18:52:59.2453045+08:00 pid=111272 tid=1 mathtype-replace-stage stage=insert-rewritten-flat-opc formulaId=4707ee3e-ad9d-4179-a063-f710434f9efc
2026-09-06T18:52:59.2943046+08:00 pid=111272 tid=1 mathtype-replace-stage stage=insert-rewritten-flat-opc-complete formulaId=4707ee3e-ad9d-4179-a063-f710434f9efc
2026-09-06T18:52:59.3013045+08:00 pid=111272 tid=1 mathtype-replace-stage stage=validate-replacement formulaId=4707ee3e-ad9d-4179-a063-f710434f9efc
2026-09-06T18:52:59.3223151+08:00 pid=111272 tid=1 mathtype-replace-stage stage=complete formulaId=4707ee3e-ad9d-4179-a063-f710434f9efc
2026-09-06T18:52:59.3399039+08:00 pid=111272 tid=1 word-undo-end recording=False level=0
2026-09-06T18:52:59.3439037+08:00 pid=111272 tid=35 ribbon-session-operation-released sessionId=c633a931-ce83-4291-ae5e-a748f9fb59b7
2026-09-06T18:53:33.3375815+08:00 pid=111272 tid=11 left-down x=1133 y=726 wordForeground=True
2026-09-06T18:53:35.4143614+08:00 pid=111272 tid=1 word-undo-begin name=VisualTeX Insert Equation Reference recording=False level=0
2026-09-06T18:53:35.4153604+08:00 pid=111272 tid=1 word-undo-started name=VisualTeX Insert Equation Reference recording=True level=1
2026-09-06T18:53:35.4703608+08:00 pid=111272 tid=1 word-undo-end recording=True level=1
2026-09-06T18:53:35.4703608+08:00 pid=111272 tid=1 reference-insertion-complete target=MathType 公式 (2)
2026-09-06T18:54:16.5446043+08:00 pid=111272 tid=11 left-down x=947 y=400 wordForeground=True
2026-09-06T18:54:17.8353314+08:00 pid=111272 tid=1 word-undo-begin name=VisualTeX Set Equation Number Format recording=False level=0
2026-09-06T18:54:17.8353314+08:00 pid=111272 tid=1 word-undo-started name=VisualTeX Set Equation Number Format recording=True level=1
2026-09-06T18:54:18.5571822+08:00 pid=111272 tid=1 word-undo-end recording=False level=0
2026-09-06T18:55:25.0802875+08:00 pid=111272 tid=11 left-down x=280 y=1480 wordForeground=True
2026-09-06T18:55:25.2656863+08:00 pid=111272 tid=11 left-down x=280 y=1480 wordForeground=True
2026-09-06T18:55:25.2666864+08:00 pid=111272 tid=11 double-click elapsedMs=185.745 withinX=True withinY=True nativeOleTarget=False suppressSecondDown=False dispatchCallback=True
2026-09-06T18:55:25.3603762+08:00 pid=111272 tid=27 callback-begin interceptedNativeOle=False x=280 y=1480
2026-09-06T18:55:25.3603762+08:00 pid=111272 tid=27 addin-callback-received interceptedNativeOle=False x=280 y=1480
2026-09-06T18:55:25.3603762+08:00 pid=111272 tid=27 callback-end
2026-09-06T18:55:25.3613774+08:00 pid=111272 tid=1 addin-coordinate-selection formulaId=<null> objectMode=<null>
2026-09-06T18:55:48.7003333+08:00 pid=111272 tid=1 format-conversion-start sourceMode=mathTypeOle targetMode=wordOmml wholeDocument=True
2026-09-06T18:55:48.7545187+08:00 pid=111272 tid=1 format-conversion-plan-bulk-ole-snapshot count=6 elapsedMs=54
2026-09-06T18:55:48.7565190+08:00 pid=111272 tid=1 format-conversion-plan-perf stage=shape-access source=mathTypeOle index=1/6 deltaMs=0 totalMs=0
2026-09-06T18:55:48.7565190+08:00 pid=111272 tid=1 format-conversion-plan-perf stage=identify-mathtype source=mathTypeOle index=1/6 deltaMs=0 totalMs=0
2026-09-06T18:55:48.7605187+08:00 pid=111272 tid=1 format-conversion-plan-perf stage=read-mathml-bulk source=mathTypeOle index=1/6 deltaMs=4 totalMs=4
2026-09-06T18:55:48.7625186+08:00 pid=111272 tid=1 format-conversion-plan-perf stage=read-metadata source=mathTypeOle index=1/6 deltaMs=2 totalMs=6
2026-09-06T18:55:48.7625186+08:00 pid=111272 tid=1 format-conversion-plan-perf stage=number-position source=mathTypeOle index=1/6 deltaMs=0 totalMs=6
2026-09-06T18:55:48.7635186+08:00 pid=111272 tid=1 format-conversion-plan-perf stage=shape-range source=mathTypeOle index=1/6 deltaMs=1 totalMs=7
2026-09-06T18:55:48.7875190+08:00 pid=111272 tid=1 format-conversion-plan-perf stage=target-added source=mathTypeOle index=1/6 deltaMs=24 totalMs=31
2026-09-06T18:55:48.7885185+08:00 pid=111272 tid=1 format-conversion-plan-perf stage=shape-access source=mathTypeOle index=2/6 deltaMs=0 totalMs=0
2026-09-06T18:55:48.7885185+08:00 pid=111272 tid=1 format-conversion-plan-perf stage=identify-mathtype source=mathTypeOle index=2/6 deltaMs=0 totalMs=0
2026-09-06T18:55:48.7925185+08:00 pid=111272 tid=1 format-conversion-plan-perf stage=read-mathml-bulk source=mathTypeOle index=2/6 deltaMs=4 totalMs=4
2026-09-06T18:55:48.7945188+08:00 pid=111272 tid=1 format-conversion-plan-perf stage=read-metadata source=mathTypeOle index=2/6 deltaMs=2 totalMs=6
2026-09-06T18:55:48.7955185+08:00 pid=111272 tid=1 format-conversion-plan-perf stage=number-position source=mathTypeOle index=2/6 deltaMs=1 totalMs=7
2026-09-06T18:55:48.7965187+08:00 pid=111272 tid=1 format-conversion-plan-perf stage=shape-range source=mathTypeOle index=2/6 deltaMs=0 totalMs=7
2026-09-06T18:55:48.8175184+08:00 pid=111272 tid=1 format-conversion-plan-perf stage=target-added source=mathTypeOle index=2/6 deltaMs=22 totalMs=29
2026-09-06T18:55:48.8185188+08:00 pid=111272 tid=1 format-conversion-plan-perf stage=shape-access source=mathTypeOle index=3/6 deltaMs=0 totalMs=0
2026-09-06T18:55:48.8195210+08:00 pid=111272 tid=1 format-conversion-plan-perf stage=identify-mathtype source=mathTypeOle index=3/6 deltaMs=0 totalMs=0
2026-09-06T18:55:48.8225188+08:00 pid=111272 tid=1 format-conversion-plan-perf stage=read-mathml-bulk source=mathTypeOle index=3/6 deltaMs=3 totalMs=3
2026-09-06T18:55:48.8245210+08:00 pid=111272 tid=1 format-conversion-plan-perf stage=read-metadata source=mathTypeOle index=3/6 deltaMs=2 totalMs=5
2026-09-06T18:55:48.8245210+08:00 pid=111272 tid=1 format-conversion-plan-perf stage=number-position source=mathTypeOle index=3/6 deltaMs=1 totalMs=6
2026-09-06T18:55:48.8255188+08:00 pid=111272 tid=1 format-conversion-plan-perf stage=shape-range source=mathTypeOle index=3/6 deltaMs=0 totalMs=6
2026-09-06T18:55:48.8475195+08:00 pid=111272 tid=1 format-conversion-plan-perf stage=target-added source=mathTypeOle index=3/6 deltaMs=22 totalMs=28
2026-09-06T18:55:48.8485187+08:00 pid=111272 tid=1 format-conversion-plan-perf stage=shape-access source=mathTypeOle index=4/6 deltaMs=0 totalMs=0
2026-09-06T18:55:48.8495193+08:00 pid=111272 tid=1 format-conversion-plan-perf stage=identify-mathtype source=mathTypeOle index=4/6 deltaMs=0 totalMs=0
2026-09-06T18:55:48.8525188+08:00 pid=111272 tid=1 format-conversion-plan-perf stage=read-mathml-bulk source=mathTypeOle index=4/6 deltaMs=4 totalMs=4
2026-09-06T18:55:48.8545189+08:00 pid=111272 tid=1 format-conversion-plan-perf stage=read-metadata source=mathTypeOle index=4/6 deltaMs=2 totalMs=6
2026-09-06T18:55:48.8555187+08:00 pid=111272 tid=1 format-conversion-plan-perf stage=number-position source=mathTypeOle index=4/6 deltaMs=0 totalMs=6
2026-09-06T18:55:48.8555187+08:00 pid=111272 tid=1 format-conversion-plan-perf stage=shape-range source=mathTypeOle index=4/6 deltaMs=1 totalMs=7
2026-09-06T18:55:48.8765184+08:00 pid=111272 tid=1 format-conversion-plan-perf stage=target-added source=mathTypeOle index=4/6 deltaMs=21 totalMs=28
2026-09-06T18:55:48.8775212+08:00 pid=111272 tid=1 format-conversion-plan-perf stage=shape-access source=mathTypeOle index=5/6 deltaMs=0 totalMs=0
2026-09-06T18:55:48.8785219+08:00 pid=111272 tid=1 format-conversion-plan-perf stage=identify-mathtype source=mathTypeOle index=5/6 deltaMs=0 totalMs=0
2026-09-06T18:55:48.8815187+08:00 pid=111272 tid=1 format-conversion-plan-perf stage=read-mathml-bulk source=mathTypeOle index=5/6 deltaMs=3 totalMs=3
2026-09-06T18:55:48.8835189+08:00 pid=111272 tid=1 format-conversion-plan-perf stage=read-metadata source=mathTypeOle index=5/6 deltaMs=3 totalMs=6
2026-09-06T18:55:48.8845189+08:00 pid=111272 tid=1 format-conversion-plan-perf stage=number-position source=mathTypeOle index=5/6 deltaMs=0 totalMs=6
2026-09-06T18:55:48.8845189+08:00 pid=111272 tid=1 format-conversion-plan-perf stage=shape-range source=mathTypeOle index=5/6 deltaMs=0 totalMs=6
2026-09-06T18:55:48.9082443+08:00 pid=111272 tid=1 format-conversion-plan-perf stage=target-added source=mathTypeOle index=5/6 deltaMs=24 totalMs=30
2026-09-06T18:55:48.9092454+08:00 pid=111272 tid=1 format-conversion-plan-perf stage=shape-access source=mathTypeOle index=6/6 deltaMs=0 totalMs=0
2026-09-06T18:55:48.9092454+08:00 pid=111272 tid=1 format-conversion-plan-perf stage=identify-mathtype source=mathTypeOle index=6/6 deltaMs=0 totalMs=0
2026-09-06T18:55:48.9122420+08:00 pid=111272 tid=1 format-conversion-plan-perf stage=read-mathml-bulk source=mathTypeOle index=6/6 deltaMs=3 totalMs=3
2026-09-06T18:55:48.9142419+08:00 pid=111272 tid=1 format-conversion-plan-perf stage=read-metadata source=mathTypeOle index=6/6 deltaMs=2 totalMs=5
2026-09-06T18:55:48.9152424+08:00 pid=111272 tid=1 format-conversion-plan-perf stage=number-position source=mathTypeOle index=6/6 deltaMs=1 totalMs=6
2026-09-06T18:55:48.9152424+08:00 pid=111272 tid=1 format-conversion-plan-perf stage=shape-range source=mathTypeOle index=6/6 deltaMs=0 totalMs=6
2026-09-06T18:55:48.9368451+08:00 pid=111272 tid=1 format-conversion-plan-perf stage=target-added source=mathTypeOle index=6/6 deltaMs=22 totalMs=28
2026-09-06T18:55:48.9368451+08:00 pid=111272 tid=1 format-conversion-plan sourceMode=mathTypeOle targetMode=wordOmml targets=6
2026-09-06T18:55:52.5446304+08:00 pid=111272 tid=1 format-conversion-render-bypass sourceMode=mathTypeOle targetMode=wordOmml targets=6 reason=source-mathml-ready
2026-09-06T18:55:52.5456302+08:00 pid=111272 tid=1 format-conversion-word-apply-start sourceMode=mathTypeOle targetMode=wordOmml targets=6
2026-09-06T18:55:52.5549153+08:00 pid=111272 tid=1 format-conversion-runtime assembly=C:\Users\pojian_liao\AppData\Local\VisualTeX\office\remediation-builds\8F63B42A61757E3A47ABDBE25BE459D963E3852364D5FD24017474A086BCA506\VisualTeX.WordVsto.dll source=mathTypeOle target=wordOmml targetIsVisualTeX=False targetIsMathType=False
2026-09-06T18:55:52.5672890+08:00 pid=111272 tid=1 format-conversion-reference-aliases-captured sourceMode=mathTypeOle formulaId=38c58f99-ef37-4a13-b42a-673115c343b1 aliases=ZEqnNum100297
2026-09-06T18:55:52.7855069+08:00 pid=111272 tid=1 format-conversion-omml-batch-source-created formulas=6 elapsedMs=206
2026-09-06T18:55:53.7030292+08:00 pid=111272 tid=1 word-undo-begin name=VisualTeX Convert Formula Format recording=False level=0
2026-09-06T18:55:53.7035327+08:00 pid=111272 tid=1 word-undo-started name=VisualTeX Convert Formula Format recording=True level=1
2026-09-06T18:55:53.7035327+08:00 pid=111272 tid=1 format-conversion-undo-state stage=before-preferences document=文档6 recording=True level=1
2026-09-06T18:55:53.7035327+08:00 pid=111272 tid=1 format-conversion-transaction-start targets=6
2026-09-06T18:55:53.7035327+08:00 pid=111272 tid=1 format-conversion-undo-state stage=after-preferences document=文档6 recording=True level=1
2026-09-06T18:55:53.7134071+08:00 pid=111272 tid=1 format-conversion-block-omml-groups groups=1 formulas=2
2026-09-06T18:55:53.7244083+08:00 pid=111272 tid=1 format-conversion-mathtype-source-identity-bound formulaId=1b2ac880-c8a9-407d-949c-09c129aace29 bookmark=VTFCI_de6d7274eb58466181ceb430d43961f2 range=1279:1305
2026-09-06T18:55:53.7284133+08:00 pid=111272 tid=1 format-conversion-undo-state stage=before-source-delete document=文档6 recording=True level=1
2026-09-06T18:55:53.7345166+08:00 pid=111272 tid=1 format-conversion-mathtype-paragraph-atomically-replaced formulaId=1b2ac880-c8a9-407d-949c-09c129aace29 range=1072:1072 start=1072
2026-09-06T18:55:53.7345166+08:00 pid=111272 tid=1 format-conversion-perf stage=delete-source-host formulaId=1b2ac880-c8a9-407d-949c-09c129aace29 numbered=True deltaMs=12 totalMs=12
2026-09-06T18:55:53.7345166+08:00 pid=111272 tid=1 format-conversion-undo-state stage=after-source-delete document=文档6 recording=True level=1
2026-09-06T18:55:53.7355176+08:00 pid=111272 tid=1 format-conversion-forward-source-check stage=delete-source formulaId=1b2ac880-c8a9-407d-949c-09c129aace29 bookmarkMissing=True present=False
2026-09-06T18:55:53.7525160+08:00 pid=111272 tid=1 word-undo-begin name=VisualTeX Insert Word OMML Display Formula recording=True level=1
2026-09-06T18:55:53.8005184+08:00 pid=111272 tid=1 format-conversion-subperf [perf] InsertOmml.detach-mathtype-style: +48ms (48ms total)
2026-09-06T18:55:53.8015171+08:00 pid=111272 tid=1 format-conversion-subperf [perf] InsertOmml.insert-native-omml: +1ms (49ms total)
2026-09-06T18:55:53.8355170+08:00 pid=111272 tid=1 format-conversion-subperf [perf] InsertOmml.post-reconcile-layout: +34ms (83ms total)
2026-09-06T18:55:53.8355170+08:00 pid=111272 tid=1 format-conversion-subperf [perf] InsertOmml.final-fingerprint: +0ms (83ms total)
2026-09-06T18:55:53.8355170+08:00 pid=111272 tid=1 format-conversion-subperf [perf] InsertOmml.final-anchor: +0ms (83ms total)
2026-09-06T18:55:53.8375160+08:00 pid=111272 tid=1 format-conversion-subperf [perf] InsertOmml.final-metadata: +2ms (85ms total)
2026-09-06T18:55:53.8385157+08:00 pid=111272 tid=1 format-conversion-perf stage=insert-target formulaId=1b2ac880-c8a9-407d-949c-09c129aace29 numbered=True deltaMs=103 totalMs=115
2026-09-06T18:55:53.8385157+08:00 pid=111272 tid=1 format-conversion-undo-state stage=after-target-insert document=文档6 recording=True level=1
2026-09-06T18:55:53.8385157+08:00 pid=111272 tid=1 format-conversion-forward-source-check stage=insert-target formulaId=1b2ac880-c8a9-407d-949c-09c129aace29 bookmarkMissing=True present=False
2026-09-06T18:55:53.8733895+08:00 pid=111272 tid=1 format-conversion-target-stable formulaId=1b2ac880-c8a9-407d-949c-09c129aace29 targetMode=wordOmml count=1 elapsedMs=34
2026-09-06T18:55:53.8733895+08:00 pid=111272 tid=1 format-conversion-forward-source-check stage=post-transaction formulaId=1b2ac880-c8a9-407d-949c-09c129aace29 bookmarkMissing=True present=False
2026-09-06T18:55:53.8733895+08:00 pid=111272 tid=1 format-conversion-perf stage=verify-target formulaId=1b2ac880-c8a9-407d-949c-09c129aace29 numbered=True deltaMs=36 totalMs=151
2026-09-06T18:55:53.8743877+08:00 pid=111272 tid=1 format-conversion-mathtype-source-identity-bound formulaId=4e1142dd-201e-4139-886c-8b199a15efaf bookmark=VTFCI_71c3cfd9ce804123ac1b7184749cadcc range=1027:1053
2026-09-06T18:55:53.8753882+08:00 pid=111272 tid=1 format-conversion-undo-state stage=before-source-delete document=文档6 recording=True level=1
2026-09-06T18:55:53.8813869+08:00 pid=111272 tid=1 format-conversion-mathtype-paragraph-atomically-replaced formulaId=4e1142dd-201e-4139-886c-8b199a15efaf range=820:820 start=820
2026-09-06T18:55:53.8813869+08:00 pid=111272 tid=1 format-conversion-perf stage=delete-source-host formulaId=4e1142dd-201e-4139-886c-8b199a15efaf numbered=True deltaMs=8 totalMs=8
2026-09-06T18:55:53.8823870+08:00 pid=111272 tid=1 format-conversion-undo-state stage=after-source-delete document=文档6 recording=True level=1
2026-09-06T18:55:53.8823870+08:00 pid=111272 tid=1 format-conversion-forward-source-check stage=delete-source formulaId=4e1142dd-201e-4139-886c-8b199a15efaf bookmarkMissing=True present=False
2026-09-06T18:55:53.8863872+08:00 pid=111272 tid=1 word-undo-begin name=VisualTeX Insert Word OMML Display Formula recording=True level=1
2026-09-06T18:55:53.9423869+08:00 pid=111272 tid=1 format-conversion-subperf [perf] InsertOmml.detach-mathtype-style: +56ms (56ms total)
2026-09-06T18:55:53.9433869+08:00 pid=111272 tid=1 format-conversion-subperf [perf] InsertOmml.insert-native-omml: +0ms (56ms total)
2026-09-06T18:55:53.9845745+08:00 pid=111272 tid=1 format-conversion-subperf [perf] InsertOmml.post-reconcile-layout: +42ms (98ms total)
2026-09-06T18:55:53.9845745+08:00 pid=111272 tid=1 format-conversion-subperf [perf] InsertOmml.final-fingerprint: +0ms (98ms total)
2026-09-06T18:55:53.9855815+08:00 pid=111272 tid=1 format-conversion-subperf [perf] InsertOmml.final-anchor: +0ms (98ms total)
2026-09-06T18:55:53.9865760+08:00 pid=111272 tid=1 format-conversion-subperf [perf] InsertOmml.final-metadata: +2ms (100ms total)
2026-09-06T18:55:53.9875768+08:00 pid=111272 tid=1 format-conversion-perf stage=insert-target formulaId=4e1142dd-201e-4139-886c-8b199a15efaf numbered=True deltaMs=105 totalMs=113
2026-09-06T18:55:53.9875768+08:00 pid=111272 tid=1 format-conversion-undo-state stage=after-target-insert document=文档6 recording=True level=1
2026-09-06T18:55:53.9875768+08:00 pid=111272 tid=1 format-conversion-forward-source-check stage=insert-target formulaId=4e1142dd-201e-4139-886c-8b199a15efaf bookmarkMissing=True present=False
2026-09-06T18:55:54.0305759+08:00 pid=111272 tid=1 format-conversion-target-stable formulaId=4e1142dd-201e-4139-886c-8b199a15efaf targetMode=wordOmml count=2 elapsedMs=42
2026-09-06T18:55:54.0305759+08:00 pid=111272 tid=1 format-conversion-forward-source-check stage=post-transaction formulaId=4e1142dd-201e-4139-886c-8b199a15efaf bookmarkMissing=True present=False
2026-09-06T18:55:54.0305759+08:00 pid=111272 tid=1 format-conversion-perf stage=verify-target formulaId=4e1142dd-201e-4139-886c-8b199a15efaf numbered=True deltaMs=44 totalMs=157
2026-09-06T18:55:54.0315752+08:00 pid=111272 tid=1 format-conversion-mathtype-source-identity-bound formulaId=636148b0-2991-42f4-8b37-a2c684890a81 bookmark=VTFCI_291fd0708ee84a33bfd14c8d82e9eec5 range=785:811
2026-09-06T18:55:54.0325748+08:00 pid=111272 tid=1 format-conversion-undo-state stage=before-source-delete document=文档6 recording=True level=1
2026-09-06T18:55:54.0375752+08:00 pid=111272 tid=1 format-conversion-mathtype-paragraph-atomically-replaced formulaId=636148b0-2991-42f4-8b37-a2c684890a81 range=578:578 start=578
2026-09-06T18:55:54.0385766+08:00 pid=111272 tid=1 format-conversion-perf stage=delete-source-host formulaId=636148b0-2991-42f4-8b37-a2c684890a81 numbered=True deltaMs=7 totalMs=7
2026-09-06T18:55:54.0385766+08:00 pid=111272 tid=1 format-conversion-undo-state stage=after-source-delete document=文档6 recording=True level=1
2026-09-06T18:55:54.0385766+08:00 pid=111272 tid=1 format-conversion-forward-source-check stage=delete-source formulaId=636148b0-2991-42f4-8b37-a2c684890a81 bookmarkMissing=True present=False
2026-09-06T18:55:54.0475746+08:00 pid=111272 tid=1 word-undo-begin name=VisualTeX Insert Word OMML Display Formula recording=True level=1
2026-09-06T18:55:54.1051421+08:00 pid=111272 tid=1 format-conversion-subperf [perf] InsertOmml.detach-mathtype-style: +58ms (58ms total)
2026-09-06T18:55:54.1061395+08:00 pid=111272 tid=1 format-conversion-subperf [perf] InsertOmml.insert-native-omml: +0ms (58ms total)
2026-09-06T18:55:54.1406999+08:00 pid=111272 tid=1 format-conversion-subperf [perf] InsertOmml.post-reconcile-layout: +35ms (93ms total)
2026-09-06T18:55:54.1406999+08:00 pid=111272 tid=1 format-conversion-subperf [perf] InsertOmml.final-fingerprint: +0ms (93ms total)
2026-09-06T18:55:54.1416998+08:00 pid=111272 tid=1 format-conversion-subperf [perf] InsertOmml.final-anchor: +1ms (94ms total)
2026-09-06T18:55:54.1427002+08:00 pid=111272 tid=1 format-conversion-subperf [perf] InsertOmml.final-metadata: +1ms (95ms total)
2026-09-06T18:55:54.1437008+08:00 pid=111272 tid=1 format-conversion-perf stage=insert-target formulaId=636148b0-2991-42f4-8b37-a2c684890a81 numbered=True deltaMs=105 totalMs=112
2026-09-06T18:55:54.1446998+08:00 pid=111272 tid=1 format-conversion-undo-state stage=after-target-insert document=文档6 recording=True level=1
2026-09-06T18:55:54.1446998+08:00 pid=111272 tid=1 format-conversion-forward-source-check stage=insert-target formulaId=636148b0-2991-42f4-8b37-a2c684890a81 bookmarkMissing=True present=False
2026-09-06T18:55:54.1882047+08:00 pid=111272 tid=1 format-conversion-target-stable formulaId=636148b0-2991-42f4-8b37-a2c684890a81 targetMode=wordOmml count=3 elapsedMs=42
2026-09-06T18:55:54.1882047+08:00 pid=111272 tid=1 format-conversion-forward-source-check stage=post-transaction formulaId=636148b0-2991-42f4-8b37-a2c684890a81 bookmarkMissing=True present=False
2026-09-06T18:55:54.1882047+08:00 pid=111272 tid=1 format-conversion-perf stage=verify-target formulaId=636148b0-2991-42f4-8b37-a2c684890a81 numbered=True deltaMs=45 totalMs=157
2026-09-06T18:55:54.5662170+08:00 pid=111272 tid=1 format-conversion-block-omml-group-complete count=2 range=81:549 sourceCount=3->1 targetCount=3->5
2026-09-06T18:55:54.5672170+08:00 pid=111272 tid=1 format-conversion-mathtype-source-identity-bound formulaId=c46e3c7c-5c4e-46a6-a9a5-b9a597412273 bookmark=VTFCI_3964b4c6062a401791d187cd03d1301e range=54:80
2026-09-06T18:55:54.5672170+08:00 pid=111272 tid=1 format-conversion-undo-state stage=before-source-delete document=文档6 recording=False level=0
2026-09-06T18:55:54.6006070+08:00 pid=111272 tid=1 format-conversion-perf stage=delete-source-host formulaId=c46e3c7c-5c4e-46a6-a9a5-b9a597412273 numbered=False deltaMs=34 totalMs=34
2026-09-06T18:55:54.6016117+08:00 pid=111272 tid=1 format-conversion-undo-state stage=after-source-delete document=文档6 recording=False level=0
2026-09-06T18:55:54.6016117+08:00 pid=111272 tid=1 format-conversion-forward-source-check stage=delete-source formulaId=c46e3c7c-5c4e-46a6-a9a5-b9a597412273 bookmarkMissing=True present=False
2026-09-06T18:55:54.6016117+08:00 pid=111272 tid=1 word-undo-begin name=VisualTeX Insert Word OMML Inline Formula recording=False level=0
2026-09-06T18:55:54.6026117+08:00 pid=111272 tid=1 word-undo-started name=VisualTeX Insert Word OMML Inline Formula recording=True level=1
2026-09-06T18:55:54.6563454+08:00 pid=111272 tid=1 format-conversion-subperf [perf] InsertOmml.insert-native-omml: +53ms (53ms total)
2026-09-06T18:55:54.8896802+08:00 pid=111272 tid=1 format-conversion-subperf [perf] InsertOmml.post-reconcile-layout: +234ms (287ms total)
2026-09-06T18:55:54.8906838+08:00 pid=111272 tid=1 format-conversion-subperf [perf] InsertOmml.final-fingerprint: +1ms (288ms total)
2026-09-06T18:55:54.8906838+08:00 pid=111272 tid=1 format-conversion-subperf [perf] InsertOmml.final-anchor: +0ms (288ms total)
2026-09-06T18:55:54.8916816+08:00 pid=111272 tid=1 format-conversion-subperf [perf] InsertOmml.final-metadata: +1ms (289ms total)
2026-09-06T18:55:54.8916816+08:00 pid=111272 tid=1 word-undo-end recording=False level=0
2026-09-06T18:55:54.8926829+08:00 pid=111272 tid=1 format-conversion-perf stage=insert-target formulaId=c46e3c7c-5c4e-46a6-a9a5-b9a597412273 numbered=False deltaMs=291 totalMs=325
2026-09-06T18:55:54.8926829+08:00 pid=111272 tid=1 format-conversion-undo-state stage=after-target-insert document=文档6 recording=False level=0
2026-09-06T18:55:54.8926829+08:00 pid=111272 tid=1 format-conversion-forward-source-check stage=insert-target formulaId=c46e3c7c-5c4e-46a6-a9a5-b9a597412273 bookmarkMissing=True present=False
2026-09-06T18:55:54.9209178+08:00 pid=111272 tid=1 format-conversion-target-stable formulaId=c46e3c7c-5c4e-46a6-a9a5-b9a597412273 targetMode=wordOmml count=6 elapsedMs=28
2026-09-06T18:55:54.9209178+08:00 pid=111272 tid=1 format-conversion-forward-source-check stage=post-transaction formulaId=c46e3c7c-5c4e-46a6-a9a5-b9a597412273 bookmarkMissing=True present=False
2026-09-06T18:55:54.9219191+08:00 pid=111272 tid=1 format-conversion-perf stage=verify-target formulaId=c46e3c7c-5c4e-46a6-a9a5-b9a597412273 numbered=False deltaMs=29 totalMs=354
2026-09-06T18:55:54.9219191+08:00 pid=111272 tid=1 format-conversion-finalize-perf stage=source-residual-check sourceMode=mathTypeOle targetMode=wordOmml deltaMs=0 totalMs=0
2026-09-06T18:55:54.9219191+08:00 pid=111272 tid=1 format-conversion-finalize-perf stage=target-count-check sourceMode=mathTypeOle targetMode=wordOmml deltaMs=0 totalMs=0
2026-09-06T18:55:54.9219191+08:00 pid=111272 tid=1 format-conversion-undo-state stage=before-source-window-close-commit document=文档6 recording=False level=0
2026-09-06T18:55:54.9229187+08:00 pid=111272 tid=1 format-conversion-undo-state stage=after-source-window-close-commit document=文档6 recording=False level=0
2026-09-06T18:55:55.1433177+08:00 pid=111272 tid=1 word-undo-begin name=VisualTeX Finalize Formula Conversion recording=False level=0
2026-09-06T18:55:55.1443191+08:00 pid=111272 tid=1 word-undo-started name=VisualTeX Finalize Formula Conversion recording=True level=1
2026-09-06T18:55:55.2335232+08:00 pid=111272 tid=1 word-xml-incomplete-export document=文档6 attempt=1 maths=0/6 oles=0/0
2026-09-06T18:55:55.2935225+08:00 pid=111272 tid=1 format-conversion-omml-identities-before-numbering count=6
2026-09-06T18:55:55.2935225+08:00 pid=111272 tid=1 format-conversion-number-format-restored format=heading2-dash
2026-09-06T18:56:02.0693196+08:00 pid=111272 tid=1 format-conversion-numbering-direct-table-complete targetMode=wordOmml built=5 removedBlankParagraphs=5
2026-09-06T18:56:02.0703198+08:00 pid=111272 tid=1 format-conversion-adjacent-ole-identities-rebound count=0
2026-09-06T18:56:02.0919300+08:00 pid=111272 tid=1 format-conversion-numbering-table-rows-grouped boundaries=1 formulas=5
2026-09-06T18:56:02.1154915+08:00 pid=111272 tid=1 format-conversion-reference-aliases-restored sourceMode=mathTypeOle targetMode=wordOmml aliases=1 refreshedReferences=0 restoredFormatting=1
2026-09-06T18:56:02.1234913+08:00 pid=111272 tid=1 format-conversion-finalize-perf stage=numbering-reconcile sourceMode=mathTypeOle targetMode=wordOmml deltaMs=7202 totalMs=7202
2026-09-06T18:56:02.1976156+08:00 pid=111272 tid=1 format-conversion-omml-fingerprints-finalized count=6
2026-09-06T18:56:02.1976156+08:00 pid=111272 tid=1 format-conversion-finalize-perf stage=omml-fingerprint-refresh sourceMode=mathTypeOle targetMode=wordOmml deltaMs=74 totalMs=7276
2026-09-06T18:56:02.1986155+08:00 pid=111272 tid=1 format-conversion-transaction-completed targets=6
2026-09-06T18:56:02.1986155+08:00 pid=111272 tid=1 format-conversion-word-apply-finished sourceMode=mathTypeOle targetMode=wordOmml converted=6 failed=0
2026-09-06T18:56:02.1996155+08:00 pid=111272 tid=1 format-conversion-complete source=MathType target=OMML converted=6 failed=0
2026-09-06T18:56:30.4150681+08:00 pid=111272 tid=11 left-down x=1042 y=1026 wordForeground=True
2026-09-06T18:56:31.1548013+08:00 pid=111272 tid=11 left-down x=995 y=1195 wordForeground=True
2026-09-06T18:56:33.5482046+08:00 pid=111272 tid=11 left-down x=2357 y=1684 wordForeground=True
2026-09-06T18:56:34.5763686+08:00 pid=111272 tid=11 left-down x=2340 y=1630 wordForeground=False
2026-09-06T18:56:38.8569083+08:00 pid=111272 tid=11 left-down x=3566 y=939 wordForeground=False
2026-09-06T18:56:40.3314806+08:00 pid=111272 tid=11 left-down x=2628 y=1912 wordForeground=False
2026-09-06T18:56:44.9913793+08:00 pid=111272 tid=11 left-down x=1424 y=1180 wordForeground=False
2026-09-06T18:58:19.8289032+08:00 pid=111272 tid=1 word-undo-begin name=VisualTeX Convert or Update Word OMML Formula recording=False level=0
2026-09-06T18:58:19.8289032+08:00 pid=111272 tid=1 word-undo-started name=VisualTeX Convert or Update Word OMML Formula recording=True level=1
2026-09-06T18:58:19.8299024+08:00 pid=111272 tid=1 format-conversion-subperf [perf] ReplaceOmml.locate-target: +1ms (1ms total)
2026-09-06T18:58:19.9588694+08:00 pid=111272 tid=1 format-conversion-subperf [perf] ReplaceOmml.source-range-resolve: +129ms (130ms total)
2026-09-06T18:58:19.9898718+08:00 pid=111272 tid=1 format-conversion-subperf [perf] ReplaceOmml.rollback-capture: +31ms (161ms total)
2026-09-06T18:58:22.4988688+08:00 pid=111272 tid=1 format-conversion-subperf [perf] ReplaceOmml.direct-host-health: +2508ms (2669ms total)
2026-09-06T18:58:22.4988688+08:00 pid=111272 tid=1 format-conversion-subperf [perf] ReplaceOmml.direct-content-prep: +1ms (2670ms total)
2026-09-06T18:58:22.5014613+08:00 pid=111272 tid=1 format-conversion-subperf [perf] ReplaceOmml.resolve-source: +2ms (2672ms total)
2026-09-06T18:58:22.5324917+08:00 pid=111272 tid=1 format-conversion-subperf [perf] ReplaceOmml.insert-native-omml: +32ms (2704ms total)
2026-09-06T18:58:22.5521098+08:00 pid=111272 tid=1 format-conversion-subperf [perf] ReplaceOmml.validate-native-omml: +19ms (2723ms total)
2026-09-06T18:58:22.6296716+08:00 pid=111272 tid=1 format-conversion-subperf [perf] ReplaceOmml.stamp-fingerprint: +77ms (2800ms total)
2026-09-06T18:58:22.6706745+08:00 pid=111272 tid=1 format-conversion-subperf [perf] ReplaceOmml.wrap-formula-anchor: +42ms (2842ms total)
2026-09-06T18:58:22.6716748+08:00 pid=111272 tid=1 format-conversion-subperf [perf] ReplaceOmml.protect-source-metadata: +0ms (2842ms total)
2026-09-06T18:58:22.6716748+08:00 pid=111272 tid=1 format-conversion-subperf [perf] ReplaceOmml.reconcile: +0ms (2842ms total)
2026-09-06T18:58:22.7205702+08:00 pid=111272 tid=1 format-conversion-subperf [perf] ReplaceOmml.final-identity-resolve: +49ms (2891ms total)
2026-09-06T18:58:22.7465689+08:00 pid=111272 tid=1 format-conversion-subperf [perf] ReplaceOmml.final-identity-fingerprint: +27ms (2918ms total)
2026-09-06T18:58:22.7475691+08:00 pid=111272 tid=1 format-conversion-subperf [perf] ReplaceOmml.final-identity-anchor: +0ms (2918ms total)
2026-09-06T18:58:22.7495690+08:00 pid=111272 tid=1 format-conversion-subperf [perf] ReplaceOmml.final-identity-metadata: +2ms (2920ms total)
2026-09-06T18:58:22.7495690+08:00 pid=111272 tid=1 format-conversion-subperf [perf] ReplaceOmml.finalize-identity: +0ms (2920ms total)
2026-09-06T18:58:22.7495690+08:00 pid=111272 tid=1 format-conversion-subperf [perf] ReplaceOmml.prepare-result: +0ms (2920ms total)
2026-09-06T18:58:22.7795693+08:00 pid=111272 tid=1 format-conversion-subperf [perf] ReplaceOmml.restore-view: +30ms (2950ms total)
2026-09-06T18:58:22.7795693+08:00 pid=111272 tid=1 format-conversion-subperf [perf] ReplaceOmml.restore-screen-updating: +1ms (2951ms total)
2026-09-06T18:58:22.7795693+08:00 pid=111272 tid=1 word-undo-end recording=False level=0
2026-09-06T18:58:22.7805693+08:00 pid=111272 tid=1 format-conversion-subperf [perf] ReplaceOmml.end-undo: +0ms (2951ms total)
2026-09-06T18:58:22.7805693+08:00 pid=111272 tid=1 format-conversion-subperf [perf] ReplaceOmml.release-rcws: +0ms (2951ms total)
2026-09-06T18:58:22.7846770+08:00 pid=111272 tid=36 ribbon-session-operation-released sessionId=2e88eca5-96bb-4d4b-8c36-7092a6072831
2026-09-06T18:59:35.7969174+08:00 pid=111272 tid=11 left-down x=2427 y=1888 wordForeground=True
2026-09-06T18:59:49.4173566+08:00 pid=111272 tid=11 left-down x=1150 y=1416 wordForeground=False
2026-09-06T18:59:53.1327326+08:00 pid=111272 tid=11 left-down x=2331 y=1892 wordForeground=True
2026-09-06T19:00:56.1779046+08:00 pid=111272 tid=11 left-down x=1776 y=1270 wordForeground=False
2026-09-06T19:00:59.1758828+08:00 pid=111272 tid=1 word-undo-begin name=VisualTeX Convert or Update Word OMML Formula recording=False level=0
2026-09-06T19:00:59.1758828+08:00 pid=111272 tid=1 word-undo-started name=VisualTeX Convert or Update Word OMML Formula recording=True level=1
2026-09-06T19:00:59.1778809+08:00 pid=111272 tid=1 format-conversion-subperf [perf] ReplaceOmml.locate-target: +2ms (2ms total)
2026-09-06T19:00:59.3093770+08:00 pid=111272 tid=1 format-conversion-subperf [perf] ReplaceOmml.source-range-resolve: +132ms (134ms total)
2026-09-06T19:00:59.3299713+08:00 pid=111272 tid=1 format-conversion-subperf [perf] ReplaceOmml.rollback-capture: +20ms (154ms total)
2026-09-06T19:01:01.8563354+08:00 pid=111272 tid=1 format-conversion-subperf [perf] ReplaceOmml.direct-host-health: +2527ms (2681ms total)
2026-09-06T19:01:01.8573330+08:00 pid=111272 tid=1 format-conversion-subperf [perf] ReplaceOmml.direct-content-prep: +1ms (2682ms total)
2026-09-06T19:01:01.8593335+08:00 pid=111272 tid=1 format-conversion-subperf [perf] ReplaceOmml.resolve-source: +2ms (2684ms total)
2026-09-06T19:01:01.8904383+08:00 pid=111272 tid=1 format-conversion-subperf [perf] ReplaceOmml.insert-native-omml: +30ms (2714ms total)
2026-09-06T19:01:01.9074384+08:00 pid=111272 tid=1 format-conversion-subperf [perf] ReplaceOmml.validate-native-omml: +18ms (2732ms total)
2026-09-06T19:01:01.9897274+08:00 pid=111272 tid=1 format-conversion-subperf [perf] ReplaceOmml.stamp-fingerprint: +82ms (2814ms total)
2026-09-06T19:01:01.9997270+08:00 pid=111272 tid=1 format-conversion-subperf [perf] ReplaceOmml.wrap-formula-anchor: +10ms (2824ms total)
2026-09-06T19:01:01.9997270+08:00 pid=111272 tid=1 format-conversion-subperf [perf] ReplaceOmml.protect-source-metadata: +0ms (2824ms total)
2026-09-06T19:01:01.9997270+08:00 pid=111272 tid=1 format-conversion-subperf [perf] ReplaceOmml.reconcile: +0ms (2824ms total)
2026-09-06T19:01:02.0556519+08:00 pid=111272 tid=1 format-conversion-subperf [perf] ReplaceOmml.final-identity-resolve: +56ms (2880ms total)
2026-09-06T19:01:02.0922743+08:00 pid=111272 tid=1 format-conversion-subperf [perf] ReplaceOmml.final-identity-fingerprint: +36ms (2916ms total)
2026-09-06T19:01:02.0927819+08:00 pid=111272 tid=1 format-conversion-subperf [perf] ReplaceOmml.final-identity-anchor: +1ms (2917ms total)
2026-09-06T19:01:02.0943507+08:00 pid=111272 tid=1 format-conversion-subperf [perf] ReplaceOmml.final-identity-metadata: +2ms (2919ms total)
2026-09-06T19:01:02.0943507+08:00 pid=111272 tid=1 format-conversion-subperf [perf] ReplaceOmml.finalize-identity: +0ms (2919ms total)
2026-09-06T19:01:02.0948673+08:00 pid=111272 tid=1 format-conversion-subperf [perf] ReplaceOmml.prepare-result: +0ms (2919ms total)
2026-09-06T19:01:02.1287464+08:00 pid=111272 tid=1 format-conversion-subperf [perf] ReplaceOmml.restore-view: +34ms (2953ms total)
2026-09-06T19:01:02.1287464+08:00 pid=111272 tid=1 format-conversion-subperf [perf] ReplaceOmml.restore-screen-updating: +0ms (2953ms total)
2026-09-06T19:01:02.1287464+08:00 pid=111272 tid=1 word-undo-end recording=False level=0
2026-09-06T19:01:02.1297471+08:00 pid=111272 tid=1 format-conversion-subperf [perf] ReplaceOmml.end-undo: +1ms (2954ms total)
2026-09-06T19:01:02.1297471+08:00 pid=111272 tid=1 format-conversion-subperf [perf] ReplaceOmml.release-rcws: +0ms (2954ms total)
2026-09-06T19:01:02.1327420+08:00 pid=111272 tid=24 ribbon-session-operation-released sessionId=72c8984d-4953-470f-aad9-cbc265803d82
2026-09-06T19:02:01.4897341+08:00 pid=111272 tid=1 format-conversion-start sourceMode=wordOmml targetMode=nativeOle wholeDocument=True
2026-09-06T19:02:03.2966764+08:00 pid=111272 tid=1 format-conversion-plan sourceMode=wordOmml targetMode=nativeOle targets=6
2026-09-06T19:02:05.6118507+08:00 pid=111272 tid=1 bulk-import converter-create display=inline mode=nativeOle latex=\sqrt{E-u\left( x\right) }=\frac{1}{f\left( \omega \right) v_{ph}\left( \omega ,x\right) }
2026-09-06T19:02:05.6168507+08:00 pid=111272 tid=18 bulk-import converter-created sessionId=7cc0fd5e-40ef-4609-9059-f95ad7242b72
2026-09-06T19:02:05.6178506+08:00 pid=111272 tid=18 bulk-import converter-create display=block mode=nativeOle latex=\left\{ \begin{matrix}\frac{\mathrm{d}}{\mathrm{d}\omega }\left( \omega f\left( \omega \right) \right) =0 \\ \frac{\omega f\left( \omega \right) }{2}\frac{\mathrm{d}E\left( \omega \right) }{\mathrm{d}\omega }=\sqrt{\frac{m}{2}}\end{matrix}\right.
2026-09-06T19:02:05.6218506+08:00 pid=111272 tid=27 bulk-import converter-created sessionId=4afd8568-422d-477b-9ed3-3a8f794882ab
2026-09-06T19:02:05.6228508+08:00 pid=111272 tid=27 bulk-import converter-create display=block mode=nativeOle latex=a^{2}+b^{2}=c^{2}
2026-09-06T19:02:05.6268508+08:00 pid=111272 tid=18 bulk-import converter-created sessionId=c392067b-e12b-4b0d-8ef8-437c9f65177c
2026-09-06T19:02:05.6278512+08:00 pid=111272 tid=18 bulk-import converter-create display=block mode=nativeOle latex=i\hbar \frac{\partial }{\partial t}\psi (\mathbf{r},t)=\left[ -\frac{\hbar^{2}}{2m}\nabla^{2}+V(\mathbf{r},t)\right] \psi (\mathbf{r},t)
2026-09-06T19:02:05.6318511+08:00 pid=111272 tid=27 bulk-import converter-created sessionId=4827d7e4-edc3-4a6c-a546-f9045a30470e
2026-09-06T19:02:05.6318511+08:00 pid=111272 tid=27 bulk-import converter-create display=block mode=nativeOle latex=\frac{\partial }{\partial t}\psi^{\ast}\left( \vec{r}\right) \psi \left( \vec{r}\right) =\frac{i\hbar }{2m}\nabla \cdot \left[ \psi^{\ast}\left( \vec{r}\right) \nabla \psi \left( \vec{r}\right) -\psi \left( \vec{r}\right) \nabla \psi^{\ast}\left( r\right) \right]
2026-09-06T19:02:05.6358507+08:00 pid=111272 tid=18 bulk-import converter-created sessionId=a957ed1d-f77b-41d8-87d2-fdc2dc6142f4
2026-09-06T19:02:05.6368505+08:00 pid=111272 tid=18 bulk-import converter-create display=block mode=nativeOle latex=\frac{\partial }{\partial t}\rho \left( \vec{r},t\right) +\nabla \cdot \vec{j}=0
2026-09-06T19:02:05.6398512+08:00 pid=111272 tid=27 bulk-import converter-created sessionId=05eed893-ae6d-4700-84fc-f8dcbdc37456
2026-09-06T19:02:05.6398512+08:00 pid=111272 tid=27 format-conversion-render-start sourceMode=wordOmml targetMode=nativeOle sessions=6
2026-09-06T19:02:05.7754319+08:00 pid=111272 tid=18 format-conversion-rendered sourceMode=wordOmml targetMode=nativeOle sessionId=7cc0fd5e-40ef-4609-9059-f95ad7242b72 status=committing
2026-09-06T19:02:05.8860886+08:00 pid=111272 tid=27 format-conversion-rendered sourceMode=wordOmml targetMode=nativeOle sessionId=4afd8568-422d-477b-9ed3-3a8f794882ab status=committing
2026-09-06T19:02:05.9820717+08:00 pid=111272 tid=18 format-conversion-rendered sourceMode=wordOmml targetMode=nativeOle sessionId=c392067b-e12b-4b0d-8ef8-437c9f65177c status=committing
2026-09-06T19:02:06.0902576+08:00 pid=111272 tid=27 format-conversion-rendered sourceMode=wordOmml targetMode=nativeOle sessionId=4827d7e4-edc3-4a6c-a546-f9045a30470e status=committing
2026-09-06T19:02:06.2004124+08:00 pid=111272 tid=18 format-conversion-rendered sourceMode=wordOmml targetMode=nativeOle sessionId=a957ed1d-f77b-41d8-87d2-fdc2dc6142f4 status=committing
2026-09-06T19:02:06.2947727+08:00 pid=111272 tid=27 format-conversion-rendered sourceMode=wordOmml targetMode=nativeOle sessionId=05eed893-ae6d-4700-84fc-f8dcbdc37456 status=committing
2026-09-06T19:02:06.2947727+08:00 pid=111272 tid=27 format-conversion-word-apply-start sourceMode=wordOmml targetMode=nativeOle targets=6
2026-09-06T19:02:07.1661972+08:00 pid=111272 tid=1 format-conversion-runtime assembly=C:\Users\pojian_liao\AppData\Local\VisualTeX\office\remediation-builds\8F63B42A61757E3A47ABDBE25BE459D963E3852364D5FD24017474A086BCA506\VisualTeX.WordVsto.dll source=wordOmml target=nativeOle targetIsVisualTeX=True targetIsMathType=False
2026-09-06T19:02:07.1832003+08:00 pid=111272 tid=1 format-conversion-reference-aliases-captured sourceMode=wordOmml formulaId=19fe15b9-36fa-45ea-b106-0df6fc81fbfe aliases=ZEqnNum100297
2026-09-06T19:02:07.2965351+08:00 pid=111272 tid=1 format-conversion-reference-counts-fast-path source=wordOmml formulas=5
2026-09-06T19:02:09.7105707+08:00 pid=111272 tid=1 word-undo-begin name=VisualTeX Convert Formula Format recording=False level=0
2026-09-06T19:02:09.7105707+08:00 pid=111272 tid=1 word-undo-started name=VisualTeX Convert Formula Format recording=True level=1
2026-09-06T19:02:09.7115710+08:00 pid=111272 tid=1 format-conversion-undo-state stage=before-preferences document=文档6 recording=True level=1
2026-09-06T19:02:09.7115710+08:00 pid=111272 tid=1 format-conversion-transaction-start targets=6
2026-09-06T19:02:09.7115710+08:00 pid=111272 tid=1 format-conversion-undo-state stage=after-preferences document=文档6 recording=True level=1
2026-09-06T19:02:09.7115710+08:00 pid=111272 tid=1 format-conversion-undo-state stage=before-source-delete document=文档6 recording=True level=1
2026-09-06T19:02:10.0919492+08:00 pid=111272 tid=1 format-conversion-direct-numbered-omml-delete formulaId=e6707ffa-ed6a-4813-8006-e47afcb18c75 start=647
2026-09-06T19:02:10.0919492+08:00 pid=111272 tid=1 format-conversion-perf stage=delete-source-host formulaId=e6707ffa-ed6a-4813-8006-e47afcb18c75 numbered=True deltaMs=380 totalMs=380
2026-09-06T19:02:10.0919492+08:00 pid=111272 tid=1 format-conversion-undo-state stage=after-source-delete document=文档6 recording=False level=0
2026-09-06T19:02:10.0929504+08:00 pid=111272 tid=1 word-undo-begin name=VisualTeX Insert Native OLE Display Formula recording=False level=0
2026-09-06T19:02:10.0939488+08:00 pid=111272 tid=1 word-undo-started name=VisualTeX Insert Native OLE Display Formula recording=True level=1
2026-09-06T19:02:10.2467062+08:00 pid=111272 tid=1 word-undo-end recording=True level=1
2026-09-06T19:02:10.2467062+08:00 pid=111272 tid=1 format-conversion-perf stage=insert-target formulaId=e6707ffa-ed6a-4813-8006-e47afcb18c75 numbered=True deltaMs=155 totalMs=535
2026-09-06T19:02:10.2467062+08:00 pid=111272 tid=1 format-conversion-undo-state stage=after-target-insert document=文档6 recording=False level=0
2026-09-06T19:02:10.2477066+08:00 pid=111272 tid=1 format-conversion-bookmarked-visualtex-target-stable sourceFormulaId=e6707ffa-ed6a-4813-8006-e47afcb18c75 formulaId=9f34896d-9d62-4793-9270-cd2981af64fc localAnchorRepair=False elapsedMs=0
2026-09-06T19:02:10.2487072+08:00 pid=111272 tid=1 format-conversion-direct-managed-omml-metadata-deleted formulaId=e6707ffa-ed6a-4813-8006-e47afcb18c75 numbered=True
2026-09-06T19:02:10.2487072+08:00 pid=111272 tid=1 format-conversion-perf stage=verify-target formulaId=e6707ffa-ed6a-4813-8006-e47afcb18c75 numbered=True deltaMs=2 totalMs=537
2026-09-06T19:02:10.2487072+08:00 pid=111272 tid=1 format-conversion-undo-state stage=before-source-delete document=文档6 recording=False level=0
2026-09-06T19:02:10.6675718+08:00 pid=111272 tid=1 format-conversion-direct-numbered-omml-delete formulaId=4c7c9661-1fa1-4a11-bb0e-91d1841abaf0 start=474
2026-09-06T19:02:10.6675718+08:00 pid=111272 tid=1 format-conversion-perf stage=delete-source-host formulaId=4c7c9661-1fa1-4a11-bb0e-91d1841abaf0 numbered=True deltaMs=418 totalMs=418
2026-09-06T19:02:10.6675718+08:00 pid=111272 tid=1 format-conversion-undo-state stage=after-source-delete document=文档6 recording=False level=0
2026-09-06T19:02:10.6685726+08:00 pid=111272 tid=1 word-undo-begin name=VisualTeX Insert Native OLE Display Formula recording=False level=0
2026-09-06T19:02:10.6685726+08:00 pid=111272 tid=1 word-undo-started name=VisualTeX Insert Native OLE Display Formula recording=True level=1
2026-09-06T19:02:10.8222737+08:00 pid=111272 tid=1 word-undo-end recording=True level=1
2026-09-06T19:02:10.8232739+08:00 pid=111272 tid=1 format-conversion-perf stage=insert-target formulaId=4c7c9661-1fa1-4a11-bb0e-91d1841abaf0 numbered=True deltaMs=155 totalMs=573
2026-09-06T19:02:10.8232739+08:00 pid=111272 tid=1 format-conversion-undo-state stage=after-target-insert document=文档6 recording=False level=0
2026-09-06T19:02:10.8242746+08:00 pid=111272 tid=1 format-conversion-bookmarked-visualtex-target-stable sourceFormulaId=4c7c9661-1fa1-4a11-bb0e-91d1841abaf0 formulaId=a8dbba82-ef42-4700-9282-4c0b59e7f761 localAnchorRepair=False elapsedMs=0
2026-09-06T19:02:10.8242746+08:00 pid=111272 tid=1 format-conversion-direct-managed-omml-metadata-deleted formulaId=4c7c9661-1fa1-4a11-bb0e-91d1841abaf0 numbered=True
2026-09-06T19:02:10.8252762+08:00 pid=111272 tid=1 format-conversion-perf stage=verify-target formulaId=4c7c9661-1fa1-4a11-bb0e-91d1841abaf0 numbered=True deltaMs=2 totalMs=575
2026-09-06T19:02:10.8252762+08:00 pid=111272 tid=1 format-conversion-undo-state stage=before-source-delete document=文档6 recording=False level=0
2026-09-06T19:02:11.0544771+08:00 pid=111272 tid=1 format-conversion-direct-numbered-omml-delete formulaId=cbeaa34b-8fcb-4b37-b7c4-0ed83a100ba2 start=337
2026-09-06T19:02:11.0544771+08:00 pid=111272 tid=1 format-conversion-perf stage=delete-source-host formulaId=cbeaa34b-8fcb-4b37-b7c4-0ed83a100ba2 numbered=True deltaMs=229 totalMs=229
2026-09-06T19:02:11.0554770+08:00 pid=111272 tid=1 format-conversion-undo-state stage=after-source-delete document=文档6 recording=False level=0
2026-09-06T19:02:11.0564773+08:00 pid=111272 tid=1 word-undo-begin name=VisualTeX Insert Native OLE Display Formula recording=False level=0
2026-09-06T19:02:11.0564773+08:00 pid=111272 tid=1 word-undo-started name=VisualTeX Insert Native OLE Display Formula recording=True level=1
2026-09-06T19:02:11.1665471+08:00 pid=111272 tid=1 word-undo-end recording=True level=1
2026-09-06T19:02:11.1665471+08:00 pid=111272 tid=1 format-conversion-perf stage=insert-target formulaId=cbeaa34b-8fcb-4b37-b7c4-0ed83a100ba2 numbered=True deltaMs=112 totalMs=341
2026-09-06T19:02:11.1665471+08:00 pid=111272 tid=1 format-conversion-undo-state stage=after-target-insert document=文档6 recording=False level=0
2026-09-06T19:02:11.1675486+08:00 pid=111272 tid=1 format-conversion-bookmarked-visualtex-target-stable sourceFormulaId=cbeaa34b-8fcb-4b37-b7c4-0ed83a100ba2 formulaId=19657628-71af-4db3-9032-619cefc97393 localAnchorRepair=False elapsedMs=0
2026-09-06T19:02:11.1685481+08:00 pid=111272 tid=1 format-conversion-direct-managed-omml-metadata-deleted formulaId=cbeaa34b-8fcb-4b37-b7c4-0ed83a100ba2 numbered=True
2026-09-06T19:02:11.1685481+08:00 pid=111272 tid=1 format-conversion-perf stage=verify-target formulaId=cbeaa34b-8fcb-4b37-b7c4-0ed83a100ba2 numbered=True deltaMs=2 totalMs=343
2026-09-06T19:02:11.1685481+08:00 pid=111272 tid=1 format-conversion-undo-state stage=before-source-delete document=文档6 recording=False level=0
2026-09-06T19:02:11.5045909+08:00 pid=111272 tid=1 format-conversion-direct-numbered-omml-delete formulaId=19fe15b9-36fa-45ea-b106-0df6fc81fbfe start=221
2026-09-06T19:02:11.5055913+08:00 pid=111272 tid=1 format-conversion-perf stage=delete-source-host formulaId=19fe15b9-36fa-45ea-b106-0df6fc81fbfe numbered=True deltaMs=336 totalMs=336
2026-09-06T19:02:11.5055913+08:00 pid=111272 tid=1 format-conversion-undo-state stage=after-source-delete document=文档6 recording=False level=0
2026-09-06T19:02:11.5055913+08:00 pid=111272 tid=1 word-undo-begin name=VisualTeX Insert Native OLE Display Formula recording=False level=0
2026-09-06T19:02:11.5055913+08:00 pid=111272 tid=1 word-undo-started name=VisualTeX Insert Native OLE Display Formula recording=True level=1
2026-09-06T19:02:11.6235225+08:00 pid=111272 tid=1 word-undo-end recording=True level=1
2026-09-06T19:02:11.6245215+08:00 pid=111272 tid=1 format-conversion-perf stage=insert-target formulaId=19fe15b9-36fa-45ea-b106-0df6fc81fbfe numbered=True deltaMs=119 totalMs=455
2026-09-06T19:02:11.6245215+08:00 pid=111272 tid=1 format-conversion-undo-state stage=after-target-insert document=文档6 recording=False level=0
2026-09-06T19:02:11.6255230+08:00 pid=111272 tid=1 format-conversion-bookmarked-visualtex-target-stable sourceFormulaId=19fe15b9-36fa-45ea-b106-0df6fc81fbfe formulaId=8f694e4d-187c-4d85-aaba-696c6de0db89 localAnchorRepair=False elapsedMs=0
2026-09-06T19:02:11.6255230+08:00 pid=111272 tid=1 format-conversion-direct-managed-omml-metadata-deleted formulaId=19fe15b9-36fa-45ea-b106-0df6fc81fbfe numbered=True
2026-09-06T19:02:11.6255230+08:00 pid=111272 tid=1 format-conversion-perf stage=verify-target formulaId=19fe15b9-36fa-45ea-b106-0df6fc81fbfe numbered=True deltaMs=2 totalMs=457
2026-09-06T19:02:11.6265216+08:00 pid=111272 tid=1 format-conversion-undo-state stage=before-source-delete document=文档6 recording=False level=0
2026-09-06T19:02:11.8152291+08:00 pid=111272 tid=1 format-conversion-direct-numbered-omml-delete formulaId=1daae78e-e899-4835-b68e-3c840b809db6 start=93
2026-09-06T19:02:11.8162285+08:00 pid=111272 tid=1 format-conversion-perf stage=delete-source-host formulaId=1daae78e-e899-4835-b68e-3c840b809db6 numbered=True deltaMs=189 totalMs=189
2026-09-06T19:02:11.8162285+08:00 pid=111272 tid=1 format-conversion-undo-state stage=after-source-delete document=文档6 recording=False level=0
2026-09-06T19:02:11.8162285+08:00 pid=111272 tid=1 word-undo-begin name=VisualTeX Insert Native OLE Display Formula recording=False level=0
2026-09-06T19:02:11.8172293+08:00 pid=111272 tid=1 word-undo-started name=VisualTeX Insert Native OLE Display Formula recording=True level=1
2026-09-06T19:02:11.8988204+08:00 pid=111272 tid=1 word-undo-end recording=True level=1
2026-09-06T19:02:11.8988204+08:00 pid=111272 tid=1 format-conversion-perf stage=insert-target formulaId=1daae78e-e899-4835-b68e-3c840b809db6 numbered=True deltaMs=84 totalMs=273
2026-09-06T19:02:11.8998204+08:00 pid=111272 tid=1 format-conversion-undo-state stage=after-target-insert document=文档6 recording=False level=0
2026-09-06T19:02:11.9018201+08:00 pid=111272 tid=1 format-conversion-bookmarked-visualtex-target-stable sourceFormulaId=1daae78e-e899-4835-b68e-3c840b809db6 formulaId=6890c733-e2b4-44e8-b567-0b4ec080aa7c localAnchorRepair=False elapsedMs=1
2026-09-06T19:02:11.9018201+08:00 pid=111272 tid=1 format-conversion-direct-managed-omml-metadata-deleted formulaId=1daae78e-e899-4835-b68e-3c840b809db6 numbered=True
2026-09-06T19:02:11.9018201+08:00 pid=111272 tid=1 format-conversion-perf stage=verify-target formulaId=1daae78e-e899-4835-b68e-3c840b809db6 numbered=True deltaMs=3 totalMs=276
2026-09-06T19:02:11.9028201+08:00 pid=111272 tid=1 format-conversion-undo-state stage=before-source-delete document=文档6 recording=False level=0
2026-09-06T19:02:11.9328186+08:00 pid=111272 tid=1 format-conversion-perf stage=delete-source-host formulaId=15577099-bd60-4617-8c50-084528ac0b17 numbered=False deltaMs=30 totalMs=30
2026-09-06T19:02:11.9328186+08:00 pid=111272 tid=1 format-conversion-undo-state stage=after-source-delete document=文档6 recording=False level=0
2026-09-06T19:02:11.9338203+08:00 pid=111272 tid=1 word-undo-begin name=VisualTeX Insert Native OLE Inline Formula recording=False level=0
2026-09-06T19:02:11.9338203+08:00 pid=111272 tid=1 word-undo-started name=VisualTeX Insert Native OLE Inline Formula recording=True level=1
2026-09-06T19:02:12.0118196+08:00 pid=111272 tid=1 word-undo-end recording=True level=1
2026-09-06T19:02:12.0118196+08:00 pid=111272 tid=1 format-conversion-perf stage=insert-target formulaId=15577099-bd60-4617-8c50-084528ac0b17 numbered=False deltaMs=79 totalMs=109
2026-09-06T19:02:12.0128199+08:00 pid=111272 tid=1 format-conversion-undo-state stage=after-target-insert document=文档6 recording=False level=0
2026-09-06T19:02:12.0128199+08:00 pid=111272 tid=1 format-conversion-bookmarked-visualtex-target-stable sourceFormulaId=15577099-bd60-4617-8c50-084528ac0b17 formulaId=414dc259-2d20-4611-8be9-770db0e68c84 localAnchorRepair=False elapsedMs=0
2026-09-06T19:02:12.0138196+08:00 pid=111272 tid=1 format-conversion-perf stage=verify-target formulaId=15577099-bd60-4617-8c50-084528ac0b17 numbered=False deltaMs=1 totalMs=110
2026-09-06T19:02:12.0138196+08:00 pid=111272 tid=1 format-conversion-finalize-perf stage=source-residual-check sourceMode=wordOmml targetMode=nativeOle deltaMs=0 totalMs=0
2026-09-06T19:02:12.0148217+08:00 pid=111272 tid=1 format-conversion-finalize-perf stage=target-count-check sourceMode=wordOmml targetMode=nativeOle deltaMs=1 totalMs=1
2026-09-06T19:02:12.0158245+08:00 pid=111272 tid=1 format-conversion-visualtex-numbering-inventory formulaId=414dc259-2d20-4611-8be9-770db0e68c84 range=54:88 paragraph=42:89 numbered=False
2026-09-06T19:02:12.0168200+08:00 pid=111272 tid=1 format-conversion-visualtex-numbering-inventory formulaId=6890c733-e2b4-44e8-b567-0b4ec080aa7c range=89:123 paragraph=89:124 numbered=True
2026-09-06T19:02:12.0168200+08:00 pid=111272 tid=1 format-conversion-visualtex-numbering-inventory formulaId=8f694e4d-187c-4d85-aaba-696c6de0db89 range=125:159 paragraph=125:160 numbered=True
2026-09-06T19:02:12.0178219+08:00 pid=111272 tid=1 format-conversion-visualtex-numbering-inventory formulaId=19657628-71af-4db3-9032-619cefc97393 range=189:223 paragraph=189:224 numbered=True
2026-09-06T19:02:12.0198215+08:00 pid=111272 tid=1 format-conversion-visualtex-numbering-inventory formulaId=a8dbba82-ef42-4700-9282-4c0b59e7f761 range=232:266 paragraph=232:267 numbered=True
2026-09-06T19:02:12.0198215+08:00 pid=111272 tid=1 format-conversion-visualtex-numbering-inventory formulaId=9f34896d-9d62-4793-9270-cd2981af64fc range=285:319 paragraph=285:320 numbered=True
2026-09-06T19:02:12.0208197+08:00 pid=111272 tid=1 format-conversion-visualtex-numbering-before-scaffold formulaId=9f34896d-9d62-4793-9270-cd2981af64fc frozenRange=visualtex-word-vsto-range:285:319 liveRange=285:319 paragraph=285:320
2026-09-06T19:02:12.1083162+08:00 pid=111272 tid=1 format-conversion-visualtex-numbering-before-scaffold formulaId=a8dbba82-ef42-4700-9282-4c0b59e7f761 frozenRange=visualtex-word-vsto-range:232:266 liveRange=232:266 paragraph=232:267
2026-09-06T19:02:12.2031773+08:00 pid=111272 tid=1 format-conversion-visualtex-numbering-before-scaffold formulaId=19657628-71af-4db3-9032-619cefc97393 frozenRange=visualtex-word-vsto-range:189:223 liveRange=189:223 paragraph=189:224
2026-09-06T19:02:12.3041867+08:00 pid=111272 tid=1 format-conversion-visualtex-numbering-before-scaffold formulaId=8f694e4d-187c-4d85-aaba-696c6de0db89 frozenRange=visualtex-word-vsto-range:125:159 liveRange=125:159 paragraph=125:160
2026-09-06T19:02:12.4162130+08:00 pid=111272 tid=1 format-conversion-visualtex-numbering-before-scaffold formulaId=6890c733-e2b4-44e8-b567-0b4ec080aa7c frozenRange=visualtex-word-vsto-range:89:123 liveRange=89:123 paragraph=89:124
2026-09-06T19:02:12.5193189+08:00 pid=111272 tid=1 format-conversion-visualtex-numbering-before-scaffold formulaId=414dc259-2d20-4611-8be9-770db0e68c84 frozenRange=visualtex-word-vsto-range:54:88 liveRange=54:88 paragraph=42:89
2026-09-06T19:02:13.0180497+08:00 pid=111272 tid=1 format-conversion-numbering-visualtex-batch built=5 finalized=5
2026-09-06T19:02:13.0410505+08:00 pid=111272 tid=1 format-conversion-reference-aliases-restored sourceMode=wordOmml targetMode=nativeOle aliases=1 refreshedReferences=0 restoredFormatting=1
2026-09-06T19:02:13.0516046+08:00 pid=111272 tid=1 format-conversion-finalize-perf stage=numbering-reconcile sourceMode=wordOmml targetMode=nativeOle deltaMs=1036 totalMs=1037
2026-09-06T19:02:13.0546052+08:00 pid=111272 tid=1 format-conversion-finalize-perf stage=omml-fingerprint-refresh sourceMode=wordOmml targetMode=nativeOle deltaMs=4 totalMs=1041
2026-09-06T19:02:13.0576056+08:00 pid=111272 tid=1 format-conversion-transaction-completed targets=6
2026-09-06T19:02:13.0586041+08:00 pid=111272 tid=30 format-conversion-word-apply-finished sourceMode=wordOmml targetMode=nativeOle converted=6 failed=0
2026-09-06T19:02:13.0596046+08:00 pid=111272 tid=30 format-conversion-session-cleanup-start sessions=6
2026-09-06T19:02:13.0596046+08:00 pid=111272 tid=30 format-conversion-complete source=OMML target=VisualTeX converted=6 failed=0
2026-09-06T19:02:13.0626051+08:00 pid=111272 tid=18 format-conversion-session-cleanup-complete sessions=6
2026-09-06T19:06:27.6953064+08:00 pid=111272 tid=11 left-down x=1317 y=747 wordForeground=False
2026-09-06T19:07:30.4021545+08:00 pid=111272 tid=11 left-down x=1792 y=747 wordForeground=False
2026-09-06T19:08:18.3950132+08:00 pid=111272 tid=11 left-down x=1382 y=1120 wordForeground=False
2026-09-06T19:08:20.5142719+08:00 pid=111272 tid=11 left-down x=2332 y=460 wordForeground=False
2026-09-06T19:08:22.4309257+08:00 pid=111272 tid=11 left-down x=2492 y=460 wordForeground=False
2026-09-06T19:09:50.7663805+08:00 pid=111272 tid=11 left-down x=913 y=194 wordForeground=True
2026-09-06T19:10:15.8743767+08:00 pid=111272 tid=11 left-down x=1382 y=1120 wordForeground=False
2026-09-06T19:10:18.0133902+08:00 pid=111272 tid=11 left-down x=2332 y=460 wordForeground=False
2026-09-06T19:10:19.9808917+08:00 pid=111272 tid=11 left-down x=2492 y=460 wordForeground=False
2026-09-06T19:10:55.9103049+08:00 pid=111272 tid=11 left-down x=913 y=366 wordForeground=True
2026-09-06T19:11:40.9595183+08:00 pid=111272 tid=11 left-down x=3317 y=1332 wordForeground=True
2026-09-06T19:12:19.8170096+08:00 pid=111272 tid=11 left-down x=1099 y=716 wordForeground=True
2026-09-06T19:16:35.3871338+08:00 pid=111272 tid=11 left-down x=2718 y=1688 wordForeground=True
2026-09-06T19:16:44.9489132+08:00 pid=111272 tid=11 left-down x=1144 y=2139 wordForeground=False
2026-09-06T19:17:04.6730088+08:00 pid=111272 tid=11 left-down x=2617 y=1924 wordForeground=False
2026-09-06T19:17:05.8066387+08:00 pid=111272 tid=11 left-down x=1143 y=1214 wordForeground=False
2026-09-06T19:17:06.7757811+08:00 pid=111272 tid=11 left-down x=2443 y=1559 wordForeground=True
2026-09-06T19:17:07.9744426+08:00 pid=111272 tid=11 left-down x=2901 y=1707 wordForeground=False
2026-09-06T19:18:28.9224144+08:00 pid=111272 tid=11 left-down x=1776 y=1270 wordForeground=False
2026-09-06T19:19:29.4571606+08:00 pid=111272 tid=11 left-down x=1776 y=1270 wordForeground=False
2026-09-06T19:25:38.6331503+08:00 pid=111272 tid=11 left-down x=2218 y=1799 wordForeground=True
2026-09-06T19:25:51.4512923+08:00 pid=111272 tid=11 left-down x=1930 y=2008 wordForeground=False
2026-09-06T19:25:53.8088044+08:00 pid=111272 tid=11 left-down x=1819 y=1881 wordForeground=False
2026-09-06T19:25:55.8149061+08:00 pid=111272 tid=11 left-down x=1787 y=1221 wordForeground=False
2026-09-06T19:26:12.5906947+08:00 pid=111272 tid=11 left-down x=1817 y=925 wordForeground=False
2026-09-06T19:26:20.0865882+08:00 pid=111272 tid=11 left-down x=723 y=2133 wordForeground=False
2026-09-06T19:26:23.4330395+08:00 pid=111272 tid=11 left-down x=1003 y=1128 wordForeground=False
2026-09-06T19:26:25.0527170+08:00 pid=111272 tid=11 left-down x=759 y=1281 wordForeground=False
2026-09-06T19:26:25.2719039+08:00 pid=111272 tid=11 left-down x=759 y=1281 wordForeground=False
2026-09-06T19:26:26.9376438+08:00 pid=111272 tid=11 left-down x=765 y=1239 wordForeground=False
2026-09-06T19:26:27.1705000+08:00 pid=111272 tid=11 left-down x=765 y=1239 wordForeground=False
2026-09-06T19:26:32.9009660+08:00 pid=111272 tid=11 left-down x=1154 y=1125 wordForeground=False
2026-09-06T19:26:34.2209581+08:00 pid=111272 tid=11 left-down x=751 y=1249 wordForeground=False
2026-09-06T19:26:34.4497619+08:00 pid=111272 tid=11 left-down x=751 y=1249 wordForeground=False
2026-09-06T19:26:38.4595713+08:00 pid=111272 tid=11 left-down x=723 y=1485 wordForeground=False
2026-09-06T19:26:38.8910078+08:00 pid=111272 tid=11 left-down x=723 y=1485 wordForeground=False
2026-09-06T19:26:41.0582798+08:00 pid=111272 tid=11 left-down x=716 y=1445 wordForeground=False
2026-09-06T19:26:41.3554435+08:00 pid=111272 tid=11 left-down x=716 y=1445 wordForeground=False
2026-09-06T19:26:42.9734653+08:00 pid=111272 tid=11 left-down x=745 y=1260 wordForeground=False
2026-09-06T19:26:43.2610841+08:00 pid=111272 tid=11 left-down x=745 y=1260 wordForeground=False
2026-09-06T19:26:44.6837799+08:00 pid=111272 tid=11 left-down x=730 y=1286 wordForeground=False
2026-09-06T19:26:44.9876779+08:00 pid=111272 tid=11 left-down x=730 y=1286 wordForeground=False
2026-09-06T19:26:46.0395944+08:00 pid=111272 tid=11 left-down x=726 y=1221 wordForeground=False
2026-09-06T19:26:46.3736334+08:00 pid=111272 tid=11 left-down x=726 y=1221 wordForeground=False
2026-09-06T19:26:53.5406658+08:00 pid=111272 tid=11 left-down x=2547 y=1769 wordForeground=False
2026-09-06T19:27:08.2392592+08:00 pid=111272 tid=11 left-down x=2350 y=1340 wordForeground=False
2026-09-06T19:28:13.6772363+08:00 pid=111272 tid=11 left-down x=2358 y=727 wordForeground=False
2026-09-06T19:28:56.2373739+08:00 pid=111272 tid=11 left-down x=3340 y=1397 wordForeground=False
2026-09-06T19:28:59.8827545+08:00 pid=111272 tid=11 left-down x=2887 y=1708 wordForeground=False
2026-09-06T19:29:05.9676239+08:00 pid=111272 tid=11 left-down x=2872 y=1893 wordForeground=False
2026-09-06T19:31:37.5122616+08:00 pid=111272 tid=11 left-down x=2362 y=1685 wordForeground=False
2026-09-06T19:31:39.8370786+08:00 pid=111272 tid=11 left-down x=2431 y=1692 wordForeground=False
2026-09-06T19:36:16.5472918+08:00 pid=111272 tid=11 left-down x=947 y=228 wordForeground=True
2026-09-06T19:36:25.2733420+08:00 pid=111272 tid=11 left-down x=1382 y=1120 wordForeground=False
2026-09-06T19:36:27.4277152+08:00 pid=111272 tid=11 left-down x=2332 y=460 wordForeground=False
2026-09-06T19:36:29.4680935+08:00 pid=111272 tid=11 left-down x=2492 y=460 wordForeground=False
2026-09-06T19:40:29.2207067+08:00 pid=111272 tid=11 left-down x=947 y=400 wordForeground=True
2026-09-06T19:40:38.8309155+08:00 pid=111272 tid=11 left-down x=1133 y=750 wordForeground=True
2026-09-06T19:42:52.8623701+08:00 pid=111272 tid=11 left-down x=278 y=626 wordForeground=True
2026-09-06T19:42:53.0729814+08:00 pid=111272 tid=11 left-down x=278 y=626 wordForeground=True
2026-09-06T19:42:53.0735066+08:00 pid=111272 tid=11 double-click elapsedMs=210.916 withinX=True withinY=True nativeOleTarget=False suppressSecondDown=False dispatchCallback=True
2026-09-06T19:42:53.1794309+08:00 pid=111272 tid=31 callback-begin interceptedNativeOle=False x=278 y=626
2026-09-06T19:42:53.1794309+08:00 pid=111272 tid=31 addin-callback-received interceptedNativeOle=False x=278 y=626
2026-09-06T19:42:53.1794309+08:00 pid=111272 tid=31 callback-end
2026-09-06T19:42:53.1804314+08:00 pid=111272 tid=1 addin-coordinate-selection formulaId=<null> objectMode=<null>
2026-09-06T19:45:07.9105313+08:00 pid=111272 tid=11 left-down x=1776 y=1270 wordForeground=False
2026-09-06T19:46:04.5767277+08:00 pid=111272 tid=11 left-down x=1776 y=1270 wordForeground=False
2026-09-06T19:46:46.3439055+08:00 pid=111272 tid=11 left-down x=1776 y=1270 wordForeground=False
2026-09-06T19:50:59.1085010+08:00 pid=111272 tid=11 left-down x=2410 y=1634 wordForeground=True
2026-09-06T19:50:59.8804080+08:00 pid=111272 tid=11 left-down x=2326 y=1582 wordForeground=False
2026-09-06T19:51:02.0336694+08:00 pid=111272 tid=11 left-down x=3524 y=944 wordForeground=False
2026-09-06T19:51:05.0432556+08:00 pid=111272 tid=11 left-down x=2509 y=1260 wordForeground=False
2026-09-06T19:51:11.2630972+08:00 pid=111272 tid=11 left-down x=3563 y=923 wordForeground=True
2026-09-06T19:51:19.0967824+08:00 pid=111272 tid=11 left-down x=981 y=262 wordForeground=True
2026-09-06T19:51:27.0716667+08:00 pid=111272 tid=11 left-down x=1317 y=747 wordForeground=False
2026-09-06T19:51:28.9998558+08:00 pid=111272 tid=11 left-down x=1602 y=747 wordForeground=False
2026-09-06T19:51:44.1026026+08:00 pid=111272 tid=11 left-down x=1382 y=1120 wordForeground=False
2026-09-06T19:51:46.2802099+08:00 pid=111272 tid=11 left-down x=2332 y=460 wordForeground=False
2026-09-06T19:51:48.2432730+08:00 pid=111272 tid=11 left-down x=2492 y=460 wordForeground=False
2026-09-06T19:52:22.5664216+08:00 pid=111272 tid=11 left-down x=1776 y=1270 wordForeground=False
2026-09-06T19:52:34.3154010+08:00 pid=111272 tid=11 left-down x=1167 y=784 wordForeground=True
2026-09-06T19:54:30.5401856+08:00 pid=111272 tid=11 left-down x=1776 y=1270 wordForeground=False
2026-09-06T19:54:49.3015589+08:00 pid=111272 tid=11 left-down x=981 y=434 wordForeground=True
2026-09-06T19:55:50.3912106+08:00 pid=111272 tid=11 left-down x=1776 y=1270 wordForeground=False
2026-09-06T20:00:14.7368166+08:00 pid=111272 tid=11 left-down x=314 y=899 wordForeground=True
2026-09-06T20:00:14.9835857+08:00 pid=111272 tid=11 left-down x=314 y=899 wordForeground=True
2026-09-06T20:00:14.9845858+08:00 pid=111272 tid=11 double-click elapsedMs=246.046 withinX=True withinY=True nativeOleTarget=False suppressSecondDown=False dispatchCallback=True
2026-09-06T20:00:15.0905720+08:00 pid=111272 tid=27 callback-begin interceptedNativeOle=False x=314 y=899
2026-09-06T20:00:15.0905720+08:00 pid=111272 tid=27 addin-callback-received interceptedNativeOle=False x=314 y=899
2026-09-06T20:00:15.0905720+08:00 pid=111272 tid=27 callback-end
2026-09-06T20:00:15.0915704+08:00 pid=111272 tid=1 addin-coordinate-selection formulaId=<null> objectMode=<null>
2026-09-06T20:00:32.0828795+08:00 pid=111272 tid=11 left-down x=1015 y=296 wordForeground=True
2026-09-06T20:00:40.5628186+08:00 pid=111272 tid=11 left-down x=1382 y=1120 wordForeground=False
2026-09-06T20:00:43.6850027+08:00 pid=111272 tid=11 left-down x=2492 y=460 wordForeground=False
2026-09-06T20:01:13.0300111+08:00 pid=111272 tid=11 left-down x=1382 y=1120 wordForeground=False
2026-09-06T20:01:15.1778583+08:00 pid=111272 tid=11 left-down x=2332 y=460 wordForeground=False
2026-09-06T20:01:17.1623160+08:00 pid=111272 tid=11 left-down x=2492 y=460 wordForeground=False
2026-09-06T20:03:46.9366134+08:00 pid=111272 tid=11 left-down x=3150 y=914 wordForeground=True
2026-09-06T20:07:28.1813599+08:00 pid=111272 tid=11 left-down x=781 y=837 wordForeground=False
2026-09-06T20:07:28.9751530+08:00 pid=111272 tid=11 left-down x=1246 y=904 wordForeground=True
2026-09-06T20:07:31.9122023+08:00 pid=111272 tid=11 left-down x=2652 y=1876 wordForeground=True
2026-09-06T20:18:44.8431795+08:00 pid=111272 tid=11 left-down x=3202 y=1755 wordForeground=True
2026-09-06T20:18:55.3819254+08:00 pid=111272 tid=11 left-down x=1872 y=722 wordForeground=True
2026-09-06T20:19:04.0910765+08:00 pid=111272 tid=11 left-down x=1382 y=1120 wordForeground=False
2026-09-06T20:19:07.2984418+08:00 pid=111272 tid=11 left-down x=2492 y=460 wordForeground=False
2026-09-06T20:19:37.0864215+08:00 pid=111272 tid=11 left-down x=1382 y=1120 wordForeground=False
2026-09-06T20:19:39.4002440+08:00 pid=111272 tid=11 left-down x=2332 y=460 wordForeground=False
2026-09-06T20:19:41.3659720+08:00 pid=111272 tid=11 left-down x=2492 y=460 wordForeground=False
2026-09-06T20:21:07.0544533+08:00 pid=111272 tid=11 left-down x=1776 y=1270 wordForeground=False
2026-09-06T20:21:21.0675766+08:00 pid=111272 tid=11 left-down x=2058 y=1197 wordForeground=True
2026-09-06T20:21:29.0031522+08:00 pid=111272 tid=11 left-down x=1872 y=894 wordForeground=True
2026-09-06T20:23:50.4238876+08:00 pid=111272 tid=11 left-down x=1211 y=1746 wordForeground=True
2026-09-06T20:23:50.6928608+08:00 pid=111272 tid=11 left-down x=1211 y=1746 wordForeground=True
2026-09-06T20:23:50.6948610+08:00 pid=111272 tid=11 double-click elapsedMs=269.606 withinX=True withinY=True nativeOleTarget=False suppressSecondDown=False dispatchCallback=True
2026-09-06T20:23:50.7970162+08:00 pid=111272 tid=19 callback-begin interceptedNativeOle=False x=1211 y=1746
2026-09-06T20:23:50.7970162+08:00 pid=111272 tid=19 addin-callback-received interceptedNativeOle=False x=1211 y=1746
2026-09-06T20:23:50.7970162+08:00 pid=111272 tid=19 callback-end
2026-09-06T20:23:50.7980166+08:00 pid=111272 tid=1 addin-coordinate-selection formulaId=<null> objectMode=<null>
2026-09-06T20:25:37.6328706+08:00 pid=111272 tid=11 left-down x=913 y=194 wordForeground=True
2026-09-06T20:25:46.1995408+08:00 pid=111272 tid=11 left-down x=1382 y=1120 wordForeground=False
2026-09-06T20:25:49.3600494+08:00 pid=111272 tid=11 left-down x=2492 y=460 wordForeground=False
2026-09-06T20:26:38.8859817+08:00 pid=111272 tid=11 left-down x=1776 y=1270 wordForeground=False
2026-09-06T20:26:58.6068826+08:00 pid=111272 tid=11 left-down x=1099 y=692 wordForeground=True
2026-09-06T20:27:06.5663605+08:00 pid=111272 tid=11 left-down x=913 y=366 wordForeground=True
2026-09-06T20:28:01.5819158+08:00 pid=111272 tid=11 left-down x=1776 y=1270 wordForeground=False
2026-09-06T20:30:42.4100879+08:00 pid=111272 tid=11 left-down x=257 y=711 wordForeground=True
2026-09-06T20:30:42.6826785+08:00 pid=111272 tid=11 left-down x=257 y=711 wordForeground=True
2026-09-06T20:30:42.6826785+08:00 pid=111272 tid=11 double-click elapsedMs=272.663 withinX=True withinY=True nativeOleTarget=False suppressSecondDown=False dispatchCallback=True
2026-09-06T20:30:42.7797487+08:00 pid=111272 tid=30 callback-begin interceptedNativeOle=False x=257 y=711
2026-09-06T20:30:42.7797487+08:00 pid=111272 tid=30 addin-callback-received interceptedNativeOle=False x=257 y=711
2026-09-06T20:30:42.7797487+08:00 pid=111272 tid=30 callback-end
2026-09-06T20:30:42.7807503+08:00 pid=111272 tid=1 addin-coordinate-selection formulaId=<null> objectMode=<null>
2026-09-06T20:32:08.8891320+08:00 pid=111272 tid=11 left-down x=1776 y=1270 wordForeground=False
2026-09-06T20:38:36.9294226+08:00 pid=111272 tid=11 left-down x=2327 y=1615 wordForeground=True
2026-09-06T20:38:38.8112544+08:00 pid=111272 tid=11 left-down x=2294 y=1552 wordForeground=False
2026-09-06T20:38:42.5039847+08:00 pid=111272 tid=11 left-down x=3538 y=941 wordForeground=False
2026-09-06T20:38:59.6245892+08:00 pid=111272 tid=11 left-down x=838 y=2134 wordForeground=False
2026-09-06T20:39:02.8072143+08:00 pid=111272 tid=11 left-down x=2513 y=463 wordForeground=False
2026-09-06T20:43:15.4414442+08:00 pid=111272 tid=11 left-down x=1872 y=722 wordForeground=True
2026-09-06T20:43:23.4504747+08:00 pid=111272 tid=11 left-down x=1317 y=747 wordForeground=False
2026-09-06T20:43:26.4657257+08:00 pid=111272 tid=11 left-down x=1792 y=747 wordForeground=False
2026-09-06T20:43:38.4420913+08:00 pid=111272 tid=11 left-down x=2058 y=1197 wordForeground=True
2026-09-06T20:43:52.7772095+08:00 pid=111272 tid=11 left-down x=1382 y=1120 wordForeground=False
2026-09-06T20:43:55.0815279+08:00 pid=111272 tid=11 left-down x=2332 y=460 wordForeground=False
2026-09-06T20:43:57.1169079+08:00 pid=111272 tid=11 left-down x=2492 y=460 wordForeground=False
2026-09-06T20:44:31.9531074+08:00 pid=111272 tid=11 left-down x=1776 y=1270 wordForeground=False
2026-09-06T20:44:43.8051341+08:00 pid=111272 tid=11 left-down x=2058 y=1245 wordForeground=True
2026-09-06T20:44:51.9808015+08:00 pid=111272 tid=11 left-down x=1872 y=894 wordForeground=True
2026-09-06T20:51:58.8295693+08:00 pid=111272 tid=11 left-down x=3322 y=1198 wordForeground=True
2026-09-06T20:54:03.4801058+08:00 pid=111272 tid=11 left-down x=2649 y=1482 wordForeground=False
2026-09-06T20:54:04.5947321+08:00 pid=111272 tid=11 left-down x=1875 y=2003 wordForeground=False
2026-09-06T20:54:05.8348991+08:00 pid=111272 tid=11 left-down x=2514 y=1766 wordForeground=False
2026-09-06T20:54:42.9901205+08:00 pid=111272 tid=11 left-down x=1776 y=1270 wordForeground=False
2026-09-06T20:55:49.0680635+08:00 pid=111272 tid=11 left-down x=1776 y=1270 wordForeground=False
2026-09-06T20:55:55.2795814+08:00 pid=111272 tid=11 left-down x=3287 y=1277 wordForeground=False
2026-09-06T20:57:43.8589694+08:00 pid=111272 tid=11 left-down x=1226 y=1122 wordForeground=True
2026-09-06T20:57:44.1341055+08:00 pid=111272 tid=11 left-down x=1226 y=1122 wordForeground=True
2026-09-06T20:57:44.1341055+08:00 pid=111272 tid=11 double-click elapsedMs=275.042 withinX=True withinY=True nativeOleTarget=False suppressSecondDown=False dispatchCallback=True
2026-09-06T20:57:44.2401031+08:00 pid=111272 tid=10 callback-begin interceptedNativeOle=False x=1226 y=1122
2026-09-06T20:57:44.2401031+08:00 pid=111272 tid=10 addin-callback-received interceptedNativeOle=False x=1226 y=1122
2026-09-06T20:57:44.2401031+08:00 pid=111272 tid=10 callback-end
2026-09-06T20:57:44.2411031+08:00 pid=111272 tid=1 addin-coordinate-selection formulaId=<null> objectMode=<null>
2026-09-06T20:57:48.6603079+08:00 pid=111272 tid=11 left-down x=1967 y=958 wordForeground=True
2026-09-06T20:57:49.7680685+08:00 pid=111272 tid=11 left-down x=3220 y=1476 wordForeground=True
2026-09-06T20:57:52.1684804+08:00 pid=111272 tid=11 left-down x=2352 y=1621 wordForeground=False
2026-09-06T20:57:52.9213694+08:00 pid=111272 tid=11 left-down x=2325 y=1549 wordForeground=False
2026-09-06T20:57:57.2509129+08:00 pid=111272 tid=11 left-down x=3532 y=950 wordForeground=False
2026-09-06T20:58:49.9520369+08:00 pid=111272 tid=11 left-down x=1776 y=1270 wordForeground=False
2026-09-06T20:59:56.6589822+08:00 pid=111272 tid=11 left-down x=3419 y=1293 wordForeground=True
2026-09-06T20:59:58.3690027+08:00 pid=111272 tid=11 left-down x=1526 y=1265 wordForeground=False
2026-09-06T20:59:59.2287453+08:00 pid=111272 tid=11 left-down x=1951 y=1100 wordForeground=True
2026-09-06T21:00:00.9396814+08:00 pid=111272 tid=11 left-down x=1967 y=1302 wordForeground=True
2026-09-06T21:02:26.3950327+08:00 pid=111272 tid=11 left-down x=3305 y=1428 wordForeground=True
2026-09-06T21:02:28.4667130+08:00 pid=111272 tid=11 left-down x=2391 y=1613 wordForeground=False
2026-09-06T21:02:29.2830489+08:00 pid=111272 tid=11 left-down x=2345 y=1578 wordForeground=False
2026-09-06T21:02:31.6381977+08:00 pid=111272 tid=11 left-down x=3555 y=953 wordForeground=False
2026-09-06T21:02:49.2496090+08:00 pid=111272 tid=11 left-down x=1226 y=1122 wordForeground=True
2026-09-06T21:02:49.5230072+08:00 pid=111272 tid=11 left-down x=1226 y=1122 wordForeground=True
2026-09-06T21:02:49.5240079+08:00 pid=111272 tid=11 double-click elapsedMs=274.094 withinX=True withinY=True nativeOleTarget=False suppressSecondDown=False dispatchCallback=True
2026-09-06T21:02:49.6219885+08:00 pid=111272 tid=25 callback-begin interceptedNativeOle=False x=1226 y=1122
2026-09-06T21:02:49.6219885+08:00 pid=111272 tid=25 addin-callback-received interceptedNativeOle=False x=1226 y=1122
2026-09-06T21:02:49.6219885+08:00 pid=111272 tid=25 callback-end
2026-09-06T21:02:49.6219885+08:00 pid=111272 tid=1 addin-coordinate-selection formulaId=<null> objectMode=<null>
2026-09-06T21:04:01.2593611+08:00 pid=111272 tid=11 left-down x=1862 y=913 wordForeground=True
2026-09-06T21:04:02.7971040+08:00 pid=111272 tid=11 left-down x=3251 y=1257 wordForeground=True
2026-09-06T21:04:05.0029864+08:00 pid=111272 tid=11 left-down x=2360 y=1624 wordForeground=False
2026-09-06T21:04:05.7615956+08:00 pid=111272 tid=11 left-down x=2229 y=1506 wordForeground=False
2026-09-06T21:04:06.6998658+08:00 pid=111272 tid=11 left-down x=2296 y=1541 wordForeground=False
2026-09-06T21:04:10.0544430+08:00 pid=111272 tid=11 left-down x=3548 y=938 wordForeground=False
2026-09-06T21:04:11.6668399+08:00 pid=111272 tid=11 left-down x=1498 y=1085 wordForeground=False
2026-09-06T21:04:22.7745439+08:00 pid=111272 tid=11 left-down x=3288 y=1228 wordForeground=True
2026-09-06T21:04:36.5324253+08:00 pid=111272 tid=11 left-down x=1226 y=1122 wordForeground=True
2026-09-06T21:04:36.8360143+08:00 pid=111272 tid=11 left-down x=1226 y=1122 wordForeground=True
2026-09-06T21:04:36.8360143+08:00 pid=111272 tid=11 double-click elapsedMs=303.454 withinX=True withinY=True nativeOleTarget=False suppressSecondDown=False dispatchCallback=True
2026-09-06T21:04:36.9420130+08:00 pid=111272 tid=24 callback-begin interceptedNativeOle=False x=1226 y=1122
2026-09-06T21:04:36.9420130+08:00 pid=111272 tid=24 addin-callback-received interceptedNativeOle=False x=1226 y=1122
2026-09-06T21:04:36.9420130+08:00 pid=111272 tid=24 callback-end
2026-09-06T21:04:36.9430136+08:00 pid=111272 tid=1 addin-coordinate-selection formulaId=<null> objectMode=<null>
2026-09-06T21:05:55.2777858+08:00 pid=111272 tid=11 left-down x=3213 y=1319 wordForeground=True
2026-09-06T21:06:00.7042090+08:00 pid=111272 tid=11 left-down x=1423 y=1125 wordForeground=False
2026-09-06T21:07:41.1494589+08:00 pid=111272 tid=11 left-down x=1872 y=722 wordForeground=True
2026-09-06T21:08:01.9050201+08:00 pid=111272 tid=11 left-down x=2058 y=1197 wordForeground=True
2026-09-06T21:09:13.6299356+08:00 pid=111272 tid=11 left-down x=3259 y=1259 wordForeground=True
2026-09-06T21:09:21.6690138+08:00 pid=111272 tid=11 left-down x=1555 y=1220 wordForeground=False
2026-09-06T21:09:24.3648694+08:00 pid=111272 tid=11 left-down x=1640 y=1276 wordForeground=True
2026-09-06T21:10:06.0128407+08:00 pid=111272 tid=11 left-down x=913 y=194 wordForeground=True
2026-09-06T21:10:24.8823612+08:00 pid=111272 tid=11 left-down x=1099 y=668 wordForeground=True
2026-09-06T21:10:39.3797158+08:00 pid=111272 tid=11 left-down x=1382 y=1120 wordForeground=False
2026-09-06T21:10:42.6767910+08:00 pid=111272 tid=11 left-down x=2492 y=460 wordForeground=False
2026-09-06T21:11:33.5612696+08:00 pid=111272 tid=11 left-down x=1776 y=1270 wordForeground=False
2026-09-06T21:11:46.5774534+08:00 pid=111272 tid=11 left-down x=1099 y=716 wordForeground=True
2026-09-06T21:11:54.8057809+08:00 pid=111272 tid=11 left-down x=913 y=366 wordForeground=True
2026-09-06T21:13:04.2265723+08:00 pid=111272 tid=11 left-down x=3360 y=1425 wordForeground=True
2026-09-06T21:13:12.2265535+08:00 pid=111272 tid=11 left-down x=1336 y=1201 wordForeground=False
2026-09-06T21:13:16.5701477+08:00 pid=111272 tid=11 left-down x=1060 y=1037 wordForeground=True
2026-09-06T21:13:18.3425853+08:00 pid=111272 tid=11 left-down x=1147 y=1380 wordForeground=True
2026-09-06T21:14:16.8263490+08:00 pid=111272 tid=11 left-down x=1776 y=1270 wordForeground=False
2026-09-06T21:14:25.7857401+08:00 pid=111272 tid=11 left-down x=913 y=194 wordForeground=True
2026-09-06T21:14:39.2306754+08:00 pid=111272 tid=11 left-down x=913 y=366 wordForeground=True
2026-09-06T21:15:34.9292325+08:00 pid=111272 tid=11 left-down x=1776 y=1270 wordForeground=False
2026-09-06T21:20:43.9048505+08:00 pid=111272 tid=11 left-down x=257 y=681 wordForeground=True
2026-09-06T21:20:44.2156403+08:00 pid=111272 tid=11 left-down x=257 y=681 wordForeground=True
2026-09-06T21:20:44.2156403+08:00 pid=111272 tid=11 double-click elapsedMs=310.392 withinX=True withinY=True nativeOleTarget=False suppressSecondDown=False dispatchCallback=True
2026-09-06T21:20:44.3142637+08:00 pid=111272 tid=24 callback-begin interceptedNativeOle=False x=257 y=681
2026-09-06T21:20:44.3145207+08:00 pid=111272 tid=24 addin-callback-received interceptedNativeOle=False x=257 y=681
2026-09-06T21:20:44.3145207+08:00 pid=111272 tid=24 callback-end
2026-09-06T21:20:44.3152707+08:00 pid=111272 tid=1 addin-coordinate-selection formulaId=<null> objectMode=<null>
2026-09-06T21:22:57.0763212+08:00 pid=111272 tid=11 left-down x=1872 y=722 wordForeground=True
2026-09-06T21:23:05.6269349+08:00 pid=111272 tid=11 left-down x=1382 y=1120 wordForeground=False
2026-09-06T21:23:08.8051399+08:00 pid=111272 tid=11 left-down x=2492 y=460 wordForeground=False
2026-09-06T21:23:25.3954059+08:00 pid=111272 tid=11 left-down x=3244 y=1386 wordForeground=True
2026-09-06T21:23:39.7394351+08:00 pid=111272 tid=11 left-down x=1500 y=747 wordForeground=False
2026-09-06T21:24:17.1025144+08:00 pid=111272 tid=11 left-down x=1776 y=1270 wordForeground=False
2026-09-06T21:24:29.6677496+08:00 pid=111272 tid=11 left-down x=2058 y=1221 wordForeground=True
2026-09-06T21:24:37.7533113+08:00 pid=111272 tid=11 left-down x=1872 y=894 wordForeground=True
2026-09-06T21:25:47.0833657+08:00 pid=111272 tid=11 left-down x=3420 y=1159 wordForeground=True
2026-09-06T21:28:18.0858872+08:00 pid=111272 tid=11 left-down x=3020 y=1882 wordForeground=False
2026-09-06T21:28:41.0840179+08:00 pid=111272 tid=11 left-down x=2447 y=1622 wordForeground=False
2026-09-06T21:28:41.8755026+08:00 pid=111272 tid=11 left-down x=2351 y=1574 wordForeground=False
2026-09-06T21:28:48.5455660+08:00 pid=111272 tid=11 left-down x=3554 y=941 wordForeground=False
2026-09-06T21:29:06.6272800+08:00 pid=111272 tid=11 left-down x=2759 y=1917 wordForeground=False
2026-09-06T21:30:05.1341854+08:00 pid=111272 tid=11 left-down x=1776 y=1270 wordForeground=False
2026-09-06T21:30:14.2689270+08:00 pid=111272 tid=11 left-down x=1872 y=722 wordForeground=True
2026-09-06T21:30:27.2713061+08:00 pid=111272 tid=11 left-down x=1872 y=894 wordForeground=True
2026-09-06T21:30:58.5211819+08:00 pid=111272 tid=11 left-down x=3287 y=1354 wordForeground=True
2026-09-06T21:31:04.6054753+08:00 pid=111272 tid=11 left-down x=3193 y=1291 wordForeground=True
2026-09-06T21:31:11.9698682+08:00 pid=111272 tid=11 left-down x=3312 y=1360 wordForeground=True
2026-09-06T21:31:18.2293669+08:00 pid=111272 tid=11 left-down x=1776 y=1270 wordForeground=False
2026-09-06T21:31:32.9814761+08:00 pid=111272 tid=11 left-down x=3455 y=1476 wordForeground=True
2026-09-06T21:32:02.0641782+08:00 pid=111272 tid=11 left-down x=1925 y=1563 wordForeground=True
2026-09-06T21:32:03.2151574+08:00 pid=111272 tid=11 left-down x=3428 y=1458 wordForeground=True
2026-09-06T21:32:31.3735574+08:00 pid=111272 tid=11 left-down x=3294 y=1512 wordForeground=True
2026-09-06T21:34:48.6240945+08:00 pid=111272 tid=11 left-down x=3228 y=1368 wordForeground=True
2026-09-06T21:34:54.4874887+08:00 pid=111272 tid=11 left-down x=3061 y=1317 wordForeground=False
2026-09-06T21:35:04.4032180+08:00 pid=111272 tid=11 left-down x=2884 y=1710 wordForeground=False
2026-09-06T21:35:12.7267872+08:00 pid=111272 tid=11 left-down x=2818 y=1889 wordForeground=False
2026-09-06T21:35:23.1190937+08:00 pid=111272 tid=11 left-down x=2446 y=1904 wordForeground=False
2026-09-06T21:35:44.2068805+08:00 pid=111272 tid=11 left-down x=1750 y=2017 wordForeground=False
2026-09-06T21:35:47.7620754+08:00 pid=111272 tid=11 left-down x=2311 y=1771 wordForeground=False
2026-09-06T21:36:02.5174181+08:00 pid=111272 tid=11 left-down x=1216 y=1122 wordForeground=True
2026-09-06T21:36:02.8726516+08:00 pid=111272 tid=11 left-down x=1216 y=1122 wordForeground=True
2026-09-06T21:36:02.8736519+08:00 pid=111272 tid=11 double-click elapsedMs=356.009 withinX=True withinY=True nativeOleTarget=False suppressSecondDown=False dispatchCallback=True
2026-09-06T21:36:02.9696309+08:00 pid=111272 tid=25 callback-begin interceptedNativeOle=False x=1216 y=1122
2026-09-06T21:36:02.9696309+08:00 pid=111272 tid=25 addin-callback-received interceptedNativeOle=False x=1216 y=1122
2026-09-06T21:36:02.9696309+08:00 pid=111272 tid=25 callback-end
2026-09-06T21:36:02.9706312+08:00 pid=111272 tid=1 addin-coordinate-selection formulaId=<null> objectMode=<null>
2026-09-06T21:37:19.5013819+08:00 pid=111272 tid=11 left-down x=3336 y=1372 wordForeground=True
2026-09-06T21:37:25.9802991+08:00 pid=111272 tid=11 left-down x=2405 y=1625 wordForeground=False
2026-09-06T21:37:27.3730462+08:00 pid=111272 tid=11 left-down x=2310 y=1561 wordForeground=False
2026-09-06T21:37:29.7561835+08:00 pid=111272 tid=11 left-down x=3539 y=957 wordForeground=False
2026-09-06T21:37:31.6914078+08:00 pid=111272 tid=11 left-down x=2655 y=1907 wordForeground=False
2026-09-06T21:37:48.1508184+08:00 pid=111272 tid=11 left-down x=1382 y=1120 wordForeground=False
2026-09-06T21:37:51.4519572+08:00 pid=111272 tid=11 left-down x=2492 y=460 wordForeground=False
2026-09-06T21:38:18.4740864+08:00 pid=111272 tid=11 left-down x=1255 y=1032 wordForeground=True
2026-09-06T21:38:24.8555780+08:00 pid=111272 tid=11 left-down x=2693 y=1663 wordForeground=True
2026-09-06T21:38:26.3281540+08:00 pid=111272 tid=11 left-down x=3239 y=1682 wordForeground=False
2026-09-06T21:38:28.4238765+08:00 pid=111272 tid=11 left-down x=3146 y=1684 wordForeground=False
2026-09-06T21:38:45.5590069+08:00 pid=111272 tid=11 left-down x=1151 y=2140 wordForeground=False
2026-09-06T21:39:11.8320437+08:00 pid=111272 tid=11 left-down x=3303 y=1566 wordForeground=False
2026-09-06T21:39:17.6483540+08:00 pid=111272 tid=11 left-down x=3268 y=1483 wordForeground=False
2026-09-06T21:39:20.6724043+08:00 pid=111272 tid=11 left-down x=2801 y=1901 wordForeground=False
2026-09-06T21:39:32.0820851+08:00 pid=111272 tid=11 left-down x=2801 y=1901 wordForeground=True
2026-09-06T21:41:54.4337566+08:00 pid=111272 tid=11 left-down x=1872 y=722 wordForeground=True
2026-09-06T21:42:55.1145116+08:00 pid=111272 tid=11 left-down x=1332 y=734 wordForeground=True
2026-09-06T21:42:56.8400062+08:00 pid=111272 tid=11 left-down x=3277 y=1290 wordForeground=True
2026-09-06T21:44:10.2136039+08:00 pid=111272 tid=11 left-down x=1445 y=832 wordForeground=True
2026-09-06T21:44:10.5806014+08:00 pid=111272 tid=11 left-down x=1445 y=832 wordForeground=True
2026-09-06T21:44:10.5816006+08:00 pid=111272 tid=11 double-click elapsedMs=367.453 withinX=True withinY=True nativeOleTarget=False suppressSecondDown=False dispatchCallback=True
2026-09-06T21:44:10.6846005+08:00 pid=111272 tid=10 callback-begin interceptedNativeOle=False x=1445 y=832
2026-09-06T21:44:10.6846005+08:00 pid=111272 tid=10 addin-callback-received interceptedNativeOle=False x=1445 y=832
2026-09-06T21:44:10.6846005+08:00 pid=111272 tid=10 callback-end
2026-09-06T21:44:10.6856031+08:00 pid=111272 tid=1 addin-coordinate-selection formulaId=<null> objectMode=<null>
2026-09-06T21:44:12.3909653+08:00 pid=111272 tid=11 left-down x=3812 y=9 wordForeground=False
2026-09-06T21:44:14.6216134+08:00 pid=111272 tid=11 left-down x=1517 y=985 wordForeground=True
2026-09-06T21:44:43.1827446+08:00 pid=111272 tid=11 left-down x=1820 y=1993 wordForeground=True
2026-09-06T21:44:45.1036122+08:00 pid=111272 tid=11 left-down x=2265 y=1773 wordForeground=False
2026-09-06T21:45:35.2022361+08:00 pid=111272 tid=11 left-down x=1897 y=1997 wordForeground=False
2026-09-06T21:45:36.7292322+08:00 pid=111272 tid=11 left-down x=2373 y=1907 wordForeground=False
2026-09-06T21:45:37.8170211+08:00 pid=111272 tid=11 left-down x=2372 y=1627 wordForeground=False
2026-09-06T21:45:38.9322046+08:00 pid=111272 tid=11 left-down x=2305 y=1600 wordForeground=False
2026-09-06T21:45:41.4244735+08:00 pid=111272 tid=11 left-down x=3535 y=976 wordForeground=False
2026-09-06T21:45:42.9294314+08:00 pid=111272 tid=11 left-down x=2685 y=1869 wordForeground=False
2026-09-06T21:46:38.1081979+08:00 pid=111272 tid=11 left-down x=1982 y=2015 wordForeground=False
2026-09-06T21:46:45.3817064+08:00 pid=111272 tid=11 left-down x=852 y=2147 wordForeground=False
2026-09-06T21:46:48.8503396+08:00 pid=111272 tid=11 left-down x=2927 y=1203 wordForeground=False
2026-09-06T21:47:00.6225040+08:00 pid=111272 tid=11 left-down x=1718 y=624 wordForeground=False
2026-09-06T21:47:02.7672205+08:00 pid=111272 tid=11 left-down x=2217 y=1462 wordForeground=False
2026-09-06T21:47:32.2117393+08:00 pid=111272 tid=11 left-down x=1235 y=828 wordForeground=True
2026-09-06T21:47:40.2951451+08:00 pid=111272 tid=11 left-down x=1049 y=502 wordForeground=True
2026-09-06T21:47:45.7328573+08:00 pid=111272 tid=11 left-down x=403 y=1089 wordForeground=True
2026-09-06T21:47:46.1175374+08:00 pid=111272 tid=11 left-down x=403 y=1089 wordForeground=True
2026-09-06T21:47:46.1175374+08:00 pid=111272 tid=11 double-click elapsedMs=384.203 withinX=True withinY=True nativeOleTarget=False suppressSecondDown=False dispatchCallback=True
2026-09-06T21:47:46.2165459+08:00 pid=111272 tid=30 callback-begin interceptedNativeOle=False x=403 y=1089
2026-09-06T21:47:46.2165459+08:00 pid=111272 tid=30 addin-callback-received interceptedNativeOle=False x=403 y=1089
2026-09-06T21:47:46.2175489+08:00 pid=111272 tid=30 callback-end
2026-09-06T21:47:46.2185462+08:00 pid=111272 tid=1 addin-coordinate-selection formulaId=<null> objectMode=<null>
2026-09-06T21:47:56.5241735+08:00 pid=111272 tid=11 left-down x=584 y=1013 wordForeground=True
2026-09-06T21:48:00.8546266+08:00 pid=111272 tid=11 left-down x=2608 y=1634 wordForeground=True
2026-09-06T21:48:24.5084751+08:00 pid=111272 tid=11 left-down x=1927 y=1995 wordForeground=False
2026-09-06T21:48:26.9440731+08:00 pid=111272 tid=11 left-down x=2318 y=1897 wordForeground=False
2026-09-06T21:57:13.7656289+08:00 pid=111272 tid=11 left-down x=1938 y=2024 wordForeground=False
2026-09-06T21:57:15.3771444+08:00 pid=111272 tid=11 left-down x=2338 y=1891 wordForeground=False
2026-09-06T21:59:58.9754427+08:00 pid=111272 tid=11 left-down x=2320 y=1675 wordForeground=False
2026-09-06T22:00:03.0578032+08:00 pid=111272 tid=11 left-down x=686 y=2131 wordForeground=False
2026-09-06T22:00:05.6840595+08:00 pid=111272 tid=11 left-down x=1008 y=1231 wordForeground=False
2026-09-06T22:00:06.1141700+08:00 pid=111272 tid=11 left-down x=1008 y=1231 wordForeground=False
2026-09-06T22:00:08.4166166+08:00 pid=111272 tid=11 left-down x=2052 y=1288 wordForeground=False
2026-09-06T22:00:09.0873937+08:00 pid=111272 tid=11 left-down x=2052 y=1288 wordForeground=False
2026-09-06T22:00:10.1462550+08:00 pid=111272 tid=11 left-down x=2052 y=1288 wordForeground=False
2026-09-06T22:00:11.3573566+08:00 pid=111272 tid=11 left-down x=2052 y=1288 wordForeground=False
