2026-09-06T03:01:51.0035210+08:00 pid=48952 tid=1 word-addin-loaded pid=48952 assembly=C:\Users\pojian_liao\AppData\Local\VisualTeX\office\remediation-builds\490AC3FA9D37B565F58C911A8A191587D89B423D7B726E108792299A7D3AC116\VisualTeX.WordVsto.dll mvid=1e0a4ee8-4736-4454-92f4-894cdf9db1d3
2026-09-06T03:01:51.3708309+08:00 pid=48952 tid=1 hook-started handle=0x216EB
2026-09-06T03:01:51.5295060+08:00 pid=48952 tid=10 mathtype-native-preview-shared-prewarm-complete
2026-09-06T03:02:49.5973291+08:00 pid=48952 tid=12 left-down x=1190 y=747 wordForeground=False
2026-09-06T03:03:11.8392614+08:00 pid=48952 tid=16 ribbon-session-operation-released sessionId=3fbb01ed-fbcb-4722-ad1d-f74254553a17
2026-09-06T03:03:44.0955942+08:00 pid=48952 tid=12 left-down x=1190 y=747 wordForeground=False
2026-09-06T03:04:06.1434089+08:00 pid=48952 tid=11 ribbon-session-operation-released sessionId=4142a28e-7b37-4dc4-9d20-05f0bb48a716
2026-09-06T03:04:39.2953575+08:00 pid=48952 tid=12 left-down x=1190 y=747 wordForeground=False
2026-09-06T03:05:01.2448581+08:00 pid=48952 tid=26 ribbon-session-operation-released sessionId=2d6ce059-c69c-4b73-aa23-8ceb1f4dbb91
2026-09-06T03:06:00.7816927+08:00 pid=48952 tid=1 format-conversion-start sourceMode=nativeOle targetMode=wordOmml wholeDocument=True
2026-09-06T03:06:00.7916937+08:00 pid=48952 tid=1 format-conversion-plan-perf stage=shape-access source=nativeOle index=1/3 deltaMs=0 totalMs=0
2026-09-06T03:06:00.7986932+08:00 pid=48952 tid=1 format-conversion-plan-perf stage=shape-range source=nativeOle index=1/3 deltaMs=7 totalMs=7
2026-09-06T03:06:00.8136934+08:00 pid=48952 tid=1 format-conversion-plan-perf stage=target-added source=nativeOle index=1/3 deltaMs=14 totalMs=21
2026-09-06T03:06:00.8142126+08:00 pid=48952 tid=1 format-conversion-plan-perf stage=shape-access source=nativeOle index=2/3 deltaMs=0 totalMs=0
2026-09-06T03:06:00.8147211+08:00 pid=48952 tid=1 format-conversion-plan-perf stage=shape-range source=nativeOle index=2/3 deltaMs=0 totalMs=0
2026-09-06T03:06:00.8357990+08:00 pid=48952 tid=1 format-conversion-plan-perf stage=target-added source=nativeOle index=2/3 deltaMs=22 totalMs=22
2026-09-06T03:06:00.8367977+08:00 pid=48952 tid=1 format-conversion-plan-perf stage=shape-access source=nativeOle index=3/3 deltaMs=0 totalMs=0
2026-09-06T03:06:00.8367977+08:00 pid=48952 tid=1 format-conversion-plan-perf stage=shape-range source=nativeOle index=3/3 deltaMs=0 totalMs=0
2026-09-06T03:06:00.8583808+08:00 pid=48952 tid=1 format-conversion-plan-perf stage=target-added source=nativeOle index=3/3 deltaMs=22 totalMs=22
2026-09-06T03:06:00.8593797+08:00 pid=48952 tid=1 format-conversion-plan sourceMode=nativeOle targetMode=wordOmml targets=3
2026-09-06T03:06:15.8372843+08:00 pid=48952 tid=21 format-conversion-render-start sourceMode=nativeOle targetMode=wordOmml sessions=3
2026-09-06T03:06:15.8752845+08:00 pid=48952 tid=26 format-conversion-rendered sourceMode=nativeOle targetMode=wordOmml sessionId=4cbe5687-9fc9-4edd-bc3d-a880adde7505 status=committing
2026-09-06T03:06:15.8762837+08:00 pid=48952 tid=21 format-conversion-rendered sourceMode=nativeOle targetMode=wordOmml sessionId=8a473558-54ea-49a6-8ac3-d67c9b91fd63 status=committing
2026-09-06T03:06:15.8772860+08:00 pid=48952 tid=26 format-conversion-rendered sourceMode=nativeOle targetMode=wordOmml sessionId=41742b68-4c22-4dbc-98aa-2e5a32aeeeed status=committing
2026-09-06T03:06:15.8782861+08:00 pid=48952 tid=26 format-conversion-word-apply-start sourceMode=nativeOle targetMode=wordOmml targets=3
2026-09-06T03:06:15.9845146+08:00 pid=48952 tid=1 format-conversion-batch-rollback-captured targets=3 metadataParts=0
2026-09-06T03:06:16.1182408+08:00 pid=48952 tid=1 format-conversion-runtime assembly=C:\Users\pojian_liao\AppData\Local\VisualTeX\office\remediation-builds\490AC3FA9D37B565F58C911A8A191587D89B423D7B726E108792299A7D3AC116\VisualTeX.WordVsto.dll source=nativeOle target=wordOmml targetIsVisualTeX=False targetIsMathType=False
2026-09-06T03:06:16.4961439+08:00 pid=48952 tid=1 format-conversion-omml-batch-source-created formulas=3 elapsedMs=284
2026-09-06T03:06:16.5331438+08:00 pid=48952 tid=1 format-conversion-reference-counts-fast-path source=nativeOle formulas=3
2026-09-06T03:06:16.5391442+08:00 pid=48952 tid=1 format-conversion-forward-source-bookmarks count=3
2026-09-06T03:06:16.5401438+08:00 pid=48952 tid=1 format-conversion-forward-source-live formulaId=bc7aa236-a53a-4c3e-8a69-597d60a2364d range=1:35
2026-09-06T03:06:16.5471437+08:00 pid=48952 tid=1 format-conversion-perf stage=rollback-snapshot formulaId=bc7aa236-a53a-4c3e-8a69-597d60a2364d numbered=True deltaMs=7 totalMs=7
2026-09-06T03:06:16.5875012+08:00 pid=48952 tid=1 format-conversion-perf stage=delete-source-host formulaId=bc7aa236-a53a-4c3e-8a69-597d60a2364d numbered=True deltaMs=40 totalMs=47
2026-09-06T03:06:16.5885013+08:00 pid=48952 tid=1 format-conversion-forward-source-check stage=delete-source formulaId=bc7aa236-a53a-4c3e-8a69-597d60a2364d bookmarkMissing=True present=False
2026-09-06T03:06:16.6115022+08:00 pid=48952 tid=1 format-conversion-subperf [perf] InsertOmml.insert-native-omml: +12ms (12ms total)
2026-09-06T03:06:16.6411835+08:00 pid=48952 tid=1 format-conversion-subperf [perf] InsertOmml.post-reconcile-layout: +30ms (42ms total)
2026-09-06T03:06:16.6411835+08:00 pid=48952 tid=1 format-conversion-subperf [perf] InsertOmml.final-fingerprint: +0ms (42ms total)
2026-09-06T03:06:16.6421848+08:00 pid=48952 tid=1 format-conversion-subperf [perf] InsertOmml.final-anchor: +1ms (43ms total)
2026-09-06T03:06:16.6511827+08:00 pid=48952 tid=1 format-conversion-subperf [perf] InsertOmml.final-metadata: +9ms (52ms total)
2026-09-06T03:06:16.6511827+08:00 pid=48952 tid=1 format-conversion-perf stage=insert-target formulaId=bc7aa236-a53a-4c3e-8a69-597d60a2364d numbered=True deltaMs=64 totalMs=111
2026-09-06T03:06:16.6521824+08:00 pid=48952 tid=1 format-conversion-forward-source-check stage=insert-target formulaId=bc7aa236-a53a-4c3e-8a69-597d60a2364d bookmarkMissing=True present=False
2026-09-06T03:06:16.6887575+08:00 pid=48952 tid=1 format-conversion-target-stable formulaId=bc7aa236-a53a-4c3e-8a69-597d60a2364d targetMode=wordOmml count=1 elapsedMs=36
2026-09-06T03:06:16.6887575+08:00 pid=48952 tid=1 format-conversion-forward-source-check stage=post-transaction formulaId=bc7aa236-a53a-4c3e-8a69-597d60a2364d bookmarkMissing=True present=False
2026-09-06T03:06:16.6897576+08:00 pid=48952 tid=1 format-conversion-perf stage=verify-target formulaId=bc7aa236-a53a-4c3e-8a69-597d60a2364d numbered=True deltaMs=38 totalMs=149
2026-09-06T03:06:16.6897576+08:00 pid=48952 tid=1 format-conversion-forward-source-live formulaId=f783313c-5ca7-49c6-a63c-16c5722a2e03 range=23:57
2026-09-06T03:06:16.7027591+08:00 pid=48952 tid=1 format-conversion-perf stage=rollback-snapshot formulaId=f783313c-5ca7-49c6-a63c-16c5722a2e03 numbered=True deltaMs=12 totalMs=12
2026-09-06T03:06:16.8072871+08:00 pid=48952 tid=1 format-conversion-perf stage=delete-source-host formulaId=f783313c-5ca7-49c6-a63c-16c5722a2e03 numbered=True deltaMs=105 totalMs=117
2026-09-06T03:06:16.8082898+08:00 pid=48952 tid=1 format-conversion-forward-source-check stage=delete-source formulaId=f783313c-5ca7-49c6-a63c-16c5722a2e03 bookmarkMissing=True present=False
2026-09-06T03:06:16.8182881+08:00 pid=48952 tid=1 format-conversion-subperf [perf] InsertOmml.insert-native-omml: +9ms (9ms total)
2026-09-06T03:06:16.8412956+08:00 pid=48952 tid=1 format-conversion-subperf [perf] InsertOmml.post-reconcile-layout: +23ms (32ms total)
2026-09-06T03:06:16.8412956+08:00 pid=48952 tid=1 format-conversion-subperf [perf] InsertOmml.final-fingerprint: +0ms (32ms total)
2026-09-06T03:06:16.8412956+08:00 pid=48952 tid=1 format-conversion-subperf [perf] InsertOmml.final-anchor: +1ms (33ms total)
2026-09-06T03:06:16.8422989+08:00 pid=48952 tid=1 format-conversion-subperf [perf] InsertOmml.final-metadata: +1ms (34ms total)
2026-09-06T03:06:16.8432987+08:00 pid=48952 tid=1 format-conversion-perf stage=insert-target formulaId=f783313c-5ca7-49c6-a63c-16c5722a2e03 numbered=True deltaMs=36 totalMs=153
2026-09-06T03:06:16.8432987+08:00 pid=48952 tid=1 format-conversion-forward-source-check stage=insert-target formulaId=f783313c-5ca7-49c6-a63c-16c5722a2e03 bookmarkMissing=True present=False
2026-09-06T03:06:16.8782978+08:00 pid=48952 tid=1 format-conversion-target-stable formulaId=f783313c-5ca7-49c6-a63c-16c5722a2e03 targetMode=wordOmml count=2 elapsedMs=34
2026-09-06T03:06:16.8782978+08:00 pid=48952 tid=1 format-conversion-forward-source-check stage=post-transaction formulaId=f783313c-5ca7-49c6-a63c-16c5722a2e03 bookmarkMissing=True present=False
2026-09-06T03:06:16.8782978+08:00 pid=48952 tid=1 format-conversion-perf stage=verify-target formulaId=f783313c-5ca7-49c6-a63c-16c5722a2e03 numbered=True deltaMs=35 totalMs=188
2026-09-06T03:06:16.8792987+08:00 pid=48952 tid=1 format-conversion-forward-source-live formulaId=c944a59e-7567-49b1-a272-925ee4913189 range=36:70
2026-09-06T03:06:16.8949014+08:00 pid=48952 tid=1 format-conversion-perf stage=rollback-snapshot formulaId=c944a59e-7567-49b1-a272-925ee4913189 numbered=True deltaMs=15 totalMs=15
2026-09-06T03:06:16.9804810+08:00 pid=48952 tid=1 format-conversion-perf stage=delete-source-host formulaId=c944a59e-7567-49b1-a272-925ee4913189 numbered=True deltaMs=86 totalMs=101
2026-09-06T03:06:16.9804810+08:00 pid=48952 tid=1 format-conversion-forward-source-check stage=delete-source formulaId=c944a59e-7567-49b1-a272-925ee4913189 bookmarkMissing=True present=False
2026-09-06T03:06:16.9924816+08:00 pid=48952 tid=1 format-conversion-subperf [perf] InsertOmml.insert-native-omml: +11ms (11ms total)
2026-09-06T03:06:17.0344809+08:00 pid=48952 tid=1 format-conversion-subperf [perf] InsertOmml.post-reconcile-layout: +42ms (53ms total)
2026-09-06T03:06:17.0344809+08:00 pid=48952 tid=1 format-conversion-subperf [perf] InsertOmml.final-fingerprint: +0ms (53ms total)
2026-09-06T03:06:17.0344809+08:00 pid=48952 tid=1 format-conversion-subperf [perf] InsertOmml.final-anchor: +0ms (53ms total)
2026-09-06T03:06:17.0363112+08:00 pid=48952 tid=1 format-conversion-subperf [perf] InsertOmml.final-metadata: +2ms (55ms total)
2026-09-06T03:06:17.0363112+08:00 pid=48952 tid=1 format-conversion-perf stage=insert-target formulaId=c944a59e-7567-49b1-a272-925ee4913189 numbered=True deltaMs=56 totalMs=157
2026-09-06T03:06:17.0363112+08:00 pid=48952 tid=1 format-conversion-forward-source-check stage=insert-target formulaId=c944a59e-7567-49b1-a272-925ee4913189 bookmarkMissing=True present=False
2026-09-06T03:06:17.0661152+08:00 pid=48952 tid=1 format-conversion-target-stable formulaId=c944a59e-7567-49b1-a272-925ee4913189 targetMode=wordOmml count=3 elapsedMs=28
2026-09-06T03:06:17.0661152+08:00 pid=48952 tid=1 format-conversion-forward-source-check stage=post-transaction formulaId=c944a59e-7567-49b1-a272-925ee4913189 bookmarkMissing=True present=False
2026-09-06T03:06:17.0661152+08:00 pid=48952 tid=1 format-conversion-perf stage=verify-target formulaId=c944a59e-7567-49b1-a272-925ee4913189 numbered=True deltaMs=30 totalMs=187
2026-09-06T03:06:17.0671181+08:00 pid=48952 tid=1 format-conversion-finalize-perf stage=source-residual-check sourceMode=nativeOle targetMode=wordOmml deltaMs=0 totalMs=0
2026-09-06T03:06:17.0671181+08:00 pid=48952 tid=1 format-conversion-finalize-perf stage=target-count-check sourceMode=nativeOle targetMode=wordOmml deltaMs=0 totalMs=0
2026-09-06T03:06:17.1142920+08:00 pid=48952 tid=1 format-conversion-omml-provisional-fingerprint-refresh-skipped error=System.IO.InvalidDataException: Word document XML exposed 0/3 converted OMML formulas while finalizing fingerprints. Missing: 9054eed7-e25a-4295-8bb9-7c1296fd08ce, 832f146e-0677-4a81-8a50-68c3a367f196, 5949e9e0-117f-4f34-b303-2b8ae39da886
   在 VisualTeX.WordVsto.WordOmmlNativeSource.RefreshFingerprintsFromDocumentOpenXml(Document document, IReadOnlyCollection`1 formulaIds)
   在 VisualTeX.WordVsto.WordFormulaService.ApplyFormulaFormatConversionPlan(WordFormulaFormatConversionPlan plan, IReadOnlyDictionary`2 prepared)
2026-09-06T03:06:17.1142920+08:00 pid=48952 tid=1 format-conversion-number-format-restored format=heading2-dot
2026-09-06T03:06:19.6377420+08:00 pid=48952 tid=1 format-conversion-numbering-direct-table-complete targetMode=wordOmml built=3 removedBlankParagraphs=5
2026-09-06T03:06:19.6687886+08:00 pid=48952 tid=1 format-conversion-numbering-table-rows-grouped boundaries=2 formulas=3
2026-09-06T03:06:19.6697880+08:00 pid=48952 tid=1 format-conversion-finalize-perf stage=numbering-reconcile sourceMode=nativeOle targetMode=wordOmml deltaMs=2603 totalMs=2603
2026-09-06T03:06:19.7072319+08:00 pid=48952 tid=1 format-conversion-omml-fingerprints-finalized count=3
2026-09-06T03:06:19.7072319+08:00 pid=48952 tid=1 format-conversion-finalize-perf stage=omml-fingerprint-refresh sourceMode=nativeOle targetMode=wordOmml deltaMs=37 totalMs=2640
2026-09-06T03:06:20.0775055+08:00 pid=48952 tid=11 format-conversion-word-apply-finished sourceMode=nativeOle targetMode=wordOmml converted=3 failed=0
2026-09-06T03:06:20.0795079+08:00 pid=48952 tid=11 format-conversion-session-cleanup-start sessions=3
2026-09-06T03:06:20.0833571+08:00 pid=48952 tid=11 format-conversion-complete source=VisualTeX target=OMML converted=3 failed=0
2026-09-06T03:06:20.0843544+08:00 pid=48952 tid=21 format-conversion-session-cleanup-complete sessions=3
2026-09-06T03:07:11.6492429+08:00 pid=48952 tid=12 left-down x=2024 y=1284 wordForeground=True
2026-09-06T03:08:56.6746662+08:00 pid=48952 tid=12 left-down x=2024 y=1187 wordForeground=True
2026-09-06T03:09:42.5241468+08:00 pid=48952 tid=12 left-down x=1476 y=747 wordForeground=False
2026-09-06T03:09:49.8105408+08:00 pid=48952 tid=1 format-conversion-subperf [perf] ReplaceOmml.locate-target: +1ms (1ms total)
2026-09-06T03:09:49.8771158+08:00 pid=48952 tid=1 format-conversion-subperf [perf] ReplaceOmml.source-range-resolve: +66ms (67ms total)
2026-09-06T03:09:49.8901159+08:00 pid=48952 tid=1 format-conversion-subperf [perf] ReplaceOmml.rollback-capture: +14ms (81ms total)
2026-09-06T03:09:49.9737355+08:00 pid=48952 tid=1 format-conversion-subperf [perf] ReplaceOmml.direct-host-health: +83ms (164ms total)
2026-09-06T03:09:49.9747348+08:00 pid=48952 tid=1 format-conversion-subperf [perf] ReplaceOmml.resolve-source: +1ms (165ms total)
2026-09-06T03:09:49.9747348+08:00 pid=48952 tid=1 format-conversion-subperf [perf] ReplaceOmml.insert-native-omml: +0ms (165ms total)
2026-09-06T03:09:49.9967364+08:00 pid=48952 tid=1 format-conversion-subperf [perf] ReplaceOmml.validate-native-omml: +22ms (187ms total)
2026-09-06T03:09:49.9967364+08:00 pid=48952 tid=1 format-conversion-subperf [perf] ReplaceOmml.stamp-fingerprint: +0ms (187ms total)
2026-09-06T03:09:50.0247357+08:00 pid=48952 tid=1 format-conversion-subperf [perf] ReplaceOmml.wrap-formula-anchor: +28ms (215ms total)
2026-09-06T03:09:50.0247357+08:00 pid=48952 tid=1 format-conversion-subperf [perf] ReplaceOmml.protect-source-metadata: +0ms (215ms total)
2026-09-06T03:09:50.1859195+08:00 pid=48952 tid=1 format-conversion-subperf [perf] ReplaceOmml.reconcile: +161ms (376ms total)
2026-09-06T03:09:50.2021856+08:00 pid=48952 tid=1 format-conversion-subperf [perf] ReplaceOmml.final-identity-resolve: +17ms (393ms total)
2026-09-06T03:09:50.2251267+08:00 pid=48952 tid=1 format-conversion-subperf [perf] ReplaceOmml.final-identity-fingerprint: +22ms (415ms total)
2026-09-06T03:09:50.2251267+08:00 pid=48952 tid=1 format-conversion-subperf [perf] ReplaceOmml.final-identity-anchor: +1ms (416ms total)
2026-09-06T03:09:50.2782270+08:00 pid=48952 tid=1 format-conversion-subperf [perf] ReplaceOmml.final-identity-metadata: +52ms (468ms total)
2026-09-06T03:09:50.2782270+08:00 pid=48952 tid=1 format-conversion-subperf [perf] ReplaceOmml.finalize-identity: +1ms (469ms total)
2026-09-06T03:09:50.2782270+08:00 pid=48952 tid=1 format-conversion-subperf [perf] ReplaceOmml.prepare-result: +0ms (469ms total)
2026-09-06T03:09:50.2958180+08:00 pid=48952 tid=1 format-conversion-subperf [perf] ReplaceOmml.restore-view: +17ms (486ms total)
2026-09-06T03:09:50.2968165+08:00 pid=48952 tid=1 format-conversion-subperf [perf] ReplaceOmml.restore-screen-updating: +1ms (487ms total)
2026-09-06T03:09:50.2968165+08:00 pid=48952 tid=1 format-conversion-subperf [perf] ReplaceOmml.end-undo: +0ms (487ms total)
2026-09-06T03:09:50.2968165+08:00 pid=48952 tid=1 format-conversion-subperf [perf] ReplaceOmml.release-rcws: +0ms (487ms total)
2026-09-06T03:09:50.3008163+08:00 pid=48952 tid=20 ribbon-session-operation-released sessionId=ccdb825a-09d3-4ae7-95c8-a69bbf28b892
2026-09-06T03:10:29.9849728+08:00 pid=48952 tid=12 left-down x=1476 y=747 wordForeground=False
2026-09-06T03:10:37.4608636+08:00 pid=48952 tid=1 format-conversion-subperf [perf] ReplaceOmml.locate-target: +2ms (2ms total)
2026-09-06T03:10:37.4758648+08:00 pid=48952 tid=1 format-conversion-subperf [perf] ReplaceOmml.source-range-resolve: +15ms (17ms total)
2026-09-06T03:10:37.4899388+08:00 pid=48952 tid=1 format-conversion-subperf [perf] ReplaceOmml.rollback-capture: +15ms (32ms total)
2026-09-06T03:10:37.5447396+08:00 pid=48952 tid=1 format-conversion-subperf [perf] ReplaceOmml.direct-host-health: +54ms (86ms total)
2026-09-06T03:10:37.5742831+08:00 pid=48952 tid=1 format-conversion-subperf [perf] ReplaceOmml.resolve-source: +30ms (116ms total)
2026-09-06T03:10:37.5752826+08:00 pid=48952 tid=1 format-conversion-subperf [perf] ReplaceOmml.insert-native-omml: +1ms (117ms total)
2026-09-06T03:10:37.5982831+08:00 pid=48952 tid=1 format-conversion-subperf [perf] ReplaceOmml.validate-native-omml: +23ms (140ms total)
2026-09-06T03:10:37.5982831+08:00 pid=48952 tid=1 format-conversion-subperf [perf] ReplaceOmml.stamp-fingerprint: +0ms (140ms total)
2026-09-06T03:10:37.6227433+08:00 pid=48952 tid=1 format-conversion-subperf [perf] ReplaceOmml.wrap-formula-anchor: +24ms (164ms total)
2026-09-06T03:10:37.6237440+08:00 pid=48952 tid=1 format-conversion-subperf [perf] ReplaceOmml.protect-source-metadata: +1ms (165ms total)
2026-09-06T03:10:37.8401838+08:00 pid=48952 tid=1 format-conversion-subperf [perf] ReplaceOmml.reconcile: +217ms (382ms total)
2026-09-06T03:10:37.8734428+08:00 pid=48952 tid=1 format-conversion-subperf [perf] ReplaceOmml.cleanup-numbered-source-spacing: +33ms (415ms total)
2026-09-06T03:10:37.8983676+08:00 pid=48952 tid=1 format-conversion-subperf [perf] ReplaceOmml.final-identity-resolve: +25ms (440ms total)
2026-09-06T03:10:37.8983676+08:00 pid=48952 tid=1 format-conversion-subperf [perf] ReplaceOmml.final-identity-fingerprint: +0ms (440ms total)
2026-09-06T03:10:37.8993662+08:00 pid=48952 tid=1 format-conversion-subperf [perf] ReplaceOmml.final-identity-anchor: +1ms (441ms total)
2026-09-06T03:10:37.9143681+08:00 pid=48952 tid=1 format-conversion-subperf [perf] ReplaceOmml.final-identity-metadata: +15ms (456ms total)
2026-09-06T03:10:37.9153676+08:00 pid=48952 tid=1 format-conversion-subperf [perf] ReplaceOmml.finalize-identity: +1ms (457ms total)
2026-09-06T03:10:37.9153676+08:00 pid=48952 tid=1 format-conversion-subperf [perf] ReplaceOmml.prepare-result: +0ms (457ms total)
2026-09-06T03:10:37.9293676+08:00 pid=48952 tid=1 format-conversion-subperf [perf] ReplaceOmml.restore-view: +14ms (471ms total)
2026-09-06T03:10:37.9303678+08:00 pid=48952 tid=1 format-conversion-subperf [perf] ReplaceOmml.restore-screen-updating: +1ms (472ms total)
2026-09-06T03:10:37.9303678+08:00 pid=48952 tid=1 format-conversion-subperf [perf] ReplaceOmml.end-undo: +0ms (472ms total)
2026-09-06T03:10:37.9313658+08:00 pid=48952 tid=1 format-conversion-subperf [perf] ReplaceOmml.release-rcws: +0ms (472ms total)
2026-09-06T03:10:37.9359945+08:00 pid=48952 tid=17 ribbon-session-operation-released sessionId=43296a28-42dd-405d-8f1b-a30ae4495d6f
2026-09-06T03:12:24.3241262+08:00 pid=48952 tid=1 format-conversion-subperf [perf] ReplaceOmml.locate-target: +0ms (0ms total)
2026-09-06T03:12:24.4000144+08:00 pid=48952 tid=1 format-conversion-subperf [perf] ReplaceOmml.source-range-resolve: +76ms (76ms total)
2026-09-06T03:12:24.4140137+08:00 pid=48952 tid=1 format-conversion-subperf [perf] ReplaceOmml.rollback-capture: +14ms (90ms total)
2026-09-06T03:12:24.5027473+08:00 pid=48952 tid=1 format-conversion-subperf [perf] ReplaceOmml.direct-host-health: +89ms (179ms total)
2026-09-06T03:12:24.5037482+08:00 pid=48952 tid=1 format-conversion-subperf [perf] ReplaceOmml.direct-content-prep: +1ms (180ms total)
2026-09-06T03:12:24.5057475+08:00 pid=48952 tid=1 format-conversion-subperf [perf] ReplaceOmml.resolve-source: +1ms (181ms total)
2026-09-06T03:12:24.5317481+08:00 pid=48952 tid=1 format-conversion-subperf [perf] ReplaceOmml.insert-native-omml: +27ms (208ms total)
2026-09-06T03:12:24.5502286+08:00 pid=48952 tid=1 format-conversion-subperf [perf] ReplaceOmml.validate-native-omml: +18ms (226ms total)
2026-09-06T03:12:24.5919494+08:00 pid=48952 tid=1 format-conversion-subperf [perf] ReplaceOmml.stamp-fingerprint: +42ms (268ms total)
2026-09-06T03:12:24.6179480+08:00 pid=48952 tid=1 format-conversion-subperf [perf] ReplaceOmml.wrap-formula-anchor: +26ms (294ms total)
2026-09-06T03:12:24.6179480+08:00 pid=48952 tid=1 format-conversion-subperf [perf] ReplaceOmml.protect-source-metadata: +0ms (294ms total)
2026-09-06T03:12:24.6179480+08:00 pid=48952 tid=1 format-conversion-subperf [perf] ReplaceOmml.reconcile: +0ms (294ms total)
2026-09-06T03:12:24.6449476+08:00 pid=48952 tid=1 format-conversion-subperf [perf] ReplaceOmml.final-identity-resolve: +27ms (321ms total)
2026-09-06T03:12:24.6449476+08:00 pid=48952 tid=1 format-conversion-subperf [perf] ReplaceOmml.final-identity-fingerprint: +0ms (321ms total)
2026-09-06T03:12:24.6459471+08:00 pid=48952 tid=1 format-conversion-subperf [perf] ReplaceOmml.final-identity-anchor: +1ms (322ms total)
2026-09-06T03:12:24.6479470+08:00 pid=48952 tid=1 format-conversion-subperf [perf] ReplaceOmml.final-identity-metadata: +2ms (324ms total)
2026-09-06T03:12:24.6479470+08:00 pid=48952 tid=1 format-conversion-subperf [perf] ReplaceOmml.finalize-identity: +0ms (324ms total)
2026-09-06T03:12:24.6479470+08:00 pid=48952 tid=1 format-conversion-subperf [perf] ReplaceOmml.prepare-result: +0ms (324ms total)
2026-09-06T03:12:24.6669476+08:00 pid=48952 tid=1 format-conversion-subperf [perf] ReplaceOmml.restore-view: +19ms (343ms total)
2026-09-06T03:12:24.6679473+08:00 pid=48952 tid=1 format-conversion-subperf [perf] ReplaceOmml.restore-screen-updating: +1ms (344ms total)
2026-09-06T03:12:24.6679473+08:00 pid=48952 tid=1 format-conversion-subperf [perf] ReplaceOmml.end-undo: +0ms (344ms total)
2026-09-06T03:12:24.6689986+08:00 pid=48952 tid=1 format-conversion-subperf [perf] ReplaceOmml.release-rcws: +1ms (345ms total)
2026-09-06T03:12:24.6735265+08:00 pid=48952 tid=23 ribbon-session-operation-released sessionId=de279d33-0759-4488-ae11-83e69a47bbc8
2026-09-06T03:13:11.8435399+08:00 pid=48952 tid=1 format-conversion-subperf [perf] ReplaceOmml.locate-target: +4ms (4ms total)
2026-09-06T03:13:11.9292931+08:00 pid=48952 tid=1 format-conversion-subperf [perf] ReplaceOmml.source-range-resolve: +85ms (89ms total)
2026-09-06T03:13:11.9474238+08:00 pid=48952 tid=1 format-conversion-subperf [perf] ReplaceOmml.rollback-capture: +19ms (108ms total)
2026-09-06T03:13:12.0496581+08:00 pid=48952 tid=1 format-conversion-subperf [perf] ReplaceOmml.direct-host-health: +102ms (210ms total)
2026-09-06T03:13:12.0506609+08:00 pid=48952 tid=1 format-conversion-subperf [perf] ReplaceOmml.direct-content-prep: +1ms (211ms total)
2026-09-06T03:13:12.0516608+08:00 pid=48952 tid=1 format-conversion-subperf [perf] ReplaceOmml.resolve-source: +1ms (212ms total)
2026-09-06T03:13:12.0752413+08:00 pid=48952 tid=1 format-conversion-subperf [perf] ReplaceOmml.insert-native-omml: +24ms (236ms total)
2026-09-06T03:13:12.0925288+08:00 pid=48952 tid=1 format-conversion-subperf [perf] ReplaceOmml.validate-native-omml: +17ms (253ms total)
2026-09-06T03:13:12.1266042+08:00 pid=48952 tid=1 format-conversion-subperf [perf] ReplaceOmml.stamp-fingerprint: +34ms (287ms total)
2026-09-06T03:13:12.1466035+08:00 pid=48952 tid=1 format-conversion-subperf [perf] ReplaceOmml.wrap-formula-anchor: +20ms (307ms total)
2026-09-06T03:13:12.1466035+08:00 pid=48952 tid=1 format-conversion-subperf [perf] ReplaceOmml.protect-source-metadata: +0ms (307ms total)
2026-09-06T03:13:12.1474190+08:00 pid=48952 tid=1 format-conversion-subperf [perf] ReplaceOmml.reconcile: +1ms (308ms total)
2026-09-06T03:13:12.1839787+08:00 pid=48952 tid=1 format-conversion-subperf [perf] ReplaceOmml.final-identity-resolve: +36ms (344ms total)
2026-09-06T03:13:12.1839787+08:00 pid=48952 tid=1 format-conversion-subperf [perf] ReplaceOmml.final-identity-fingerprint: +1ms (345ms total)
2026-09-06T03:13:12.1849784+08:00 pid=48952 tid=1 format-conversion-subperf [perf] ReplaceOmml.final-identity-anchor: +0ms (345ms total)
2026-09-06T03:13:12.1869791+08:00 pid=48952 tid=1 format-conversion-subperf [perf] ReplaceOmml.final-identity-metadata: +2ms (347ms total)
2026-09-06T03:13:12.1869791+08:00 pid=48952 tid=1 format-conversion-subperf [perf] ReplaceOmml.finalize-identity: +0ms (347ms total)
2026-09-06T03:13:12.1869791+08:00 pid=48952 tid=1 format-conversion-subperf [perf] ReplaceOmml.prepare-result: +1ms (348ms total)
2026-09-06T03:13:12.2049766+08:00 pid=48952 tid=1 format-conversion-subperf [perf] ReplaceOmml.restore-view: +17ms (365ms total)
2026-09-06T03:13:12.2059790+08:00 pid=48952 tid=1 format-conversion-subperf [perf] ReplaceOmml.restore-screen-updating: +1ms (366ms total)
2026-09-06T03:13:12.2059790+08:00 pid=48952 tid=1 format-conversion-subperf [perf] ReplaceOmml.end-undo: +1ms (367ms total)
2026-09-06T03:13:12.2059790+08:00 pid=48952 tid=1 format-conversion-subperf [perf] ReplaceOmml.release-rcws: +0ms (367ms total)
2026-09-06T03:13:12.2099777+08:00 pid=48952 tid=22 ribbon-session-operation-released sessionId=98b806d6-8d6b-4242-ab76-ff4ead870628
2026-09-06T03:14:00.5342018+08:00 pid=48952 tid=1 format-conversion-subperf [perf] ReplaceOmml.locate-target: +0ms (0ms total)
2026-09-06T03:14:00.6145193+08:00 pid=48952 tid=1 format-conversion-subperf [perf] ReplaceOmml.source-range-resolve: +81ms (81ms total)
2026-09-06T03:14:00.6297984+08:00 pid=48952 tid=1 format-conversion-subperf [perf] ReplaceOmml.rollback-capture: +15ms (96ms total)
2026-09-06T03:14:00.7309056+08:00 pid=48952 tid=1 format-conversion-subperf [perf] ReplaceOmml.direct-host-health: +101ms (197ms total)
2026-09-06T03:14:00.7319061+08:00 pid=48952 tid=1 format-conversion-subperf [perf] ReplaceOmml.direct-content-prep: +1ms (198ms total)
2026-09-06T03:14:00.7329057+08:00 pid=48952 tid=1 format-conversion-subperf [perf] ReplaceOmml.resolve-source: +1ms (199ms total)
2026-09-06T03:14:00.7619043+08:00 pid=48952 tid=1 format-conversion-subperf [perf] ReplaceOmml.insert-native-omml: +29ms (228ms total)
2026-09-06T03:14:00.7819032+08:00 pid=48952 tid=1 format-conversion-subperf [perf] ReplaceOmml.validate-native-omml: +21ms (249ms total)
2026-09-06T03:14:00.8272543+08:00 pid=48952 tid=1 format-conversion-subperf [perf] ReplaceOmml.stamp-fingerprint: +45ms (294ms total)
2026-09-06T03:14:00.8565123+08:00 pid=48952 tid=1 format-conversion-subperf [perf] ReplaceOmml.wrap-formula-anchor: +29ms (323ms total)
2026-09-06T03:14:00.8575121+08:00 pid=48952 tid=1 format-conversion-subperf [perf] ReplaceOmml.protect-source-metadata: +0ms (323ms total)
2026-09-06T03:14:00.8575121+08:00 pid=48952 tid=1 format-conversion-subperf [perf] ReplaceOmml.reconcile: +1ms (324ms total)
2026-09-06T03:14:00.8925123+08:00 pid=48952 tid=1 format-conversion-subperf [perf] ReplaceOmml.final-identity-resolve: +35ms (359ms total)
2026-09-06T03:14:00.8925123+08:00 pid=48952 tid=1 format-conversion-subperf [perf] ReplaceOmml.final-identity-fingerprint: +0ms (359ms total)
2026-09-06T03:14:00.8925123+08:00 pid=48952 tid=1 format-conversion-subperf [perf] ReplaceOmml.final-identity-anchor: +0ms (359ms total)
2026-09-06T03:14:00.8955113+08:00 pid=48952 tid=1 format-conversion-subperf [perf] ReplaceOmml.final-identity-metadata: +2ms (361ms total)
2026-09-06T03:14:00.8955113+08:00 pid=48952 tid=1 format-conversion-subperf [perf] ReplaceOmml.finalize-identity: +1ms (362ms total)
2026-09-06T03:14:00.8955113+08:00 pid=48952 tid=1 format-conversion-subperf [perf] ReplaceOmml.prepare-result: +0ms (362ms total)
2026-09-06T03:14:00.9115114+08:00 pid=48952 tid=1 format-conversion-subperf [perf] ReplaceOmml.restore-view: +16ms (378ms total)
2026-09-06T03:14:00.9115114+08:00 pid=48952 tid=1 format-conversion-subperf [perf] ReplaceOmml.restore-screen-updating: +0ms (378ms total)
2026-09-06T03:14:00.9125116+08:00 pid=48952 tid=1 format-conversion-subperf [perf] ReplaceOmml.end-undo: +0ms (378ms total)
2026-09-06T03:14:00.9125116+08:00 pid=48952 tid=1 format-conversion-subperf [perf] ReplaceOmml.release-rcws: +1ms (379ms total)
2026-09-06T03:14:00.9155115+08:00 pid=48952 tid=24 ribbon-session-operation-released sessionId=4013832c-1e79-4b66-9472-a961c2526f81
2026-09-06T03:14:48.3490107+08:00 pid=48952 tid=1 format-conversion-subperf [perf] ReplaceOmml.locate-target: +0ms (0ms total)
2026-09-06T03:14:48.4340117+08:00 pid=48952 tid=1 format-conversion-subperf [perf] ReplaceOmml.source-range-resolve: +85ms (85ms total)
2026-09-06T03:14:48.4520129+08:00 pid=48952 tid=1 format-conversion-subperf [perf] ReplaceOmml.rollback-capture: +18ms (103ms total)
2026-09-06T03:14:48.5491462+08:00 pid=48952 tid=1 format-conversion-subperf [perf] ReplaceOmml.direct-host-health: +97ms (200ms total)
2026-09-06T03:14:48.5501491+08:00 pid=48952 tid=1 format-conversion-subperf [perf] ReplaceOmml.direct-content-prep: +1ms (201ms total)
2026-09-06T03:14:48.5511456+08:00 pid=48952 tid=1 format-conversion-subperf [perf] ReplaceOmml.resolve-source: +1ms (202ms total)
2026-09-06T03:14:48.5776308+08:00 pid=48952 tid=1 format-conversion-subperf [perf] ReplaceOmml.insert-native-omml: +27ms (229ms total)
2026-09-06T03:14:48.5946325+08:00 pid=48952 tid=1 format-conversion-subperf [perf] ReplaceOmml.validate-native-omml: +16ms (245ms total)
2026-09-06T03:14:48.6356314+08:00 pid=48952 tid=1 format-conversion-subperf [perf] ReplaceOmml.stamp-fingerprint: +41ms (286ms total)
2026-09-06T03:14:48.6416323+08:00 pid=48952 tid=1 format-conversion-subperf [perf] ReplaceOmml.wrap-formula-anchor: +6ms (292ms total)
2026-09-06T03:14:48.6416323+08:00 pid=48952 tid=1 format-conversion-subperf [perf] ReplaceOmml.protect-source-metadata: +1ms (293ms total)
2026-09-06T03:14:48.6416323+08:00 pid=48952 tid=1 format-conversion-subperf [perf] ReplaceOmml.reconcile: +0ms (293ms total)
2026-09-06T03:14:48.6838186+08:00 pid=48952 tid=1 format-conversion-subperf [perf] ReplaceOmml.final-identity-resolve: +41ms (334ms total)
2026-09-06T03:14:48.6838186+08:00 pid=48952 tid=1 format-conversion-subperf [perf] ReplaceOmml.final-identity-fingerprint: +1ms (335ms total)
2026-09-06T03:14:48.6838186+08:00 pid=48952 tid=1 format-conversion-subperf [perf] ReplaceOmml.final-identity-anchor: +0ms (335ms total)
2026-09-06T03:14:48.6868188+08:00 pid=48952 tid=1 format-conversion-subperf [perf] ReplaceOmml.final-identity-metadata: +2ms (337ms total)
2026-09-06T03:14:48.6868188+08:00 pid=48952 tid=1 format-conversion-subperf [perf] ReplaceOmml.finalize-identity: +1ms (338ms total)
2026-09-06T03:14:48.6868188+08:00 pid=48952 tid=1 format-conversion-subperf [perf] ReplaceOmml.prepare-result: +0ms (338ms total)
2026-09-06T03:14:48.7074084+08:00 pid=48952 tid=1 format-conversion-subperf [perf] ReplaceOmml.restore-view: +20ms (358ms total)
2026-09-06T03:14:48.7074084+08:00 pid=48952 tid=1 format-conversion-subperf [perf] ReplaceOmml.restore-screen-updating: +1ms (359ms total)
2026-09-06T03:14:48.7084086+08:00 pid=48952 tid=1 format-conversion-subperf [perf] ReplaceOmml.end-undo: +0ms (359ms total)
2026-09-06T03:14:48.7084086+08:00 pid=48952 tid=1 format-conversion-subperf [perf] ReplaceOmml.release-rcws: +0ms (359ms total)
2026-09-06T03:14:48.7114099+08:00 pid=48952 tid=15 ribbon-session-operation-released sessionId=269a18a9-607c-4827-8547-9bfce3232027
2026-09-06T03:15:36.7531871+08:00 pid=48952 tid=1 format-conversion-subperf [perf] ReplaceOmml.locate-target: +1ms (1ms total)
2026-09-06T03:15:36.8343213+08:00 pid=48952 tid=1 format-conversion-subperf [perf] ReplaceOmml.source-range-resolve: +81ms (82ms total)
2026-09-06T03:15:36.8517912+08:00 pid=48952 tid=1 format-conversion-subperf [perf] ReplaceOmml.rollback-capture: +17ms (99ms total)
2026-09-06T03:15:36.9504576+08:00 pid=48952 tid=1 format-conversion-subperf [perf] ReplaceOmml.direct-host-health: +99ms (198ms total)
2026-09-06T03:15:36.9524569+08:00 pid=48952 tid=1 format-conversion-subperf [perf] ReplaceOmml.direct-content-prep: +2ms (200ms total)
2026-09-06T03:15:36.9524569+08:00 pid=48952 tid=1 format-conversion-subperf [perf] ReplaceOmml.resolve-source: +1ms (201ms total)
2026-09-06T03:15:36.9793123+08:00 pid=48952 tid=1 format-conversion-subperf [perf] ReplaceOmml.insert-native-omml: +26ms (227ms total)
2026-09-06T03:15:36.9973115+08:00 pid=48952 tid=1 format-conversion-subperf [perf] ReplaceOmml.validate-native-omml: +18ms (245ms total)
2026-09-06T03:15:37.0362347+08:00 pid=48952 tid=1 format-conversion-subperf [perf] ReplaceOmml.stamp-fingerprint: +39ms (284ms total)
2026-09-06T03:15:37.0442332+08:00 pid=48952 tid=1 format-conversion-subperf [perf] ReplaceOmml.wrap-formula-anchor: +8ms (292ms total)
2026-09-06T03:15:37.0452321+08:00 pid=48952 tid=1 format-conversion-subperf [perf] ReplaceOmml.protect-source-metadata: +1ms (293ms total)
2026-09-06T03:15:37.0452321+08:00 pid=48952 tid=1 format-conversion-subperf [perf] ReplaceOmml.reconcile: +0ms (293ms total)
2026-09-06T03:15:37.0732331+08:00 pid=48952 tid=1 format-conversion-subperf [perf] ReplaceOmml.final-identity-resolve: +28ms (321ms total)
2026-09-06T03:15:37.0742322+08:00 pid=48952 tid=1 format-conversion-subperf [perf] ReplaceOmml.final-identity-fingerprint: +1ms (322ms total)
2026-09-06T03:15:37.0742322+08:00 pid=48952 tid=1 format-conversion-subperf [perf] ReplaceOmml.final-identity-anchor: +0ms (322ms total)
2026-09-06T03:15:37.0932318+08:00 pid=48952 tid=1 format-conversion-subperf [perf] ReplaceOmml.final-identity-metadata: +19ms (341ms total)
2026-09-06T03:15:37.0942337+08:00 pid=48952 tid=1 format-conversion-subperf [perf] ReplaceOmml.finalize-identity: +0ms (341ms total)
2026-09-06T03:15:37.0942337+08:00 pid=48952 tid=1 format-conversion-subperf [perf] ReplaceOmml.prepare-result: +1ms (342ms total)
2026-09-06T03:15:37.1112332+08:00 pid=48952 tid=1 format-conversion-subperf [perf] ReplaceOmml.restore-view: +17ms (359ms total)
2026-09-06T03:15:37.1112332+08:00 pid=48952 tid=1 format-conversion-subperf [perf] ReplaceOmml.restore-screen-updating: +0ms (359ms total)
2026-09-06T03:15:37.1122717+08:00 pid=48952 tid=1 format-conversion-subperf [perf] ReplaceOmml.end-undo: +1ms (360ms total)
2026-09-06T03:15:37.1122717+08:00 pid=48952 tid=1 format-conversion-subperf [perf] ReplaceOmml.release-rcws: +0ms (360ms total)
2026-09-06T03:15:37.1152334+08:00 pid=48952 tid=26 ribbon-session-operation-released sessionId=0a7e8727-7f10-4794-9af3-59130132e18a
2026-09-06T03:17:20.8073822+08:00 pid=48952 tid=12 left-down x=1165 y=1661 wordForeground=True
2026-09-06T03:17:20.9600652+08:00 pid=48952 tid=12 left-down x=1165 y=1661 wordForeground=True
2026-09-06T03:17:20.9610640+08:00 pid=48952 tid=12 double-click elapsedMs=152.431 withinX=True withinY=True nativeOleTarget=False suppressSecondDown=False dispatchCallback=True
2026-09-06T03:17:21.0562553+08:00 pid=48952 tid=11 callback-begin interceptedNativeOle=False x=1165 y=1661
2026-09-06T03:17:21.0572567+08:00 pid=48952 tid=11 addin-callback-received interceptedNativeOle=False x=1165 y=1661
2026-09-06T03:17:21.0572567+08:00 pid=48952 tid=11 callback-end
2026-09-06T03:17:21.1585269+08:00 pid=48952 tid=1 addin-coordinate-selection formulaId=<null> objectMode=<null>
2026-09-06T03:19:18.5866168+08:00 pid=48952 tid=12 left-down x=1190 y=747 wordForeground=False
2026-09-06T03:19:40.8419520+08:00 pid=48952 tid=11 ribbon-session-operation-released sessionId=7e6b70ca-4ba5-46dc-b403-5e3adb0ea911
2026-09-06T03:20:13.5264870+08:00 pid=48952 tid=12 left-down x=1190 y=747 wordForeground=False
2026-09-06T03:20:35.8122951+08:00 pid=48952 tid=10 ribbon-session-operation-released sessionId=0efc6009-7a3b-4435-a9bf-90e85d7ee534
2026-09-06T03:21:08.3710195+08:00 pid=48952 tid=12 left-down x=1190 y=747 wordForeground=False
2026-09-06T03:21:30.5583020+08:00 pid=48952 tid=24 ribbon-session-operation-released sessionId=efabea00-64c8-4e1e-bde9-ff58d6dbc865
2026-09-06T03:21:54.0281956+08:00 pid=48952 tid=1 format-conversion-start sourceMode=nativeOle targetMode=wordOmml wholeDocument=True
2026-09-06T03:21:54.0291954+08:00 pid=48952 tid=1 format-conversion-plan-perf stage=shape-access source=nativeOle index=1/3 deltaMs=0 totalMs=0
2026-09-06T03:21:54.0291954+08:00 pid=48952 tid=1 format-conversion-plan-perf stage=shape-range source=nativeOle index=1/3 deltaMs=0 totalMs=0
2026-09-06T03:21:54.0481974+08:00 pid=48952 tid=1 format-conversion-plan-perf stage=target-added source=nativeOle index=1/3 deltaMs=19 totalMs=19
2026-09-06T03:21:54.0491968+08:00 pid=48952 tid=1 format-conversion-plan-perf stage=shape-access source=nativeOle index=2/3 deltaMs=0 totalMs=0
2026-09-06T03:21:54.0511945+08:00 pid=48952 tid=1 format-conversion-plan-perf stage=shape-range source=nativeOle index=2/3 deltaMs=1 totalMs=1
2026-09-06T03:21:54.0775746+08:00 pid=48952 tid=1 format-conversion-plan-perf stage=target-added source=nativeOle index=2/3 deltaMs=27 totalMs=28
2026-09-06T03:21:54.0781026+08:00 pid=48952 tid=1 format-conversion-plan-perf stage=shape-access source=nativeOle index=3/3 deltaMs=0 totalMs=0
2026-09-06T03:21:54.0786221+08:00 pid=48952 tid=1 format-conversion-plan-perf stage=shape-range source=nativeOle index=3/3 deltaMs=0 totalMs=0
2026-09-06T03:21:54.1006284+08:00 pid=48952 tid=1 format-conversion-plan-perf stage=target-added source=nativeOle index=3/3 deltaMs=22 totalMs=22
2026-09-06T03:21:54.1006284+08:00 pid=48952 tid=1 format-conversion-plan sourceMode=nativeOle targetMode=wordOmml targets=3
2026-09-06T03:22:08.3464309+08:00 pid=48952 tid=8 format-conversion-render-start sourceMode=nativeOle targetMode=wordOmml sessions=3
2026-09-06T03:22:08.3763383+08:00 pid=48952 tid=6 format-conversion-rendered sourceMode=nativeOle targetMode=wordOmml sessionId=9f082e6d-64c5-4762-b67b-58ee944fa08d status=committing
2026-09-06T03:22:08.3763383+08:00 pid=48952 tid=8 format-conversion-rendered sourceMode=nativeOle targetMode=wordOmml sessionId=7089e495-0398-4e25-bb85-6ef8232e8b33 status=committing
2026-09-06T03:22:08.3773383+08:00 pid=48952 tid=6 format-conversion-rendered sourceMode=nativeOle targetMode=wordOmml sessionId=78c2da5e-97a1-49e0-b736-b6e3136f6cb6 status=committing
2026-09-06T03:22:08.3773383+08:00 pid=48952 tid=6 format-conversion-word-apply-start sourceMode=nativeOle targetMode=wordOmml targets=3
2026-09-06T03:22:08.4590428+08:00 pid=48952 tid=1 format-conversion-batch-rollback-captured targets=3 metadataParts=0
2026-09-06T03:22:08.5892049+08:00 pid=48952 tid=1 format-conversion-runtime assembly=C:\Users\pojian_liao\AppData\Local\VisualTeX\office\remediation-builds\490AC3FA9D37B565F58C911A8A191587D89B423D7B726E108792299A7D3AC116\VisualTeX.WordVsto.dll source=nativeOle target=wordOmml targetIsVisualTeX=False targetIsMathType=False
2026-09-06T03:22:08.7711035+08:00 pid=48952 tid=1 format-conversion-omml-batch-source-created formulas=3 elapsedMs=127
2026-09-06T03:22:08.8121033+08:00 pid=48952 tid=1 format-conversion-reference-counts-fast-path source=nativeOle formulas=3
2026-09-06T03:22:08.8310288+08:00 pid=48952 tid=1 format-conversion-forward-source-bookmarks count=3
2026-09-06T03:22:08.8310288+08:00 pid=48952 tid=1 format-conversion-forward-source-live formulaId=02c76680-8b22-44c5-8d5d-4ec5bffba1cc range=1:35
2026-09-06T03:22:08.8370298+08:00 pid=48952 tid=1 format-conversion-perf stage=rollback-snapshot formulaId=02c76680-8b22-44c5-8d5d-4ec5bffba1cc numbered=True deltaMs=5 totalMs=5
2026-09-06T03:22:08.8607075+08:00 pid=48952 tid=1 format-conversion-perf stage=delete-source-host formulaId=02c76680-8b22-44c5-8d5d-4ec5bffba1cc numbered=True deltaMs=24 totalMs=29
2026-09-06T03:22:08.8617067+08:00 pid=48952 tid=1 format-conversion-forward-source-check stage=delete-source formulaId=02c76680-8b22-44c5-8d5d-4ec5bffba1cc bookmarkMissing=True present=False
2026-09-06T03:22:08.8747048+08:00 pid=48952 tid=1 format-conversion-subperf [perf] InsertOmml.insert-native-omml: +8ms (8ms total)
2026-09-06T03:22:08.8907046+08:00 pid=48952 tid=1 format-conversion-subperf [perf] InsertOmml.post-reconcile-layout: +15ms (23ms total)
2026-09-06T03:22:08.8907046+08:00 pid=48952 tid=1 format-conversion-subperf [perf] InsertOmml.final-fingerprint: +1ms (24ms total)
2026-09-06T03:22:08.8907046+08:00 pid=48952 tid=1 format-conversion-subperf [perf] InsertOmml.final-anchor: +0ms (24ms total)
2026-09-06T03:22:08.8927054+08:00 pid=48952 tid=1 format-conversion-subperf [perf] InsertOmml.final-metadata: +2ms (26ms total)
2026-09-06T03:22:08.8927054+08:00 pid=48952 tid=1 format-conversion-perf stage=insert-target formulaId=02c76680-8b22-44c5-8d5d-4ec5bffba1cc numbered=True deltaMs=32 totalMs=61
2026-09-06T03:22:08.8927054+08:00 pid=48952 tid=1 format-conversion-forward-source-check stage=insert-target formulaId=02c76680-8b22-44c5-8d5d-4ec5bffba1cc bookmarkMissing=True present=False
2026-09-06T03:22:08.9227152+08:00 pid=48952 tid=1 format-conversion-target-stable formulaId=02c76680-8b22-44c5-8d5d-4ec5bffba1cc targetMode=wordOmml count=1 elapsedMs=29
2026-09-06T03:22:08.9227152+08:00 pid=48952 tid=1 format-conversion-forward-source-check stage=post-transaction formulaId=02c76680-8b22-44c5-8d5d-4ec5bffba1cc bookmarkMissing=True present=False
2026-09-06T03:22:08.9227152+08:00 pid=48952 tid=1 format-conversion-perf stage=verify-target formulaId=02c76680-8b22-44c5-8d5d-4ec5bffba1cc numbered=True deltaMs=30 totalMs=91
2026-09-06T03:22:08.9237159+08:00 pid=48952 tid=1 format-conversion-forward-source-live formulaId=f0bf1aa4-ace1-4f0f-af07-8c25e1792a70 range=23:57
2026-09-06T03:22:08.9337155+08:00 pid=48952 tid=1 format-conversion-perf stage=rollback-snapshot formulaId=f0bf1aa4-ace1-4f0f-af07-8c25e1792a70 numbered=True deltaMs=10 totalMs=10
2026-09-06T03:22:09.0327159+08:00 pid=48952 tid=1 format-conversion-perf stage=delete-source-host formulaId=f0bf1aa4-ace1-4f0f-af07-8c25e1792a70 numbered=True deltaMs=99 totalMs=109
2026-09-06T03:22:09.0337246+08:00 pid=48952 tid=1 format-conversion-forward-source-check stage=delete-source formulaId=f0bf1aa4-ace1-4f0f-af07-8c25e1792a70 bookmarkMissing=True present=False
2026-09-06T03:22:09.0427165+08:00 pid=48952 tid=1 format-conversion-subperf [perf] InsertOmml.insert-native-omml: +9ms (9ms total)
2026-09-06T03:22:09.0557171+08:00 pid=48952 tid=1 format-conversion-subperf [perf] InsertOmml.post-reconcile-layout: +12ms (21ms total)
2026-09-06T03:22:09.0557171+08:00 pid=48952 tid=1 format-conversion-subperf [perf] InsertOmml.final-fingerprint: +0ms (21ms total)
2026-09-06T03:22:09.0557171+08:00 pid=48952 tid=1 format-conversion-subperf [perf] InsertOmml.final-anchor: +1ms (22ms total)
2026-09-06T03:22:09.0577181+08:00 pid=48952 tid=1 format-conversion-subperf [perf] InsertOmml.final-metadata: +1ms (23ms total)
2026-09-06T03:22:09.0577181+08:00 pid=48952 tid=1 format-conversion-perf stage=insert-target formulaId=f0bf1aa4-ace1-4f0f-af07-8c25e1792a70 numbered=True deltaMs=25 totalMs=134
2026-09-06T03:22:09.0577181+08:00 pid=48952 tid=1 format-conversion-forward-source-check stage=insert-target formulaId=f0bf1aa4-ace1-4f0f-af07-8c25e1792a70 bookmarkMissing=True present=False
2026-09-06T03:22:09.0957169+08:00 pid=48952 tid=1 format-conversion-target-stable formulaId=f0bf1aa4-ace1-4f0f-af07-8c25e1792a70 targetMode=wordOmml count=2 elapsedMs=37
2026-09-06T03:22:09.0957169+08:00 pid=48952 tid=1 format-conversion-forward-source-check stage=post-transaction formulaId=f0bf1aa4-ace1-4f0f-af07-8c25e1792a70 bookmarkMissing=True present=False
2026-09-06T03:22:09.0967173+08:00 pid=48952 tid=1 format-conversion-perf stage=verify-target formulaId=f0bf1aa4-ace1-4f0f-af07-8c25e1792a70 numbered=True deltaMs=38 totalMs=172
2026-09-06T03:22:09.0967173+08:00 pid=48952 tid=1 format-conversion-forward-source-live formulaId=2b0fb9cf-754f-476a-89a3-0a96b757f928 range=36:70
2026-09-06T03:22:09.1097148+08:00 pid=48952 tid=1 format-conversion-perf stage=rollback-snapshot formulaId=2b0fb9cf-754f-476a-89a3-0a96b757f928 numbered=True deltaMs=13 totalMs=13
2026-09-06T03:22:09.1846820+08:00 pid=48952 tid=1 format-conversion-perf stage=delete-source-host formulaId=2b0fb9cf-754f-476a-89a3-0a96b757f928 numbered=True deltaMs=75 totalMs=88
2026-09-06T03:22:09.1856807+08:00 pid=48952 tid=1 format-conversion-forward-source-check stage=delete-source formulaId=2b0fb9cf-754f-476a-89a3-0a96b757f928 bookmarkMissing=True present=False
2026-09-06T03:22:09.1956531+08:00 pid=48952 tid=1 format-conversion-subperf [perf] InsertOmml.insert-native-omml: +10ms (10ms total)
2026-09-06T03:22:09.2193120+08:00 pid=48952 tid=1 format-conversion-subperf [perf] InsertOmml.post-reconcile-layout: +23ms (33ms total)
2026-09-06T03:22:09.2193120+08:00 pid=48952 tid=1 format-conversion-subperf [perf] InsertOmml.final-fingerprint: +0ms (33ms total)
2026-09-06T03:22:09.2193120+08:00 pid=48952 tid=1 format-conversion-subperf [perf] InsertOmml.final-anchor: +0ms (33ms total)
2026-09-06T03:22:09.2213127+08:00 pid=48952 tid=1 format-conversion-subperf [perf] InsertOmml.final-metadata: +2ms (35ms total)
2026-09-06T03:22:09.2213127+08:00 pid=48952 tid=1 format-conversion-perf stage=insert-target formulaId=2b0fb9cf-754f-476a-89a3-0a96b757f928 numbered=True deltaMs=36 totalMs=124
2026-09-06T03:22:09.2213127+08:00 pid=48952 tid=1 format-conversion-forward-source-check stage=insert-target formulaId=2b0fb9cf-754f-476a-89a3-0a96b757f928 bookmarkMissing=True present=False
2026-09-06T03:22:09.2538786+08:00 pid=48952 tid=1 format-conversion-target-stable formulaId=2b0fb9cf-754f-476a-89a3-0a96b757f928 targetMode=wordOmml count=3 elapsedMs=32
2026-09-06T03:22:09.2538786+08:00 pid=48952 tid=1 format-conversion-forward-source-check stage=post-transaction formulaId=2b0fb9cf-754f-476a-89a3-0a96b757f928 bookmarkMissing=True present=False
2026-09-06T03:22:09.2538786+08:00 pid=48952 tid=1 format-conversion-perf stage=verify-target formulaId=2b0fb9cf-754f-476a-89a3-0a96b757f928 numbered=True deltaMs=33 totalMs=157
2026-09-06T03:22:09.2538786+08:00 pid=48952 tid=1 format-conversion-finalize-perf stage=source-residual-check sourceMode=nativeOle targetMode=wordOmml deltaMs=0 totalMs=0
2026-09-06T03:22:09.2548790+08:00 pid=48952 tid=1 format-conversion-finalize-perf stage=target-count-check sourceMode=nativeOle targetMode=wordOmml deltaMs=0 totalMs=0
2026-09-06T03:22:09.2898785+08:00 pid=48952 tid=1 format-conversion-omml-provisional-fingerprints refreshed=3/3
2026-09-06T03:22:09.2908785+08:00 pid=48952 tid=1 format-conversion-number-format-restored format=heading2-dot
2026-09-06T03:22:11.7753802+08:00 pid=48952 tid=1 format-conversion-numbering-direct-table-complete targetMode=wordOmml built=3 removedBlankParagraphs=5
2026-09-06T03:22:11.8039577+08:00 pid=48952 tid=1 format-conversion-numbering-table-rows-grouped boundaries=2 formulas=3
2026-09-06T03:22:11.8039577+08:00 pid=48952 tid=1 format-conversion-finalize-perf stage=numbering-reconcile sourceMode=nativeOle targetMode=wordOmml deltaMs=2549 totalMs=2549
2026-09-06T03:22:11.8438161+08:00 pid=48952 tid=1 format-conversion-omml-fingerprints-finalized count=3
2026-09-06T03:22:11.8443236+08:00 pid=48952 tid=1 format-conversion-finalize-perf stage=omml-fingerprint-refresh sourceMode=nativeOle targetMode=wordOmml deltaMs=40 totalMs=2589
2026-09-06T03:22:12.2055999+08:00 pid=48952 tid=19 format-conversion-word-apply-finished sourceMode=nativeOle targetMode=wordOmml converted=3 failed=0
2026-09-06T03:22:12.2055999+08:00 pid=48952 tid=19 format-conversion-session-cleanup-start sessions=3
2026-09-06T03:22:12.2065999+08:00 pid=48952 tid=19 format-conversion-complete source=VisualTeX target=OMML converted=3 failed=0
2026-09-06T03:22:12.2075996+08:00 pid=48952 tid=8 format-conversion-session-cleanup-complete sessions=3
2026-09-06T03:23:59.4329316+08:00 pid=48952 tid=1 format-conversion-subperf [perf] ReplaceOmml.locate-target: +1ms (1ms total)
2026-09-06T03:23:59.5172764+08:00 pid=48952 tid=1 format-conversion-subperf [perf] ReplaceOmml.source-range-resolve: +84ms (85ms total)
2026-09-06T03:23:59.5362766+08:00 pid=48952 tid=1 format-conversion-subperf [perf] ReplaceOmml.rollback-capture: +20ms (105ms total)
2026-09-06T03:23:59.6202787+08:00 pid=48952 tid=1 format-conversion-subperf [perf] ReplaceOmml.direct-host-health: +84ms (189ms total)
2026-09-06T03:23:59.6212766+08:00 pid=48952 tid=1 format-conversion-subperf [perf] ReplaceOmml.direct-content-prep: +1ms (190ms total)
2026-09-06T03:23:59.6232802+08:00 pid=48952 tid=1 format-conversion-subperf [perf] ReplaceOmml.resolve-source: +2ms (192ms total)
2026-09-06T03:23:59.6528511+08:00 pid=48952 tid=1 format-conversion-subperf [perf] ReplaceOmml.insert-native-omml: +30ms (222ms total)
2026-09-06T03:23:59.6704083+08:00 pid=48952 tid=1 format-conversion-subperf [perf] ReplaceOmml.validate-native-omml: +17ms (239ms total)
2026-09-06T03:23:59.6984106+08:00 pid=48952 tid=1 format-conversion-subperf [perf] ReplaceOmml.stamp-fingerprint: +28ms (267ms total)
2026-09-06T03:23:59.7245236+08:00 pid=48952 tid=1 format-conversion-subperf [perf] ReplaceOmml.wrap-formula-anchor: +26ms (293ms total)
2026-09-06T03:23:59.7255235+08:00 pid=48952 tid=1 format-conversion-subperf [perf] ReplaceOmml.protect-source-metadata: +1ms (294ms total)
2026-09-06T03:23:59.7255235+08:00 pid=48952 tid=1 format-conversion-subperf [perf] ReplaceOmml.reconcile: +0ms (294ms total)
2026-09-06T03:23:59.7475314+08:00 pid=48952 tid=1 format-conversion-subperf [perf] ReplaceOmml.final-identity-resolve: +22ms (316ms total)
2026-09-06T03:23:59.7485383+08:00 pid=48952 tid=1 format-conversion-subperf [perf] ReplaceOmml.final-identity-fingerprint: +1ms (317ms total)
2026-09-06T03:23:59.7485383+08:00 pid=48952 tid=1 format-conversion-subperf [perf] ReplaceOmml.final-identity-anchor: +0ms (317ms total)
2026-09-06T03:23:59.7515344+08:00 pid=48952 tid=1 format-conversion-subperf [perf] ReplaceOmml.final-identity-metadata: +3ms (320ms total)
2026-09-06T03:23:59.7515344+08:00 pid=48952 tid=1 format-conversion-subperf [perf] ReplaceOmml.finalize-identity: +0ms (320ms total)
2026-09-06T03:23:59.7525341+08:00 pid=48952 tid=1 format-conversion-subperf [perf] ReplaceOmml.prepare-result: +1ms (321ms total)
2026-09-06T03:23:59.7723143+08:00 pid=48952 tid=1 format-conversion-subperf [perf] ReplaceOmml.restore-view: +20ms (341ms total)
2026-09-06T03:23:59.7753149+08:00 pid=48952 tid=1 format-conversion-subperf [perf] ReplaceOmml.restore-screen-updating: +2ms (343ms total)
2026-09-06T03:23:59.7753149+08:00 pid=48952 tid=1 format-conversion-subperf [perf] ReplaceOmml.end-undo: +1ms (344ms total)
2026-09-06T03:23:59.7753149+08:00 pid=48952 tid=1 format-conversion-subperf [perf] ReplaceOmml.release-rcws: +0ms (344ms total)
2026-09-06T03:23:59.7793149+08:00 pid=48952 tid=16 ribbon-session-operation-released sessionId=7230d0c3-c9bd-48c8-8238-e95943b42f24
2026-09-06T03:24:48.0993354+08:00 pid=48952 tid=1 format-conversion-subperf [perf] ReplaceOmml.locate-target: +0ms (0ms total)
2026-09-06T03:24:48.1791215+08:00 pid=48952 tid=1 format-conversion-subperf [perf] ReplaceOmml.source-range-resolve: +80ms (80ms total)
2026-09-06T03:24:48.1971207+08:00 pid=48952 tid=1 format-conversion-subperf [perf] ReplaceOmml.rollback-capture: +18ms (98ms total)
2026-09-06T03:24:48.2797949+08:00 pid=48952 tid=1 format-conversion-subperf [perf] ReplaceOmml.direct-host-health: +83ms (181ms total)
2026-09-06T03:24:48.2807946+08:00 pid=48952 tid=1 format-conversion-subperf [perf] ReplaceOmml.direct-content-prep: +1ms (182ms total)
2026-09-06T03:24:48.2827955+08:00 pid=48952 tid=1 format-conversion-subperf [perf] ReplaceOmml.resolve-source: +2ms (184ms total)
2026-09-06T03:24:48.3063665+08:00 pid=48952 tid=1 format-conversion-subperf [perf] ReplaceOmml.insert-native-omml: +23ms (207ms total)
2026-09-06T03:24:48.3229695+08:00 pid=48952 tid=1 format-conversion-subperf [perf] ReplaceOmml.validate-native-omml: +17ms (224ms total)
2026-09-06T03:24:48.3629699+08:00 pid=48952 tid=1 format-conversion-subperf [perf] ReplaceOmml.stamp-fingerprint: +40ms (264ms total)
2026-09-06T03:24:48.3831788+08:00 pid=48952 tid=1 format-conversion-subperf [perf] ReplaceOmml.wrap-formula-anchor: +20ms (284ms total)
2026-09-06T03:24:48.3841771+08:00 pid=48952 tid=1 format-conversion-subperf [perf] ReplaceOmml.protect-source-metadata: +1ms (285ms total)
2026-09-06T03:24:48.3841771+08:00 pid=48952 tid=1 format-conversion-subperf [perf] ReplaceOmml.reconcile: +0ms (285ms total)
2026-09-06T03:24:48.4213187+08:00 pid=48952 tid=1 format-conversion-subperf [perf] ReplaceOmml.final-identity-resolve: +37ms (322ms total)
2026-09-06T03:24:48.4223174+08:00 pid=48952 tid=1 format-conversion-subperf [perf] ReplaceOmml.final-identity-fingerprint: +1ms (323ms total)
2026-09-06T03:24:48.4223174+08:00 pid=48952 tid=1 format-conversion-subperf [perf] ReplaceOmml.final-identity-anchor: +0ms (323ms total)
2026-09-06T03:24:48.4243191+08:00 pid=48952 tid=1 format-conversion-subperf [perf] ReplaceOmml.final-identity-metadata: +2ms (325ms total)
2026-09-06T03:24:48.4243191+08:00 pid=48952 tid=1 format-conversion-subperf [perf] ReplaceOmml.finalize-identity: +0ms (325ms total)
2026-09-06T03:24:48.4243191+08:00 pid=48952 tid=1 format-conversion-subperf [perf] ReplaceOmml.prepare-result: +0ms (325ms total)
2026-09-06T03:24:48.4393178+08:00 pid=48952 tid=1 format-conversion-subperf [perf] ReplaceOmml.restore-view: +15ms (340ms total)
2026-09-06T03:24:48.4403364+08:00 pid=48952 tid=1 format-conversion-subperf [perf] ReplaceOmml.restore-screen-updating: +2ms (342ms total)
2026-09-06T03:24:48.4413202+08:00 pid=48952 tid=1 format-conversion-subperf [perf] ReplaceOmml.end-undo: +0ms (342ms total)
2026-09-06T03:24:48.4413202+08:00 pid=48952 tid=1 format-conversion-subperf [perf] ReplaceOmml.release-rcws: +0ms (342ms total)
2026-09-06T03:24:48.4447556+08:00 pid=48952 tid=22 ribbon-session-operation-released sessionId=97b1e5e2-4a32-4443-8f71-4058601285b4
2026-09-06T03:31:24.7141610+08:00 pid=48952 tid=12 left-down x=1382 y=1120 wordForeground=False
2026-09-06T03:31:32.9203122+08:00 pid=48952 tid=12 left-down x=2178 y=458 wordForeground=False
2026-09-06T03:31:40.9578815+08:00 pid=48952 tid=12 left-down x=2492 y=460 wordForeground=False
2026-09-06T03:42:58.8325554+08:00 pid=48952 tid=12 left-down x=1382 y=1120 wordForeground=False
2026-09-06T03:43:07.3392903+08:00 pid=48952 tid=12 left-down x=2178 y=458 wordForeground=False
2026-09-06T03:43:15.7095507+08:00 pid=48952 tid=12 left-down x=2492 y=460 wordForeground=False
2026-09-06T03:47:42.3568328+08:00 pid=48952 tid=12 left-down x=1382 y=1120 wordForeground=False
2026-09-06T03:47:50.8400470+08:00 pid=48952 tid=12 left-down x=2178 y=458 wordForeground=False
2026-09-06T03:47:59.3760325+08:00 pid=48952 tid=12 left-down x=2492 y=460 wordForeground=False
2026-09-06T03:50:46.3495076+08:00 pid=48952 tid=12 left-down x=1382 y=1120 wordForeground=False
2026-09-06T03:50:54.8734850+08:00 pid=48952 tid=12 left-down x=2178 y=458 wordForeground=False
2026-09-06T03:51:03.5656197+08:00 pid=48952 tid=12 left-down x=2492 y=460 wordForeground=False
2026-09-06T03:53:36.5933432+08:00 pid=48952 tid=12 left-down x=1190 y=747 wordForeground=False
2026-09-06T03:54:40.4701880+08:00 pid=48952 tid=12 left-down x=1190 y=747 wordForeground=False
2026-09-06T03:55:47.2028923+08:00 pid=48952 tid=12 left-down x=1190 y=747 wordForeground=False
2026-09-06T09:16:55.5978026+08:00 pid=48952 tid=12 left-down x=566 y=1060 wordForeground=True
2026-09-06T09:17:06.5418161+08:00 pid=48952 tid=12 left-down x=1730 y=1214 wordForeground=False
2026-09-06T09:17:08.7275076+08:00 pid=48952 tid=12 left-down x=1392 y=883 wordForeground=False
2026-09-06T09:17:10.1838227+08:00 pid=48952 tid=12 left-down x=1304 y=857 wordForeground=False
2026-09-06T09:17:11.0794979+08:00 pid=48952 tid=12 left-down x=1362 y=865 wordForeground=False
2026-09-06T09:17:17.9786738+08:00 pid=48952 tid=12 left-down x=1386 y=615 wordForeground=False
2026-09-06T09:17:19.2291273+08:00 pid=48952 tid=12 left-down x=1171 y=1361 wordForeground=False
2026-09-06T09:18:27.6460723+08:00 pid=48952 tid=12 left-down x=747 y=235 wordForeground=False
2026-09-06T09:18:35.9527975+08:00 pid=48952 tid=12 left-down x=3276 y=35 wordForeground=False
2026-09-06T09:18:38.1983935+08:00 pid=48952 tid=12 left-down x=160 y=85 wordForeground=False
2026-09-06T09:18:50.4715351+08:00 pid=48952 tid=12 left-down x=1591 y=571 wordForeground=False
2026-09-06T09:18:54.3483030+08:00 pid=48952 tid=12 left-down x=10 y=77 wordForeground=False
2026-09-06T09:18:56.0752907+08:00 pid=48952 tid=12 left-down x=1433 y=1125 wordForeground=False
2026-09-06T09:18:58.9392195+08:00 pid=48952 tid=12 left-down x=312 y=269 wordForeground=False
2026-09-06T09:19:01.4189569+08:00 pid=48952 tid=12 left-down x=61 y=268 wordForeground=False
2026-09-06T09:19:07.0074843+08:00 pid=48952 tid=12 left-down x=830 y=2130 wordForeground=False
2026-09-06T09:19:08.1725744+08:00 pid=48952 tid=12 left-down x=843 y=2128 wordForeground=False
2026-09-06T09:19:09.6570851+08:00 pid=48952 tid=12 left-down x=1727 y=788 wordForeground=False
2026-09-06T09:19:10.8165861+08:00 pid=48952 tid=12 left-down x=2529 y=475 wordForeground=False
2026-09-06T09:19:12.4669276+08:00 pid=48952 tid=12 left-down x=1057 y=2115 wordForeground=False
2026-09-06T09:19:16.5739614+08:00 pid=48952 tid=12 left-down x=642 y=1201 wordForeground=False
2026-09-06T09:19:35.2071532+08:00 pid=48952 tid=12 left-down x=1552 y=2118 wordForeground=True
2026-09-06T09:19:36.9870945+08:00 pid=48952 tid=12 left-down x=1869 y=1144 wordForeground=False
2026-09-06T09:19:38.3922986+08:00 pid=48952 tid=12 left-down x=1776 y=1078 wordForeground=True
2026-09-06T09:19:40.3145389+08:00 pid=48952 tid=12 left-down x=1504 y=2113 wordForeground=True
2026-09-06T09:19:42.2274904+08:00 pid=48952 tid=12 left-down x=1255 y=1089 wordForeground=False
2026-09-06T09:20:16.2786995+08:00 pid=48952 tid=12 left-down x=1190 y=747 wordForeground=False
2026-09-06T09:21:20.4426008+08:00 pid=48952 tid=12 left-down x=1190 y=747 wordForeground=False
2026-09-06T09:22:26.0811010+08:00 pid=48952 tid=12 left-down x=1190 y=747 wordForeground=False
2026-09-06T09:35:48.7898610+08:00 pid=48952 tid=12 left-down x=1190 y=747 wordForeground=False
2026-09-06T09:37:41.8482550+08:00 pid=48952 tid=12 left-down x=1190 y=747 wordForeground=False
2026-09-06T09:38:47.3885773+08:00 pid=48952 tid=12 left-down x=1190 y=747 wordForeground=False
2026-09-06T09:42:19.3706741+08:00 pid=48952 tid=12 left-down x=730 y=1076 wordForeground=True
2026-09-06T09:42:20.9559168+08:00 pid=48952 tid=12 left-down x=621 y=1023 wordForeground=False
2026-09-06T09:42:22.7735867+08:00 pid=48952 tid=12 left-down x=1900 y=425 wordForeground=False
2026-09-06T09:42:36.3580445+08:00 pid=48952 tid=12 left-down x=1349 y=992 wordForeground=False
2026-09-06T09:42:51.1068996+08:00 pid=48952 tid=12 left-down x=2155 y=1353 wordForeground=False
2026-09-06T09:42:51.7794526+08:00 pid=48952 tid=12 left-down x=2155 y=1353 wordForeground=True
2026-09-06T09:47:00.6378542+08:00 pid=48952 tid=12 left-down x=783 y=846 wordForeground=True
2026-09-06T09:49:37.2078384+08:00 pid=48952 tid=12 left-down x=1190 y=747 wordForeground=False
2026-09-06T09:51:34.4471417+08:00 pid=48952 tid=12 left-down x=1190 y=747 wordForeground=False
2026-09-06T09:52:42.2274720+08:00 pid=48952 tid=12 left-down x=1190 y=747 wordForeground=False
2026-09-06T10:02:12.9683271+08:00 pid=48952 tid=12 left-down x=1190 y=747 wordForeground=False
2026-09-06T10:02:28.0886156+08:00 pid=48952 tid=12 left-down x=1190 y=747 wordForeground=False
2026-09-06T10:03:32.6757422+08:00 pid=48952 tid=12 left-down x=1190 y=747 wordForeground=False
2026-09-06T10:07:32.2911569+08:00 pid=48952 tid=12 left-down x=1190 y=747 wordForeground=False
2026-09-06T10:07:46.6600392+08:00 pid=48952 tid=12 left-down x=1190 y=747 wordForeground=False
2026-09-06T10:08:01.0669921+08:00 pid=48952 tid=12 left-down x=1190 y=747 wordForeground=False
2026-09-06T10:17:39.6968490+08:00 pid=48952 tid=12 left-down x=1190 y=747 wordForeground=False
2026-09-06T10:17:54.2501168+08:00 pid=48952 tid=12 left-down x=1190 y=747 wordForeground=False
2026-09-06T10:18:08.7925437+08:00 pid=48952 tid=12 left-down x=1190 y=747 wordForeground=False
2026-09-06T10:20:29.6164365+08:00 pid=48952 tid=12 left-down x=784 y=903 wordForeground=True
2026-09-06T10:21:09.3154943+08:00 pid=48952 tid=12 left-down x=1190 y=747 wordForeground=False
2026-09-06T10:21:23.9941551+08:00 pid=48952 tid=12 left-down x=1190 y=747 wordForeground=False
2026-09-06T10:21:38.6889813+08:00 pid=48952 tid=12 left-down x=1190 y=747 wordForeground=False
2026-09-06T10:24:31.0173017+08:00 pid=48952 tid=12 left-down x=1190 y=747 wordForeground=False
2026-09-06T10:24:45.7933922+08:00 pid=48952 tid=12 left-down x=1190 y=747 wordForeground=False
2026-09-06T10:25:00.8506072+08:00 pid=48952 tid=12 left-down x=1190 y=747 wordForeground=False
2026-09-06T10:29:30.6728493+08:00 pid=48952 tid=12 left-down x=1190 y=747 wordForeground=False
2026-09-06T10:29:45.4015945+08:00 pid=48952 tid=12 left-down x=1190 y=747 wordForeground=False
2026-09-06T10:30:00.2305298+08:00 pid=48952 tid=12 left-down x=1190 y=747 wordForeground=False
2026-09-06T10:30:16.2432900+08:00 pid=48952 tid=12 left-down x=2058 y=1221 wordForeground=True
2026-09-06T10:31:36.0256381+08:00 pid=48952 tid=12 left-down x=1225 y=1553 wordForeground=True
2026-09-06T10:31:36.4592640+08:00 pid=48952 tid=12 left-down x=1225 y=1553 wordForeground=True
2026-09-06T10:31:36.4592640+08:00 pid=48952 tid=12 double-click elapsedMs=433.224 withinX=True withinY=True nativeOleTarget=False suppressSecondDown=False dispatchCallback=True
2026-09-06T10:31:36.5561266+08:00 pid=48952 tid=21 callback-begin interceptedNativeOle=False x=1225 y=1553
2026-09-06T10:31:36.5561266+08:00 pid=48952 tid=21 addin-callback-received interceptedNativeOle=False x=1225 y=1553
2026-09-06T10:31:36.5561266+08:00 pid=48952 tid=21 callback-end
2026-09-06T10:31:36.5631265+08:00 pid=48952 tid=1 addin-coordinate-selection formulaId=<null> objectMode=<null>
2026-09-06T10:33:01.0178903+08:00 pid=48952 tid=12 left-down x=1225 y=1553 wordForeground=True
2026-09-06T10:33:01.3851300+08:00 pid=48952 tid=12 left-down x=1225 y=1553 wordForeground=True
2026-09-06T10:33:01.3851300+08:00 pid=48952 tid=12 double-click elapsedMs=367.637 withinX=True withinY=True nativeOleTarget=False suppressSecondDown=False dispatchCallback=True
2026-09-06T10:33:01.4826720+08:00 pid=48952 tid=11 callback-begin interceptedNativeOle=False x=1225 y=1553
2026-09-06T10:33:01.4826720+08:00 pid=48952 tid=11 addin-callback-received interceptedNativeOle=False x=1225 y=1553
2026-09-06T10:33:01.4836715+08:00 pid=48952 tid=11 callback-end
2026-09-06T10:33:01.4856725+08:00 pid=48952 tid=1 addin-coordinate-selection formulaId=<null> objectMode=<null>
2026-09-06T10:35:55.0126347+08:00 pid=48952 tid=12 left-down x=1190 y=747 wordForeground=False
2026-09-06T10:36:09.1805775+08:00 pid=48952 tid=12 left-down x=2024 y=1163 wordForeground=True
2026-09-06T10:37:17.4661809+08:00 pid=48952 tid=12 left-down x=1838 y=688 wordForeground=True
2026-09-06T10:40:12.0251495+08:00 pid=48952 tid=12 left-down x=843 y=1255 wordForeground=False
2026-09-06T10:40:17.7992914+08:00 pid=48952 tid=12 left-down x=2308 y=1243 wordForeground=True
2026-09-06T10:40:18.8793968+08:00 pid=48952 tid=12 left-down x=2215 y=1257 wordForeground=True
2026-09-06T10:42:03.2258226+08:00 pid=48952 tid=12 left-down x=1190 y=747 wordForeground=False
2026-09-06T10:42:17.4677315+08:00 pid=48952 tid=12 left-down x=2024 y=1163 wordForeground=True
2026-09-06T10:44:29.7827360+08:00 pid=48952 tid=12 left-down x=1190 y=747 wordForeground=False
2026-09-06T10:44:43.9262927+08:00 pid=48952 tid=12 left-down x=2024 y=1163 wordForeground=True
2026-09-06T10:48:05.5756736+08:00 pid=48952 tid=12 left-down x=791 y=1268 wordForeground=False
2026-09-06T10:48:11.1173810+08:00 pid=48952 tid=12 left-down x=2071 y=1230 wordForeground=True
2026-09-06T10:48:32.3831616+08:00 pid=48952 tid=12 left-down x=111 y=1474 wordForeground=False
2026-09-06T10:48:48.0240414+08:00 pid=48952 tid=12 left-down x=2025 y=1235 wordForeground=True
2026-09-06T10:48:49.0630073+08:00 pid=48952 tid=12 left-down x=1893 y=1130 wordForeground=True
2026-09-06T10:48:49.8136905+08:00 pid=48952 tid=12 left-down x=1897 y=1126 wordForeground=True
2026-09-06T10:48:50.2519851+08:00 pid=48952 tid=12 left-down x=1897 y=1126 wordForeground=True
2026-09-06T10:48:50.2519851+08:00 pid=48952 tid=12 double-click elapsedMs=437.674 withinX=True withinY=True nativeOleTarget=False suppressSecondDown=False dispatchCallback=True
2026-09-06T10:48:50.3502787+08:00 pid=48952 tid=11 callback-begin interceptedNativeOle=False x=1897 y=1126
2026-09-06T10:48:50.3502787+08:00 pid=48952 tid=11 addin-callback-received interceptedNativeOle=False x=1897 y=1126
2026-09-06T10:48:50.3507890+08:00 pid=48952 tid=11 callback-end
2026-09-06T10:48:50.6049136+08:00 pid=48952 tid=1 addin-coordinate-selection formulaId=f34c802b-b63b-4ec4-a4b8-07d03d12c5c4 objectMode=wordOmml
2026-09-06T10:48:50.6269155+08:00 pid=48952 tid=1 addin-session-started=True
2026-09-06T10:48:54.1595757+08:00 pid=48952 tid=12 left-down x=1156 y=742 wordForeground=False
2026-09-06T10:48:55.7705460+08:00 pid=48952 tid=12 left-down x=2609 y=687 wordForeground=False
2026-09-06T10:48:57.4205214+08:00 pid=48952 tid=12 left-down x=1819 y=1111 wordForeground=True
2026-09-06T10:48:57.9143155+08:00 pid=48952 tid=12 left-down x=1819 y=1111 wordForeground=True
2026-09-06T10:48:57.9143155+08:00 pid=48952 tid=12 double-click elapsedMs=493.649 withinX=True withinY=True nativeOleTarget=False suppressSecondDown=False dispatchCallback=True
2026-09-06T10:48:58.0056816+08:00 pid=48952 tid=15 callback-begin interceptedNativeOle=False x=1819 y=1111
2026-09-06T10:48:58.0056816+08:00 pid=48952 tid=15 addin-callback-received interceptedNativeOle=False x=1819 y=1111
2026-09-06T10:48:58.0056816+08:00 pid=48952 tid=15 callback-end
2026-09-06T10:48:58.0752841+08:00 pid=48952 tid=1 addin-coordinate-selection formulaId=f34c802b-b63b-4ec4-a4b8-07d03d12c5c4 objectMode=wordOmml
2026-09-06T10:48:58.0752841+08:00 pid=48952 tid=1 addin-session-started=True
2026-09-06T10:49:00.3155967+08:00 pid=48952 tid=12 left-down x=1153 y=749 wordForeground=True
2026-09-06T10:49:01.6654857+08:00 pid=48952 tid=12 left-down x=1173 y=746 wordForeground=False
2026-09-06T10:49:03.0126631+08:00 pid=48952 tid=12 left-down x=1173 y=746 wordForeground=False
2026-09-06T10:49:04.6999109+08:00 pid=48952 tid=12 left-down x=2602 y=698 wordForeground=False
2026-09-06T10:49:04.7614765+08:00 pid=48952 tid=20 ribbon-session-operation-released sessionId=03b607eb-aa62-4b4a-aa78-6555e92942f9
2026-09-06T10:49:06.3011754+08:00 pid=48952 tid=12 left-down x=1483 y=1251 wordForeground=True
2026-09-06T10:49:08.6393751+08:00 pid=48952 tid=12 left-down x=1883 y=1126 wordForeground=True
2026-09-06T10:49:09.7111404+08:00 pid=48952 tid=12 left-down x=1243 y=1261 wordForeground=True
2026-09-06T10:49:14.9787551+08:00 pid=48952 tid=12 left-down x=883 y=1241 wordForeground=False
2026-09-06T10:49:17.3698694+08:00 pid=48952 tid=12 left-down x=2108 y=1267 wordForeground=True
2026-09-06T10:49:19.6712155+08:00 pid=48952 tid=12 left-down x=1773 y=689 wordForeground=True
2026-09-06T10:49:21.4076571+08:00 pid=48952 tid=12 left-down x=2148 y=1488 wordForeground=True
2026-09-06T10:49:24.1557428+08:00 pid=48952 tid=12 left-down x=1764 y=686 wordForeground=True
2026-09-06T10:49:26.4690654+08:00 pid=48952 tid=12 left-down x=1903 y=1084 wordForeground=True
2026-09-06T10:49:28.2103176+08:00 pid=48952 tid=12 left-down x=2182 y=1500 wordForeground=True
2026-09-06T10:49:29.5560141+08:00 pid=48952 tid=12 left-down x=2182 y=1500 wordForeground=True
2026-09-06T10:49:32.5461889+08:00 pid=48952 tid=12 left-down x=1852 y=1134 wordForeground=True
2026-09-06T10:49:35.0104871+08:00 pid=48952 tid=12 left-down x=1270 y=663 wordForeground=True
2026-09-06T10:49:37.6447521+08:00 pid=48952 tid=12 left-down x=1252 y=659 wordForeground=True
2026-09-06T10:49:39.6298231+08:00 pid=48952 tid=12 left-down x=1352 y=2123 wordForeground=False
2026-09-06T10:49:40.6061492+08:00 pid=48952 tid=12 left-down x=1440 y=2033 wordForeground=False
2026-09-06T10:49:43.5452848+08:00 pid=48952 tid=12 left-down x=2607 y=696 wordForeground=False
2026-09-06T10:49:45.0367053+08:00 pid=48952 tid=12 left-down x=1324 y=1255 wordForeground=True
2026-09-06T10:49:47.0938610+08:00 pid=48952 tid=12 left-down x=727 y=1092 wordForeground=False
2026-09-06T10:49:48.4175194+08:00 pid=48952 tid=12 left-down x=682 y=1050 wordForeground=False
2026-09-06T10:49:50.4560569+08:00 pid=48952 tid=12 left-down x=1899 y=397 wordForeground=False
2026-09-06T10:49:52.3997852+08:00 pid=48952 tid=12 left-down x=2093 y=1262 wordForeground=True
2026-09-06T10:50:39.3420521+08:00 pid=48952 tid=12 left-down x=1190 y=747 wordForeground=False
2026-09-06T10:50:53.3560708+08:00 pid=48952 tid=12 left-down x=2024 y=1163 wordForeground=True
2026-09-06T10:51:40.9454895+08:00 pid=48952 tid=12 left-down x=779 y=1223 wordForeground=False
2026-09-06T10:51:49.8111211+08:00 pid=48952 tid=12 left-down x=2076 y=1278 wordForeground=True
2026-09-06T10:52:36.0954245+08:00 pid=48952 tid=12 left-down x=1190 y=747 wordForeground=False
2026-09-06T10:52:50.2249384+08:00 pid=48952 tid=12 left-down x=2024 y=1163 wordForeground=True
2026-09-06T10:54:55.8938672+08:00 pid=48952 tid=12 left-down x=736 y=1258 wordForeground=False
2026-09-06T10:54:58.6293825+08:00 pid=48952 tid=12 left-down x=2120 y=899 wordForeground=False
2026-09-06T10:54:59.0439564+08:00 pid=48952 tid=12 left-down x=1190 y=747 wordForeground=False
2026-09-06T10:55:14.1016881+08:00 pid=48952 tid=12 left-down x=2024 y=1163 wordForeground=True
2026-09-06T10:56:55.8064647+08:00 pid=48952 tid=12 left-down x=1190 y=747 wordForeground=False
2026-09-06T10:57:10.1223253+08:00 pid=48952 tid=12 left-down x=2024 y=1163 wordForeground=True
2026-09-06T10:58:01.0159249+08:00 pid=48952 tid=12 left-down x=1140 y=1210 wordForeground=True
2026-09-06T10:58:01.6991032+08:00 pid=48952 tid=12 left-down x=1140 y=1210 wordForeground=True
2026-09-06T10:59:31.9850148+08:00 pid=48952 tid=12 left-down x=846 y=1203 wordForeground=False
2026-09-06T10:59:35.0387021+08:00 pid=48952 tid=12 left-down x=2211 y=1232 wordForeground=True
2026-09-06T10:59:37.7203562+08:00 pid=48952 tid=12 left-down x=1718 y=1090 wordForeground=True
2026-09-06T10:59:38.9179009+08:00 pid=48952 tid=12 left-down x=1634 y=1069 wordForeground=True
2026-09-06T10:59:43.4001867+08:00 pid=48952 tid=12 left-down x=1838 y=818 wordForeground=True
2026-09-06T11:00:22.2048659+08:00 pid=48952 tid=12 left-down x=1155 y=1210 wordForeground=True
2026-09-06T11:00:22.8402010+08:00 pid=48952 tid=12 left-down x=1155 y=1210 wordForeground=True
2026-09-06T11:01:26.1406082+08:00 pid=48952 tid=12 left-down x=1155 y=1060 wordForeground=True
2026-09-06T11:01:26.7625429+08:00 pid=48952 tid=12 left-down x=1155 y=1060 wordForeground=True
2026-09-06T11:03:20.3954351+08:00 pid=48952 tid=12 left-down x=872 y=865 wordForeground=False
2026-09-06T11:03:29.6822447+08:00 pid=48952 tid=12 left-down x=1190 y=747 wordForeground=False
2026-09-06T11:03:44.3714742+08:00 pid=48952 tid=12 left-down x=2024 y=1163 wordForeground=True
2026-09-06T11:04:28.7891527+08:00 pid=48952 tid=12 left-down x=1155 y=1210 wordForeground=True
2026-09-06T11:04:29.4928422+08:00 pid=48952 tid=12 left-down x=1155 y=1210 wordForeground=True
2026-09-06T11:04:49.1414663+08:00 pid=48952 tid=12 left-down x=1838 y=688 wordForeground=True
2026-09-06T11:05:33.4417948+08:00 pid=48952 tid=12 left-down x=1140 y=1207 wordForeground=True
2026-09-06T11:05:34.1269085+08:00 pid=48952 tid=12 left-down x=1140 y=1207 wordForeground=True
2026-09-06T11:06:57.6003712+08:00 pid=48952 tid=12 left-down x=1382 y=1120 wordForeground=False
2026-09-06T11:07:00.4398737+08:00 pid=48952 tid=12 left-down x=2178 y=458 wordForeground=False
2026-09-06T11:07:02.8298431+08:00 pid=48952 tid=12 left-down x=2492 y=460 wordForeground=False
2026-09-06T11:07:53.2246901+08:00 pid=48952 tid=12 left-down x=795 y=1222 wordForeground=False
2026-09-06T11:07:57.9763614+08:00 pid=48952 tid=12 left-down x=2315 y=1180 wordForeground=True
2026-09-06T11:09:30.4684206+08:00 pid=48952 tid=12 left-down x=2178 y=458 wordForeground=False
2026-09-06T11:10:07.5722278+08:00 pid=48952 tid=12 left-down x=1382 y=1120 wordForeground=False
2026-09-06T11:10:10.3515946+08:00 pid=48952 tid=12 left-down x=2492 y=460 wordForeground=False
2026-09-06T11:14:03.7909244+08:00 pid=48952 tid=12 left-down x=1190 y=747 wordForeground=False
2026-09-06T11:14:07.2305510+08:00 pid=48952 tid=12 left-down x=1665 y=747 wordForeground=False
2026-09-06T11:14:21.9233144+08:00 pid=48952 tid=12 left-down x=1190 y=747 wordForeground=False
2026-09-06T11:14:25.1139314+08:00 pid=48952 tid=12 left-down x=1665 y=747 wordForeground=False
2026-09-06T11:14:39.3042556+08:00 pid=48952 tid=12 left-down x=1190 y=747 wordForeground=False
2026-09-06T11:15:52.2697037+08:00 pid=48952 tid=12 left-down x=2024 y=1187 wordForeground=True
2026-09-06T11:17:35.3300419+08:00 pid=48952 tid=12 left-down x=1838 y=774 wordForeground=True
2026-09-06T11:20:19.2244145+08:00 pid=48952 tid=12 left-down x=1072 y=2130 wordForeground=False
2026-09-06T11:20:23.0333354+08:00 pid=48952 tid=12 left-down x=2255 y=1372 wordForeground=True
2026-09-06T11:20:24.1502061+08:00 pid=48952 tid=12 left-down x=2198 y=1441 wordForeground=True
2026-09-06T11:21:15.8122405+08:00 pid=48952 tid=12 left-down x=795 y=1238 wordForeground=False
2026-09-06T11:21:18.1520020+08:00 pid=48952 tid=12 left-down x=2192 y=1367 wordForeground=True
2026-09-06T11:21:19.2540410+08:00 pid=48952 tid=12 left-down x=740 y=1215 wordForeground=False
2026-09-06T11:22:20.8656926+08:00 pid=48952 tid=12 left-down x=1190 y=747 wordForeground=False
2026-09-06T11:22:23.7794826+08:00 pid=48952 tid=12 left-down x=1665 y=747 wordForeground=False
2026-09-06T11:22:37.6556316+08:00 pid=48952 tid=12 left-down x=1190 y=747 wordForeground=False
2026-09-06T11:22:41.3804567+08:00 pid=48952 tid=12 left-down x=1665 y=747 wordForeground=False
2026-09-06T11:22:55.1924767+08:00 pid=48952 tid=12 left-down x=1190 y=747 wordForeground=False
2026-09-06T11:23:11.7708845+08:00 pid=48952 tid=12 left-down x=2024 y=1187 wordForeground=True
2026-09-06T11:24:09.7860982+08:00 pid=48952 tid=12 left-down x=809 y=1245 wordForeground=False
2026-09-06T11:24:16.5845402+08:00 pid=48952 tid=12 left-down x=199 y=1498 wordForeground=False
2026-09-06T11:24:17.3611414+08:00 pid=48952 tid=12 left-down x=206 y=1485 wordForeground=False
2026-09-06T11:24:19.3270476+08:00 pid=48952 tid=12 left-down x=2049 y=1405 wordForeground=True
2026-09-06T11:30:09.0576484+08:00 pid=48952 tid=12 left-down x=1838 y=688 wordForeground=True
2026-09-06T11:30:56.9745722+08:00 pid=48952 tid=12 left-down x=1155 y=1337 wordForeground=True
2026-09-06T11:30:57.5785113+08:00 pid=48952 tid=12 left-down x=1155 y=1337 wordForeground=True
2026-09-06T11:42:00.5609852+08:00 pid=48952 tid=12 left-down x=806 y=1112 wordForeground=False
2026-09-06T11:42:44.6011512+08:00 pid=48952 tid=12 left-down x=239 y=1463 wordForeground=False
2026-09-06T11:42:48.4537181+08:00 pid=48952 tid=12 left-down x=1500 y=1569 wordForeground=True
2026-09-06T11:42:49.8276662+08:00 pid=48952 tid=12 left-down x=661 y=1211 wordForeground=False
2026-09-06T11:42:51.9908884+08:00 pid=48952 tid=12 left-down x=1925 y=1462 wordForeground=False
2026-09-06T11:42:57.7968402+08:00 pid=48952 tid=12 left-down x=1927 y=477 wordForeground=False
2026-09-06T11:43:13.8584811+08:00 pid=48952 tid=12 left-down x=2392 y=184 wordForeground=False
2026-09-06T11:43:16.4387626+08:00 pid=48952 tid=12 left-down x=145 y=94 wordForeground=False
2026-09-06T11:43:19.9156758+08:00 pid=48952 tid=12 left-down x=343 y=307 wordForeground=False
2026-09-06T11:43:22.7184064+08:00 pid=48952 tid=12 left-down x=1441 y=2145 wordForeground=False
2026-09-06T11:43:25.0497978+08:00 pid=48952 tid=12 left-down x=1057 y=2123 wordForeground=False
2026-09-06T11:43:26.2413935+08:00 pid=48952 tid=12 left-down x=1355 y=2138 wordForeground=False
2026-09-06T11:43:41.0650269+08:00 pid=48952 tid=12 left-down x=1076 y=1158 wordForeground=False
2026-09-06T11:43:49.3021238+08:00 pid=48952 tid=12 left-down x=1360 y=2079 wordForeground=False
2026-09-06T11:44:01.9862182+08:00 pid=48952 tid=12 left-down x=1353 y=2049 wordForeground=False
2026-09-06T11:44:04.2367978+08:00 pid=48952 tid=12 left-down x=1902 y=1224 wordForeground=True
2026-09-06T11:44:05.9039661+08:00 pid=48952 tid=12 left-down x=1620 y=1535 wordForeground=True
2026-09-06T11:44:07.9919655+08:00 pid=48952 tid=12 left-down x=880 y=1260 wordForeground=False
2026-09-06T11:48:43.9612304+08:00 pid=48952 tid=12 left-down x=1618 y=1245 wordForeground=True
2026-09-06T11:48:46.1758937+08:00 pid=48952 tid=12 left-down x=788 y=1222 wordForeground=False
2026-09-06T11:48:50.5857693+08:00 pid=48952 tid=12 left-down x=1329 y=1606 wordForeground=True
2026-09-06T11:48:55.4572656+08:00 pid=48952 tid=12 left-down x=780 y=1237 wordForeground=False
2026-09-06T11:48:59.3976789+08:00 pid=48952 tid=12 left-down x=1347 y=1604 wordForeground=True
2026-09-06T11:53:50.6124154+08:00 pid=48952 tid=12 left-down x=1083 y=2146 wordForeground=False
2026-09-06T11:54:07.3152005+08:00 pid=48952 tid=12 left-down x=1984 y=1086 wordForeground=True
2026-09-06T11:56:54.3435124+08:00 pid=48952 tid=12 left-down x=2024 y=1187 wordForeground=True
2026-09-06T11:57:02.0305059+08:00 pid=48952 tid=12 left-down x=1838 y=818 wordForeground=True
2026-09-06T12:09:32.5808496+08:00 pid=48952 tid=12 left-down x=2024 y=1187 wordForeground=True
2026-09-06T12:10:06.8767082+08:00 pid=48952 tid=12 left-down x=1838 y=688 wordForeground=True
2026-09-06T12:10:49.0802092+08:00 pid=48952 tid=12 left-down x=1151 y=1515 wordForeground=True
2026-09-06T12:10:49.5766439+08:00 pid=48952 tid=12 left-down x=1151 y=1515 wordForeground=True
2026-09-06T12:10:49.5766439+08:00 pid=48952 tid=12 double-click elapsedMs=495.512 withinX=True withinY=True nativeOleTarget=False suppressSecondDown=False dispatchCallback=True
2026-09-06T12:10:49.6722095+08:00 pid=48952 tid=10 callback-begin interceptedNativeOle=False x=1151 y=1515
2026-09-06T12:10:49.6722095+08:00 pid=48952 tid=10 addin-callback-received interceptedNativeOle=False x=1151 y=1515
2026-09-06T12:10:49.6732119+08:00 pid=48952 tid=10 callback-end
2026-09-06T12:10:49.6942121+08:00 pid=48952 tid=1 addin-coordinate-selection formulaId=<null> objectMode=<null>
2026-09-06T12:12:07.6529812+08:00 pid=48952 tid=12 left-down x=1838 y=774 wordForeground=True
2026-09-06T12:12:58.9483410+08:00 pid=48952 tid=12 left-down x=1170 y=1320 wordForeground=True
2026-09-06T12:12:59.5799790+08:00 pid=48952 tid=12 left-down x=1170 y=1320 wordForeground=True
2026-09-06T12:16:38.5925239+08:00 pid=48952 tid=12 left-down x=801 y=814 wordForeground=False
2026-09-06T12:16:40.2900622+08:00 pid=48952 tid=12 left-down x=1006 y=849 wordForeground=False
2026-09-06T12:19:30.0803754+08:00 pid=48952 tid=12 left-down x=2024 y=1187 wordForeground=True
2026-09-06T12:19:37.8078935+08:00 pid=48952 tid=12 left-down x=1838 y=688 wordForeground=True
2026-09-06T12:30:33.3776339+08:00 pid=48952 tid=12 left-down x=2024 y=1187 wordForeground=True
2026-09-06T12:36:36.9532968+08:00 pid=48952 tid=12 left-down x=2024 y=1187 wordForeground=True
2026-09-06T12:38:56.4133675+08:00 pid=48952 tid=12 left-down x=2024 y=1187 wordForeground=True
2026-09-06T12:40:48.9292701+08:00 pid=48952 tid=12 left-down x=1838 y=860 wordForeground=True
2026-09-06T12:41:32.7987915+08:00 pid=48952 tid=12 left-down x=1183 y=1627 wordForeground=True
2026-09-06T12:41:33.5054548+08:00 pid=48952 tid=12 left-down x=1183 y=1627 wordForeground=True
2026-09-06T12:42:48.8757744+08:00 pid=48952 tid=12 left-down x=1838 y=732 wordForeground=True
2026-09-06T12:44:29.4436251+08:00 pid=48952 tid=12 left-down x=1838 y=688 wordForeground=True
2026-09-06T12:51:11.8408343+08:00 pid=48952 tid=12 left-down x=1302 y=747 wordForeground=False
2026-09-06T12:52:22.2162608+08:00 pid=48952 tid=12 left-down x=2058 y=1197 wordForeground=True
2026-09-06T12:59:17.4194754+08:00 pid=48952 tid=12 left-down x=1302 y=747 wordForeground=False
2026-09-06T13:00:33.9741490+08:00 pid=48952 tid=12 left-down x=2024 y=1163 wordForeground=True
2026-09-06T13:03:50.1408416+08:00 pid=48952 tid=12 left-down x=846 y=1216 wordForeground=False
2026-09-06T13:04:06.9919051+08:00 pid=48952 tid=12 left-down x=1992 y=1336 wordForeground=True
2026-09-06T13:04:09.0209503+08:00 pid=48952 tid=12 left-down x=1947 y=1234 wordForeground=True
2026-09-06T13:04:10.7205893+08:00 pid=48952 tid=12 left-down x=1796 y=1396 wordForeground=True
2026-09-06T13:04:11.9048230+08:00 pid=48952 tid=12 left-down x=1602 y=1458 wordForeground=True
2026-09-06T13:05:18.8182293+08:00 pid=48952 tid=12 left-down x=851 y=1174 wordForeground=False
2026-09-06T13:06:18.2173327+08:00 pid=48952 tid=12 left-down x=1302 y=747 wordForeground=False
2026-09-06T13:08:48.5418503+08:00 pid=48952 tid=12 left-down x=1302 y=747 wordForeground=True
2026-09-06T13:09:21.9012290+08:00 pid=48952 tid=12 left-down x=807 y=1221 wordForeground=False
2026-09-06T13:09:27.0137518+08:00 pid=48952 tid=12 left-down x=2025 y=1437 wordForeground=True
2026-09-06T13:09:28.4416778+08:00 pid=48952 tid=12 left-down x=1854 y=1262 wordForeground=True
2026-09-06T13:09:29.5770030+08:00 pid=48952 tid=12 left-down x=1605 y=1330 wordForeground=True
2026-09-06T13:11:25.8545893+08:00 pid=48952 tid=12 left-down x=2024 y=1163 wordForeground=True
2026-09-06T13:14:22.0019132+08:00 pid=48952 tid=12 left-down x=801 y=1230 wordForeground=False
2026-09-06T13:14:42.2639469+08:00 pid=48952 tid=12 left-down x=909 y=1354 wordForeground=False
2026-09-06T13:16:13.3154234+08:00 pid=48952 tid=12 left-down x=854 y=1380 wordForeground=False
2026-09-06T13:16:15.6331593+08:00 pid=48952 tid=12 left-down x=1838 y=1436 wordForeground=False
2026-09-06T13:20:48.8076923+08:00 pid=48952 tid=12 left-down x=897 y=1337 wordForeground=False
2026-09-06T13:22:16.6400667+08:00 pid=48952 tid=12 left-down x=1079 y=2134 wordForeground=False
2026-09-06T13:23:31.4065977+08:00 pid=48952 tid=12 left-down x=912 y=1198 wordForeground=False
2026-09-06T13:23:56.8000344+08:00 pid=48952 tid=12 left-down x=300 y=15 wordForeground=False
2026-09-06T13:25:29.6503996+08:00 pid=48952 tid=12 left-down x=832 y=1274 wordForeground=False
2026-09-06T13:28:26.7851795+08:00 pid=48952 tid=12 left-down x=663 y=1262 wordForeground=False
2026-09-06T13:28:53.4763570+08:00 pid=48952 tid=12 left-down x=1317 y=747 wordForeground=False
2026-09-06T13:28:56.9569326+08:00 pid=48952 tid=12 left-down x=1792 y=747 wordForeground=False
2026-09-06T13:29:59.2406437+08:00 pid=48952 tid=12 left-down x=1317 y=747 wordForeground=False
2026-09-06T13:30:02.7401773+08:00 pid=48952 tid=12 left-down x=1792 y=747 wordForeground=False
2026-09-06T13:31:57.2394674+08:00 pid=48952 tid=12 left-down x=2024 y=1187 wordForeground=True
2026-09-06T13:33:21.8362977+08:00 pid=48952 tid=12 left-down x=895 y=904 wordForeground=False
2026-09-06T13:34:34.0205433+08:00 pid=48952 tid=12 left-down x=1838 y=860 wordForeground=True
2026-09-06T13:35:09.3550322+08:00 pid=48952 tid=12 left-down x=766 y=1265 wordForeground=False
2026-09-06T13:40:46.6036768+08:00 pid=48952 tid=12 left-down x=1317 y=747 wordForeground=False
2026-09-06T13:40:50.0745638+08:00 pid=48952 tid=12 left-down x=1792 y=747 wordForeground=False
2026-09-06T13:41:58.4868886+08:00 pid=48952 tid=12 left-down x=1317 y=747 wordForeground=False
2026-09-06T13:42:01.7377125+08:00 pid=48952 tid=12 left-down x=1792 y=747 wordForeground=False
2026-09-06T13:43:10.8741190+08:00 pid=48952 tid=12 left-down x=2024 y=1187 wordForeground=True
2026-09-06T13:51:23.6549874+08:00 pid=48952 tid=12 left-down x=1172 y=1508 wordForeground=True
2026-09-06T13:51:24.3764772+08:00 pid=48952 tid=12 left-down x=1172 y=1508 wordForeground=True
2026-09-06T13:52:15.0277213+08:00 pid=48952 tid=12 left-down x=1172 y=1088 wordForeground=True
2026-09-06T13:52:15.6372961+08:00 pid=48952 tid=12 left-down x=1172 y=1088 wordForeground=True
2026-09-06T13:56:11.2258221+08:00 pid=48952 tid=12 left-down x=1317 y=747 wordForeground=False
2026-09-06T13:56:14.5221321+08:00 pid=48952 tid=12 left-down x=1792 y=747 wordForeground=False
2026-09-06T13:57:06.7658080+08:00 pid=48952 tid=12 left-down x=1317 y=747 wordForeground=False
2026-09-06T13:57:10.2642780+08:00 pid=48952 tid=12 left-down x=1792 y=747 wordForeground=False
2026-09-06T13:58:06.6751879+08:00 pid=48952 tid=12 left-down x=2024 y=1187 wordForeground=True
2026-09-06T14:03:33.7057230+08:00 pid=48952 tid=12 left-down x=1317 y=747 wordForeground=False
2026-09-06T14:03:36.7106905+08:00 pid=48952 tid=12 left-down x=1792 y=747 wordForeground=False
2026-09-06T14:04:17.1706680+08:00 pid=48952 tid=12 left-down x=1317 y=747 wordForeground=False
2026-09-06T14:04:20.5470276+08:00 pid=48952 tid=12 left-down x=1792 y=747 wordForeground=False
2026-09-06T14:05:25.6923890+08:00 pid=48952 tid=12 left-down x=2024 y=1187 wordForeground=True
2026-09-06T14:07:17.5016841+08:00 pid=48952 tid=12 left-down x=1838 y=688 wordForeground=True
2026-09-06T14:08:17.3037643+08:00 pid=48952 tid=12 left-down x=1141 y=1508 wordForeground=True
2026-09-06T14:08:17.8363295+08:00 pid=48952 tid=12 left-down x=1141 y=1508 wordForeground=True
2026-09-06T14:13:47.3440398+08:00 pid=48952 tid=12 left-down x=1141 y=1508 wordForeground=True
2026-09-06T14:13:47.8654734+08:00 pid=48952 tid=12 left-down x=1141 y=1508 wordForeground=True
2026-09-06T14:16:21.2976052+08:00 pid=48952 tid=12 left-down x=1317 y=747 wordForeground=False
2026-09-06T14:16:24.3935695+08:00 pid=48952 tid=12 left-down x=1792 y=747 wordForeground=False
2026-09-06T14:17:36.0525545+08:00 pid=48952 tid=12 left-down x=1317 y=747 wordForeground=False
2026-09-06T14:17:39.6562715+08:00 pid=48952 tid=12 left-down x=1792 y=747 wordForeground=False
2026-09-06T14:18:32.0688265+08:00 pid=48952 tid=12 left-down x=2024 y=1187 wordForeground=True
2026-09-06T14:20:29.0897888+08:00 pid=48952 tid=12 left-down x=1838 y=860 wordForeground=True
2026-09-06T14:21:51.8006092+08:00 pid=48952 tid=12 left-down x=1172 y=1568 wordForeground=True
2026-09-06T14:21:52.2989794+08:00 pid=48952 tid=12 left-down x=1172 y=1568 wordForeground=True
2026-09-06T14:21:52.2989794+08:00 pid=48952 tid=12 double-click elapsedMs=497.624 withinX=True withinY=True nativeOleTarget=False suppressSecondDown=False dispatchCallback=True
2026-09-06T14:21:52.3909822+08:00 pid=48952 tid=10 callback-begin interceptedNativeOle=False x=1172 y=1568
2026-09-06T14:21:52.3909822+08:00 pid=48952 tid=10 addin-callback-received interceptedNativeOle=False x=1172 y=1568
2026-09-06T14:21:52.3919802+08:00 pid=48952 tid=10 callback-end
2026-09-06T14:21:52.3919802+08:00 pid=48952 tid=1 addin-coordinate-selection formulaId=<null> objectMode=<null>
2026-09-06T14:22:33.7765345+08:00 pid=48952 tid=12 left-down x=1382 y=1120 wordForeground=False
2026-09-06T14:22:36.0789574+08:00 pid=48952 tid=12 left-down x=2178 y=458 wordForeground=False
2026-09-06T14:22:38.6207370+08:00 pid=48952 tid=12 left-down x=2492 y=460 wordForeground=False
2026-09-06T14:30:55.3476693+08:00 pid=48952 tid=12 left-down x=1382 y=1120 wordForeground=False
2026-09-06T14:30:57.5904142+08:00 pid=48952 tid=12 left-down x=2178 y=458 wordForeground=False
2026-09-06T14:30:59.7987894+08:00 pid=48952 tid=12 left-down x=2492 y=460 wordForeground=False
2026-09-06T14:32:40.7725950+08:00 pid=48952 tid=12 left-down x=2332 y=460 wordForeground=False
2026-09-06T14:37:41.4439651+08:00 pid=48952 tid=12 left-down x=1382 y=1120 wordForeground=False
2026-09-06T14:37:43.9004101+08:00 pid=48952 tid=12 left-down x=2332 y=460 wordForeground=False
2026-09-06T14:37:46.3771367+08:00 pid=48952 tid=12 left-down x=2492 y=460 wordForeground=False
2026-09-06T14:39:07.1420967+08:00 pid=48952 tid=12 left-down x=2024 y=1259 wordForeground=True
2026-09-06T14:39:15.7882936+08:00 pid=48952 tid=12 left-down x=1838 y=688 wordForeground=True
2026-09-06T14:46:03.6762713+08:00 pid=48952 tid=12 left-down x=1838 y=860 wordForeground=True
2026-09-06T14:46:11.8499305+08:00 pid=48952 tid=12 left-down x=1382 y=1120 wordForeground=False
2026-09-06T14:47:28.2805373+08:00 pid=48952 tid=12 left-down x=2332 y=460 wordForeground=False
2026-09-06T14:47:31.0536013+08:00 pid=48952 tid=12 left-down x=2492 y=460 wordForeground=False
2026-09-06T14:48:36.5195203+08:00 pid=48952 tid=12 left-down x=2024 y=1259 wordForeground=True
2026-09-06T14:48:44.7026345+08:00 pid=48952 tid=12 left-down x=1838 y=688 wordForeground=True
2026-09-06T14:49:33.0831173+08:00 pid=48952 tid=12 left-down x=1136 y=1941 wordForeground=True
2026-09-06T14:49:33.6015241+08:00 pid=48952 tid=12 left-down x=1136 y=1941 wordForeground=True
2026-09-06T14:50:13.1267967+08:00 pid=48952 tid=12 left-down x=1838 y=860 wordForeground=True
2026-09-06T14:53:21.6549949+08:00 pid=48952 tid=12 left-down x=1838 y=688 wordForeground=True
2026-09-06T14:53:30.5745570+08:00 pid=48952 tid=12 left-down x=1382 y=1120 wordForeground=False
2026-09-06T14:53:33.4210889+08:00 pid=48952 tid=12 left-down x=2332 y=460 wordForeground=False
2026-09-06T14:53:35.4612972+08:00 pid=48952 tid=12 left-down x=2492 y=460 wordForeground=False
2026-09-06T14:55:35.8191937+08:00 pid=48952 tid=12 left-down x=2024 y=1187 wordForeground=True
2026-09-06T14:59:40.4647179+08:00 pid=48952 tid=12 left-down x=1776 y=1270 wordForeground=False
2026-09-06T15:07:02.0397559+08:00 pid=48952 tid=12 left-down x=1140 y=1245 wordForeground=True
2026-09-06T15:07:02.3791224+08:00 pid=48952 tid=12 left-down x=1140 y=1245 wordForeground=True
2026-09-06T15:07:02.3791224+08:00 pid=48952 tid=12 double-click elapsedMs=339.426 withinX=True withinY=True nativeOleTarget=False suppressSecondDown=False dispatchCallback=True
2026-09-06T15:07:02.4823012+08:00 pid=48952 tid=10 callback-begin interceptedNativeOle=False x=1140 y=1245
2026-09-06T15:07:02.4823012+08:00 pid=48952 tid=10 addin-callback-received interceptedNativeOle=False x=1140 y=1245
2026-09-06T15:07:02.4833015+08:00 pid=48952 tid=10 callback-end
2026-09-06T15:07:02.4833015+08:00 pid=48952 tid=1 addin-coordinate-selection formulaId=<null> objectMode=<null>
2026-09-06T15:09:35.9275782+08:00 pid=48952 tid=12 left-down x=1776 y=1270 wordForeground=False
2026-09-06T15:21:11.1863957+08:00 pid=48952 tid=12 left-down x=1838 y=688 wordForeground=True
2026-09-06T15:21:35.4082028+08:00 pid=48952 tid=12 left-down x=1382 y=1120 wordForeground=False
2026-09-06T15:21:38.2468345+08:00 pid=48952 tid=12 left-down x=2332 y=460 wordForeground=False
2026-09-06T15:21:40.7491482+08:00 pid=48952 tid=12 left-down x=2492 y=460 wordForeground=False
2026-09-06T15:22:32.9649400+08:00 pid=48952 tid=12 left-down x=2024 y=1187 wordForeground=True
2026-09-06T15:26:37.0870342+08:00 pid=48952 tid=12 left-down x=1140 y=1088 wordForeground=True
2026-09-06T15:26:37.6050070+08:00 pid=48952 tid=12 left-down x=1140 y=1088 wordForeground=True
2026-09-06T15:27:09.7401026+08:00 pid=48952 tid=12 left-down x=1838 y=688 wordForeground=True
2026-09-06T15:27:52.1417882+08:00 pid=48952 tid=12 left-down x=1382 y=1120 wordForeground=False
2026-09-06T15:27:54.9729803+08:00 pid=48952 tid=12 left-down x=2332 y=460 wordForeground=False
2026-09-06T15:27:57.3725880+08:00 pid=48952 tid=12 left-down x=2492 y=460 wordForeground=False
2026-09-06T15:29:57.7060844+08:00 pid=48952 tid=12 left-down x=1776 y=1270 wordForeground=False
2026-09-06T15:30:43.7738131+08:00 pid=48952 tid=12 left-down x=2024 y=1187 wordForeground=True
2026-09-06T15:31:48.9979642+08:00 pid=48952 tid=12 left-down x=698 y=1234 wordForeground=False
2026-09-06T15:31:52.5538004+08:00 pid=48952 tid=12 left-down x=1685 y=1610 wordForeground=True
2026-09-06T15:33:03.7926191+08:00 pid=48952 tid=12 left-down x=1838 y=860 wordForeground=True
2026-09-06T15:33:48.8111409+08:00 pid=48952 tid=12 left-down x=219 y=1479 wordForeground=False
2026-09-06T15:33:54.3638696+08:00 pid=48952 tid=12 left-down x=1323 y=1598 wordForeground=False
2026-09-06T15:35:01.0247093+08:00 pid=48952 tid=12 left-down x=1170 y=1088 wordForeground=True
2026-09-06T15:35:01.5322130+08:00 pid=48952 tid=12 left-down x=1170 y=1088 wordForeground=True
2026-09-06T15:35:43.6918024+08:00 pid=48952 tid=12 left-down x=837 y=1166 wordForeground=False
2026-09-06T15:36:00.6090069+08:00 pid=48952 tid=12 left-down x=2078 y=1366 wordForeground=True
2026-09-06T15:37:06.0175529+08:00 pid=48952 tid=12 left-down x=1776 y=1270 wordForeground=False
2026-09-06T15:46:37.6074830+08:00 pid=48952 tid=12 left-down x=1838 y=688 wordForeground=True
2026-09-06T15:46:46.2872672+08:00 pid=48952 tid=12 left-down x=1382 y=1120 wordForeground=False
2026-09-06T15:46:49.4311446+08:00 pid=48952 tid=12 left-down x=2332 y=460 wordForeground=False
2026-09-06T15:46:51.4473178+08:00 pid=48952 tid=12 left-down x=2492 y=460 wordForeground=False
2026-09-06T15:49:13.2891517+08:00 pid=48952 tid=12 left-down x=1776 y=1270 wordForeground=False
2026-09-06T15:50:01.3978055+08:00 pid=48952 tid=12 left-down x=2024 y=1187 wordForeground=True
2026-09-06T15:50:10.3494560+08:00 pid=48952 tid=12 left-down x=1838 y=860 wordForeground=True
2026-09-06T15:54:09.8081190+08:00 pid=48952 tid=12 left-down x=1170 y=1118 wordForeground=True
2026-09-06T15:54:10.3535869+08:00 pid=48952 tid=12 left-down x=1170 y=1118 wordForeground=True
2026-09-06T15:54:20.8713698+08:00 pid=48952 tid=12 left-down x=1776 y=1270 wordForeground=False
2026-09-06T15:55:19.5855582+08:00 pid=48952 tid=12 left-down x=758 y=1250 wordForeground=False
2026-09-06T15:55:45.7126416+08:00 pid=48952 tid=12 left-down x=820 y=1253 wordForeground=False
2026-09-06T15:55:57.2938017+08:00 pid=48952 tid=12 left-down x=2051 y=1093 wordForeground=True
2026-09-06T15:57:05.2111903+08:00 pid=48952 tid=12 left-down x=763 y=1216 wordForeground=False
2026-09-06T15:57:07.3101283+08:00 pid=48952 tid=12 left-down x=2028 y=1110 wordForeground=True
2026-09-06T15:57:10.2987462+08:00 pid=48952 tid=12 left-down x=770 y=1090 wordForeground=False
2026-09-06T15:57:12.1525020+08:00 pid=48952 tid=12 left-down x=618 y=1046 wordForeground=False
2026-09-06T15:57:16.2713391+08:00 pid=48952 tid=12 left-down x=1892 y=402 wordForeground=False
2026-09-06T15:57:21.2824767+08:00 pid=48952 tid=12 left-down x=1965 y=1091 wordForeground=True
2026-09-06T15:57:24.6528025+08:00 pid=48952 tid=12 left-down x=717 y=1085 wordForeground=False
2026-09-06T15:57:27.0711795+08:00 pid=48952 tid=12 left-down x=620 y=1012 wordForeground=False
2026-09-06T15:57:29.5275876+08:00 pid=48952 tid=12 left-down x=1896 y=398 wordForeground=False
2026-09-06T15:57:34.1248188+08:00 pid=48952 tid=12 left-down x=1979 y=1077 wordForeground=True
2026-09-06T16:04:19.8615281+08:00 pid=48952 tid=12 left-down x=153 y=1448 wordForeground=False
2026-09-06T16:04:23.2971105+08:00 pid=48952 tid=12 left-down x=963 y=1227 wordForeground=False
2026-09-06T16:05:06.0191209+08:00 pid=48952 tid=12 left-down x=1838 y=688 wordForeground=True
2026-09-06T16:05:14.4964396+08:00 pid=48952 tid=12 left-down x=1382 y=1120 wordForeground=False
2026-09-06T16:05:17.1881454+08:00 pid=48952 tid=12 left-down x=2332 y=460 wordForeground=False
2026-09-06T16:05:19.7730595+08:00 pid=48952 tid=12 left-down x=2492 y=460 wordForeground=False
2026-09-06T16:06:52.6926421+08:00 pid=48952 tid=12 left-down x=1776 y=1270 wordForeground=False
2026-09-06T16:08:00.7537571+08:00 pid=48952 tid=12 left-down x=2024 y=1187 wordForeground=True
2026-09-06T16:08:21.4006211+08:00 pid=48952 tid=12 left-down x=1838 y=860 wordForeground=True
2026-09-06T16:12:08.6226945+08:00 pid=48952 tid=12 left-down x=1776 y=1270 wordForeground=False
2026-09-06T16:15:16.4775335+08:00 pid=48952 tid=12 left-down x=772 y=1266 wordForeground=False
2026-09-06T16:15:25.4131531+08:00 pid=48952 tid=12 left-down x=1844 y=1725 wordForeground=True
2026-09-06T16:18:12.3121267+08:00 pid=48952 tid=12 left-down x=1776 y=1270 wordForeground=False
2026-09-06T16:26:34.6053050+08:00 pid=48952 tid=12 left-down x=1382 y=1120 wordForeground=False
2026-09-06T16:26:37.1448958+08:00 pid=48952 tid=12 left-down x=2332 y=460 wordForeground=False
2026-09-06T16:26:39.4866733+08:00 pid=48952 tid=12 left-down x=2492 y=460 wordForeground=False
2026-09-06T16:27:41.8256097+08:00 pid=48952 tid=12 left-down x=713 y=1227 wordForeground=False
2026-09-06T16:27:47.3986430+08:00 pid=48952 tid=12 left-down x=1874 y=1436 wordForeground=True
2026-09-06T16:27:58.1869170+08:00 pid=48952 tid=12 left-down x=700 y=1238 wordForeground=False
2026-09-06T16:28:03.3642518+08:00 pid=48952 tid=12 left-down x=1742 y=1814 wordForeground=True
2026-09-06T16:28:20.9687738+08:00 pid=48952 tid=12 left-down x=2024 y=1187 wordForeground=True
2026-09-06T16:29:40.7525313+08:00 pid=48952 tid=12 left-down x=1172 y=1836 wordForeground=True
2026-09-06T16:29:41.6518024+08:00 pid=48952 tid=12 left-down x=1172 y=1836 wordForeground=True
2026-09-06T16:30:25.2535976+08:00 pid=48952 tid=12 left-down x=739 y=1231 wordForeground=False
2026-09-06T16:30:36.9358377+08:00 pid=48952 tid=12 left-down x=1776 y=1270 wordForeground=False
2026-09-06T16:40:51.0525004+08:00 pid=48952 tid=12 left-down x=1382 y=1120 wordForeground=False
2026-09-06T16:40:53.5894093+08:00 pid=48952 tid=12 left-down x=2332 y=460 wordForeground=False
2026-09-06T16:40:55.8362068+08:00 pid=48952 tid=12 left-down x=2492 y=460 wordForeground=False
2026-09-06T16:43:16.2154915+08:00 pid=48952 tid=12 left-down x=1776 y=1270 wordForeground=False
2026-09-06T16:44:46.9058372+08:00 pid=48952 tid=12 left-down x=2024 y=1187 wordForeground=True
2026-09-06T16:45:51.9421815+08:00 pid=48952 tid=12 left-down x=691 y=1252 wordForeground=False
2026-09-06T16:46:01.5042451+08:00 pid=48952 tid=12 left-down x=191 y=1485 wordForeground=False
2026-09-06T16:46:04.6125248+08:00 pid=48952 tid=12 left-down x=2508 y=1121 wordForeground=True
2026-09-06T16:47:32.1299225+08:00 pid=48952 tid=12 left-down x=776 y=1255 wordForeground=False
2026-09-06T16:47:45.5619564+08:00 pid=48952 tid=12 left-down x=710 y=994 wordForeground=False
2026-09-06T16:47:47.1390531+08:00 pid=48952 tid=12 left-down x=699 y=1023 wordForeground=False
2026-09-06T16:47:48.8628642+08:00 pid=48952 tid=12 left-down x=743 y=1042 wordForeground=False
2026-09-06T16:47:51.4574792+08:00 pid=48952 tid=12 left-down x=764 y=1021 wordForeground=False
2026-09-06T16:47:55.3326570+08:00 pid=48952 tid=12 left-down x=831 y=1077 wordForeground=False
2026-09-06T16:48:05.6802831+08:00 pid=48952 tid=12 left-down x=1046 y=1329 wordForeground=False
2026-09-06T16:48:39.8608544+08:00 pid=48952 tid=12 left-down x=271 y=1440 wordForeground=False
2026-09-06T16:48:41.5966299+08:00 pid=48952 tid=12 left-down x=253 y=1462 wordForeground=False
2026-09-06T16:48:45.7075653+08:00 pid=48952 tid=12 left-down x=270 y=1333 wordForeground=False
2026-09-06T16:48:47.6603870+08:00 pid=48952 tid=12 left-down x=196 y=705 wordForeground=False
2026-09-06T16:48:52.6653712+08:00 pid=48952 tid=12 left-down x=135 y=384 wordForeground=False
2026-09-06T16:58:20.1860635+08:00 pid=48952 tid=12 left-down x=1382 y=1120 wordForeground=False
2026-09-06T16:58:22.8900205+08:00 pid=48952 tid=12 left-down x=2332 y=460 wordForeground=False
2026-09-06T16:58:25.7052054+08:00 pid=48952 tid=12 left-down x=2492 y=460 wordForeground=False
2026-09-06T16:59:25.4217687+08:00 pid=48952 tid=12 left-down x=1776 y=1270 wordForeground=False
2026-09-06T17:00:19.6726932+08:00 pid=48952 tid=12 left-down x=2024 y=1187 wordForeground=True
2026-09-06T17:03:55.3994679+08:00 pid=48952 tid=12 left-down x=711 y=1181 wordForeground=False
2026-09-06T17:04:03.3683631+08:00 pid=48952 tid=12 left-down x=2039 y=1034 wordForeground=True
2026-09-06T17:04:13.1318247+08:00 pid=48952 tid=12 left-down x=759 y=1233 wordForeground=False
2026-09-06T17:06:42.1639449+08:00 pid=48952 tid=12 left-down x=672 y=1256 wordForeground=False
2026-09-06T17:06:50.6624904+08:00 pid=48952 tid=12 left-down x=250 y=1460 wordForeground=False
2026-09-06T17:06:53.8264822+08:00 pid=48952 tid=12 left-down x=902 y=1143 wordForeground=False
2026-09-06T17:08:08.3166769+08:00 pid=48952 tid=12 left-down x=1382 y=1120 wordForeground=False
2026-09-06T17:08:10.7366239+08:00 pid=48952 tid=12 left-down x=2332 y=460 wordForeground=False
2026-09-06T17:08:13.2208997+08:00 pid=48952 tid=12 left-down x=2492 y=460 wordForeground=False
2026-09-06T17:08:28.8222897+08:00 pid=48952 tid=12 left-down x=1776 y=1270 wordForeground=False
2026-09-06T17:08:41.7275008+08:00 pid=48952 tid=12 left-down x=2024 y=1187 wordForeground=True
2026-09-06T17:09:37.4572315+08:00 pid=48952 tid=12 left-down x=841 y=1058 wordForeground=True
2026-09-06T17:10:30.8148033+08:00 pid=48952 tid=12 left-down x=1945 y=1414 wordForeground=True
2026-09-06T17:10:35.2091877+08:00 pid=48952 tid=12 left-down x=782 y=1229 wordForeground=False
2026-09-06T17:10:38.2053347+08:00 pid=48952 tid=12 left-down x=720 y=1078 wordForeground=False
2026-09-06T17:10:41.3468446+08:00 pid=48952 tid=12 left-down x=607 y=974 wordForeground=False
2026-09-06T17:10:44.9226889+08:00 pid=48952 tid=12 left-down x=1871 y=407 wordForeground=False
2026-09-06T17:10:49.1296610+08:00 pid=48952 tid=12 left-down x=2301 y=1453 wordForeground=True
2026-09-06T17:11:37.7117701+08:00 pid=48952 tid=12 left-down x=1776 y=1270 wordForeground=False
2026-09-06T17:13:19.6565349+08:00 pid=48952 tid=12 left-down x=837 y=1224 wordForeground=False
2026-09-06T17:14:16.3104672+08:00 pid=48952 tid=12 left-down x=1838 y=688 wordForeground=True
2026-09-06T17:15:24.8931216+08:00 pid=48952 tid=12 left-down x=1141 y=1087 wordForeground=True
2026-09-06T17:15:25.3966048+08:00 pid=48952 tid=12 left-down x=1141 y=1087 wordForeground=True
2026-09-06T17:16:50.8683734+08:00 pid=48952 tid=12 left-down x=779 y=1278 wordForeground=False
2026-09-06T17:18:49.6087142+08:00 pid=48952 tid=12 left-down x=770 y=1201 wordForeground=False
2026-09-06T17:18:56.4669652+08:00 pid=48952 tid=12 left-down x=2258 y=1350 wordForeground=True
2026-09-06T17:20:34.9008204+08:00 pid=48952 tid=12 left-down x=1382 y=1120 wordForeground=False
2026-09-06T17:20:37.1236026+08:00 pid=48952 tid=12 left-down x=2332 y=460 wordForeground=False
2026-09-06T17:20:39.9232932+08:00 pid=48952 tid=12 left-down x=2492 y=460 wordForeground=False
2026-09-06T17:22:10.9741934+08:00 pid=48952 tid=12 left-down x=1935 y=1345 wordForeground=True
2026-09-06T17:22:14.2572686+08:00 pid=48952 tid=12 left-down x=1808 y=1615 wordForeground=True
2026-09-06T17:23:06.0059174+08:00 pid=48952 tid=12 left-down x=1776 y=1270 wordForeground=False
2026-09-06T17:23:34.0740955+08:00 pid=48952 tid=12 left-down x=2024 y=1187 wordForeground=True
2026-09-06T17:32:01.7736443+08:00 pid=48952 tid=12 left-down x=868 y=930 wordForeground=False
2026-09-06T17:32:13.4020069+08:00 pid=48952 tid=12 left-down x=716 y=707 wordForeground=False
2026-09-06T17:32:16.1970850+08:00 pid=48952 tid=12 left-down x=653 y=533 wordForeground=False
2026-09-06T17:32:19.5082445+08:00 pid=48952 tid=12 left-down x=1891 y=416 wordForeground=False
2026-09-06T17:34:02.8426758+08:00 pid=48952 tid=12 left-down x=1382 y=1120 wordForeground=False
2026-09-06T17:34:05.4211862+08:00 pid=48952 tid=12 left-down x=2332 y=460 wordForeground=False
2026-09-06T17:34:08.1100868+08:00 pid=48952 tid=12 left-down x=2492 y=460 wordForeground=False
2026-09-06T17:35:40.7191633+08:00 pid=48952 tid=12 left-down x=675 y=1190 wordForeground=False
2026-09-06T17:35:47.2550499+08:00 pid=48952 tid=12 left-down x=1961 y=1652 wordForeground=True
2026-09-06T17:35:50.1791428+08:00 pid=48952 tid=12 left-down x=1986 y=1555 wordForeground=True
2026-09-06T17:36:02.4389891+08:00 pid=48952 tid=12 left-down x=1382 y=1120 wordForeground=False
2026-09-06T17:36:04.9250322+08:00 pid=48952 tid=12 left-down x=2332 y=460 wordForeground=False
2026-09-06T17:36:07.8669691+08:00 pid=48952 tid=12 left-down x=2492 y=460 wordForeground=False
2026-09-06T17:38:55.2978159+08:00 pid=48952 tid=12 left-down x=813 y=1058 wordForeground=False
2026-09-06T17:39:06.9770511+08:00 pid=48952 tid=12 left-down x=2050 y=1012 wordForeground=True
2026-09-06T17:39:10.5387601+08:00 pid=48952 tid=12 left-down x=255 y=1492 wordForeground=False
2026-09-06T17:39:13.5326281+08:00 pid=48952 tid=12 left-down x=961 y=1043 wordForeground=False
2026-09-06T17:40:58.4668845+08:00 pid=48952 tid=12 left-down x=1382 y=1120 wordForeground=False
2026-09-06T17:41:00.9856621+08:00 pid=48952 tid=12 left-down x=2332 y=460 wordForeground=False
2026-09-06T17:41:03.0335140+08:00 pid=48952 tid=12 left-down x=2492 y=460 wordForeground=False
2026-09-06T17:41:59.8508952+08:00 pid=48952 tid=12 left-down x=1776 y=1270 wordForeground=False
2026-09-06T17:42:18.0712696+08:00 pid=48952 tid=12 left-down x=2024 y=1187 wordForeground=True
2026-09-06T17:44:01.7859544+08:00 pid=48952 tid=12 left-down x=596 y=1205 wordForeground=False
2026-09-06T17:44:22.5998659+08:00 pid=48952 tid=12 left-down x=2094 y=1018 wordForeground=True
2026-09-06T17:44:25.7800395+08:00 pid=48952 tid=12 left-down x=763 y=1215 wordForeground=False
2026-09-06T17:45:10.3140388+08:00 pid=48952 tid=12 left-down x=737 y=1273 wordForeground=False
2026-09-06T17:45:13.0244247+08:00 pid=48952 tid=12 left-down x=2357 y=1096 wordForeground=False
2026-09-06T17:47:34.8988963+08:00 pid=48952 tid=12 left-down x=894 y=1217 wordForeground=False
2026-09-06T17:47:54.4345297+08:00 pid=48952 tid=12 left-down x=1382 y=1120 wordForeground=False
2026-09-06T17:47:56.7463243+08:00 pid=48952 tid=12 left-down x=2332 y=460 wordForeground=False
2026-09-06T17:47:59.5997282+08:00 pid=48952 tid=12 left-down x=2492 y=460 wordForeground=False
2026-09-06T17:48:44.8242256+08:00 pid=48952 tid=12 left-down x=1776 y=1270 wordForeground=False
2026-09-06T17:49:00.1920739+08:00 pid=48952 tid=12 left-down x=2024 y=1187 wordForeground=True
2026-09-06T17:50:40.1400122+08:00 pid=48952 tid=12 left-down x=836 y=1237 wordForeground=False
2026-09-06T17:50:43.8826090+08:00 pid=48952 tid=12 left-down x=2059 y=1068 wordForeground=True
2026-09-06T17:51:49.3795612+08:00 pid=48952 tid=12 left-down x=607 y=1205 wordForeground=False
2026-09-06T17:51:52.7339085+08:00 pid=48952 tid=12 left-down x=1466 y=1103 wordForeground=False
2026-09-06T17:54:24.5814436+08:00 pid=48952 tid=12 left-down x=1382 y=1120 wordForeground=False
2026-09-06T17:54:27.6417758+08:00 pid=48952 tid=12 left-down x=2332 y=460 wordForeground=False
2026-09-06T17:54:30.4285179+08:00 pid=48952 tid=12 left-down x=2492 y=460 wordForeground=False
2026-09-06T17:55:25.1838603+08:00 pid=48952 tid=12 left-down x=1776 y=1270 wordForeground=False
2026-09-06T17:55:40.5247303+08:00 pid=48952 tid=12 left-down x=2024 y=1211 wordForeground=True
2026-09-06T17:57:01.3557916+08:00 pid=48952 tid=12 left-down x=808 y=1255 wordForeground=False
2026-09-06T17:57:10.3725364+08:00 pid=48952 tid=12 left-down x=1866 y=1723 wordForeground=True
2026-09-06T17:57:20.0400541+08:00 pid=48952 tid=12 left-down x=1905 y=1516 wordForeground=True
2026-09-06T17:58:43.8985727+08:00 pid=48952 tid=12 left-down x=1948 y=1269 wordForeground=True
2026-09-06T17:58:47.7490752+08:00 pid=48952 tid=12 left-down x=1778 y=1476 wordForeground=True
2026-09-06T17:58:52.2855682+08:00 pid=48952 tid=12 left-down x=1141 y=1482 wordForeground=True
2026-09-06T17:58:53.0879531+08:00 pid=48952 tid=12 left-down x=1141 y=1482 wordForeground=True
2026-09-06T17:59:19.9882680+08:00 pid=48952 tid=12 left-down x=1776 y=1270 wordForeground=False
2026-09-06T18:00:02.2125338+08:00 pid=48952 tid=12 left-down x=853 y=1268 wordForeground=False
2026-09-06T18:00:05.8428852+08:00 pid=48952 tid=12 left-down x=2132 y=1445 wordForeground=True
2026-09-06T18:02:54.1864698+08:00 pid=48952 tid=12 left-down x=705 y=1242 wordForeground=False
2026-09-06T18:02:58.9372444+08:00 pid=48952 tid=12 left-down x=2064 y=1539 wordForeground=True
2026-09-06T18:03:24.4380557+08:00 pid=48952 tid=12 left-down x=1776 y=1270 wordForeground=False
2026-09-06T18:08:49.0504245+08:00 pid=48952 tid=12 left-down x=765 y=1027 wordForeground=False
2026-09-06T18:08:52.8460297+08:00 pid=48952 tid=12 left-down x=247 y=1478 wordForeground=False
2026-09-06T18:08:56.5533865+08:00 pid=48952 tid=12 left-down x=664 y=936 wordForeground=False
2026-09-06T18:09:00.7552336+08:00 pid=48952 tid=12 left-down x=1877 y=399 wordForeground=False
2026-09-06T18:11:22.5160440+08:00 pid=48952 tid=12 left-down x=822 y=1270 wordForeground=False
2026-09-06T18:11:32.1081554+08:00 pid=48952 tid=12 left-down x=1265 y=1795 wordForeground=True
2026-09-06T18:13:09.8935355+08:00 pid=48952 tid=12 left-down x=1317 y=747 wordForeground=False
2026-09-06T18:13:11.9940932+08:00 pid=48952 tid=12 left-down x=1602 y=747 wordForeground=False
2026-09-06T18:13:28.5637697+08:00 pid=48952 tid=12 left-down x=1382 y=1120 wordForeground=False
2026-09-06T18:13:31.5733017+08:00 pid=48952 tid=12 left-down x=2332 y=460 wordForeground=False
2026-09-06T18:13:34.0787275+08:00 pid=48952 tid=12 left-down x=2492 y=460 wordForeground=False
2026-09-06T18:14:35.5203254+08:00 pid=48952 tid=12 left-down x=806 y=1212 wordForeground=False
2026-09-06T18:14:52.8417631+08:00 pid=48952 tid=12 left-down x=815 y=1228 wordForeground=False
2026-09-06T18:15:00.2981659+08:00 pid=48952 tid=12 left-down x=2177 y=1494 wordForeground=True
2026-09-06T18:15:03.8880688+08:00 pid=48952 tid=12 left-down x=2100 y=1471 wordForeground=True
2026-09-06T18:15:05.6335623+08:00 pid=48952 tid=12 left-down x=2019 y=1474 wordForeground=True
2026-09-06T18:15:05.9822661+08:00 pid=48952 tid=12 left-down x=2019 y=1475 wordForeground=False
2026-09-06T18:15:14.3603252+08:00 pid=48952 tid=12 left-down x=2639 y=748 wordForeground=True
2026-09-06T18:15:18.8381189+08:00 pid=48952 tid=12 left-down x=835 y=1292 wordForeground=False
2026-09-06T18:15:20.8015312+08:00 pid=48952 tid=12 left-down x=848 y=1359 wordForeground=False
2026-09-06T18:15:22.7713411+08:00 pid=48952 tid=12 left-down x=863 y=1433 wordForeground=False
2026-09-06T18:15:58.0253720+08:00 pid=48952 tid=12 left-down x=218 y=1472 wordForeground=False
2026-09-06T18:18:01.9039963+08:00 pid=48952 tid=12 left-down x=1317 y=747 wordForeground=False
2026-09-06T18:18:20.0532801+08:00 pid=48952 tid=12 left-down x=1382 y=1120 wordForeground=False
2026-09-06T18:18:23.3077744+08:00 pid=48952 tid=12 left-down x=2332 y=460 wordForeground=False
2026-09-06T18:18:25.8808127+08:00 pid=48952 tid=12 left-down x=2492 y=460 wordForeground=False
2026-09-06T18:19:43.0460846+08:00 pid=48952 tid=12 left-down x=1776 y=1270 wordForeground=False
2026-09-06T18:19:56.4990372+08:00 pid=48952 tid=12 left-down x=2024 y=1211 wordForeground=True
2026-09-06T18:22:20.2775852+08:00 pid=48952 tid=12 left-down x=2067 y=1076 wordForeground=True
2026-09-06T18:22:26.5614805+08:00 pid=48952 tid=12 left-down x=1136 y=1362 wordForeground=False
2026-09-06T18:22:56.0621844+08:00 pid=48952 tid=12 left-down x=2228 y=1331 wordForeground=False
2026-09-06T18:23:01.7126296+08:00 pid=48952 tid=12 left-down x=684 y=811 wordForeground=False
2026-09-06T18:23:04.8452111+08:00 pid=48952 tid=12 left-down x=677 y=753 wordForeground=False
2026-09-06T18:23:11.2123040+08:00 pid=48952 tid=12 left-down x=1890 y=411 wordForeground=False
2026-09-06T18:23:16.2872680+08:00 pid=48952 tid=12 left-down x=1381 y=2159 wordForeground=False
2026-09-06T18:23:26.0900661+08:00 pid=48952 tid=12 left-down x=803 y=1363 wordForeground=False
