{
    "fields":  [
                   {
                       "preceding":  {
                                         "start":  125,
                                         "end":  126,
                                         "text":  "(",
                                         "style":  "正文",
                                         "Name":  "等线",
                                         "NameAscii":  "+西文正文",
                                         "NameOther":  "+西文正文",
                                         "NameFarEast":  "+中文正文",
                                         "NameBi":  "+正文 CS 字体",
                                         "Size":  10.5,
                                         "SizeBi":  11,
                                         "Bold":  0,
                                         "BoldBi":  0,
                                         "Italic":  0,
                                         "ItalicBi":  0,
                                         "Underline":  0,
                                         "Color":  -16777216,
                                         "Hidden":  0,
                                         "Position":  0,
                                         "Spacing":  0,
                                         "Scaling":  100,
                                         "Subscript":  0,
                                         "Superscript":  0
                                     },
                       "code":  {
                                    "start":  127,
                                    "end":  191,
                                    "text":  " REF VTEqNum_68ee0829619948eb81da91d8a9b9e46e \\h \\* CHARFORMAT ",
                                    "style":  "正文",
                                    "Name":  "等线",
                                    "NameAscii":  "+西文正文",
                                    "NameOther":  "+西文正文",
                                    "NameFarEast":  "+中文正文",
                                    "NameBi":  "+正文 CS 字体",
                                    "Size":  10.5,
                                    "SizeBi":  11,
                                    "Bold":  0,
                                    "BoldBi":  0,
                                    "Italic":  0,
                                    "ItalicBi":  0,
                                    "Underline":  0,
                                    "Color":  -16777216,
                                    "Hidden":  0,
                                    "Position":  0,
                                    "Spacing":  0,
                                    "Scaling":  100,
                                    "Subscript":  0,
                                    "Superscript":  0
                                },
                       "codeFirst":  {
                                         "start":  127,
                                         "end":  129,
                                         "text":  " R",
                                         "style":  "正文",
                                         "Name":  "等线",
                                         "NameAscii":  "+西文正文",
                                         "NameOther":  "+西文正文",
                                         "NameFarEast":  "+中文正文",
                                         "NameBi":  "+正文 CS 字体",
                                         "Size":  10.5,
                                         "SizeBi":  11,
                                         "Bold":  0,
                                         "BoldBi":  0,
                                         "Italic":  0,
                                         "ItalicBi":  0,
                                         "Underline":  0,
                                         "Color":  -16777216,
                                         "Hidden":  0,
                                         "Position":  0,
                                         "Spacing":  0,
                                         "Scaling":  100,
                                         "Subscript":  0,
                                         "Superscript":  0
                                     },
                       "result":  {
                                      "start":  192,
                                      "end":  197,
                                      "text":  "0.0-1",
                                      "style":  "正文",
                                      "Name":  "等线",
                                      "NameAscii":  "+西文正文",
                                      "NameOther":  "+西文正文",
                                      "NameFarEast":  "+中文正文",
                                      "NameBi":  "+正文 CS 字体",
                                      "Size":  10.5,
                                      "SizeBi":  11,
                                      "Bold":  0,
                                      "BoldBi":  0,
                                      "Italic":  0,
                                      "ItalicBi":  0,
                                      "Underline":  0,
                                      "Color":  -16777216,
                                      "Hidden":  0,
                                      "Position":  0,
                                      "Spacing":  0,
                                      "Scaling":  100,
                                      "Subscript":  0,
                                      "Superscript":  0
                                  },
                       "type":  3
                   },
                   {
                       "preceding":  {
                                         "start":  203,
                                         "end":  204,
                                         "text":  "-",
                                         "style":  "题注",
                                         "Name":  "等线 Light",
                                         "NameAscii":  "+西文标题",
                                         "NameOther":  "+西文标题",
                                         "NameFarEast":  "黑体",
                                         "NameBi":  "+标题 CS",
                                         "Size":  11,
                                         "SizeBi":  10,
                                         "Bold":  0,
                                         "BoldBi":  0,
                                         "Italic":  0,
                                         "ItalicBi":  0,
                                         "Underline":  0,
                                         "Color":  -16777216,
                                         "Hidden":  0,
                                         "Position":  0,
                                         "Spacing":  0,
                                         "Scaling":  100,
                                         "Subscript":  0,
                                         "Superscript":  0
                                     },
                       "code":  {
                                    "start":  205,
                                    "end":  243,
                                    "text":  " SEQ VisualTeXEquation \\r 1 \\* ARABIC ",
                                    "style":  "题注",
                                    "Name":  "等线 Light",
                                    "NameAscii":  "+西文标题",
                                    "NameOther":  "+西文标题",
                                    "NameFarEast":  "黑体",
                                    "NameBi":  "+标题 CS",
                                    "Size":  11,
                                    "SizeBi":  10,
                                    "Bold":  0,
                                    "BoldBi":  0,
                                    "Italic":  0,
                                    "ItalicBi":  0,
                                    "Underline":  0,
                                    "Color":  -16777216,
                                    "Hidden":  0,
                                    "Position":  0,
                                    "Spacing":  0,
                                    "Scaling":  100,
                                    "Subscript":  0,
                                    "Superscript":  0
                                },
                       "codeFirst":  {
                                         "start":  205,
                                         "end":  207,
                                         "text":  " S",
                                         "style":  "题注",
                                         "Name":  "等线 Light",
                                         "NameAscii":  "+西文标题",
                                         "NameOther":  "+西文标题",
                                         "NameFarEast":  "黑体",
                                         "NameBi":  "+标题 CS",
                                         "Size":  11,
                                         "SizeBi":  10,
                                         "Bold":  0,
                                         "BoldBi":  0,
                                         "Italic":  0,
                                         "ItalicBi":  0,
                                         "Underline":  0,
                                         "Color":  -16777216,
                                         "Hidden":  0,
                                         "Position":  0,
                                         "Spacing":  0,
                                         "Scaling":  100,
                                         "Subscript":  0,
                                         "Superscript":  0
                                     },
                       "result":  {
                                      "start":  244,
                                      "end":  245,
                                      "text":  "1",
                                      "style":  "题注",
                                      "Name":  "等线 Light",
                                      "NameAscii":  "+西文标题",
                                      "NameOther":  "+西文标题",
                                      "NameFarEast":  "黑体",
                                      "NameBi":  "+标题 CS",
                                      "Size":  11,
                                      "SizeBi":  10,
                                      "Bold":  0,
                                      "BoldBi":  0,
                                      "Italic":  0,
                                      "ItalicBi":  0,
                                      "Underline":  0,
                                      "Color":  -16777216,
                                      "Hidden":  0,
                                      "Position":  0,
                                      "Spacing":  0,
                                      "Scaling":  100,
                                      "Subscript":  0,
                                      "Superscript":  0
                                  },
                       "type":  12
                   },
                   {
                       "preceding":  {
                                         "start":  283,
                                         "end":  284,
                                         "text":  "(",
                                         "style":  "正文",
                                         "Name":  "等线",
                                         "NameAscii":  "+西文正文",
                                         "NameOther":  "+西文正文",
                                         "NameFarEast":  "+中文正文",
                                         "NameBi":  "+正文 CS 字体",
                                         "Size":  10.5,
                                         "SizeBi":  11,
                                         "Bold":  0,
                                         "BoldBi":  0,
                                         "Italic":  0,
                                         "ItalicBi":  0,
                                         "Underline":  0,
                                         "Color":  -16777216,
                                         "Hidden":  0,
                                         "Position":  0,
                                         "Spacing":  0,
                                         "Scaling":  100,
                                         "Subscript":  0,
                                         "Superscript":  0
                                     },
                       "code":  {
                                    "start":  285,
                                    "end":  349,
                                    "text":  " REF VTEqNum_ff098fb0d3134fd49722e98c1354138f \\h \\* CHARFORMAT ",
                                    "style":  "正文",
                                    "Name":  "等线",
                                    "NameAscii":  "+西文正文",
                                    "NameOther":  "+西文正文",
                                    "NameFarEast":  "+中文正文",
                                    "NameBi":  "+正文 CS 字体",
                                    "Size":  10.5,
                                    "SizeBi":  11,
                                    "Bold":  0,
                                    "BoldBi":  0,
                                    "Italic":  0,
                                    "ItalicBi":  0,
                                    "Underline":  0,
                                    "Color":  -16777216,
                                    "Hidden":  0,
                                    "Position":  0,
                                    "Spacing":  0,
                                    "Scaling":  100,
                                    "Subscript":  0,
                                    "Superscript":  0
                                },
                       "codeFirst":  {
                                         "start":  285,
                                         "end":  287,
                                         "text":  " R",
                                         "style":  "正文",
                                         "Name":  "等线",
                                         "NameAscii":  "+西文正文",
                                         "NameOther":  "+西文正文",
                                         "NameFarEast":  "+中文正文",
                                         "NameBi":  "+正文 CS 字体",
                                         "Size":  10.5,
                                         "SizeBi":  11,
                                         "Bold":  0,
                                         "BoldBi":  0,
                                         "Italic":  0,
                                         "ItalicBi":  0,
                                         "Underline":  0,
                                         "Color":  -16777216,
                                         "Hidden":  0,
                                         "Position":  0,
                                         "Spacing":  0,
                                         "Scaling":  100,
                                         "Subscript":  0,
                                         "Superscript":  0
                                     },
                       "result":  {
                                      "start":  350,
                                      "end":  355,
                                      "text":  "0.0-2",
                                      "style":  "正文",
                                      "Name":  "等线",
                                      "NameAscii":  "+西文正文",
                                      "NameOther":  "+西文正文",
                                      "NameFarEast":  "+中文正文",
                                      "NameBi":  "+正文 CS 字体",
                                      "Size":  10.5,
                                      "SizeBi":  11,
                                      "Bold":  0,
                                      "BoldBi":  0,
                                      "Italic":  0,
                                      "ItalicBi":  0,
                                      "Underline":  0,
                                      "Color":  -16777216,
                                      "Hidden":  0,
                                      "Position":  0,
                                      "Spacing":  0,
                                      "Scaling":  100,
                                      "Subscript":  0,
                                      "Superscript":  0
                                  },
                       "type":  3
                   },
                   {
                       "preceding":  {
                                         "start":  361,
                                         "end":  362,
                                         "text":  "-",
                                         "style":  "题注",
                                         "Name":  "等线 Light",
                                         "NameAscii":  "+西文标题",
                                         "NameOther":  "+西文标题",
                                         "NameFarEast":  "黑体",
                                         "NameBi":  "+标题 CS",
                                         "Size":  11,
                                         "SizeBi":  10,
                                         "Bold":  0,
                                         "BoldBi":  0,
                                         "Italic":  0,
                                         "ItalicBi":  0,
                                         "Underline":  0,
                                         "Color":  -16777216,
                                         "Hidden":  0,
                                         "Position":  0,
                                         "Spacing":  0,
                                         "Scaling":  100,
                                         "Subscript":  0,
                                         "Superscript":  0
                                     },
                       "code":  {
                                    "start":  363,
                                    "end":  401,
                                    "text":  " SEQ VisualTeXEquation \\r 2 \\* ARABIC ",
                                    "style":  "题注",
                                    "Name":  "等线 Light",
                                    "NameAscii":  "+西文标题",
                                    "NameOther":  "+西文标题",
                                    "NameFarEast":  "黑体",
                                    "NameBi":  "+标题 CS",
                                    "Size":  11,
                                    "SizeBi":  10,
                                    "Bold":  0,
                                    "BoldBi":  0,
                                    "Italic":  0,
                                    "ItalicBi":  0,
                                    "Underline":  0,
                                    "Color":  -16777216,
                                    "Hidden":  0,
                                    "Position":  0,
                                    "Spacing":  0,
                                    "Scaling":  100,
                                    "Subscript":  0,
                                    "Superscript":  0
                                },
                       "codeFirst":  {
                                         "start":  363,
                                         "end":  365,
                                         "text":  " S",
                                         "style":  "题注",
                                         "Name":  "等线 Light",
                                         "NameAscii":  "+西文标题",
                                         "NameOther":  "+西文标题",
                                         "NameFarEast":  "黑体",
                                         "NameBi":  "+标题 CS",
                                         "Size":  11,
                                         "SizeBi":  10,
                                         "Bold":  0,
                                         "BoldBi":  0,
                                         "Italic":  0,
                                         "ItalicBi":  0,
                                         "Underline":  0,
                                         "Color":  -16777216,
                                         "Hidden":  0,
                                         "Position":  0,
                                         "Spacing":  0,
                                         "Scaling":  100,
                                         "Subscript":  0,
                                         "Superscript":  0
                                     },
                       "result":  {
                                      "start":  402,
                                      "end":  403,
                                      "text":  "2",
                                      "style":  "题注",
                                      "Name":  "等线 Light",
                                      "NameAscii":  "+西文标题",
                                      "NameOther":  "+西文标题",
                                      "NameFarEast":  "黑体",
                                      "NameBi":  "+标题 CS",
                                      "Size":  11,
                                      "SizeBi":  10,
                                      "Bold":  0,
                                      "BoldBi":  0,
                                      "Italic":  0,
                                      "ItalicBi":  0,
                                      "Underline":  0,
                                      "Color":  -16777216,
                                      "Hidden":  0,
                                      "Position":  0,
                                      "Spacing":  0,
                                      "Scaling":  100,
                                      "Subscript":  0,
                                      "Superscript":  0
                                  },
                       "type":  12
                   },
                   {
                       "preceding":  {
                                         "start":  470,
                                         "end":  471,
                                         "text":  "(",
                                         "style":  "正文",
                                         "Name":  "等线",
                                         "NameAscii":  "+西文正文",
                                         "NameOther":  "+西文正文",
                                         "NameFarEast":  "+中文正文",
                                         "NameBi":  "+正文 CS 字体",
                                         "Size":  10.5,
                                         "SizeBi":  11,
                                         "Bold":  0,
                                         "BoldBi":  0,
                                         "Italic":  0,
                                         "ItalicBi":  0,
                                         "Underline":  0,
                                         "Color":  -16777216,
                                         "Hidden":  0,
                                         "Position":  0,
                                         "Spacing":  0,
                                         "Scaling":  100,
                                         "Subscript":  0,
                                         "Superscript":  0
                                     },
                       "code":  {
                                    "start":  472,
                                    "end":  536,
                                    "text":  " REF VTEqNum_6c81d94cd33f448dbb3975d06b7ceb72 \\h \\* CHARFORMAT ",
                                    "style":  "正文",
                                    "Name":  "等线",
                                    "NameAscii":  "+西文正文",
                                    "NameOther":  "+西文正文",
                                    "NameFarEast":  "+中文正文",
                                    "NameBi":  "+正文 CS 字体",
                                    "Size":  10.5,
                                    "SizeBi":  11,
                                    "Bold":  0,
                                    "BoldBi":  0,
                                    "Italic":  0,
                                    "ItalicBi":  0,
                                    "Underline":  0,
                                    "Color":  -16777216,
                                    "Hidden":  0,
                                    "Position":  0,
                                    "Spacing":  0,
                                    "Scaling":  100,
                                    "Subscript":  0,
                                    "Superscript":  0
                                },
                       "codeFirst":  {
                                         "start":  472,
                                         "end":  474,
                                         "text":  " R",
                                         "style":  "正文",
                                         "Name":  "等线",
                                         "NameAscii":  "+西文正文",
                                         "NameOther":  "+西文正文",
                                         "NameFarEast":  "+中文正文",
                                         "NameBi":  "+正文 CS 字体",
                                         "Size":  10.5,
                                         "SizeBi":  11,
                                         "Bold":  0,
                                         "BoldBi":  0,
                                         "Italic":  0,
                                         "ItalicBi":  0,
                                         "Underline":  0,
                                         "Color":  -16777216,
                                         "Hidden":  0,
                                         "Position":  0,
                                         "Spacing":  0,
                                         "Scaling":  100,
                                         "Subscript":  0,
                                         "Superscript":  0
                                     },
                       "result":  {
                                      "start":  537,
                                      "end":  542,
                                      "text":  "2.0-1",
                                      "style":  "正文",
                                      "Name":  "等线",
                                      "NameAscii":  "+西文正文",
                                      "NameOther":  "+西文正文",
                                      "NameFarEast":  "+中文正文",
                                      "NameBi":  "+正文 CS 字体",
                                      "Size":  10.5,
                                      "SizeBi":  11,
                                      "Bold":  0,
                                      "BoldBi":  0,
                                      "Italic":  0,
                                      "ItalicBi":  0,
                                      "Underline":  0,
                                      "Color":  -16777216,
                                      "Hidden":  0,
                                      "Position":  0,
                                      "Spacing":  0,
                                      "Scaling":  100,
                                      "Subscript":  0,
                                      "Superscript":  0
                                  },
                       "type":  3
                   },
                   {
                       "preceding":  {
                                         "start":  548,
                                         "end":  549,
                                         "text":  "-",
                                         "style":  "题注",
                                         "Name":  "等线 Light",
                                         "NameAscii":  "+西文标题",
                                         "NameOther":  "+西文标题",
                                         "NameFarEast":  "黑体",
                                         "NameBi":  "+标题 CS",
                                         "Size":  11,
                                         "SizeBi":  10,
                                         "Bold":  0,
                                         "BoldBi":  0,
                                         "Italic":  0,
                                         "ItalicBi":  0,
                                         "Underline":  0,
                                         "Color":  -16777216,
                                         "Hidden":  0,
                                         "Position":  0,
                                         "Spacing":  0,
                                         "Scaling":  100,
                                         "Subscript":  0,
                                         "Superscript":  0
                                     },
                       "code":  {
                                    "start":  550,
                                    "end":  588,
                                    "text":  " SEQ VisualTeXEquation \\r 1 \\* ARABIC ",
                                    "style":  "题注",
                                    "Name":  "等线 Light",
                                    "NameAscii":  "+西文标题",
                                    "NameOther":  "+西文标题",
                                    "NameFarEast":  "黑体",
                                    "NameBi":  "+标题 CS",
                                    "Size":  11,
                                    "SizeBi":  10,
                                    "Bold":  0,
                                    "BoldBi":  0,
                                    "Italic":  0,
                                    "ItalicBi":  0,
                                    "Underline":  0,
                                    "Color":  -16777216,
                                    "Hidden":  0,
                                    "Position":  0,
                                    "Spacing":  0,
                                    "Scaling":  100,
                                    "Subscript":  0,
                                    "Superscript":  0
                                },
                       "codeFirst":  {
                                         "start":  550,
                                         "end":  552,
                                         "text":  " S",
                                         "style":  "题注",
                                         "Name":  "等线 Light",
                                         "NameAscii":  "+西文标题",
                                         "NameOther":  "+西文标题",
                                         "NameFarEast":  "黑体",
                                         "NameBi":  "+标题 CS",
                                         "Size":  11,
                                         "SizeBi":  10,
                                         "Bold":  0,
                                         "BoldBi":  0,
                                         "Italic":  0,
                                         "ItalicBi":  0,
                                         "Underline":  0,
                                         "Color":  -16777216,
                                         "Hidden":  0,
                                         "Position":  0,
                                         "Spacing":  0,
                                         "Scaling":  100,
                                         "Subscript":  0,
                                         "Superscript":  0
                                     },
                       "result":  {
                                      "start":  589,
                                      "end":  590,
                                      "text":  "1",
                                      "style":  "题注",
                                      "Name":  "等线 Light",
                                      "NameAscii":  "+西文标题",
                                      "NameOther":  "+西文标题",
                                      "NameFarEast":  "黑体",
                                      "NameBi":  "+标题 CS",
                                      "Size":  11,
                                      "SizeBi":  10,
                                      "Bold":  0,
                                      "BoldBi":  0,
                                      "Italic":  0,
                                      "ItalicBi":  0,
                                      "Underline":  0,
                                      "Color":  -16777216,
                                      "Hidden":  0,
                                      "Position":  0,
                                      "Spacing":  0,
                                      "Scaling":  100,
                                      "Subscript":  0,
                                      "Superscript":  0
                                  },
                       "type":  12
                   },
                   {
                       "preceding":  {
                                         "start":  636,
                                         "end":  637,
                                         "text":  "(",
                                         "style":  "正文",
                                         "Name":  "等线",
                                         "NameAscii":  "+西文正文",
                                         "NameOther":  "+西文正文",
                                         "NameFarEast":  "+中文正文",
                                         "NameBi":  "+正文 CS 字体",
                                         "Size":  10.5,
                                         "SizeBi":  11,
                                         "Bold":  0,
                                         "BoldBi":  0,
                                         "Italic":  0,
                                         "ItalicBi":  0,
                                         "Underline":  0,
                                         "Color":  -16777216,
                                         "Hidden":  0,
                                         "Position":  0,
                                         "Spacing":  0,
                                         "Scaling":  100,
                                         "Subscript":  0,
                                         "Superscript":  0
                                     },
                       "code":  {
                                    "start":  638,
                                    "end":  702,
                                    "text":  " REF VTEqNum_a120d3bf950140fda8b839097b0243a1 \\h \\* CHARFORMAT ",
                                    "style":  "正文",
                                    "Name":  "等线",
                                    "NameAscii":  "+西文正文",
                                    "NameOther":  "+西文正文",
                                    "NameFarEast":  "+中文正文",
                                    "NameBi":  "+正文 CS 字体",
                                    "Size":  10.5,
                                    "SizeBi":  11,
                                    "Bold":  0,
                                    "BoldBi":  0,
                                    "Italic":  0,
                                    "ItalicBi":  0,
                                    "Underline":  0,
                                    "Color":  -16777216,
                                    "Hidden":  0,
                                    "Position":  0,
                                    "Spacing":  0,
                                    "Scaling":  100,
                                    "Subscript":  0,
                                    "Superscript":  0
                                },
                       "codeFirst":  {
                                         "start":  638,
                                         "end":  640,
                                         "text":  " R",
                                         "style":  "正文",
                                         "Name":  "等线",
                                         "NameAscii":  "+西文正文",
                                         "NameOther":  "+西文正文",
                                         "NameFarEast":  "+中文正文",
                                         "NameBi":  "+正文 CS 字体",
                                         "Size":  10.5,
                                         "SizeBi":  11,
                                         "Bold":  0,
                                         "BoldBi":  0,
                                         "Italic":  0,
                                         "ItalicBi":  0,
                                         "Underline":  0,
                                         "Color":  -16777216,
                                         "Hidden":  0,
                                         "Position":  0,
                                         "Spacing":  0,
                                         "Scaling":  100,
                                         "Subscript":  0,
                                         "Superscript":  0
                                     },
                       "result":  {
                                      "start":  703,
                                      "end":  708,
                                      "text":  "2.0-2",
                                      "style":  "正文",
                                      "Name":  "等线",
                                      "NameAscii":  "+西文正文",
                                      "NameOther":  "+西文正文",
                                      "NameFarEast":  "+中文正文",
                                      "NameBi":  "+正文 CS 字体",
                                      "Size":  10.5,
                                      "SizeBi":  11,
                                      "Bold":  0,
                                      "BoldBi":  0,
                                      "Italic":  0,
                                      "ItalicBi":  0,
                                      "Underline":  0,
                                      "Color":  -16777216,
                                      "Hidden":  0,
                                      "Position":  0,
                                      "Spacing":  0,
                                      "Scaling":  100,
                                      "Subscript":  0,
                                      "Superscript":  0
                                  },
                       "type":  3
                   },
                   {
                       "preceding":  {
                                         "start":  714,
                                         "end":  715,
                                         "text":  "-",
                                         "style":  "题注",
                                         "Name":  "等线 Light",
                                         "NameAscii":  "+西文标题",
                                         "NameOther":  "+西文标题",
                                         "NameFarEast":  "黑体",
                                         "NameBi":  "+标题 CS",
                                         "Size":  11,
                                         "SizeBi":  10,
                                         "Bold":  0,
                                         "BoldBi":  0,
                                         "Italic":  0,
                                         "ItalicBi":  0,
                                         "Underline":  0,
                                         "Color":  -16777216,
                                         "Hidden":  0,
                                         "Position":  0,
                                         "Spacing":  0,
                                         "Scaling":  100,
                                         "Subscript":  0,
                                         "Superscript":  0
                                     },
                       "code":  {
                                    "start":  716,
                                    "end":  754,
                                    "text":  " SEQ VisualTeXEquation \\r 2 \\* ARABIC ",
                                    "style":  "题注",
                                    "Name":  "等线 Light",
                                    "NameAscii":  "+西文标题",
                                    "NameOther":  "+西文标题",
                                    "NameFarEast":  "黑体",
                                    "NameBi":  "+标题 CS",
                                    "Size":  11,
                                    "SizeBi":  10,
                                    "Bold":  0,
                                    "BoldBi":  0,
                                    "Italic":  0,
                                    "ItalicBi":  0,
                                    "Underline":  0,
                                    "Color":  -16777216,
                                    "Hidden":  0,
                                    "Position":  0,
                                    "Spacing":  0,
                                    "Scaling":  100,
                                    "Subscript":  0,
                                    "Superscript":  0
                                },
                       "codeFirst":  {
                                         "start":  716,
                                         "end":  718,
                                         "text":  " S",
                                         "style":  "题注",
                                         "Name":  "等线 Light",
                                         "NameAscii":  "+西文标题",
                                         "NameOther":  "+西文标题",
                                         "NameFarEast":  "黑体",
                                         "NameBi":  "+标题 CS",
                                         "Size":  11,
                                         "SizeBi":  10,
                                         "Bold":  0,
                                         "BoldBi":  0,
                                         "Italic":  0,
                                         "ItalicBi":  0,
                                         "Underline":  0,
                                         "Color":  -16777216,
                                         "Hidden":  0,
                                         "Position":  0,
                                         "Spacing":  0,
                                         "Scaling":  100,
                                         "Subscript":  0,
                                         "Superscript":  0
                                     },
                       "result":  {
                                      "start":  755,
                                      "end":  756,
                                      "text":  "2",
                                      "style":  "题注",
                                      "Name":  "等线 Light",
                                      "NameAscii":  "+西文标题",
                                      "NameOther":  "+西文标题",
                                      "NameFarEast":  "黑体",
                                      "NameBi":  "+标题 CS",
                                      "Size":  11,
                                      "SizeBi":  10,
                                      "Bold":  0,
                                      "BoldBi":  0,
                                      "Italic":  0,
                                      "ItalicBi":  0,
                                      "Underline":  0,
                                      "Color":  -16777216,
                                      "Hidden":  0,
                                      "Position":  0,
                                      "Spacing":  0,
                                      "Scaling":  100,
                                      "Subscript":  0,
                                      "Superscript":  0
                                  },
                       "type":  12
                   },
                   {
                       "preceding":  {
                                         "start":  812,
                                         "end":  813,
                                         "text":  "(",
                                         "style":  "正文",
                                         "Name":  "等线",
                                         "NameAscii":  "+西文正文",
                                         "NameOther":  "+西文正文",
                                         "NameFarEast":  "+中文正文",
                                         "NameBi":  "+正文 CS 字体",
                                         "Size":  10.5,
                                         "SizeBi":  11,
                                         "Bold":  0,
                                         "BoldBi":  0,
                                         "Italic":  0,
                                         "ItalicBi":  0,
                                         "Underline":  0,
                                         "Color":  -16777216,
                                         "Hidden":  0,
                                         "Position":  0,
                                         "Spacing":  0,
                                         "Scaling":  100,
                                         "Subscript":  0,
                                         "Superscript":  0
                                     },
                       "code":  {
                                    "start":  814,
                                    "end":  878,
                                    "text":  " REF VTEqNum_e06d1063b233473ebcd888270eaa7e19 \\h \\* CHARFORMAT ",
                                    "style":  "正文",
                                    "Name":  "等线",
                                    "NameAscii":  "+西文正文",
                                    "NameOther":  "+西文正文",
                                    "NameFarEast":  "+中文正文",
                                    "NameBi":  "+正文 CS 字体",
                                    "Size":  10.5,
                                    "SizeBi":  11,
                                    "Bold":  0,
                                    "BoldBi":  0,
                                    "Italic":  0,
                                    "ItalicBi":  0,
                                    "Underline":  0,
                                    "Color":  -16777216,
                                    "Hidden":  0,
                                    "Position":  0,
                                    "Spacing":  0,
                                    "Scaling":  100,
                                    "Subscript":  0,
                                    "Superscript":  0
                                },
                       "codeFirst":  {
                                         "start":  814,
                                         "end":  816,
                                         "text":  " R",
                                         "style":  "正文",
                                         "Name":  "等线",
                                         "NameAscii":  "+西文正文",
                                         "NameOther":  "+西文正文",
                                         "NameFarEast":  "+中文正文",
                                         "NameBi":  "+正文 CS 字体",
                                         "Size":  10.5,
                                         "SizeBi":  11,
                                         "Bold":  0,
                                         "BoldBi":  0,
                                         "Italic":  0,
                                         "ItalicBi":  0,
                                         "Underline":  0,
                                         "Color":  -16777216,
                                         "Hidden":  0,
                                         "Position":  0,
                                         "Spacing":  0,
                                         "Scaling":  100,
                                         "Subscript":  0,
                                         "Superscript":  0
                                     },
                       "result":  {
                                      "start":  879,
                                      "end":  884,
                                      "text":  "2.0-3",
                                      "style":  "正文",
                                      "Name":  "等线",
                                      "NameAscii":  "+西文正文",
                                      "NameOther":  "+西文正文",
                                      "NameFarEast":  "+中文正文",
                                      "NameBi":  "+正文 CS 字体",
                                      "Size":  10.5,
                                      "SizeBi":  11,
                                      "Bold":  0,
                                      "BoldBi":  0,
                                      "Italic":  0,
                                      "ItalicBi":  0,
                                      "Underline":  0,
                                      "Color":  -16777216,
                                      "Hidden":  0,
                                      "Position":  0,
                                      "Spacing":  0,
                                      "Scaling":  100,
                                      "Subscript":  0,
                                      "Superscript":  0
                                  },
                       "type":  3
                   },
                   {
                       "preceding":  {
                                         "start":  890,
                                         "end":  891,
                                         "text":  "-",
                                         "style":  "题注",
                                         "Name":  "等线 Light",
                                         "NameAscii":  "+西文标题",
                                         "NameOther":  "+西文标题",
                                         "NameFarEast":  "黑体",
                                         "NameBi":  "+标题 CS",
                                         "Size":  11,
                                         "SizeBi":  10,
                                         "Bold":  0,
                                         "BoldBi":  0,
                                         "Italic":  0,
                                         "ItalicBi":  0,
                                         "Underline":  0,
                                         "Color":  -16777216,
                                         "Hidden":  0,
                                         "Position":  0,
                                         "Spacing":  0,
                                         "Scaling":  100,
                                         "Subscript":  0,
                                         "Superscript":  0
                                     },
                       "code":  {
                                    "start":  892,
                                    "end":  930,
                                    "text":  " SEQ VisualTeXEquation \\r 3 \\* ARABIC ",
                                    "style":  "题注",
                                    "Name":  "等线 Light",
                                    "NameAscii":  "+西文标题",
                                    "NameOther":  "+西文标题",
                                    "NameFarEast":  "黑体",
                                    "NameBi":  "+标题 CS",
                                    "Size":  11,
                                    "SizeBi":  10,
                                    "Bold":  0,
                                    "BoldBi":  0,
                                    "Italic":  0,
                                    "ItalicBi":  0,
                                    "Underline":  0,
                                    "Color":  -16777216,
                                    "Hidden":  0,
                                    "Position":  0,
                                    "Spacing":  0,
                                    "Scaling":  100,
                                    "Subscript":  0,
                                    "Superscript":  0
                                },
                       "codeFirst":  {
                                         "start":  892,
                                         "end":  894,
                                         "text":  " S",
                                         "style":  "题注",
                                         "Name":  "等线 Light",
                                         "NameAscii":  "+西文标题",
                                         "NameOther":  "+西文标题",
                                         "NameFarEast":  "黑体",
                                         "NameBi":  "+标题 CS",
                                         "Size":  11,
                                         "SizeBi":  10,
                                         "Bold":  0,
                                         "BoldBi":  0,
                                         "Italic":  0,
                                         "ItalicBi":  0,
                                         "Underline":  0,
                                         "Color":  -16777216,
                                         "Hidden":  0,
                                         "Position":  0,
                                         "Spacing":  0,
                                         "Scaling":  100,
                                         "Subscript":  0,
                                         "Superscript":  0
                                     },
                       "result":  {
                                      "start":  931,
                                      "end":  932,
                                      "text":  "3",
                                      "style":  "题注",
                                      "Name":  "等线 Light",
                                      "NameAscii":  "+西文标题",
                                      "NameOther":  "+西文标题",
                                      "NameFarEast":  "黑体",
                                      "NameBi":  "+标题 CS",
                                      "Size":  11,
                                      "SizeBi":  10,
                                      "Bold":  0,
                                      "BoldBi":  0,
                                      "Italic":  0,
                                      "ItalicBi":  0,
                                      "Underline":  0,
                                      "Color":  -16777216,
                                      "Hidden":  0,
                                      "Position":  0,
                                      "Spacing":  0,
                                      "Scaling":  100,
                                      "Subscript":  0,
                                      "Superscript":  0
                                  },
                       "type":  12
                   },
                   {
                       "preceding":  {
                                         "start":  948,
                                         "end":  949,
                                         "text":  "(",
                                         "style":  "正文",
                                         "Name":  "等线",
                                         "NameAscii":  "+西文正文",
                                         "NameOther":  "+西文正文",
                                         "NameFarEast":  "+中文正文",
                                         "NameBi":  "+正文 CS 字体",
                                         "Size":  10.5,
                                         "SizeBi":  11,
                                         "Bold":  0,
                                         "BoldBi":  0,
                                         "Italic":  0,
                                         "ItalicBi":  0,
                                         "Underline":  0,
                                         "Color":  -16777216,
                                         "Hidden":  0,
                                         "Position":  0,
                                         "Spacing":  0,
                                         "Scaling":  100,
                                         "Subscript":  0,
                                         "Superscript":  0
                                     },
                       "code":  {
                                    "start":  950,
                                    "end":  1071,
                                    "text":  " GOTOBUTTON VTEq_ff098fb0d3134fd49722e98c1354138f \u0013 REF VTEqNum_ff098fb0d3134fd49722e98c1354138f \\* CHARFORMAT \\! \u0015",
                                    "style":  "正文",
                                    "Name":  "等线",
                                    "NameAscii":  "+西文正文",
                                    "NameOther":  "+西文正文",
                                    "NameFarEast":  "+中文正文",
                                    "NameBi":  "+正文 CS 字体",
                                    "Size":  10.5,
                                    "SizeBi":  11,
                                    "Bold":  0,
                                    "BoldBi":  0,
                                    "Italic":  0,
                                    "ItalicBi":  0,
                                    "Underline":  0,
                                    "Color":  -16777216,
                                    "Hidden":  0,
                                    "Position":  0,
                                    "Spacing":  0,
                                    "Scaling":  100,
                                    "Subscript":  0,
                                    "Superscript":  0
                                },
                       "codeFirst":  {
                                         "start":  950,
                                         "end":  952,
                                         "text":  " G",
                                         "style":  "正文",
                                         "Name":  "等线",
                                         "NameAscii":  "+西文正文",
                                         "NameOther":  "+西文正文",
                                         "NameFarEast":  "+中文正文",
                                         "NameBi":  "+正文 CS 字体",
                                         "Size":  10.5,
                                         "SizeBi":  11,
                                         "Bold":  0,
                                         "BoldBi":  0,
                                         "Italic":  0,
                                         "ItalicBi":  0,
                                         "Underline":  0,
                                         "Color":  -16777216,
                                         "Hidden":  0,
                                         "Position":  0,
                                         "Spacing":  0,
                                         "Scaling":  100,
                                         "Subscript":  0,
                                         "Superscript":  0
                                     },
                       "result":  {
                                      "start":  1072,
                                      "end":  1072,
                                      "text":  null,
                                      "style":  "正文",
                                      "Name":  "等线",
                                      "NameAscii":  "+西文正文",
                                      "NameOther":  "+西文正文",
                                      "NameFarEast":  "+中文正文",
                                      "NameBi":  "+正文 CS 字体",
                                      "Size":  10.5,
                                      "SizeBi":  11,
                                      "Bold":  0,
                                      "BoldBi":  0,
                                      "Italic":  0,
                                      "ItalicBi":  0,
                                      "Underline":  0,
                                      "Color":  -16777216,
                                      "Hidden":  0,
                                      "Position":  0,
                                      "Spacing":  0,
                                      "Scaling":  100,
                                      "Subscript":  0,
                                      "Superscript":  0
                                  },
                       "type":  50
                   },
                   {
                       "preceding":  {
                                         "start":  999,
                                         "end":  1000,
                                         "text":  " ",
                                         "style":  "正文",
                                         "Name":  "等线",
                                         "NameAscii":  "+西文正文",
                                         "NameOther":  "+西文正文",
                                         "NameFarEast":  "+中文正文",
                                         "NameBi":  "+正文 CS 字体",
                                         "Size":  10.5,
                                         "SizeBi":  11,
                                         "Bold":  0,
                                         "BoldBi":  0,
                                         "Italic":  0,
                                         "ItalicBi":  0,
                                         "Underline":  0,
                                         "Color":  -16777216,
                                         "Hidden":  0,
                                         "Position":  0,
                                         "Spacing":  0,
                                         "Scaling":  100,
                                         "Subscript":  0,
                                         "Superscript":  0
                                     },
                       "code":  {
                                    "start":  1001,
                                    "end":  1064,
                                    "text":  " REF VTEqNum_ff098fb0d3134fd49722e98c1354138f \\* CHARFORMAT \\! ",
                                    "style":  "正文",
                                    "Name":  "等线",
                                    "NameAscii":  "+西文正文",
                                    "NameOther":  "+西文正文",
                                    "NameFarEast":  "+中文正文",
                                    "NameBi":  "+正文 CS 字体",
                                    "Size":  10.5,
                                    "SizeBi":  11,
                                    "Bold":  0,
                                    "BoldBi":  0,
                                    "Italic":  0,
                                    "ItalicBi":  0,
                                    "Underline":  0,
                                    "Color":  -16777216,
                                    "Hidden":  0,
                                    "Position":  0,
                                    "Spacing":  0,
                                    "Scaling":  100,
                                    "Subscript":  0,
                                    "Superscript":  0
                                },
                       "codeFirst":  {
                                         "start":  1001,
                                         "end":  1003,
                                         "text":  " R",
                                         "style":  "正文",
                                         "Name":  "等线",
                                         "NameAscii":  "+西文正文",
                                         "NameOther":  "+西文正文",
                                         "NameFarEast":  "+中文正文",
                                         "NameBi":  "+正文 CS 字体",
                                         "Size":  10.5,
                                         "SizeBi":  11,
                                         "Bold":  0,
                                         "BoldBi":  0,
                                         "Italic":  0,
                                         "ItalicBi":  0,
                                         "Underline":  0,
                                         "Color":  -16777216,
                                         "Hidden":  0,
                                         "Position":  0,
                                         "Spacing":  0,
                                         "Scaling":  100,
                                         "Subscript":  0,
                                         "Superscript":  0
                                     },
                       "result":  {
                                      "start":  1065,
                                      "end":  1070,
                                      "text":  "0.0-2",
                                      "style":  "正文",
                                      "Name":  "等线",
                                      "NameAscii":  "+西文正文",
                                      "NameOther":  "+西文正文",
                                      "NameFarEast":  "+中文正文",
                                      "NameBi":  "+正文 CS 字体",
                                      "Size":  10.5,
                                      "SizeBi":  11,
                                      "Bold":  0,
                                      "BoldBi":  0,
                                      "Italic":  0,
                                      "ItalicBi":  0,
                                      "Underline":  0,
                                      "Color":  -16777216,
                                      "Hidden":  0,
                                      "Position":  0,
                                      "Spacing":  0,
                                      "Scaling":  100,
                                      "Subscript":  0,
                                      "Superscript":  0
                                  },
                       "type":  3
                   }
               ],
    "paragraphs":  [
                       {
                           "mark":  {
                                        "start":  14,
                                        "end":  15,
                                        "text":  "\r",
                                        "style":  "正文",
                                        "Name":  "等线",
                                        "NameAscii":  "+西文正文",
                                        "NameOther":  "+西文正文",
                                        "NameFarEast":  "+中文正文",
                                        "NameBi":  "+正文 CS 字体",
                                        "Size":  10.5,
                                        "SizeBi":  11,
                                        "Bold":  0,
                                        "BoldBi":  0,
                                        "Italic":  0,
                                        "ItalicBi":  0,
                                        "Underline":  0,
                                        "Color":  -16777216,
                                        "Hidden":  0,
                                        "Position":  0,
                                        "Spacing":  0,
                                        "Scaling":  100,
                                        "Subscript":  0,
                                        "Superscript":  0
                                    },
                           "range":  {
                                         "start":  0,
                                         "end":  15,
                                         "text":  "思考分析力学被发明出来的原因\r",
                                         "style":  "正文",
                                         "Name":  "等线",
                                         "NameAscii":  "+西文正文",
                                         "NameOther":  "+西文正文",
                                         "NameFarEast":  "+中文正文",
                                         "NameBi":  "+正文 CS 字体",
                                         "Size":  10.5,
                                         "SizeBi":  11,
                                         "Bold":  0,
                                         "BoldBi":  0,
                                         "Italic":  0,
                                         "ItalicBi":  0,
                                         "Underline":  0,
                                         "Color":  -16777216,
                                         "Hidden":  0,
                                         "Position":  0,
                                         "Spacing":  0,
                                         "Scaling":  100,
                                         "Subscript":  0,
                                         "Superscript":  0
                                     },
                           "first":  {
                                         "start":  0,
                                         "end":  1,
                                         "text":  "思",
                                         "style":  "正文",
                                         "Name":  "等线",
                                         "NameAscii":  "+西文正文",
                                         "NameOther":  "+西文正文",
                                         "NameFarEast":  "+中文正文",
                                         "NameBi":  "+正文 CS 字体",
                                         "Size":  10.5,
                                         "SizeBi":  11,
                                         "Bold":  0,
                                         "BoldBi":  0,
                                         "Italic":  0,
                                         "ItalicBi":  0,
                                         "Underline":  0,
                                         "Color":  -16777216,
                                         "Hidden":  0,
                                         "Position":  0,
                                         "Spacing":  0,
                                         "Scaling":  100,
                                         "Subscript":  0,
                                         "Superscript":  0
                                     }
                       },
                       {
                           "mark":  {
                                        "start":  30,
                                        "end":  31,
                                        "text":  "\r",
                                        "style":  "列表段落",
                                        "Name":  "等线",
                                        "NameAscii":  "+西文正文",
                                        "NameOther":  "+西文正文",
                                        "NameFarEast":  "+中文正文",
                                        "NameBi":  "+正文 CS 字体",
                                        "Size":  10.5,
                                        "SizeBi":  11,
                                        "Bold":  0,
                                        "BoldBi":  0,
                                        "Italic":  0,
                                        "ItalicBi":  0,
                                        "Underline":  0,
                                        "Color":  -16777216,
                                        "Hidden":  0,
                                        "Position":  0,
                                        "Spacing":  0,
                                        "Scaling":  100,
                                        "Subscript":  0,
                                        "Superscript":  0
                                    },
                           "range":  {
                                         "start":  15,
                                         "end":  31,
                                         "text":  "系统有很多约束，解决多约束问题\r",
                                         "style":  "列表段落",
                                         "Name":  "等线",
                                         "NameAscii":  "+西文正文",
                                         "NameOther":  "+西文正文",
                                         "NameFarEast":  "+中文正文",
                                         "NameBi":  "+正文 CS 字体",
                                         "Size":  10.5,
                                         "SizeBi":  11,
                                         "Bold":  0,
                                         "BoldBi":  0,
                                         "Italic":  0,
                                         "ItalicBi":  0,
                                         "Underline":  0,
                                         "Color":  -16777216,
                                         "Hidden":  0,
                                         "Position":  0,
                                         "Spacing":  0,
                                         "Scaling":  100,
                                         "Subscript":  0,
                                         "Superscript":  0
                                     },
                           "first":  {
                                         "start":  15,
                                         "end":  16,
                                         "text":  "系",
                                         "style":  "列表段落",
                                         "Name":  "等线",
                                         "NameAscii":  "+西文正文",
                                         "NameOther":  "+西文正文",
                                         "NameFarEast":  "+中文正文",
                                         "NameBi":  "+正文 CS 字体",
                                         "Size":  10.5,
                                         "SizeBi":  11,
                                         "Bold":  0,
                                         "BoldBi":  0,
                                         "Italic":  0,
                                         "ItalicBi":  0,
                                         "Underline":  0,
                                         "Color":  -16777216,
                                         "Hidden":  0,
                                         "Position":  0,
                                         "Spacing":  0,
                                         "Scaling":  100,
                                         "Subscript":  0,
                                         "Superscript":  0
                                     }
                       },
                       {
                           "mark":  {
                                        "start":  41,
                                        "end":  42,
                                        "text":  "\r",
                                        "style":  "列表段落",
                                        "Name":  "等线",
                                        "NameAscii":  "+西文正文",
                                        "NameOther":  "+西文正文",
                                        "NameFarEast":  "+中文正文",
                                        "NameBi":  "+正文 CS 字体",
                                        "Size":  10.5,
                                        "SizeBi":  11,
                                        "Bold":  0,
                                        "BoldBi":  0,
                                        "Italic":  0,
                                        "ItalicBi":  0,
                                        "Underline":  0,
                                        "Color":  -16777216,
                                        "Hidden":  0,
                                        "Position":  0,
                                        "Spacing":  0,
                                        "Scaling":  100,
                                        "Subscript":  0,
                                        "Superscript":  0
                                    },
                           "range":  {
                                         "start":  31,
                                         "end":  42,
                                         "text":  "力学和光学统一起来？\r",
                                         "style":  "列表段落",
                                         "Name":  "等线",
                                         "NameAscii":  "+西文正文",
                                         "NameOther":  "+西文正文",
                                         "NameFarEast":  "+中文正文",
                                         "NameBi":  "+正文 CS 字体",
                                         "Size":  10.5,
                                         "SizeBi":  11,
                                         "Bold":  0,
                                         "BoldBi":  0,
                                         "Italic":  0,
                                         "ItalicBi":  0,
                                         "Underline":  0,
                                         "Color":  -16777216,
                                         "Hidden":  0,
                                         "Position":  0,
                                         "Spacing":  0,
                                         "Scaling":  100,
                                         "Subscript":  0,
                                         "Superscript":  0
                                     },
                           "first":  {
                                         "start":  31,
                                         "end":  32,
                                         "text":  "力",
                                         "style":  "列表段落",
                                         "Name":  "等线",
                                         "NameAscii":  "+西文正文",
                                         "NameOther":  "+西文正文",
                                         "NameFarEast":  "+中文正文",
                                         "NameBi":  "+正文 CS 字体",
                                         "Size":  10.5,
                                         "SizeBi":  11,
                                         "Bold":  0,
                                         "BoldBi":  0,
                                         "Italic":  0,
                                         "ItalicBi":  0,
                                         "Underline":  0,
                                         "Color":  -16777216,
                                         "Hidden":  0,
                                         "Position":  0,
                                         "Spacing":  0,
                                         "Scaling":  100,
                                         "Subscript":  0,
                                         "Superscript":  0
                                     }
                       },
                       {
                           "mark":  {
                                        "start":  88,
                                        "end":  89,
                                        "text":  "\r",
                                        "style":  "正文",
                                        "Name":  "等线",
                                        "NameAscii":  "+西文正文",
                                        "NameOther":  "+西文正文",
                                        "NameFarEast":  "+中文正文",
                                        "NameBi":  "+正文 CS 字体",
                                        "Size":  10.5,
                                        "SizeBi":  11,
                                        "Bold":  0,
                                        "BoldBi":  0,
                                        "Italic":  0,
                                        "ItalicBi":  0,
                                        "Underline":  0,
                                        "Color":  -16777216,
                                        "Hidden":  0,
                                        "Position":  0,
                                        "Spacing":  0,
                                        "Scaling":  100,
                                        "Subscript":  0,
                                        "Superscript":  0
                                    },
                           "range":  {
                                         "start":  42,
                                         "end":  89,
                                         "text":  "这几个公式不知道对不对：\u0001\r",
                                         "style":  "正文",
                                         "Name":  "等线",
                                         "NameAscii":  "+西文正文",
                                         "NameOther":  "+西文正文",
                                         "NameFarEast":  "+中文正文",
                                         "NameBi":  "+正文 CS 字体",
                                         "Size":  10.5,
                                         "SizeBi":  11,
                                         "Bold":  0,
                                         "BoldBi":  0,
                                         "Italic":  0,
                                         "ItalicBi":  0,
                                         "Underline":  0,
                                         "Color":  -16777216,
                                         "Hidden":  0,
                                         "Position":  9999999,
                                         "Spacing":  0,
                                         "Scaling":  100,
                                         "Subscript":  0,
                                         "Superscript":  0
                                     },
                           "first":  {
                                         "start":  42,
                                         "end":  43,
                                         "text":  "这",
                                         "style":  "正文",
                                         "Name":  "等线",
                                         "NameAscii":  "+西文正文",
                                         "NameOther":  "+西文正文",
                                         "NameFarEast":  "+中文正文",
                                         "NameBi":  "+正文 CS 字体",
                                         "Size":  10.5,
                                         "SizeBi":  11,
                                         "Bold":  0,
                                         "BoldBi":  0,
                                         "Italic":  0,
                                         "ItalicBi":  0,
                                         "Underline":  0,
                                         "Color":  -16777216,
                                         "Hidden":  0,
                                         "Position":  0,
                                         "Spacing":  0,
                                         "Scaling":  100,
                                         "Subscript":  0,
                                         "Superscript":  0
                                     }
                       },
                       {
                           "mark":  {
                                        "start":  199,
                                        "end":  200,
                                        "text":  "\r",
                                        "style":  "正文",
                                        "Name":  "等线",
                                        "NameAscii":  "+西文正文",
                                        "NameOther":  "+西文正文",
                                        "NameFarEast":  "+中文正文",
                                        "NameBi":  "+正文 CS 字体",
                                        "Size":  10.5,
                                        "SizeBi":  11,
                                        "Bold":  0,
                                        "BoldBi":  0,
                                        "Italic":  0,
                                        "ItalicBi":  0,
                                        "Underline":  0,
                                        "Color":  -16777216,
                                        "Hidden":  0,
                                        "Position":  0,
                                        "Spacing":  0,
                                        "Scaling":  100,
                                        "Subscript":  0,
                                        "Superscript":  0
                                    },
                           "range":  {
                                         "start":  89,
                                         "end":  200,
                                         "text":  "\t\u0001\t(0.0-1)\r",
                                         "style":  "正文",
                                         "Name":  "等线",
                                         "NameAscii":  "+西文正文",
                                         "NameOther":  "+西文正文",
                                         "NameFarEast":  "+中文正文",
                                         "NameBi":  "+正文 CS 字体",
                                         "Size":  10.5,
                                         "SizeBi":  11,
                                         "Bold":  0,
                                         "BoldBi":  0,
                                         "Italic":  0,
                                         "ItalicBi":  0,
                                         "Underline":  0,
                                         "Color":  -16777216,
                                         "Hidden":  0,
                                         "Position":  9999999,
                                         "Spacing":  0,
                                         "Scaling":  100,
                                         "Subscript":  0,
                                         "Superscript":  0
                                     },
                           "first":  {
                                         "start":  89,
                                         "end":  90,
                                         "text":  "\t",
                                         "style":  "正文",
                                         "Name":  "等线",
                                         "NameAscii":  "+西文正文",
                                         "NameOther":  "+西文正文",
                                         "NameFarEast":  "+中文正文",
                                         "NameBi":  "+正文 CS 字体",
                                         "Size":  10.5,
                                         "SizeBi":  11,
                                         "Bold":  0,
                                         "BoldBi":  0,
                                         "Italic":  0,
                                         "ItalicBi":  0,
                                         "Underline":  0,
                                         "Color":  -16777216,
                                         "Hidden":  0,
                                         "Position":  0,
                                         "Spacing":  0,
                                         "Scaling":  100,
                                         "Subscript":  0,
                                         "Superscript":  0
                                     }
                       },
                       {
                           "mark":  {
                                        "start":  246,
                                        "end":  247,
                                        "text":  "\r",
                                        "style":  "题注",
                                        "Name":  "等线 Light",
                                        "NameAscii":  "+西文标题",
                                        "NameOther":  "+西文标题",
                                        "NameFarEast":  "黑体",
                                        "NameBi":  "+标题 CS",
                                        "Size":  1,
                                        "SizeBi":  10,
                                        "Bold":  0,
                                        "BoldBi":  0,
                                        "Italic":  0,
                                        "ItalicBi":  0,
                                        "Underline":  0,
                                        "Color":  -16777216,
                                        "Hidden":  0,
                                        "Position":  0,
                                        "Spacing":  0,
                                        "Scaling":  100,
                                        "Subscript":  0,
                                        "Superscript":  0
                                    },
                           "range":  {
                                         "start":  200,
                                         "end":  247,
                                         "text":  "0.0-1\r",
                                         "style":  "题注",
                                         "Name":  "等线 Light",
                                         "NameAscii":  "+西文标题",
                                         "NameOther":  "+西文标题",
                                         "NameFarEast":  "黑体",
                                         "NameBi":  "+标题 CS",
                                         "Size":  11,
                                         "SizeBi":  10,
                                         "Bold":  0,
                                         "BoldBi":  0,
                                         "Italic":  0,
                                         "ItalicBi":  0,
                                         "Underline":  0,
                                         "Color":  -16777216,
                                         "Hidden":  0,
                                         "Position":  0,
                                         "Spacing":  0,
                                         "Scaling":  100,
                                         "Subscript":  0,
                                         "Superscript":  0
                                     },
                           "first":  {
                                         "start":  200,
                                         "end":  201,
                                         "text":  "0",
                                         "style":  "题注",
                                         "Name":  "等线 Light",
                                         "NameAscii":  "+西文标题",
                                         "NameOther":  "+西文标题",
                                         "NameFarEast":  "黑体",
                                         "NameBi":  "+标题 CS",
                                         "Size":  11,
                                         "SizeBi":  10,
                                         "Bold":  0,
                                         "BoldBi":  0,
                                         "Italic":  0,
                                         "ItalicBi":  0,
                                         "Underline":  0,
                                         "Color":  -16777216,
                                         "Hidden":  0,
                                         "Position":  0,
                                         "Spacing":  0,
                                         "Scaling":  100,
                                         "Subscript":  0,
                                         "Superscript":  0
                                     }
                       },
                       {
                           "mark":  {
                                        "start":  357,
                                        "end":  358,
                                        "text":  "\r",
                                        "style":  "正文",
                                        "Name":  "等线",
                                        "NameAscii":  "+西文正文",
                                        "NameOther":  "+西文正文",
                                        "NameFarEast":  "+中文正文",
                                        "NameBi":  "+正文 CS 字体",
                                        "Size":  10.5,
                                        "SizeBi":  11,
                                        "Bold":  0,
                                        "BoldBi":  0,
                                        "Italic":  0,
                                        "ItalicBi":  0,
                                        "Underline":  0,
                                        "Color":  -16777216,
                                        "Hidden":  0,
                                        "Position":  0,
                                        "Spacing":  0,
                                        "Scaling":  100,
                                        "Subscript":  0,
                                        "Superscript":  0
                                    },
                           "range":  {
                                         "start":  247,
                                         "end":  358,
                                         "text":  "\t\u0001\t(0.0-2)\r",
                                         "style":  "正文",
                                         "Name":  "等线",
                                         "NameAscii":  "+西文正文",
                                         "NameOther":  "+西文正文",
                                         "NameFarEast":  "+中文正文",
                                         "NameBi":  "+正文 CS 字体",
                                         "Size":  10.5,
                                         "SizeBi":  11,
                                         "Bold":  0,
                                         "BoldBi":  0,
                                         "Italic":  0,
                                         "ItalicBi":  0,
                                         "Underline":  0,
                                         "Color":  -16777216,
                                         "Hidden":  0,
                                         "Position":  9999999,
                                         "Spacing":  0,
                                         "Scaling":  100,
                                         "Subscript":  0,
                                         "Superscript":  0
                                     },
                           "first":  {
                                         "start":  247,
                                         "end":  248,
                                         "text":  "\t",
                                         "style":  "正文",
                                         "Name":  "等线",
                                         "NameAscii":  "+西文正文",
                                         "NameOther":  "+西文正文",
                                         "NameFarEast":  "+中文正文",
                                         "NameBi":  "+正文 CS 字体",
                                         "Size":  10.5,
                                         "SizeBi":  11,
                                         "Bold":  0,
                                         "BoldBi":  0,
                                         "Italic":  0,
                                         "ItalicBi":  0,
                                         "Underline":  0,
                                         "Color":  -16777216,
                                         "Hidden":  0,
                                         "Position":  0,
                                         "Spacing":  0,
                                         "Scaling":  100,
                                         "Subscript":  0,
                                         "Superscript":  0
                                     }
                       },
                       {
                           "mark":  {
                                        "start":  404,
                                        "end":  405,
                                        "text":  "\r",
                                        "style":  "题注",
                                        "Name":  "等线 Light",
                                        "NameAscii":  "+西文标题",
                                        "NameOther":  "+西文标题",
                                        "NameFarEast":  "黑体",
                                        "NameBi":  "+标题 CS",
                                        "Size":  1,
                                        "SizeBi":  10,
                                        "Bold":  0,
                                        "BoldBi":  0,
                                        "Italic":  0,
                                        "ItalicBi":  0,
                                        "Underline":  0,
                                        "Color":  -16777216,
                                        "Hidden":  0,
                                        "Position":  0,
                                        "Spacing":  0,
                                        "Scaling":  100,
                                        "Subscript":  0,
                                        "Superscript":  0
                                    },
                           "range":  {
                                         "start":  358,
                                         "end":  405,
                                         "text":  "0.0-2\r",
                                         "style":  "题注",
                                         "Name":  "等线 Light",
                                         "NameAscii":  "+西文标题",
                                         "NameOther":  "+西文标题",
                                         "NameFarEast":  "黑体",
                                         "NameBi":  "+标题 CS",
                                         "Size":  11,
                                         "SizeBi":  10,
                                         "Bold":  0,
                                         "BoldBi":  0,
                                         "Italic":  0,
                                         "ItalicBi":  0,
                                         "Underline":  0,
                                         "Color":  -16777216,
                                         "Hidden":  0,
                                         "Position":  0,
                                         "Spacing":  0,
                                         "Scaling":  100,
                                         "Subscript":  0,
                                         "Superscript":  0
                                     },
                           "first":  {
                                         "start":  358,
                                         "end":  359,
                                         "text":  "0",
                                         "style":  "题注",
                                         "Name":  "等线 Light",
                                         "NameAscii":  "+西文标题",
                                         "NameOther":  "+西文标题",
                                         "NameFarEast":  "黑体",
                                         "NameBi":  "+标题 CS",
                                         "Size":  11,
                                         "SizeBi":  10,
                                         "Bold":  0,
                                         "BoldBi":  0,
                                         "Italic":  0,
                                         "ItalicBi":  0,
                                         "Underline":  0,
                                         "Color":  -16777216,
                                         "Hidden":  0,
                                         "Position":  0,
                                         "Spacing":  0,
                                         "Scaling":  100,
                                         "Subscript":  0,
                                         "Superscript":  0
                                     }
                       },
                       {
                           "mark":  {
                                        "start":  410,
                                        "end":  411,
                                        "text":  "\r",
                                        "style":  "标题 1",
                                        "Name":  "等线",
                                        "NameAscii":  "+西文正文",
                                        "NameOther":  "+西文正文",
                                        "NameFarEast":  "+中文正文",
                                        "NameBi":  "+正文 CS 字体",
                                        "Size":  22,
                                        "SizeBi":  22,
                                        "Bold":  -1,
                                        "BoldBi":  -1,
                                        "Italic":  0,
                                        "ItalicBi":  0,
                                        "Underline":  0,
                                        "Color":  -16777216,
                                        "Hidden":  0,
                                        "Position":  0,
                                        "Spacing":  0,
                                        "Scaling":  100,
                                        "Subscript":  0,
                                        "Superscript":  0
                                    },
                           "range":  {
                                         "start":  405,
                                         "end":  411,
                                         "text":  "薛定谔方程\r",
                                         "style":  "标题 1",
                                         "Name":  "等线",
                                         "NameAscii":  "+西文正文",
                                         "NameOther":  "+西文正文",
                                         "NameFarEast":  "+中文正文",
                                         "NameBi":  "+正文 CS 字体",
                                         "Size":  22,
                                         "SizeBi":  22,
                                         "Bold":  -1,
                                         "BoldBi":  -1,
                                         "Italic":  0,
                                         "ItalicBi":  0,
                                         "Underline":  0,
                                         "Color":  -16777216,
                                         "Hidden":  0,
                                         "Position":  0,
                                         "Spacing":  0,
                                         "Scaling":  100,
                                         "Subscript":  0,
                                         "Superscript":  0
                                     },
                           "first":  {
                                         "start":  405,
                                         "end":  406,
                                         "text":  "薛",
                                         "style":  "标题 1",
                                         "Name":  "等线",
                                         "NameAscii":  "+西文正文",
                                         "NameOther":  "+西文正文",
                                         "NameFarEast":  "+中文正文",
                                         "NameBi":  "+正文 CS 字体",
                                         "Size":  22,
                                         "SizeBi":  22,
                                         "Bold":  -1,
                                         "BoldBi":  -1,
                                         "Italic":  0,
                                         "ItalicBi":  0,
                                         "Underline":  0,
                                         "Color":  -16777216,
                                         "Hidden":  0,
                                         "Position":  0,
                                         "Spacing":  0,
                                         "Scaling":  100,
                                         "Subscript":  0,
                                         "Superscript":  0
                                     }
                       },
                       {
                           "mark":  {
                                        "start":  426,
                                        "end":  427,
                                        "text":  "\r",
                                        "style":  "标题 1",
                                        "Name":  "等线",
                                        "NameAscii":  "+西文正文",
                                        "NameOther":  "+西文正文",
                                        "NameFarEast":  "+中文正文",
                                        "NameBi":  "+正文 CS 字体",
                                        "Size":  22,
                                        "SizeBi":  22,
                                        "Bold":  -1,
                                        "BoldBi":  -1,
                                        "Italic":  0,
                                        "ItalicBi":  0,
                                        "Underline":  0,
                                        "Color":  -16777216,
                                        "Hidden":  0,
                                        "Position":  0,
                                        "Spacing":  0,
                                        "Scaling":  100,
                                        "Subscript":  0,
                                        "Superscript":  0
                                    },
                           "range":  {
                                         "start":  411,
                                         "end":  427,
                                         "text":  "波函数的统计解释和几率守恒方程\r",
                                         "style":  "标题 1",
                                         "Name":  "等线",
                                         "NameAscii":  "+西文正文",
                                         "NameOther":  "+西文正文",
                                         "NameFarEast":  "+中文正文",
                                         "NameBi":  "+正文 CS 字体",
                                         "Size":  22,
                                         "SizeBi":  22,
                                         "Bold":  -1,
                                         "BoldBi":  -1,
                                         "Italic":  0,
                                         "ItalicBi":  0,
                                         "Underline":  0,
                                         "Color":  -16777216,
                                         "Hidden":  0,
                                         "Position":  0,
                                         "Spacing":  0,
                                         "Scaling":  100,
                                         "Subscript":  0,
                                         "Superscript":  0
                                     },
                           "first":  {
                                         "start":  411,
                                         "end":  412,
                                         "text":  "波",
                                         "style":  "标题 1",
                                         "Name":  "等线",
                                         "NameAscii":  "+西文正文",
                                         "NameOther":  "+西文正文",
                                         "NameFarEast":  "+中文正文",
                                         "NameBi":  "+正文 CS 字体",
                                         "Size":  22,
                                         "SizeBi":  22,
                                         "Bold":  -1,
                                         "BoldBi":  -1,
                                         "Italic":  0,
                                         "ItalicBi":  0,
                                         "Underline":  0,
                                         "Color":  -16777216,
                                         "Hidden":  0,
                                         "Position":  0,
                                         "Spacing":  0,
                                         "Scaling":  100,
                                         "Subscript":  0,
                                         "Superscript":  0
                                     }
                       },
                       {
                           "mark":  {
                                        "start":  433,
                                        "end":  434,
                                        "text":  "\r",
                                        "style":  "正文",
                                        "Name":  "等线",
                                        "NameAscii":  "+西文正文",
                                        "NameOther":  "+西文正文",
                                        "NameFarEast":  "+中文正文",
                                        "NameBi":  "+正文 CS 字体",
                                        "Size":  10.5,
                                        "SizeBi":  11,
                                        "Bold":  0,
                                        "BoldBi":  0,
                                        "Italic":  0,
                                        "ItalicBi":  0,
                                        "Underline":  0,
                                        "Color":  -16777216,
                                        "Hidden":  0,
                                        "Position":  0,
                                        "Spacing":  0,
                                        "Scaling":  100,
                                        "Subscript":  0,
                                        "Superscript":  0
                                    },
                           "range":  {
                                         "start":  427,
                                         "end":  434,
                                         "text":  "薛定谔方程：\r",
                                         "style":  "正文",
                                         "Name":  "等线",
                                         "NameAscii":  "+西文正文",
                                         "NameOther":  "+西文正文",
                                         "NameFarEast":  "+中文正文",
                                         "NameBi":  "+正文 CS 字体",
                                         "Size":  10.5,
                                         "SizeBi":  11,
                                         "Bold":  0,
                                         "BoldBi":  0,
                                         "Italic":  0,
                                         "ItalicBi":  0,
                                         "Underline":  0,
                                         "Color":  -16777216,
                                         "Hidden":  0,
                                         "Position":  0,
                                         "Spacing":  0,
                                         "Scaling":  100,
                                         "Subscript":  0,
                                         "Superscript":  0
                                     },
                           "first":  {
                                         "start":  427,
                                         "end":  428,
                                         "text":  "薛",
                                         "style":  "正文",
                                         "Name":  "等线",
                                         "NameAscii":  "+西文正文",
                                         "NameOther":  "+西文正文",
                                         "NameFarEast":  "+中文正文",
                                         "NameBi":  "+正文 CS 字体",
                                         "Size":  10.5,
                                         "SizeBi":  11,
                                         "Bold":  0,
                                         "BoldBi":  0,
                                         "Italic":  0,
                                         "ItalicBi":  0,
                                         "Underline":  0,
                                         "Color":  -16777216,
                                         "Hidden":  0,
                                         "Position":  0,
                                         "Spacing":  0,
                                         "Scaling":  100,
                                         "Subscript":  0,
                                         "Superscript":  0
                                     }
                       },
                       {
                           "mark":  {
                                        "start":  544,
                                        "end":  545,
                                        "text":  "\r",
                                        "style":  "正文",
                                        "Name":  "等线",
                                        "NameAscii":  "+西文正文",
                                        "NameOther":  "+西文正文",
                                        "NameFarEast":  "+中文正文",
                                        "NameBi":  "+正文 CS 字体",
                                        "Size":  10.5,
                                        "SizeBi":  11,
                                        "Bold":  0,
                                        "BoldBi":  0,
                                        "Italic":  0,
                                        "ItalicBi":  0,
                                        "Underline":  0,
                                        "Color":  -16777216,
                                        "Hidden":  0,
                                        "Position":  0,
                                        "Spacing":  0,
                                        "Scaling":  100,
                                        "Subscript":  0,
                                        "Superscript":  0
                                    },
                           "range":  {
                                         "start":  434,
                                         "end":  545,
                                         "text":  "\t\u0001\t(2.0-1)\r",
                                         "style":  "正文",
                                         "Name":  "等线",
                                         "NameAscii":  "+西文正文",
                                         "NameOther":  "+西文正文",
                                         "NameFarEast":  "+中文正文",
                                         "NameBi":  "+正文 CS 字体",
                                         "Size":  10.5,
                                         "SizeBi":  11,
                                         "Bold":  0,
                                         "BoldBi":  0,
                                         "Italic":  0,
                                         "ItalicBi":  0,
                                         "Underline":  0,
                                         "Color":  -16777216,
                                         "Hidden":  0,
                                         "Position":  9999999,
                                         "Spacing":  0,
                                         "Scaling":  100,
                                         "Subscript":  0,
                                         "Superscript":  0
                                     },
                           "first":  {
                                         "start":  434,
                                         "end":  435,
                                         "text":  "\t",
                                         "style":  "正文",
                                         "Name":  "等线",
                                         "NameAscii":  "+西文正文",
                                         "NameOther":  "+西文正文",
                                         "NameFarEast":  "+中文正文",
                                         "NameBi":  "+正文 CS 字体",
                                         "Size":  10.5,
                                         "SizeBi":  11,
                                         "Bold":  0,
                                         "BoldBi":  0,
                                         "Italic":  0,
                                         "ItalicBi":  0,
                                         "Underline":  0,
                                         "Color":  -16777216,
                                         "Hidden":  0,
                                         "Position":  0,
                                         "Spacing":  0,
                                         "Scaling":  100,
                                         "Subscript":  0,
                                         "Superscript":  0
                                     }
                       },
                       {
                           "mark":  {
                                        "start":  591,
                                        "end":  592,
                                        "text":  "\r",
                                        "style":  "题注",
                                        "Name":  "等线 Light",
                                        "NameAscii":  "+西文标题",
                                        "NameOther":  "+西文标题",
                                        "NameFarEast":  "黑体",
                                        "NameBi":  "+标题 CS",
                                        "Size":  1,
                                        "SizeBi":  10,
                                        "Bold":  0,
                                        "BoldBi":  0,
                                        "Italic":  0,
                                        "ItalicBi":  0,
                                        "Underline":  0,
                                        "Color":  -16777216,
                                        "Hidden":  0,
                                        "Position":  0,
                                        "Spacing":  0,
                                        "Scaling":  100,
                                        "Subscript":  0,
                                        "Superscript":  0
                                    },
                           "range":  {
                                         "start":  545,
                                         "end":  592,
                                         "text":  "2.0-1\r",
                                         "style":  "题注",
                                         "Name":  "等线 Light",
                                         "NameAscii":  "+西文标题",
                                         "NameOther":  "+西文标题",
                                         "NameFarEast":  "黑体",
                                         "NameBi":  "+标题 CS",
                                         "Size":  11,
                                         "SizeBi":  10,
                                         "Bold":  0,
                                         "BoldBi":  0,
                                         "Italic":  0,
                                         "ItalicBi":  0,
                                         "Underline":  0,
                                         "Color":  -16777216,
                                         "Hidden":  0,
                                         "Position":  0,
                                         "Spacing":  0,
                                         "Scaling":  100,
                                         "Subscript":  0,
                                         "Superscript":  0
                                     },
                           "first":  {
                                         "start":  545,
                                         "end":  546,
                                         "text":  "2",
                                         "style":  "题注",
                                         "Name":  "等线 Light",
                                         "NameAscii":  "+西文标题",
                                         "NameOther":  "+西文标题",
                                         "NameFarEast":  "黑体",
                                         "NameBi":  "+标题 CS",
                                         "Size":  11,
                                         "SizeBi":  10,
                                         "Bold":  0,
                                         "BoldBi":  0,
                                         "Italic":  0,
                                         "ItalicBi":  0,
                                         "Underline":  0,
                                         "Color":  -16777216,
                                         "Hidden":  0,
                                         "Position":  0,
                                         "Spacing":  0,
                                         "Scaling":  100,
                                         "Subscript":  0,
                                         "Superscript":  0
                                     }
                       },
                       {
                           "mark":  {
                                        "start":  599,
                                        "end":  600,
                                        "text":  "\r",
                                        "style":  "正文",
                                        "Name":  "等线",
                                        "NameAscii":  "+西文正文",
                                        "NameOther":  "+西文正文",
                                        "NameFarEast":  "+中文正文",
                                        "NameBi":  "+正文 CS 字体",
                                        "Size":  10.5,
                                        "SizeBi":  11,
                                        "Bold":  0,
                                        "BoldBi":  0,
                                        "Italic":  0,
                                        "ItalicBi":  0,
                                        "Underline":  0,
                                        "Color":  -16777216,
                                        "Hidden":  0,
                                        "Position":  0,
                                        "Spacing":  0,
                                        "Scaling":  100,
                                        "Subscript":  0,
                                        "Superscript":  0
                                    },
                           "range":  {
                                         "start":  592,
                                         "end":  600,
                                         "text":  "自己推导一下：\r",
                                         "style":  "正文",
                                         "Name":  "等线",
                                         "NameAscii":  "+西文正文",
                                         "NameOther":  "+西文正文",
                                         "NameFarEast":  "+中文正文",
                                         "NameBi":  "+正文 CS 字体",
                                         "Size":  10.5,
                                         "SizeBi":  11,
                                         "Bold":  0,
                                         "BoldBi":  0,
                                         "Italic":  0,
                                         "ItalicBi":  0,
                                         "Underline":  0,
                                         "Color":  -16777216,
                                         "Hidden":  0,
                                         "Position":  0,
                                         "Spacing":  0,
                                         "Scaling":  100,
                                         "Subscript":  0,
                                         "Superscript":  0
                                     },
                           "first":  {
                                         "start":  592,
                                         "end":  593,
                                         "text":  "自",
                                         "style":  "正文",
                                         "Name":  "等线",
                                         "NameAscii":  "+西文正文",
                                         "NameOther":  "+西文正文",
                                         "NameFarEast":  "+中文正文",
                                         "NameBi":  "+正文 CS 字体",
                                         "Size":  10.5,
                                         "SizeBi":  11,
                                         "Bold":  0,
                                         "BoldBi":  0,
                                         "Italic":  0,
                                         "ItalicBi":  0,
                                         "Underline":  0,
                                         "Color":  -16777216,
                                         "Hidden":  0,
                                         "Position":  0,
                                         "Spacing":  0,
                                         "Scaling":  100,
                                         "Subscript":  0,
                                         "Superscript":  0
                                     }
                       },
                       {
                           "mark":  {
                                        "start":  710,
                                        "end":  711,
                                        "text":  "\r",
                                        "style":  "正文",
                                        "Name":  "等线",
                                        "NameAscii":  "+西文正文",
                                        "NameOther":  "+西文正文",
                                        "NameFarEast":  "+中文正文",
                                        "NameBi":  "+正文 CS 字体",
                                        "Size":  10.5,
                                        "SizeBi":  11,
                                        "Bold":  0,
                                        "BoldBi":  0,
                                        "Italic":  0,
                                        "ItalicBi":  0,
                                        "Underline":  0,
                                        "Color":  -16777216,
                                        "Hidden":  0,
                                        "Position":  0,
                                        "Spacing":  0,
                                        "Scaling":  100,
                                        "Subscript":  0,
                                        "Superscript":  0
                                    },
                           "range":  {
                                         "start":  600,
                                         "end":  711,
                                         "text":  "\t\u0001\t(2.0-2)\r",
                                         "style":  "正文",
                                         "Name":  "等线",
                                         "NameAscii":  "+西文正文",
                                         "NameOther":  "+西文正文",
                                         "NameFarEast":  "+中文正文",
                                         "NameBi":  "+正文 CS 字体",
                                         "Size":  10.5,
                                         "SizeBi":  11,
                                         "Bold":  0,
                                         "BoldBi":  0,
                                         "Italic":  0,
                                         "ItalicBi":  0,
                                         "Underline":  0,
                                         "Color":  -16777216,
                                         "Hidden":  0,
                                         "Position":  9999999,
                                         "Spacing":  0,
                                         "Scaling":  100,
                                         "Subscript":  0,
                                         "Superscript":  0
                                     },
                           "first":  {
                                         "start":  600,
                                         "end":  601,
                                         "text":  "\t",
                                         "style":  "正文",
                                         "Name":  "等线",
                                         "NameAscii":  "+西文正文",
                                         "NameOther":  "+西文正文",
                                         "NameFarEast":  "+中文正文",
                                         "NameBi":  "+正文 CS 字体",
                                         "Size":  10.5,
                                         "SizeBi":  11,
                                         "Bold":  0,
                                         "BoldBi":  0,
                                         "Italic":  0,
                                         "ItalicBi":  0,
                                         "Underline":  0,
                                         "Color":  -16777216,
                                         "Hidden":  0,
                                         "Position":  0,
                                         "Spacing":  0,
                                         "Scaling":  100,
                                         "Subscript":  0,
                                         "Superscript":  0
                                     }
                       },
                       {
                           "mark":  {
                                        "start":  757,
                                        "end":  758,
                                        "text":  "\r",
                                        "style":  "题注",
                                        "Name":  "等线 Light",
                                        "NameAscii":  "+西文标题",
                                        "NameOther":  "+西文标题",
                                        "NameFarEast":  "黑体",
                                        "NameBi":  "+标题 CS",
                                        "Size":  1,
                                        "SizeBi":  10,
                                        "Bold":  0,
                                        "BoldBi":  0,
                                        "Italic":  0,
                                        "ItalicBi":  0,
                                        "Underline":  0,
                                        "Color":  -16777216,
                                        "Hidden":  0,
                                        "Position":  0,
                                        "Spacing":  0,
                                        "Scaling":  100,
                                        "Subscript":  0,
                                        "Superscript":  0
                                    },
                           "range":  {
                                         "start":  711,
                                         "end":  758,
                                         "text":  "2.0-2\r",
                                         "style":  "题注",
                                         "Name":  "等线 Light",
                                         "NameAscii":  "+西文标题",
                                         "NameOther":  "+西文标题",
                                         "NameFarEast":  "黑体",
                                         "NameBi":  "+标题 CS",
                                         "Size":  11,
                                         "SizeBi":  10,
                                         "Bold":  0,
                                         "BoldBi":  0,
                                         "Italic":  0,
                                         "ItalicBi":  0,
                                         "Underline":  0,
                                         "Color":  -16777216,
                                         "Hidden":  0,
                                         "Position":  0,
                                         "Spacing":  0,
                                         "Scaling":  100,
                                         "Subscript":  0,
                                         "Superscript":  0
                                     },
                           "first":  {
                                         "start":  711,
                                         "end":  712,
                                         "text":  "2",
                                         "style":  "题注",
                                         "Name":  "等线 Light",
                                         "NameAscii":  "+西文标题",
                                         "NameOther":  "+西文标题",
                                         "NameFarEast":  "黑体",
                                         "NameBi":  "+标题 CS",
                                         "Size":  11,
                                         "SizeBi":  10,
                                         "Bold":  0,
                                         "BoldBi":  0,
                                         "Italic":  0,
                                         "ItalicBi":  0,
                                         "Underline":  0,
                                         "Color":  -16777216,
                                         "Hidden":  0,
                                         "Position":  0,
                                         "Spacing":  0,
                                         "Scaling":  100,
                                         "Subscript":  0,
                                         "Superscript":  0
                                     }
                       },
                       {
                           "mark":  {
                                        "start":  775,
                                        "end":  776,
                                        "text":  "\r",
                                        "style":  "正文",
                                        "Name":  "等线",
                                        "NameAscii":  "+西文正文",
                                        "NameOther":  "+西文正文",
                                        "NameFarEast":  "+中文正文",
                                        "NameBi":  "+正文 CS 字体",
                                        "Size":  10.5,
                                        "SizeBi":  11,
                                        "Bold":  0,
                                        "BoldBi":  0,
                                        "Italic":  0,
                                        "ItalicBi":  0,
                                        "Underline":  0,
                                        "Color":  -16777216,
                                        "Hidden":  0,
                                        "Position":  0,
                                        "Spacing":  0,
                                        "Scaling":  100,
                                        "Subscript":  0,
                                        "Superscript":  0
                                    },
                           "range":  {
                                         "start":  758,
                                         "end":  776,
                                         "text":  "有这个可以得到类似的密度守恒方程：\r",
                                         "style":  "正文",
                                         "Name":  "等线",
                                         "NameAscii":  "+西文正文",
                                         "NameOther":  "+西文正文",
                                         "NameFarEast":  "+中文正文",
                                         "NameBi":  "+正文 CS 字体",
                                         "Size":  10.5,
                                         "SizeBi":  11,
                                         "Bold":  0,
                                         "BoldBi":  0,
                                         "Italic":  0,
                                         "ItalicBi":  0,
                                         "Underline":  0,
                                         "Color":  -16777216,
                                         "Hidden":  0,
                                         "Position":  0,
                                         "Spacing":  0,
                                         "Scaling":  100,
                                         "Subscript":  0,
                                         "Superscript":  0
                                     },
                           "first":  {
                                         "start":  758,
                                         "end":  759,
                                         "text":  "有",
                                         "style":  "正文",
                                         "Name":  "等线",
                                         "NameAscii":  "+西文正文",
                                         "NameOther":  "+西文正文",
                                         "NameFarEast":  "+中文正文",
                                         "NameBi":  "+正文 CS 字体",
                                         "Size":  10.5,
                                         "SizeBi":  11,
                                         "Bold":  0,
                                         "BoldBi":  0,
                                         "Italic":  0,
                                         "ItalicBi":  0,
                                         "Underline":  0,
                                         "Color":  -16777216,
                                         "Hidden":  0,
                                         "Position":  0,
                                         "Spacing":  0,
                                         "Scaling":  100,
                                         "Subscript":  0,
                                         "Superscript":  0
                                     }
                       },
                       {
                           "mark":  {
                                        "start":  886,
                                        "end":  887,
                                        "text":  "\r",
                                        "style":  "正文",
                                        "Name":  "等线",
                                        "NameAscii":  "+西文正文",
                                        "NameOther":  "+西文正文",
                                        "NameFarEast":  "+中文正文",
                                        "NameBi":  "+正文 CS 字体",
                                        "Size":  10.5,
                                        "SizeBi":  11,
                                        "Bold":  0,
                                        "BoldBi":  0,
                                        "Italic":  0,
                                        "ItalicBi":  0,
                                        "Underline":  0,
                                        "Color":  -16777216,
                                        "Hidden":  0,
                                        "Position":  0,
                                        "Spacing":  0,
                                        "Scaling":  100,
                                        "Subscript":  0,
                                        "Superscript":  0
                                    },
                           "range":  {
                                         "start":  776,
                                         "end":  887,
                                         "text":  "\t\u0001\t(2.0-3)\r",
                                         "style":  "正文",
                                         "Name":  "等线",
                                         "NameAscii":  "+西文正文",
                                         "NameOther":  "+西文正文",
                                         "NameFarEast":  "+中文正文",
                                         "NameBi":  "+正文 CS 字体",
                                         "Size":  10.5,
                                         "SizeBi":  11,
                                         "Bold":  0,
                                         "BoldBi":  0,
                                         "Italic":  0,
                                         "ItalicBi":  0,
                                         "Underline":  0,
                                         "Color":  -16777216,
                                         "Hidden":  0,
                                         "Position":  9999999,
                                         "Spacing":  0,
                                         "Scaling":  100,
                                         "Subscript":  0,
                                         "Superscript":  0
                                     },
                           "first":  {
                                         "start":  776,
                                         "end":  777,
                                         "text":  "\t",
                                         "style":  "正文",
                                         "Name":  "等线",
                                         "NameAscii":  "+西文正文",
                                         "NameOther":  "+西文正文",
                                         "NameFarEast":  "+中文正文",
                                         "NameBi":  "+正文 CS 字体",
                                         "Size":  10.5,
                                         "SizeBi":  11,
                                         "Bold":  0,
                                         "BoldBi":  0,
                                         "Italic":  0,
                                         "ItalicBi":  0,
                                         "Underline":  0,
                                         "Color":  -16777216,
                                         "Hidden":  0,
                                         "Position":  0,
                                         "Spacing":  0,
                                         "Scaling":  100,
                                         "Subscript":  0,
                                         "Superscript":  0
                                     }
                       },
                       {
                           "mark":  {
                                        "start":  933,
                                        "end":  934,
                                        "text":  "\r",
                                        "style":  "题注",
                                        "Name":  "等线 Light",
                                        "NameAscii":  "+西文标题",
                                        "NameOther":  "+西文标题",
                                        "NameFarEast":  "黑体",
                                        "NameBi":  "+标题 CS",
                                        "Size":  1,
                                        "SizeBi":  10,
                                        "Bold":  0,
                                        "BoldBi":  0,
                                        "Italic":  0,
                                        "ItalicBi":  0,
                                        "Underline":  0,
                                        "Color":  -16777216,
                                        "Hidden":  0,
                                        "Position":  0,
                                        "Spacing":  0,
                                        "Scaling":  100,
                                        "Subscript":  0,
                                        "Superscript":  0
                                    },
                           "range":  {
                                         "start":  887,
                                         "end":  934,
                                         "text":  "2.0-3\r",
                                         "style":  "题注",
                                         "Name":  "等线 Light",
                                         "NameAscii":  "+西文标题",
                                         "NameOther":  "+西文标题",
                                         "NameFarEast":  "黑体",
                                         "NameBi":  "+标题 CS",
                                         "Size":  11,
                                         "SizeBi":  10,
                                         "Bold":  0,
                                         "BoldBi":  0,
                                         "Italic":  0,
                                         "ItalicBi":  0,
                                         "Underline":  0,
                                         "Color":  -16777216,
                                         "Hidden":  0,
                                         "Position":  0,
                                         "Spacing":  0,
                                         "Scaling":  100,
                                         "Subscript":  0,
                                         "Superscript":  0
                                     },
                           "first":  {
                                         "start":  887,
                                         "end":  888,
                                         "text":  "2",
                                         "style":  "题注",
                                         "Name":  "等线 Light",
                                         "NameAscii":  "+西文标题",
                                         "NameOther":  "+西文标题",
                                         "NameFarEast":  "黑体",
                                         "NameBi":  "+标题 CS",
                                         "Size":  11,
                                         "SizeBi":  10,
                                         "Bold":  0,
                                         "BoldBi":  0,
                                         "Italic":  0,
                                         "ItalicBi":  0,
                                         "Underline":  0,
                                         "Color":  -16777216,
                                         "Hidden":  0,
                                         "Position":  0,
                                         "Spacing":  0,
                                         "Scaling":  100,
                                         "Subscript":  0,
                                         "Superscript":  0
                                     }
                       },
                       {
                           "mark":  {
                                        "start":  946,
                                        "end":  947,
                                        "text":  "\r",
                                        "style":  "正文",
                                        "Name":  "等线",
                                        "NameAscii":  "+西文正文",
                                        "NameOther":  "+西文正文",
                                        "NameFarEast":  "+中文正文",
                                        "NameBi":  "+正文 CS 字体",
                                        "Size":  10.5,
                                        "SizeBi":  11,
                                        "Bold":  0,
                                        "BoldBi":  0,
                                        "Italic":  0,
                                        "ItalicBi":  0,
                                        "Underline":  0,
                                        "Color":  -16777216,
                                        "Hidden":  0,
                                        "Position":  0,
                                        "Spacing":  0,
                                        "Scaling":  100,
                                        "Subscript":  0,
                                        "Superscript":  0
                                    },
                           "range":  {
                                         "start":  934,
                                         "end":  947,
                                         "text":  "定态的相加不一定为定态。\r",
                                         "style":  "正文",
                                         "Name":  "等线",
                                         "NameAscii":  "+西文正文",
                                         "NameOther":  "+西文正文",
                                         "NameFarEast":  "+中文正文",
                                         "NameBi":  "+正文 CS 字体",
                                         "Size":  10.5,
                                         "SizeBi":  11,
                                         "Bold":  0,
                                         "BoldBi":  0,
                                         "Italic":  0,
                                         "ItalicBi":  0,
                                         "Underline":  0,
                                         "Color":  -16777216,
                                         "Hidden":  0,
                                         "Position":  0,
                                         "Spacing":  0,
                                         "Scaling":  100,
                                         "Subscript":  0,
                                         "Superscript":  0
                                     },
                           "first":  {
                                         "start":  934,
                                         "end":  935,
                                         "text":  "定",
                                         "style":  "正文",
                                         "Name":  "等线",
                                         "NameAscii":  "+西文正文",
                                         "NameOther":  "+西文正文",
                                         "NameFarEast":  "+中文正文",
                                         "NameBi":  "+正文 CS 字体",
                                         "Size":  10.5,
                                         "SizeBi":  11,
                                         "Bold":  0,
                                         "BoldBi":  0,
                                         "Italic":  0,
                                         "ItalicBi":  0,
                                         "Underline":  0,
                                         "Color":  -16777216,
                                         "Hidden":  0,
                                         "Position":  0,
                                         "Spacing":  0,
                                         "Scaling":  100,
                                         "Subscript":  0,
                                         "Superscript":  0
                                     }
                       },
                       {
                           "mark":  {
                                        "start":  947,
                                        "end":  948,
                                        "text":  "\r",
                                        "style":  "正文",
                                        "Name":  "等线",
                                        "NameAscii":  "+西文正文",
                                        "NameOther":  "+西文正文",
                                        "NameFarEast":  "+中文正文",
                                        "NameBi":  "+正文 CS 字体",
                                        "Size":  10.5,
                                        "SizeBi":  11,
                                        "Bold":  0,
                                        "BoldBi":  0,
                                        "Italic":  0,
                                        "ItalicBi":  0,
                                        "Underline":  0,
                                        "Color":  -16777216,
                                        "Hidden":  0,
                                        "Position":  0,
                                        "Spacing":  0,
                                        "Scaling":  100,
                                        "Subscript":  0,
                                        "Superscript":  0
                                    },
                           "range":  {
                                         "start":  947,
                                         "end":  948,
                                         "text":  "\r",
                                         "style":  "正文",
                                         "Name":  "等线",
                                         "NameAscii":  "+西文正文",
                                         "NameOther":  "+西文正文",
                                         "NameFarEast":  "+中文正文",
                                         "NameBi":  "+正文 CS 字体",
                                         "Size":  10.5,
                                         "SizeBi":  11,
                                         "Bold":  0,
                                         "BoldBi":  0,
                                         "Italic":  0,
                                         "ItalicBi":  0,
                                         "Underline":  0,
                                         "Color":  -16777216,
                                         "Hidden":  0,
                                         "Position":  0,
                                         "Spacing":  0,
                                         "Scaling":  100,
                                         "Subscript":  0,
                                         "Superscript":  0
                                     },
                           "first":  {
                                         "start":  947,
                                         "end":  948,
                                         "text":  "\r",
                                         "style":  "正文",
                                         "Name":  "等线",
                                         "NameAscii":  "+西文正文",
                                         "NameOther":  "+西文正文",
                                         "NameFarEast":  "+中文正文",
                                         "NameBi":  "+正文 CS 字体",
                                         "Size":  10.5,
                                         "SizeBi":  11,
                                         "Bold":  0,
                                         "BoldBi":  0,
                                         "Italic":  0,
                                         "ItalicBi":  0,
                                         "Underline":  0,
                                         "Color":  -16777216,
                                         "Hidden":  0,
                                         "Position":  0,
                                         "Spacing":  0,
                                         "Scaling":  100,
                                         "Subscript":  0,
                                         "Superscript":  0
                                     }
                       },
                       {
                           "mark":  {
                                        "start":  1073,
                                        "end":  1074,
                                        "text":  "\r",
                                        "style":  "正文",
                                        "Name":  "等线",
                                        "NameAscii":  "+西文正文",
                                        "NameOther":  "+西文正文",
                                        "NameFarEast":  "+中文正文",
                                        "NameBi":  "+正文 CS 字体",
                                        "Size":  10.5,
                                        "SizeBi":  11,
                                        "Bold":  0,
                                        "BoldBi":  0,
                                        "Italic":  0,
                                        "ItalicBi":  0,
                                        "Underline":  0,
                                        "Color":  -16777216,
                                        "Hidden":  0,
                                        "Position":  0,
                                        "Spacing":  0,
                                        "Scaling":  100,
                                        "Subscript":  0,
                                        "Superscript":  0
                                    },
                           "range":  {
                                         "start":  948,
                                         "end":  1074,
                                         "text":  "(\u0015)\r",
                                         "style":  "正文",
                                         "Name":  "等线",
                                         "NameAscii":  "+西文正文",
                                         "NameOther":  "+西文正文",
                                         "NameFarEast":  "+中文正文",
                                         "NameBi":  "+正文 CS 字体",
                                         "Size":  10.5,
                                         "SizeBi":  11,
                                         "Bold":  0,
                                         "BoldBi":  0,
                                         "Italic":  0,
                                         "ItalicBi":  0,
                                         "Underline":  0,
                                         "Color":  -16777216,
                                         "Hidden":  0,
                                         "Position":  0,
                                         "Spacing":  0,
                                         "Scaling":  100,
                                         "Subscript":  0,
                                         "Superscript":  0
                                     },
                           "first":  {
                                         "start":  948,
                                         "end":  949,
                                         "text":  "(",
                                         "style":  "正文",
                                         "Name":  "等线",
                                         "NameAscii":  "+西文正文",
                                         "NameOther":  "+西文正文",
                                         "NameFarEast":  "+中文正文",
                                         "NameBi":  "+正文 CS 字体",
                                         "Size":  10.5,
                                         "SizeBi":  11,
                                         "Bold":  0,
                                         "BoldBi":  0,
                                         "Italic":  0,
                                         "ItalicBi":  0,
                                         "Underline":  0,
                                         "Color":  -16777216,
                                         "Hidden":  0,
                                         "Position":  0,
                                         "Spacing":  0,
                                         "Scaling":  100,
                                         "Subscript":  0,
                                         "Superscript":  0
                                     }
                       }
                   ],
    "selection":  {
                      "start":  282,
                      "end":  357,
                      "text":  "\t(0.0-2)",
                      "style":  "正文",
                      "Name":  "等线",
                      "NameAscii":  "+西文正文",
                      "NameOther":  "+西文正文",
                      "NameFarEast":  "+中文正文",
                      "NameBi":  "+正文 CS 字体",
                      "Size":  10.5,
                      "SizeBi":  11,
                      "Bold":  0,
                      "BoldBi":  0,
                      "Italic":  0,
                      "ItalicBi":  0,
                      "Underline":  0,
                      "Color":  -16777216,
                      "Hidden":  0,
                      "Position":  0,
                      "Spacing":  0,
                      "Scaling":  100,
                      "Subscript":  0,
                      "Superscript":  0
                  },
    "pid":  100440,
    "bookmarks":  [
                      {
                          "name":  "VTEq_68ee0829619948eb81da91d8a9b9e46e",
                          "format":  {
                                         "start":  124,
                                         "end":  199,
                                         "text":  "\t(0.0-1)",
                                         "style":  "正文",
                                         "Name":  "等线",
                                         "NameAscii":  "+西文正文",
                                         "NameOther":  "+西文正文",
                                         "NameFarEast":  "+中文正文",
                                         "NameBi":  "+正文 CS 字体",
                                         "Size":  10.5,
                                         "SizeBi":  11,
                                         "Bold":  0,
                                         "BoldBi":  0,
                                         "Italic":  0,
                                         "ItalicBi":  0,
                                         "Underline":  0,
                                         "Color":  -16777216,
                                         "Hidden":  0,
                                         "Position":  0,
                                         "Spacing":  0,
                                         "Scaling":  100,
                                         "Subscript":  0,
                                         "Superscript":  0
                                     }
                      },
                      {
                          "name":  "VTEq_6c81d94cd33f448dbb3975d06b7ceb72",
                          "format":  {
                                         "start":  469,
                                         "end":  544,
                                         "text":  "\t(2.0-1)",
                                         "style":  "正文",
                                         "Name":  "等线",
                                         "NameAscii":  "+西文正文",
                                         "NameOther":  "+西文正文",
                                         "NameFarEast":  "+中文正文",
                                         "NameBi":  "+正文 CS 字体",
                                         "Size":  10.5,
                                         "SizeBi":  11,
                                         "Bold":  0,
                                         "BoldBi":  0,
                                         "Italic":  0,
                                         "ItalicBi":  0,
                                         "Underline":  0,
                                         "Color":  -16777216,
                                         "Hidden":  0,
                                         "Position":  0,
                                         "Spacing":  0,
                                         "Scaling":  100,
                                         "Subscript":  0,
                                         "Superscript":  0
                                     }
                      },
                      {
                          "name":  "VTEq_a120d3bf950140fda8b839097b0243a1",
                          "format":  {
                                         "start":  635,
                                         "end":  710,
                                         "text":  "\t(2.0-2)",
                                         "style":  "正文",
                                         "Name":  "等线",
                                         "NameAscii":  "+西文正文",
                                         "NameOther":  "+西文正文",
                                         "NameFarEast":  "+中文正文",
                                         "NameBi":  "+正文 CS 字体",
                                         "Size":  10.5,
                                         "SizeBi":  11,
                                         "Bold":  0,
                                         "BoldBi":  0,
                                         "Italic":  0,
                                         "ItalicBi":  0,
                                         "Underline":  0,
                                         "Color":  -16777216,
                                         "Hidden":  0,
                                         "Position":  0,
                                         "Spacing":  0,
                                         "Scaling":  100,
                                         "Subscript":  0,
                                         "Superscript":  0
                                     }
                      },
                      {
                          "name":  "VTEq_e06d1063b233473ebcd888270eaa7e19",
                          "format":  {
                                         "start":  811,
                                         "end":  886,
                                         "text":  "\t(2.0-3)",
                                         "style":  "正文",
                                         "Name":  "等线",
                                         "NameAscii":  "+西文正文",
                                         "NameOther":  "+西文正文",
                                         "NameFarEast":  "+中文正文",
                                         "NameBi":  "+正文 CS 字体",
                                         "Size":  10.5,
                                         "SizeBi":  11,
                                         "Bold":  0,
                                         "BoldBi":  0,
                                         "Italic":  0,
                                         "ItalicBi":  0,
                                         "Underline":  0,
                                         "Color":  -16777216,
                                         "Hidden":  0,
                                         "Position":  0,
                                         "Spacing":  0,
                                         "Scaling":  100,
                                         "Subscript":  0,
                                         "Superscript":  0
                                     }
                      },
                      {
                          "name":  "VTEq_ff098fb0d3134fd49722e98c1354138f",
                          "format":  {
                                         "start":  282,
                                         "end":  357,
                                         "text":  "\t(0.0-2)",
                                         "style":  "正文",
                                         "Name":  "等线",
                                         "NameAscii":  "+西文正文",
                                         "NameOther":  "+西文正文",
                                         "NameFarEast":  "+中文正文",
                                         "NameBi":  "+正文 CS 字体",
                                         "Size":  10.5,
                                         "SizeBi":  11,
                                         "Bold":  0,
                                         "BoldBi":  0,
                                         "Italic":  0,
                                         "ItalicBi":  0,
                                         "Underline":  0,
                                         "Color":  -16777216,
                                         "Hidden":  0,
                                         "Position":  0,
                                         "Spacing":  0,
                                         "Scaling":  100,
                                         "Subscript":  0,
                                         "Superscript":  0
                                     }
                      },
                      {
                          "name":  "VTEqCap_68ee0829619948eb81da91d8a9b9e46e",
                          "format":  {
                                         "start":  200,
                                         "end":  247,
                                         "text":  "0.0-1\r",
                                         "style":  "题注",
                                         "Name":  "等线 Light",
                                         "NameAscii":  "+西文标题",
                                         "NameOther":  "+西文标题",
                                         "NameFarEast":  "黑体",
                                         "NameBi":  "+标题 CS",
                                         "Size":  11,
                                         "SizeBi":  10,
                                         "Bold":  0,
                                         "BoldBi":  0,
                                         "Italic":  0,
                                         "ItalicBi":  0,
                                         "Underline":  0,
                                         "Color":  -16777216,
                                         "Hidden":  0,
                                         "Position":  0,
                                         "Spacing":  0,
                                         "Scaling":  100,
                                         "Subscript":  0,
                                         "Superscript":  0
                                     }
                      },
                      {
                          "name":  "VTEqCap_6c81d94cd33f448dbb3975d06b7ceb72",
                          "format":  {
                                         "start":  545,
                                         "end":  592,
                                         "text":  "2.0-1\r",
                                         "style":  "题注",
                                         "Name":  "等线 Light",
                                         "NameAscii":  "+西文标题",
                                         "NameOther":  "+西文标题",
                                         "NameFarEast":  "黑体",
                                         "NameBi":  "+标题 CS",
                                         "Size":  11,
                                         "SizeBi":  10,
                                         "Bold":  0,
                                         "BoldBi":  0,
                                         "Italic":  0,
                                         "ItalicBi":  0,
                                         "Underline":  0,
                                         "Color":  -16777216,
                                         "Hidden":  0,
                                         "Position":  0,
                                         "Spacing":  0,
                                         "Scaling":  100,
                                         "Subscript":  0,
                                         "Superscript":  0
                                     }
                      },
                      {
                          "name":  "VTEqCap_a120d3bf950140fda8b839097b0243a1",
                          "format":  {
                                         "start":  711,
                                         "end":  758,
                                         "text":  "2.0-2\r",
                                         "style":  "题注",
                                         "Name":  "等线 Light",
                                         "NameAscii":  "+西文标题",
                                         "NameOther":  "+西文标题",
                                         "NameFarEast":  "黑体",
                                         "NameBi":  "+标题 CS",
                                         "Size":  11,
                                         "SizeBi":  10,
                                         "Bold":  0,
                                         "BoldBi":  0,
                                         "Italic":  0,
                                         "ItalicBi":  0,
                                         "Underline":  0,
                                         "Color":  -16777216,
                                         "Hidden":  0,
                                         "Position":  0,
                                         "Spacing":  0,
                                         "Scaling":  100,
                                         "Subscript":  0,
                                         "Superscript":  0
                                     }
                      },
                      {
                          "name":  "VTEqCap_e06d1063b233473ebcd888270eaa7e19",
                          "format":  {
                                         "start":  887,
                                         "end":  934,
                                         "text":  "2.0-3\r",
                                         "style":  "题注",
                                         "Name":  "等线 Light",
                                         "NameAscii":  "+西文标题",
                                         "NameOther":  "+西文标题",
                                         "NameFarEast":  "黑体",
                                         "NameBi":  "+标题 CS",
                                         "Size":  11,
                                         "SizeBi":  10,
                                         "Bold":  0,
                                         "BoldBi":  0,
                                         "Italic":  0,
                                         "ItalicBi":  0,
                                         "Underline":  0,
                                         "Color":  -16777216,
                                         "Hidden":  0,
                                         "Position":  0,
                                         "Spacing":  0,
                                         "Scaling":  100,
                                         "Subscript":  0,
                                         "Superscript":  0
                                     }
                      },
                      {
                          "name":  "VTEqCap_ff098fb0d3134fd49722e98c1354138f",
                          "format":  {
                                         "start":  358,
                                         "end":  405,
                                         "text":  "0.0-2\r",
                                         "style":  "题注",
                                         "Name":  "等线 Light",
                                         "NameAscii":  "+西文标题",
                                         "NameOther":  "+西文标题",
                                         "NameFarEast":  "黑体",
                                         "NameBi":  "+标题 CS",
                                         "Size":  11,
                                         "SizeBi":  10,
                                         "Bold":  0,
                                         "BoldBi":  0,
                                         "Italic":  0,
                                         "ItalicBi":  0,
                                         "Underline":  0,
                                         "Color":  -16777216,
                                         "Hidden":  0,
                                         "Position":  0,
                                         "Spacing":  0,
                                         "Scaling":  100,
                                         "Subscript":  0,
                                         "Superscript":  0
                                     }
                      },
                      {
                          "name":  "VTEqNum_68ee0829619948eb81da91d8a9b9e46e",
                          "format":  {
                                         "start":  200,
                                         "end":  246,
                                         "text":  "0.0-1",
                                         "style":  "题注",
                                         "Name":  "等线 Light",
                                         "NameAscii":  "+西文标题",
                                         "NameOther":  "+西文标题",
                                         "NameFarEast":  "黑体",
                                         "NameBi":  "+标题 CS",
                                         "Size":  11,
                                         "SizeBi":  10,
                                         "Bold":  0,
                                         "BoldBi":  0,
                                         "Italic":  0,
                                         "ItalicBi":  0,
                                         "Underline":  0,
                                         "Color":  -16777216,
                                         "Hidden":  0,
                                         "Position":  0,
                                         "Spacing":  0,
                                         "Scaling":  100,
                                         "Subscript":  0,
                                         "Superscript":  0
                                     }
                      },
                      {
                          "name":  "VTEqNum_6c81d94cd33f448dbb3975d06b7ceb72",
                          "format":  {
                                         "start":  545,
                                         "end":  591,
                                         "text":  "2.0-1",
                                         "style":  "题注",
                                         "Name":  "等线 Light",
                                         "NameAscii":  "+西文标题",
                                         "NameOther":  "+西文标题",
                                         "NameFarEast":  "黑体",
                                         "NameBi":  "+标题 CS",
                                         "Size":  11,
                                         "SizeBi":  10,
                                         "Bold":  0,
                                         "BoldBi":  0,
                                         "Italic":  0,
                                         "ItalicBi":  0,
                                         "Underline":  0,
                                         "Color":  -16777216,
                                         "Hidden":  0,
                                         "Position":  0,
                                         "Spacing":  0,
                                         "Scaling":  100,
                                         "Subscript":  0,
                                         "Superscript":  0
                                     }
                      },
                      {
                          "name":  "VTEqNum_a120d3bf950140fda8b839097b0243a1",
                          "format":  {
                                         "start":  711,
                                         "end":  757,
                                         "text":  "2.0-2",
                                         "style":  "题注",
                                         "Name":  "等线 Light",
                                         "NameAscii":  "+西文标题",
                                         "NameOther":  "+西文标题",
                                         "NameFarEast":  "黑体",
                                         "NameBi":  "+标题 CS",
                                         "Size":  11,
                                         "SizeBi":  10,
                                         "Bold":  0,
                                         "BoldBi":  0,
                                         "Italic":  0,
                                         "ItalicBi":  0,
                                         "Underline":  0,
                                         "Color":  -16777216,
                                         "Hidden":  0,
                                         "Position":  0,
                                         "Spacing":  0,
                                         "Scaling":  100,
                                         "Subscript":  0,
                                         "Superscript":  0
                                     }
                      },
                      {
                          "name":  "VTEqNum_e06d1063b233473ebcd888270eaa7e19",
                          "format":  {
                                         "start":  887,
                                         "end":  933,
                                         "text":  "2.0-3",
                                         "style":  "题注",
                                         "Name":  "等线 Light",
                                         "NameAscii":  "+西文标题",
                                         "NameOther":  "+西文标题",
                                         "NameFarEast":  "黑体",
                                         "NameBi":  "+标题 CS",
                                         "Size":  11,
                                         "SizeBi":  10,
                                         "Bold":  0,
                                         "BoldBi":  0,
                                         "Italic":  0,
                                         "ItalicBi":  0,
                                         "Underline":  0,
                                         "Color":  -16777216,
                                         "Hidden":  0,
                                         "Position":  0,
                                         "Spacing":  0,
                                         "Scaling":  100,
                                         "Subscript":  0,
                                         "Superscript":  0
                                     }
                      },
                      {
                          "name":  "VTEqNum_ff098fb0d3134fd49722e98c1354138f",
                          "format":  {
                                         "start":  358,
                                         "end":  404,
                                         "text":  "0.0-2",
                                         "style":  "题注",
                                         "Name":  "等线 Light",
                                         "NameAscii":  "+西文标题",
                                         "NameOther":  "+西文标题",
                                         "NameFarEast":  "黑体",
                                         "NameBi":  "+标题 CS",
                                         "Size":  11,
                                         "SizeBi":  10,
                                         "Bold":  0,
                                         "BoldBi":  0,
                                         "Italic":  0,
                                         "ItalicBi":  0,
                                         "Underline":  0,
                                         "Color":  -16777216,
                                         "Hidden":  0,
                                         "Position":  0,
                                         "Spacing":  0,
                                         "Scaling":  100,
                                         "Subscript":  0,
                                         "Superscript":  0
                                     }
                      }
                  ],
    "document":  "文档136"
}
