2026-09-06T14:45:10.3998773+08:00 pid=82668 tid=1 word-addin-loaded pid=82668 assembly=C:\Users\pojian_liao\AppData\Local\VisualTeX\office\remediation-builds\15D63C756CBF79B3CB794D23B7DFACE035C469FD23D8E51ABCCF605A56663274\VisualTeX.WordVsto.dll mvid=e94a462e-3ea3-4e20-afa1-3395fbb25eaa
2026-09-06T14:45:10.8209257+08:00 pid=82668 tid=1 hook-started handle=0x258B2
2026-09-06T14:45:11.0529283+08:00 pid=82668 tid=10 mathtype-native-preview-shared-prewarm-complete
2026-09-06T14:46:01.4167410+08:00 pid=82668 tid=12 left-down x=1838 y=860 wordForeground=True
2026-09-06T14:46:02.1738980+08:00 pid=82668 tid=1 word-undo-begin name=VisualTeX Set Equation Number Format recording=False level=0
2026-09-06T14:46:02.1738980+08:00 pid=82668 tid=1 word-undo-started name=VisualTeX Set Equation Number Format recording=True level=1
2026-09-06T14:46:02.2118980+08:00 pid=82668 tid=1 word-undo-end recording=False level=0
2026-09-06T14:46:06.5406160+08:00 pid=82668 tid=1 bulk-import bulk-import-start
2026-09-06T14:46:06.6070186+08:00 pid=82668 tid=6 bulk-import bulk-import-ui-created sessionId=9f2666c8-3f19-490a-8b5c-9047bc5a5550
2026-09-06T14:46:06.6100239+08:00 pid=82668 tid=6 bulk-import bulk-import-ui-opened sessionId=9f2666c8-3f19-490a-8b5c-9047bc5a5550
2026-09-06T14:46:10.4135434+08:00 pid=82668 tid=12 left-down x=1382 y=1120 wordForeground=False
2026-09-06T14:47:27.1407845+08:00 pid=82668 tid=12 left-down x=2332 y=460 wordForeground=False
2026-09-06T14:47:29.7502225+08:00 pid=82668 tid=12 left-down x=2492 y=460 wordForeground=False
2026-09-06T14:47:50.1213734+08:00 pid=82668 tid=16 bulk-import bulk-import-ui-finished sessionId=9f2666c8-3f19-490a-8b5c-9047bc5a5550 status=committing error=<null>
2026-09-06T14:47:50.1283734+08:00 pid=82668 tid=16 bulk-import parsed blocks=15 formulas=6 mode=MathType fontSizePt=10.5
2026-09-06T14:47:50.1473736+08:00 pid=82668 tid=15 bulk-import render-prepare index=1/6 display=inline latex=\sqrt{E-u\left(x\right)}=\frac{1}{f\left(\omega\right)v_{ph}\left(\omega,x\right)}
2026-09-06T14:47:50.1503714+08:00 pid=82668 tid=15 bulk-import converter-create display=inline mode=mathTypeOle latex=\sqrt{E-u\left(x\right)}=\frac{1}{f\left(\omega\right)v_{ph}\left(\omega,x\right)}
2026-09-06T14:47:50.1573734+08:00 pid=82668 tid=9 bulk-import converter-created sessionId=db51bfd3-626c-4f1f-8db5-af6f1479fd71
2026-09-06T14:47:50.1583708+08:00 pid=82668 tid=9 bulk-import render-prepare index=2/6 display=block latex=\begin{cases}\frac{\mathrm{d}}{\mathrm{d}\omega}\left(\omega f\left(\omega\right)\right)=0 \\ \frac{\omega f\left(\omega\right)}{2}\frac{\mathrm{d}E\left(\omega\right)}{\mathrm{d}\omega}=\sqrt{\frac{m}{2}} \end{cases}
2026-09-06T14:47:50.1593716+08:00 pid=82668 tid=9 bulk-import converter-create display=block mode=mathTypeOle latex=\begin{cases}\frac{\mathrm{d}}{\mathrm{d}\omega}\left(\omega f\left(\omega\right)\right)=0 \\ \frac{\omega f\left(\omega\right)}{2}\frac{\mathrm{d}E\left(\omega\right)}{\mathrm{d}\omega}=\sqrt{\frac{m}{2}} \end{cases}
2026-09-06T14:47:50.1623710+08:00 pid=82668 tid=6 bulk-import converter-created sessionId=f6553605-452b-4cf0-886c-d28ce4507a01
2026-09-06T14:47:50.1623710+08:00 pid=82668 tid=6 bulk-import render-prepare index=3/6 display=block latex=\sqrt{\frac{m}{2\left(E\left(\omega\right)-U\right)}}=\frac{\mathrm{d}}{\mathrm{d}\omega}\left(\omega\cdot f\left(\omega\right)\sqrt{\left(E\left(\omega\right)-U\right)}\right)
2026-09-06T14:47:50.1633713+08:00 pid=82668 tid=6 bulk-import converter-create display=block mode=mathTypeOle latex=\sqrt{\frac{m}{2\left(E\left(\omega\right)-U\right)}}=\frac{\mathrm{d}}{\mathrm{d}\omega}\left(\omega\cdot f\left(\omega\right)\sqrt{\left(E\left(\omega\right)-U\right)}\right)
2026-09-06T14:47:50.1672454+08:00 pid=82668 tid=9 bulk-import converter-created sessionId=d269897e-e202-4a2f-b9ff-f6e9cf1d2877
2026-09-06T14:47:50.1682451+08:00 pid=82668 tid=9 bulk-import render-prepare index=4/6 display=block latex=i\hbar \frac{\partial}{\partial t}\psi(\mathbf{r},t) = \left[ -\frac{\hbar^2}{2m}\nabla^2 + V(\mathbf{r},t) \right]\psi(\mathbf{r},t)
2026-09-06T14:47:50.1682451+08:00 pid=82668 tid=9 bulk-import converter-create display=block mode=mathTypeOle latex=i\hbar \frac{\partial}{\partial t}\psi(\mathbf{r},t) = \left[ -\frac{\hbar^2}{2m}\nabla^2 + V(\mathbf{r},t) \right]\psi(\mathbf{r},t)
2026-09-06T14:47:50.1712442+08:00 pid=82668 tid=6 bulk-import converter-created sessionId=fc0406f0-bac6-4940-be31-828c27a58dd2
2026-09-06T14:47:50.1722433+08:00 pid=82668 tid=6 bulk-import render-prepare index=5/6 display=block latex=\frac{\partial}{\partial t}\psi ^*\left( \vec{r} \right) \psi \left( \vec{r} \right) =\frac{i\hbar}{2m}\nabla \cdot \left[ \psi ^*\left( \vec{r} \right) \nabla \psi \left( \vec{r} \right) -\psi \left( \vec{r} \right) \nabla \psi ^*\left( r \right) \right]
2026-09-06T14:47:50.1722433+08:00 pid=82668 tid=6 bulk-import converter-create display=block mode=mathTypeOle latex=\frac{\partial}{\partial t}\psi ^*\left( \vec{r} \right) \psi \left( \vec{r} \right) =\frac{i\hbar}{2m}\nabla \cdot \left[ \psi ^*\left( \vec{r} \right) \nabla \psi \left( \vec{r} \right) -\psi \left( \vec{r} \right) \nabla \psi ^*\left( r \right) \right]
2026-09-06T14:47:50.1752437+08:00 pid=82668 tid=9 bulk-import converter-created sessionId=7ce27d31-cc9a-434c-80a9-2cd33ed50915
2026-09-06T14:47:50.1762436+08:00 pid=82668 tid=9 bulk-import render-prepare index=6/6 display=block latex=\frac{\partial}{\partial t}\rho \left( \vec{r},t \right) +\nabla \cdot \vec{j}=0
2026-09-06T14:47:50.1762436+08:00 pid=82668 tid=9 bulk-import converter-create display=block mode=mathTypeOle latex=\frac{\partial}{\partial t}\rho \left( \vec{r},t \right) +\nabla \cdot \vec{j}=0
2026-09-06T14:47:50.1792424+08:00 pid=82668 tid=6 bulk-import converter-created sessionId=d4780b9f-9da8-4ec1-9edd-84b8d82f2d2f
2026-09-06T14:47:50.1792424+08:00 pid=82668 tid=6 bulk-import render-batch-start unique=6 total=6
2026-09-06T14:47:50.2601359+08:00 pid=82668 tid=9 bulk-import render-batch-item sessionId=db51bfd3-626c-4f1f-8db5-af6f1479fd71 status=committing display=inline
2026-09-06T14:47:50.2771374+08:00 pid=82668 tid=6 bulk-import render-batch-item sessionId=f6553605-452b-4cf0-886c-d28ce4507a01 status=committing display=block
2026-09-06T14:47:50.2961373+08:00 pid=82668 tid=9 bulk-import render-batch-item sessionId=d269897e-e202-4a2f-b9ff-f6e9cf1d2877 status=committing display=block
2026-09-06T14:47:50.3121373+08:00 pid=82668 tid=6 bulk-import render-batch-item sessionId=fc0406f0-bac6-4940-be31-828c27a58dd2 status=committing display=block
2026-09-06T14:47:50.3958230+08:00 pid=82668 tid=9 bulk-import render-batch-item sessionId=7ce27d31-cc9a-434c-80a9-2cd33ed50915 status=committing display=block
2026-09-06T14:47:50.4102103+08:00 pid=82668 tid=6 bulk-import render-batch-item sessionId=d4780b9f-9da8-4ec1-9edd-84b8d82f2d2f status=committing display=block
2026-09-06T14:47:50.4107395+08:00 pid=82668 tid=6 bulk-import render-batch-complete unique=6 elapsedMs=230
2026-09-06T14:47:51.3745368+08:00 pid=82668 tid=6 bulk-import mathtype-native-preview-batch templates=6 formulas=6 elapsedMs=949
2026-09-06T14:47:51.4059734+08:00 pid=82668 tid=1 word-undo-begin name=VisualTeX 批量导入 recording=False level=0
2026-09-06T14:47:51.4074935+08:00 pid=82668 tid=1 word-undo-started name=VisualTeX 批量导入 recording=True level=1
2026-09-06T14:47:51.5823350+08:00 pid=82668 tid=1 word-undo-begin name=VisualTeX Insert MathType OLE Inline Formula recording=True level=1
2026-09-06T14:47:51.5893323+08:00 pid=82668 tid=1 mathtype-insert-perf stage=resolve-insertion numbered=False inline=True deltaMs=6 totalMs=6
2026-09-06T14:47:51.6077450+08:00 pid=82668 tid=1 mathtype-insert-perf stage=build-flat-opc numbered=False inline=True deltaMs=18 totalMs=24
2026-09-06T14:47:51.6077450+08:00 pid=82668 tid=1 mathtype-insert-perf stage=pre-insert-bookkeeping numbered=False inline=True deltaMs=1 totalMs=25
2026-09-06T14:47:51.6617449+08:00 pid=82668 tid=1 mathtype-insert-perf stage=insert-flat-opc numbered=False inline=True deltaMs=53 totalMs=78
2026-09-06T14:47:51.8118616+08:00 pid=82668 tid=1 mathtype-insert-perf stage=resolve-new-shape numbered=False inline=True deltaMs=151 totalMs=229
2026-09-06T14:47:51.8278621+08:00 pid=82668 tid=1 mathtype-insert-perf stage=set-shape-geometry numbered=False inline=True deltaMs=15 totalMs=244
2026-09-06T14:47:51.8288615+08:00 pid=82668 tid=1 mathtype-insert-perf stage=repair-inline-paragraph numbered=False inline=True deltaMs=1 totalMs=245
2026-09-06T14:47:51.8288615+08:00 pid=82668 tid=1 mathtype-insert-perf stage=refresh-native-shape numbered=False inline=True deltaMs=1 totalMs=246
2026-09-06T14:47:51.8298613+08:00 pid=82668 tid=1 mathtype-insert-perf stage=set-native-baseline numbered=False inline=True deltaMs=1 totalMs=247
2026-09-06T14:47:51.8368618+08:00 pid=82668 tid=1 mathtype-insert-perf stage=restore-typing-baseline numbered=False inline=True deltaMs=7 totalMs=254
2026-09-06T14:47:51.8368618+08:00 pid=82668 tid=1 mathtype-insert-perf stage=complete numbered=False inline=True deltaMs=0 totalMs=254
2026-09-06T14:47:51.8638616+08:00 pid=82668 tid=1 word-undo-begin name=VisualTeX Insert MathType OLE Numbered Display Formula recording=True level=1
2026-09-06T14:47:51.8708613+08:00 pid=82668 tid=1 mathtype-insert-perf stage=resolve-insertion numbered=True inline=False deltaMs=6 totalMs=6
2026-09-06T14:47:51.8718614+08:00 pid=82668 tid=1 mathtype-insert-perf stage=clear-incomplete-number-row numbered=True inline=False deltaMs=1 totalMs=7
2026-09-06T14:47:51.8813271+08:00 pid=82668 tid=1 mathtype-insert-perf stage=number-template-heading-state numbered=True inline=False deltaMs=9 totalMs=16
2026-09-06T14:47:51.8823283+08:00 pid=82668 tid=1 mathtype-insert-perf stage=prepare-display-row numbered=True inline=False deltaMs=2 totalMs=18
2026-09-06T14:47:51.8903274+08:00 pid=82668 tid=1 mathtype-insert-perf stage=build-flat-opc numbered=True inline=False deltaMs=8 totalMs=26
2026-09-06T14:47:51.8913263+08:00 pid=82668 tid=1 mathtype-insert-perf stage=pre-insert-bookkeeping numbered=True inline=False deltaMs=0 totalMs=26
2026-09-06T14:47:51.9256156+08:00 pid=82668 tid=1 mathtype-insert-perf stage=insert-flat-opc numbered=True inline=False deltaMs=35 totalMs=61
2026-09-06T14:47:51.9256156+08:00 pid=82668 tid=1 mathtype-insert-perf stage=resolve-new-shape numbered=True inline=False deltaMs=0 totalMs=61
2026-09-06T14:47:51.9453245+08:00 pid=82668 tid=1 mathtype-insert-perf stage=set-shape-geometry numbered=True inline=False deltaMs=20 totalMs=81
2026-09-06T14:47:51.9453245+08:00 pid=82668 tid=1 mathtype-insert-perf stage=repair-inline-paragraph numbered=True inline=False deltaMs=0 totalMs=81
2026-09-06T14:47:51.9463243+08:00 pid=82668 tid=1 mathtype-insert-perf stage=refresh-native-shape numbered=True inline=False deltaMs=0 totalMs=81
2026-09-06T14:47:51.9543241+08:00 pid=82668 tid=1 mathtype-insert-perf stage=relocate-left-mathtype-field-scaffold numbered=True inline=False deltaMs=9 totalMs=90
2026-09-06T14:47:51.9953318+08:00 pid=82668 tid=1 mathtype-insert-perf stage=complete numbered=True inline=False deltaMs=41 totalMs=131
2026-09-06T14:47:52.0183310+08:00 pid=82668 tid=1 word-undo-begin name=VisualTeX Insert MathType OLE Numbered Display Formula recording=False level=0
2026-09-06T14:47:52.0183310+08:00 pid=82668 tid=1 word-undo-started name=VisualTeX Insert MathType OLE Numbered Display Formula recording=True level=1
2026-09-06T14:47:52.0223312+08:00 pid=82668 tid=1 mathtype-insert-perf stage=resolve-insertion numbered=True inline=False deltaMs=4 totalMs=4
2026-09-06T14:47:52.0233339+08:00 pid=82668 tid=1 mathtype-insert-perf stage=clear-incomplete-number-row numbered=True inline=False deltaMs=1 totalMs=5
2026-09-06T14:47:52.0283332+08:00 pid=82668 tid=1 mathtype-insert-perf stage=number-template-heading-state numbered=True inline=False deltaMs=5 totalMs=10
2026-09-06T14:47:52.0293309+08:00 pid=82668 tid=1 mathtype-insert-perf stage=prepare-display-row numbered=True inline=False deltaMs=1 totalMs=11
2026-09-06T14:47:52.0356168+08:00 pid=82668 tid=1 mathtype-insert-perf stage=build-flat-opc numbered=True inline=False deltaMs=6 totalMs=17
2026-09-06T14:47:52.0356168+08:00 pid=82668 tid=1 mathtype-insert-perf stage=pre-insert-bookkeeping numbered=True inline=False deltaMs=0 totalMs=17
2026-09-06T14:47:52.0701494+08:00 pid=82668 tid=1 mathtype-insert-perf stage=insert-flat-opc numbered=True inline=False deltaMs=35 totalMs=52
2026-09-06T14:47:52.0711490+08:00 pid=82668 tid=1 mathtype-insert-perf stage=resolve-new-shape numbered=True inline=False deltaMs=1 totalMs=53
2026-09-06T14:47:52.0911489+08:00 pid=82668 tid=1 mathtype-insert-perf stage=set-shape-geometry numbered=True inline=False deltaMs=20 totalMs=73
2026-09-06T14:47:52.0911489+08:00 pid=82668 tid=1 mathtype-insert-perf stage=repair-inline-paragraph numbered=True inline=False deltaMs=0 totalMs=73
2026-09-06T14:47:52.0921494+08:00 pid=82668 tid=1 mathtype-insert-perf stage=refresh-native-shape numbered=True inline=False deltaMs=0 totalMs=73
2026-09-06T14:47:52.0961490+08:00 pid=82668 tid=1 mathtype-insert-perf stage=relocate-left-mathtype-field-scaffold numbered=True inline=False deltaMs=5 totalMs=78
2026-09-06T14:47:52.1213905+08:00 pid=82668 tid=1 mathtype-insert-perf stage=complete numbered=True inline=False deltaMs=24 totalMs=102
2026-09-06T14:47:52.1213905+08:00 pid=82668 tid=1 word-undo-end recording=False level=0
2026-09-06T14:47:52.1803905+08:00 pid=82668 tid=1 word-undo-begin name=VisualTeX Insert MathType OLE Numbered Display Formula recording=False level=0
2026-09-06T14:47:52.1803905+08:00 pid=82668 tid=1 word-undo-started name=VisualTeX Insert MathType OLE Numbered Display Formula recording=True level=1
2026-09-06T14:47:52.1843905+08:00 pid=82668 tid=1 mathtype-insert-perf stage=resolve-insertion numbered=True inline=False deltaMs=4 totalMs=4
2026-09-06T14:47:52.1853905+08:00 pid=82668 tid=1 mathtype-insert-perf stage=clear-incomplete-number-row numbered=True inline=False deltaMs=0 totalMs=4
2026-09-06T14:47:52.1943929+08:00 pid=82668 tid=1 mathtype-heading-scope-state chapter=2 section=0 heading=555:571 formula=578
2026-09-06T14:47:52.6120227+08:00 pid=82668 tid=1 mathtype-insert-perf stage=number-template-heading-state numbered=True inline=False deltaMs=427 totalMs=431
2026-09-06T14:47:52.6130244+08:00 pid=82668 tid=1 mathtype-insert-perf stage=prepare-display-row numbered=True inline=False deltaMs=1 totalMs=432
2026-09-06T14:47:52.6190336+08:00 pid=82668 tid=1 mathtype-insert-perf stage=build-flat-opc numbered=True inline=False deltaMs=6 totalMs=438
2026-09-06T14:47:52.6190336+08:00 pid=82668 tid=1 mathtype-insert-perf stage=pre-insert-bookkeeping numbered=True inline=False deltaMs=0 totalMs=438
2026-09-06T14:47:52.6590327+08:00 pid=82668 tid=1 mathtype-insert-perf stage=insert-flat-opc numbered=True inline=False deltaMs=40 totalMs=478
2026-09-06T14:47:52.6600327+08:00 pid=82668 tid=1 mathtype-insert-perf stage=resolve-new-shape numbered=True inline=False deltaMs=1 totalMs=479
2026-09-06T14:47:52.6780339+08:00 pid=82668 tid=1 mathtype-insert-perf stage=set-shape-geometry numbered=True inline=False deltaMs=18 totalMs=497
2026-09-06T14:47:52.6780339+08:00 pid=82668 tid=1 mathtype-insert-perf stage=repair-inline-paragraph numbered=True inline=False deltaMs=0 totalMs=497
2026-09-06T14:47:52.6790375+08:00 pid=82668 tid=1 mathtype-insert-perf stage=refresh-native-shape numbered=True inline=False deltaMs=1 totalMs=498
2026-09-06T14:47:52.6845188+08:00 pid=82668 tid=1 mathtype-insert-perf stage=relocate-left-mathtype-field-scaffold numbered=True inline=False deltaMs=5 totalMs=503
2026-09-06T14:47:52.7294626+08:00 pid=82668 tid=1 mathtype-insert-perf stage=complete numbered=True inline=False deltaMs=46 totalMs=549
2026-09-06T14:47:52.7304621+08:00 pid=82668 tid=1 word-undo-end recording=False level=0
2026-09-06T14:47:52.7724700+08:00 pid=82668 tid=1 word-undo-begin name=VisualTeX Insert MathType OLE Numbered Display Formula recording=False level=0
2026-09-06T14:47:52.7734722+08:00 pid=82668 tid=1 word-undo-started name=VisualTeX Insert MathType OLE Numbered Display Formula recording=True level=1
2026-09-06T14:47:52.7774724+08:00 pid=82668 tid=1 mathtype-insert-perf stage=resolve-insertion numbered=True inline=False deltaMs=4 totalMs=4
2026-09-06T14:47:52.7774724+08:00 pid=82668 tid=1 mathtype-insert-perf stage=clear-incomplete-number-row numbered=True inline=False deltaMs=0 totalMs=4
2026-09-06T14:47:52.7984704+08:00 pid=82668 tid=1 mathtype-insert-perf stage=number-template-heading-state numbered=True inline=False deltaMs=21 totalMs=25
2026-09-06T14:47:52.7994719+08:00 pid=82668 tid=1 mathtype-insert-perf stage=prepare-display-row numbered=True inline=False deltaMs=1 totalMs=26
2026-09-06T14:47:52.8044699+08:00 pid=82668 tid=1 mathtype-insert-perf stage=build-flat-opc numbered=True inline=False deltaMs=6 totalMs=32
2026-09-06T14:47:52.8054696+08:00 pid=82668 tid=1 mathtype-insert-perf stage=pre-insert-bookkeeping numbered=True inline=False deltaMs=0 totalMs=32
2026-09-06T14:47:52.8386573+08:00 pid=82668 tid=1 mathtype-insert-perf stage=insert-flat-opc numbered=True inline=False deltaMs=33 totalMs=65
2026-09-06T14:47:52.8386573+08:00 pid=82668 tid=1 mathtype-insert-perf stage=resolve-new-shape numbered=True inline=False deltaMs=1 totalMs=66
2026-09-06T14:47:52.8586570+08:00 pid=82668 tid=1 mathtype-insert-perf stage=set-shape-geometry numbered=True inline=False deltaMs=19 totalMs=85
2026-09-06T14:47:52.8586570+08:00 pid=82668 tid=1 mathtype-insert-perf stage=repair-inline-paragraph numbered=True inline=False deltaMs=1 totalMs=86
2026-09-06T14:47:52.8596569+08:00 pid=82668 tid=1 mathtype-insert-perf stage=refresh-native-shape numbered=True inline=False deltaMs=0 totalMs=86
2026-09-06T14:47:52.8626573+08:00 pid=82668 tid=1 mathtype-insert-perf stage=relocate-left-mathtype-field-scaffold numbered=True inline=False deltaMs=4 totalMs=90
2026-09-06T14:47:52.9070613+08:00 pid=82668 tid=1 mathtype-insert-perf stage=complete numbered=True inline=False deltaMs=44 totalMs=134
2026-09-06T14:47:52.9075904+08:00 pid=82668 tid=1 word-undo-end recording=False level=0
2026-09-06T14:47:52.9474563+08:00 pid=82668 tid=1 word-undo-begin name=VisualTeX Insert MathType OLE Numbered Display Formula recording=False level=0
2026-09-06T14:47:52.9474563+08:00 pid=82668 tid=1 word-undo-started name=VisualTeX Insert MathType OLE Numbered Display Formula recording=True level=1
2026-09-06T14:47:52.9514563+08:00 pid=82668 tid=1 mathtype-insert-perf stage=resolve-insertion numbered=True inline=False deltaMs=4 totalMs=4
2026-09-06T14:47:52.9514563+08:00 pid=82668 tid=1 mathtype-insert-perf stage=clear-incomplete-number-row numbered=True inline=False deltaMs=0 totalMs=4
2026-09-06T14:47:52.9754566+08:00 pid=82668 tid=1 mathtype-insert-perf stage=number-template-heading-state numbered=True inline=False deltaMs=23 totalMs=27
2026-09-06T14:47:52.9754566+08:00 pid=82668 tid=1 mathtype-insert-perf stage=prepare-display-row numbered=True inline=False deltaMs=1 totalMs=28
2026-09-06T14:47:52.9814564+08:00 pid=82668 tid=1 mathtype-insert-perf stage=build-flat-opc numbered=True inline=False deltaMs=6 totalMs=34
2026-09-06T14:47:52.9824562+08:00 pid=82668 tid=1 mathtype-insert-perf stage=pre-insert-bookkeeping numbered=True inline=False deltaMs=0 totalMs=34
2026-09-06T14:47:53.0144564+08:00 pid=82668 tid=1 mathtype-insert-perf stage=insert-flat-opc numbered=True inline=False deltaMs=33 totalMs=67
2026-09-06T14:47:53.0154595+08:00 pid=82668 tid=1 mathtype-insert-perf stage=resolve-new-shape numbered=True inline=False deltaMs=0 totalMs=67
2026-09-06T14:47:53.0426444+08:00 pid=82668 tid=1 mathtype-insert-perf stage=set-shape-geometry numbered=True inline=False deltaMs=28 totalMs=95
2026-09-06T14:47:53.0426444+08:00 pid=82668 tid=1 mathtype-insert-perf stage=repair-inline-paragraph numbered=True inline=False deltaMs=0 totalMs=95
2026-09-06T14:47:53.0436443+08:00 pid=82668 tid=1 mathtype-insert-perf stage=refresh-native-shape numbered=True inline=False deltaMs=1 totalMs=96
2026-09-06T14:47:53.0476444+08:00 pid=82668 tid=1 mathtype-insert-perf stage=relocate-left-mathtype-field-scaffold numbered=True inline=False deltaMs=4 totalMs=100
2026-09-06T14:47:53.0889884+08:00 pid=82668 tid=1 mathtype-insert-perf stage=complete numbered=True inline=False deltaMs=41 totalMs=141
2026-09-06T14:47:53.0889884+08:00 pid=82668 tid=1 word-undo-end recording=False level=0
2026-09-06T14:47:53.3828052+08:00 pid=82668 tid=1 word-undo-end recording=False level=0
2026-09-06T14:47:53.3828052+08:00 pid=82668 tid=14 bulk-import bulk-insert-complete blocks=15 formulas=6 elapsedMs=2007
2026-09-06T14:47:53.3838080+08:00 pid=82668 tid=14 bulk-import bulk-import-complete blocks=15 formulas=6 elapsedMs=106842
2026-09-06T14:47:53.3838080+08:00 pid=82668 tid=14 bulk-import bulk-operation-gate-released
2026-09-06T14:47:53.4278088+08:00 pid=82668 tid=9 office-session-finalization-complete sessions=7 completed=True
2026-09-06T14:48:35.0499700+08:00 pid=82668 tid=12 left-down x=2024 y=1259 wordForeground=True
2026-09-06T14:48:37.4470141+08:00 pid=82668 tid=1 word-undo-begin name=VisualTeX Insert Equation Reference recording=False level=0
2026-09-06T14:48:37.4480125+08:00 pid=82668 tid=1 word-undo-started name=VisualTeX Insert Equation Reference recording=True level=1
2026-09-06T14:48:37.5208503+08:00 pid=82668 tid=1 word-undo-end recording=True level=1
2026-09-06T14:48:43.2894447+08:00 pid=82668 tid=12 left-down x=1838 y=688 wordForeground=True
2026-09-06T14:48:44.8021582+08:00 pid=82668 tid=1 word-undo-begin name=VisualTeX Set Equation Number Format recording=False level=0
2026-09-06T14:48:44.8031576+08:00 pid=82668 tid=1 word-undo-started name=VisualTeX Set Equation Number Format recording=True level=1
2026-09-06T14:48:45.5424423+08:00 pid=82668 tid=1 word-undo-end recording=False level=0
2026-09-06T14:49:31.7241113+08:00 pid=82668 tid=12 left-down x=1136 y=1941 wordForeground=True
2026-09-06T14:49:32.3257259+08:00 pid=82668 tid=12 left-down x=1136 y=1941 wordForeground=True
2026-09-06T14:50:11.6379725+08:00 pid=82668 tid=12 left-down x=1838 y=860 wordForeground=True
2026-09-06T14:50:13.1425099+08:00 pid=82668 tid=1 word-undo-begin name=VisualTeX Set Equation Number Format recording=False level=0
2026-09-06T14:50:13.1425099+08:00 pid=82668 tid=1 word-undo-started name=VisualTeX Set Equation Number Format recording=True level=1
2026-09-06T14:50:13.8803660+08:00 pid=82668 tid=1 word-undo-end recording=False level=0
2026-09-06T14:53:20.4882610+08:00 pid=82668 tid=12 left-down x=1838 y=688 wordForeground=True
2026-09-06T14:53:21.1252873+08:00 pid=82668 tid=1 word-undo-begin name=VisualTeX Set Equation Number Format recording=False level=0
2026-09-06T14:53:21.1262876+08:00 pid=82668 tid=1 word-undo-started name=VisualTeX Set Equation Number Format recording=True level=1
2026-09-06T14:53:21.1404086+08:00 pid=82668 tid=1 word-undo-end recording=False level=0
2026-09-06T14:53:25.5430826+08:00 pid=82668 tid=1 bulk-import bulk-import-start
2026-09-06T14:53:25.6627579+08:00 pid=82668 tid=48 bulk-import bulk-import-ui-created sessionId=dd0d1a0d-e93f-4ddb-abb5-0d04a20c993c
2026-09-06T14:53:25.6677593+08:00 pid=82668 tid=48 bulk-import bulk-import-ui-opened sessionId=dd0d1a0d-e93f-4ddb-abb5-0d04a20c993c
2026-09-06T14:53:29.4346872+08:00 pid=82668 tid=12 left-down x=1382 y=1120 wordForeground=False
2026-09-06T14:53:32.2693614+08:00 pid=82668 tid=12 left-down x=2332 y=460 wordForeground=False
2026-09-06T14:53:34.5874432+08:00 pid=82668 tid=12 left-down x=2492 y=460 wordForeground=False
2026-09-06T14:53:37.2625510+08:00 pid=82668 tid=20 bulk-import bulk-import-ui-finished sessionId=dd0d1a0d-e93f-4ddb-abb5-0d04a20c993c status=committing error=<null>
2026-09-06T14:53:37.2655661+08:00 pid=82668 tid=20 bulk-import parsed blocks=15 formulas=6 mode=Omml fontSizePt=10.5
2026-09-06T14:53:37.2805619+08:00 pid=82668 tid=20 bulk-import render-prepare index=1/6 display=inline latex=\sqrt{E-u\left(x\right)}=\frac{1}{f\left(\omega\right)v_{ph}\left(\omega,x\right)}
2026-09-06T14:53:37.2815623+08:00 pid=82668 tid=20 bulk-import converter-create display=inline mode=wordOmml latex=\sqrt{E-u\left(x\right)}=\frac{1}{f\left(\omega\right)v_{ph}\left(\omega,x\right)}
2026-09-06T14:53:37.2855617+08:00 pid=82668 tid=48 bulk-import converter-created sessionId=892474ac-09df-470d-8c85-cd3a903b57a3
2026-09-06T14:53:37.2855617+08:00 pid=82668 tid=48 bulk-import render-prepare index=2/6 display=block latex=\begin{cases}\frac{\mathrm{d}}{\mathrm{d}\omega}\left(\omega f\left(\omega\right)\right)=0 \\ \frac{\omega f\left(\omega\right)}{2}\frac{\mathrm{d}E\left(\omega\right)}{\mathrm{d}\omega}=\sqrt{\frac{m}{2}} \end{cases}
2026-09-06T14:53:37.2865620+08:00 pid=82668 tid=48 bulk-import converter-create display=block mode=wordOmml latex=\begin{cases}\frac{\mathrm{d}}{\mathrm{d}\omega}\left(\omega f\left(\omega\right)\right)=0 \\ \frac{\omega f\left(\omega\right)}{2}\frac{\mathrm{d}E\left(\omega\right)}{\mathrm{d}\omega}=\sqrt{\frac{m}{2}} \end{cases}
2026-09-06T14:53:37.2905624+08:00 pid=82668 tid=20 bulk-import converter-created sessionId=9dd1f666-e8df-4c62-b6df-4ca766759ff7
2026-09-06T14:53:37.2905624+08:00 pid=82668 tid=20 bulk-import render-prepare index=3/6 display=block latex=\sqrt{\frac{m}{2\left(E\left(\omega\right)-U\right)}}=\frac{\mathrm{d}}{\mathrm{d}\omega}\left(\omega\cdot f\left(\omega\right)\sqrt{\left(E\left(\omega\right)-U\right)}\right)
2026-09-06T14:53:37.2915622+08:00 pid=82668 tid=20 bulk-import converter-create display=block mode=wordOmml latex=\sqrt{\frac{m}{2\left(E\left(\omega\right)-U\right)}}=\frac{\mathrm{d}}{\mathrm{d}\omega}\left(\omega\cdot f\left(\omega\right)\sqrt{\left(E\left(\omega\right)-U\right)}\right)
2026-09-06T14:53:37.2955618+08:00 pid=82668 tid=48 bulk-import converter-created sessionId=7d09c111-3b60-4806-818b-b790f0a5369a
2026-09-06T14:53:37.2955618+08:00 pid=82668 tid=48 bulk-import render-prepare index=4/6 display=block latex=i\hbar \frac{\partial}{\partial t}\psi(\mathbf{r},t) = \left[ -\frac{\hbar^2}{2m}\nabla^2 + V(\mathbf{r},t) \right]\psi(\mathbf{r},t)
2026-09-06T14:53:37.2955618+08:00 pid=82668 tid=48 bulk-import converter-create display=block mode=wordOmml latex=i\hbar \frac{\partial}{\partial t}\psi(\mathbf{r},t) = \left[ -\frac{\hbar^2}{2m}\nabla^2 + V(\mathbf{r},t) \right]\psi(\mathbf{r},t)
2026-09-06T14:53:37.2999298+08:00 pid=82668 tid=20 bulk-import converter-created sessionId=255d1182-60c1-4ed0-b5a3-adfa35a7cd22
2026-09-06T14:53:37.2999298+08:00 pid=82668 tid=20 bulk-import render-prepare index=5/6 display=block latex=\frac{\partial}{\partial t}\psi ^*\left( \vec{r} \right) \psi \left( \vec{r} \right) =\frac{i\hbar}{2m}\nabla \cdot \left[ \psi ^*\left( \vec{r} \right) \nabla \psi \left( \vec{r} \right) -\psi \left( \vec{r} \right) \nabla \psi ^*\left( r \right) \right]
2026-09-06T14:53:37.2999298+08:00 pid=82668 tid=20 bulk-import converter-create display=block mode=wordOmml latex=\frac{\partial}{\partial t}\psi ^*\left( \vec{r} \right) \psi \left( \vec{r} \right) =\frac{i\hbar}{2m}\nabla \cdot \left[ \psi ^*\left( \vec{r} \right) \nabla \psi \left( \vec{r} \right) -\psi \left( \vec{r} \right) \nabla \psi ^*\left( r \right) \right]
2026-09-06T14:53:37.3029309+08:00 pid=82668 tid=48 bulk-import converter-created sessionId=100bf935-2503-4cd5-a618-8b40efc4a040
2026-09-06T14:53:37.3039309+08:00 pid=82668 tid=48 bulk-import render-prepare index=6/6 display=block latex=\frac{\partial}{\partial t}\rho \left( \vec{r},t \right) +\nabla \cdot \vec{j}=0
2026-09-06T14:53:37.3049313+08:00 pid=82668 tid=48 bulk-import converter-create display=block mode=wordOmml latex=\frac{\partial}{\partial t}\rho \left( \vec{r},t \right) +\nabla \cdot \vec{j}=0
2026-09-06T14:53:37.3079299+08:00 pid=82668 tid=20 bulk-import converter-created sessionId=d2664d5f-38e9-440c-bbc4-e259a32fbce6
2026-09-06T14:53:37.3089309+08:00 pid=82668 tid=20 bulk-import render-batch-start unique=6 total=6
2026-09-06T14:53:37.3399311+08:00 pid=82668 tid=48 bulk-import render-batch-item sessionId=892474ac-09df-470d-8c85-cd3a903b57a3 status=committing display=inline
2026-09-06T14:53:37.3419315+08:00 pid=82668 tid=20 bulk-import render-batch-item sessionId=9dd1f666-e8df-4c62-b6df-4ca766759ff7 status=committing display=block
2026-09-06T14:53:37.3429303+08:00 pid=82668 tid=48 bulk-import render-batch-item sessionId=7d09c111-3b60-4806-818b-b790f0a5369a status=committing display=block
2026-09-06T14:53:37.3459309+08:00 pid=82668 tid=20 bulk-import render-batch-item sessionId=255d1182-60c1-4ed0-b5a3-adfa35a7cd22 status=committing display=block
2026-09-06T14:53:37.3539286+08:00 pid=82668 tid=48 bulk-import render-batch-item sessionId=100bf935-2503-4cd5-a618-8b40efc4a040 status=committing display=block
2026-09-06T14:53:37.3879303+08:00 pid=82668 tid=20 bulk-import render-batch-item sessionId=d2664d5f-38e9-440c-bbc4-e259a32fbce6 status=committing display=block
2026-09-06T14:53:37.3879303+08:00 pid=82668 tid=20 bulk-import render-batch-complete unique=6 elapsedMs=78
2026-09-06T14:53:37.4389296+08:00 pid=82668 tid=1 word-undo-begin name=VisualTeX 批量导入 recording=False level=0
2026-09-06T14:53:37.4399332+08:00 pid=82668 tid=1 word-undo-started name=VisualTeX 批量导入 recording=True level=1
2026-09-06T14:53:39.2447777+08:00 pid=82668 tid=1 word-xml-incomplete-export document=文档131 attempt=1 maths=0/6 oles=0/0
2026-09-06T14:53:54.9772542+08:00 pid=82668 tid=1 word-undo-end recording=False level=0
2026-09-06T14:53:54.9782536+08:00 pid=82668 tid=18 bulk-import bulk-insert-complete blocks=15 formulas=6 elapsedMs=17585
2026-09-06T14:53:54.9782536+08:00 pid=82668 tid=18 bulk-import bulk-import-complete blocks=15 formulas=6 elapsedMs=29434
2026-09-06T14:53:54.9792523+08:00 pid=82668 tid=18 bulk-import bulk-operation-gate-released
2026-09-06T14:53:55.0232507+08:00 pid=82668 tid=42 office-session-finalization-complete sessions=7 completed=True
2026-09-06T14:55:34.9535430+08:00 pid=82668 tid=12 left-down x=2024 y=1187 wordForeground=True
2026-09-06T14:55:37.3447716+08:00 pid=82668 tid=1 word-undo-begin name=VisualTeX Insert Equation Reference recording=False level=0
2026-09-06T14:55:37.3447716+08:00 pid=82668 tid=1 word-undo-started name=VisualTeX Insert Equation Reference recording=True level=1
2026-09-06T14:55:37.5553569+08:00 pid=82668 tid=1 word-undo-end recording=True level=1
2026-09-06T14:55:56.6518525+08:00 pid=82668 tid=41 ribbon-session-operation-released sessionId=81e58391-e6eb-4cac-aa18-cd56e784602c
2026-09-06T14:57:33.8071155+08:00 pid=82668 tid=1 word-undo-begin name=VisualTeX Convert or Update Word OMML Formula recording=False level=0
2026-09-06T14:57:33.8081154+08:00 pid=82668 tid=1 word-undo-started name=VisualTeX Convert or Update Word OMML Formula recording=True level=1
2026-09-06T14:57:33.8111153+08:00 pid=82668 tid=1 format-conversion-subperf [perf] ReplaceOmml.locate-target: +4ms (4ms total)
2026-09-06T14:57:34.0770934+08:00 pid=82668 tid=1 format-conversion-subperf [perf] ReplaceOmml.source-range-resolve: +265ms (269ms total)
2026-09-06T14:57:34.1054993+08:00 pid=82668 tid=1 format-conversion-subperf [perf] ReplaceOmml.rollback-capture: +29ms (298ms total)
2026-09-06T14:57:34.9768042+08:00 pid=82668 tid=1 format-conversion-subperf [perf] ReplaceOmml.direct-host-health: +871ms (1169ms total)
2026-09-06T14:57:34.9778046+08:00 pid=82668 tid=1 format-conversion-subperf [perf] ReplaceOmml.direct-content-prep: +1ms (1170ms total)
2026-09-06T14:57:34.9798044+08:00 pid=82668 tid=1 format-conversion-subperf [perf] ReplaceOmml.resolve-source: +2ms (1172ms total)
2026-09-06T14:57:35.0238044+08:00 pid=82668 tid=1 format-conversion-subperf [perf] ReplaceOmml.insert-native-omml: +44ms (1216ms total)
2026-09-06T14:57:35.0608025+08:00 pid=82668 tid=1 format-conversion-subperf [perf] ReplaceOmml.validate-native-omml: +37ms (1253ms total)
2026-09-06T14:57:35.2466960+08:00 pid=82668 tid=1 format-conversion-subperf [perf] ReplaceOmml.stamp-fingerprint: +186ms (1439ms total)
2026-09-06T14:57:35.3680660+08:00 pid=82668 tid=1 format-conversion-subperf [perf] ReplaceOmml.wrap-formula-anchor: +121ms (1560ms total)
2026-09-06T14:57:35.3680660+08:00 pid=82668 tid=1 format-conversion-subperf [perf] ReplaceOmml.protect-source-metadata: +1ms (1561ms total)
2026-09-06T14:57:35.3680660+08:00 pid=82668 tid=1 format-conversion-subperf [perf] ReplaceOmml.reconcile: +0ms (1561ms total)
2026-09-06T14:57:35.4950641+08:00 pid=82668 tid=1 format-conversion-subperf [perf] ReplaceOmml.final-identity-resolve: +126ms (1687ms total)
2026-09-06T14:57:35.4950641+08:00 pid=82668 tid=1 format-conversion-subperf [perf] ReplaceOmml.final-identity-fingerprint: +1ms (1688ms total)
2026-09-06T14:57:35.4950641+08:00 pid=82668 tid=1 format-conversion-subperf [perf] ReplaceOmml.final-identity-anchor: +0ms (1688ms total)
2026-09-06T14:57:35.5040650+08:00 pid=82668 tid=1 format-conversion-subperf [perf] ReplaceOmml.final-identity-metadata: +8ms (1696ms total)
2026-09-06T14:57:35.5040650+08:00 pid=82668 tid=1 format-conversion-subperf [perf] ReplaceOmml.finalize-identity: +1ms (1697ms total)
2026-09-06T14:57:35.5050646+08:00 pid=82668 tid=1 format-conversion-subperf [perf] ReplaceOmml.prepare-result: +0ms (1697ms total)
2026-09-06T14:57:35.6150841+08:00 pid=82668 tid=1 format-conversion-subperf [perf] ReplaceOmml.restore-view: +111ms (1808ms total)
2026-09-06T14:57:35.6170942+08:00 pid=82668 tid=1 format-conversion-subperf [perf] ReplaceOmml.restore-screen-updating: +1ms (1809ms total)
2026-09-06T14:57:35.6180951+08:00 pid=82668 tid=1 word-undo-end recording=False level=0
2026-09-06T14:57:35.6180951+08:00 pid=82668 tid=1 format-conversion-subperf [perf] ReplaceOmml.end-undo: +1ms (1810ms total)
2026-09-06T14:57:35.6180951+08:00 pid=82668 tid=1 format-conversion-subperf [perf] ReplaceOmml.release-rcws: +1ms (1811ms total)
2026-09-06T14:57:35.6235095+08:00 pid=82668 tid=45 ribbon-session-operation-released sessionId=e8df48a6-3b42-4a84-9fa4-fd540c539f6b
2026-09-06T14:59:39.2000995+08:00 pid=82668 tid=12 left-down x=1776 y=1270 wordForeground=False
2026-09-06T14:59:59.7862193+08:00 pid=82668 tid=1 word-undo-begin name=VisualTeX Convert or Update Word OMML Formula recording=False level=0
2026-09-06T14:59:59.7882202+08:00 pid=82668 tid=1 word-undo-started name=VisualTeX Convert or Update Word OMML Formula recording=True level=1
2026-09-06T14:59:59.7932177+08:00 pid=82668 tid=1 format-conversion-subperf [perf] ReplaceOmml.locate-target: +7ms (7ms total)
2026-09-06T15:00:00.1003970+08:00 pid=82668 tid=1 format-conversion-subperf [perf] ReplaceOmml.source-range-resolve: +306ms (313ms total)
2026-09-06T15:00:00.1232028+08:00 pid=82668 tid=1 format-conversion-subperf [perf] ReplaceOmml.rollback-capture: +24ms (337ms total)
2026-09-06T15:00:01.0154109+08:00 pid=82668 tid=1 format-conversion-subperf [perf] ReplaceOmml.direct-host-health: +892ms (1229ms total)
2026-09-06T15:00:01.0164095+08:00 pid=82668 tid=1 format-conversion-subperf [perf] ReplaceOmml.direct-content-prep: +1ms (1230ms total)
2026-09-06T15:00:01.0184098+08:00 pid=82668 tid=1 format-conversion-subperf [perf] ReplaceOmml.resolve-source: +2ms (1232ms total)
2026-09-06T15:00:01.0594406+08:00 pid=82668 tid=1 format-conversion-subperf [perf] ReplaceOmml.insert-native-omml: +41ms (1273ms total)
2026-09-06T15:00:01.0851123+08:00 pid=82668 tid=1 format-conversion-subperf [perf] ReplaceOmml.validate-native-omml: +26ms (1299ms total)
2026-09-06T15:00:01.2696704+08:00 pid=82668 tid=1 format-conversion-subperf [perf] ReplaceOmml.stamp-fingerprint: +184ms (1483ms total)
2026-09-06T15:00:01.2780033+08:00 pid=82668 tid=1 format-conversion-subperf [perf] ReplaceOmml.wrap-formula-anchor: +9ms (1492ms total)
2026-09-06T15:00:01.2780033+08:00 pid=82668 tid=1 format-conversion-subperf [perf] ReplaceOmml.protect-source-metadata: +0ms (1492ms total)
2026-09-06T15:00:01.2790097+08:00 pid=82668 tid=1 format-conversion-subperf [perf] ReplaceOmml.reconcile: +0ms (1492ms total)
2026-09-06T15:00:01.3902462+08:00 pid=82668 tid=1 format-conversion-subperf [perf] ReplaceOmml.final-identity-resolve: +112ms (1604ms total)
2026-09-06T15:00:01.3902462+08:00 pid=82668 tid=1 format-conversion-subperf [perf] ReplaceOmml.final-identity-fingerprint: +0ms (1604ms total)
2026-09-06T15:00:01.3912492+08:00 pid=82668 tid=1 format-conversion-subperf [perf] ReplaceOmml.final-identity-anchor: +1ms (1605ms total)
2026-09-06T15:00:01.3932462+08:00 pid=82668 tid=1 format-conversion-subperf [perf] ReplaceOmml.final-identity-metadata: +2ms (1607ms total)
2026-09-06T15:00:01.3932462+08:00 pid=82668 tid=1 format-conversion-subperf [perf] ReplaceOmml.finalize-identity: +0ms (1607ms total)
2026-09-06T15:00:01.3932462+08:00 pid=82668 tid=1 format-conversion-subperf [perf] ReplaceOmml.prepare-result: +0ms (1607ms total)
2026-09-06T15:00:01.4819491+08:00 pid=82668 tid=1 format-conversion-subperf [perf] ReplaceOmml.restore-view: +89ms (1696ms total)
2026-09-06T15:00:01.4840717+08:00 pid=82668 tid=1 format-conversion-subperf [perf] ReplaceOmml.restore-screen-updating: +1ms (1697ms total)
2026-09-06T15:00:01.4845812+08:00 pid=82668 tid=1 word-undo-end recording=False level=0
2026-09-06T15:00:01.4855880+08:00 pid=82668 tid=1 format-conversion-subperf [perf] ReplaceOmml.end-undo: +2ms (1699ms total)
2026-09-06T15:00:01.4855880+08:00 pid=82668 tid=1 format-conversion-subperf [perf] ReplaceOmml.release-rcws: +0ms (1699ms total)
2026-09-06T15:00:01.4895876+08:00 pid=82668 tid=41 ribbon-session-operation-released sessionId=62eba754-2144-4da0-be3c-e3e2445d3b55
2026-09-06T15:00:47.8529514+08:00 pid=82668 tid=1 format-conversion-start sourceMode=wordOmml targetMode=nativeOle wholeDocument=True
2026-09-06T15:00:51.4230826+08:00 pid=82668 tid=1 format-conversion-plan sourceMode=wordOmml targetMode=nativeOle targets=6
2026-09-06T15:00:53.4051290+08:00 pid=82668 tid=1 bulk-import converter-create display=inline mode=nativeOle latex=\sqrt{E-u(x)}=\frac{1}{f(\omega )v_{ph}(\omega ,x)}
2026-09-06T15:00:53.4111376+08:00 pid=82668 tid=45 bulk-import converter-created sessionId=b8ea374c-02af-4988-97bc-dc913a9e8b92
2026-09-06T15:00:53.4121416+08:00 pid=82668 tid=45 bulk-import converter-create display=block mode=nativeOle latex=\left\{ \begin{matrix}\frac{\mathrm{d}}{\mathrm{d}\omega }(\omega f(\omega ))=0 \\ \frac{\omega f(\omega )}{2}\frac{\mathrm{d}E(\omega )}{\mathrm{d}\omega }=\sqrt{\frac{m}{2}}\end{matrix}\right.
2026-09-06T15:00:53.4161416+08:00 pid=82668 tid=32 bulk-import converter-created sessionId=cbcf63ed-b7c1-4b17-9f49-72a936e0850d
2026-09-06T15:00:53.4161416+08:00 pid=82668 tid=32 bulk-import converter-create display=block mode=nativeOle latex=a^{2}+b^{2}=c^{2}
2026-09-06T15:00:53.4201378+08:00 pid=82668 tid=45 bulk-import converter-created sessionId=0bfa12a7-647c-47d9-926e-73fd078e0b62
2026-09-06T15:00:53.4201378+08:00 pid=82668 tid=45 bulk-import converter-create display=block mode=nativeOle latex=i\hbar \frac{\partial }{\partial t}\psi (\mathbf{r},t)=[-\frac{\hbar^{2}}{2m}\nabla^{2}+V(\mathbf{r},t)]\psi (\mathbf{r},t)
2026-09-06T15:00:53.4251424+08:00 pid=82668 tid=32 bulk-import converter-created sessionId=6c9f350d-7690-4994-9684-b48b796be828
2026-09-06T15:00:53.4251424+08:00 pid=82668 tid=32 bulk-import converter-create display=block mode=nativeOle latex=\frac{\partial }{\partial t}\psi^{\ast}(\vec{r})\psi (\vec{r})=\frac{i\hbar }{2m}\nabla \cdot [\psi^{\ast}(\vec{r})\nabla \psi (\vec{r})-\psi (\vec{r})\nabla \psi^{\ast}(r)]
2026-09-06T15:00:53.4291402+08:00 pid=82668 tid=45 bulk-import converter-created sessionId=ab16e905-3fd5-43dc-8929-2a2d1e42314f
2026-09-06T15:00:53.4291402+08:00 pid=82668 tid=45 bulk-import converter-create display=block mode=nativeOle latex=\frac{\partial }{\partial t}\rho (\vec{r},t)+\nabla \cdot \vec{j}=0
2026-09-06T15:00:53.4331401+08:00 pid=82668 tid=32 bulk-import converter-created sessionId=b3e81aaf-e111-412e-b612-793051861821
2026-09-06T15:00:53.4331401+08:00 pid=82668 tid=32 format-conversion-render-start sourceMode=wordOmml targetMode=nativeOle sessions=6
2026-09-06T15:00:53.5754771+08:00 pid=82668 tid=43 format-conversion-rendered sourceMode=wordOmml targetMode=nativeOle sessionId=b8ea374c-02af-4988-97bc-dc913a9e8b92 status=committing
2026-09-06T15:00:53.6825087+08:00 pid=82668 tid=32 format-conversion-rendered sourceMode=wordOmml targetMode=nativeOle sessionId=cbcf63ed-b7c1-4b17-9f49-72a936e0850d status=committing
2026-09-06T15:00:53.7788840+08:00 pid=82668 tid=43 format-conversion-rendered sourceMode=wordOmml targetMode=nativeOle sessionId=0bfa12a7-647c-47d9-926e-73fd078e0b62 status=committing
2026-09-06T15:00:53.8879106+08:00 pid=82668 tid=32 format-conversion-rendered sourceMode=wordOmml targetMode=nativeOle sessionId=6c9f350d-7690-4994-9684-b48b796be828 status=committing
2026-09-06T15:00:53.9950036+08:00 pid=82668 tid=43 format-conversion-rendered sourceMode=wordOmml targetMode=nativeOle sessionId=ab16e905-3fd5-43dc-8929-2a2d1e42314f status=committing
2026-09-06T15:00:54.0936287+08:00 pid=82668 tid=32 format-conversion-rendered sourceMode=wordOmml targetMode=nativeOle sessionId=b3e81aaf-e111-412e-b612-793051861821 status=committing
2026-09-06T15:00:54.0936287+08:00 pid=82668 tid=32 format-conversion-word-apply-start sourceMode=wordOmml targetMode=nativeOle targets=6
2026-09-06T15:00:56.4946135+08:00 pid=82668 tid=1 format-conversion-runtime assembly=C:\Users\pojian_liao\AppData\Local\VisualTeX\office\remediation-builds\15D63C756CBF79B3CB794D23B7DFACE035C469FD23D8E51ABCCF605A56663274\VisualTeX.WordVsto.dll source=wordOmml target=nativeOle targetIsVisualTeX=True targetIsMathType=False
2026-09-06T15:00:56.5318772+08:00 pid=82668 tid=1 format-conversion-reference-aliases-captured sourceMode=wordOmml formulaId=24ea3945-4329-4f6d-9a9a-2256bec17893 aliases=VTEqNum_24ea394543294f6d9a9a2256bec17893
2026-09-06T15:00:56.6454917+08:00 pid=82668 tid=1 format-conversion-reference-counts-fast-path source=wordOmml formulas=5
2026-09-06T15:00:57.1636281+08:00 pid=82668 tid=1 word-undo-begin name=VisualTeX Convert Formula Format recording=False level=0
2026-09-06T15:00:57.1646257+08:00 pid=82668 tid=1 word-undo-started name=VisualTeX Convert Formula Format recording=True level=1
2026-09-06T15:00:57.1646257+08:00 pid=82668 tid=1 format-conversion-undo-state stage=before-preferences document=文档131 recording=True level=1
2026-09-06T15:00:57.1656281+08:00 pid=82668 tid=1 format-conversion-transaction-start targets=6
2026-09-06T15:00:57.1656281+08:00 pid=82668 tid=1 format-conversion-undo-state stage=after-preferences document=文档131 recording=True level=1
2026-09-06T15:00:57.1666265+08:00 pid=82668 tid=1 format-conversion-undo-state stage=before-source-delete document=文档131 recording=True level=1
2026-09-06T15:00:57.9275605+08:00 pid=82668 tid=1 format-conversion-direct-numbered-omml-delete formulaId=38057062-5427-45a3-8953-ce26796cc254 start=586
2026-09-06T15:00:57.9280899+08:00 pid=82668 tid=1 format-conversion-perf stage=delete-source-host formulaId=38057062-5427-45a3-8953-ce26796cc254 numbered=True deltaMs=761 totalMs=761
2026-09-06T15:00:57.9286149+08:00 pid=82668 tid=1 format-conversion-undo-state stage=after-source-delete document=文档131 recording=False level=0
2026-09-06T15:00:57.9317745+08:00 pid=82668 tid=1 word-undo-begin name=VisualTeX Insert Native OLE Display Formula recording=False level=0
2026-09-06T15:00:57.9317745+08:00 pid=82668 tid=1 word-undo-started name=VisualTeX Insert Native OLE Display Formula recording=True level=1
2026-09-06T15:00:58.2806003+08:00 pid=82668 tid=1 word-undo-end recording=True level=1
2026-09-06T15:00:58.2815981+08:00 pid=82668 tid=1 format-conversion-perf stage=insert-target formulaId=38057062-5427-45a3-8953-ce26796cc254 numbered=True deltaMs=354 totalMs=1115
2026-09-06T15:00:58.2815981+08:00 pid=82668 tid=1 format-conversion-undo-state stage=after-target-insert document=文档131 recording=False level=0
2026-09-06T15:00:58.2845983+08:00 pid=82668 tid=1 format-conversion-bookmarked-visualtex-target-stable sourceFormulaId=38057062-5427-45a3-8953-ce26796cc254 formulaId=14840547-99d1-4511-9f18-51fa2788d5eb localAnchorRepair=False elapsedMs=2
2026-09-06T15:00:58.2855977+08:00 pid=82668 tid=1 format-conversion-direct-managed-omml-metadata-deleted formulaId=38057062-5427-45a3-8953-ce26796cc254 numbered=True
2026-09-06T15:00:58.2855977+08:00 pid=82668 tid=1 format-conversion-perf stage=verify-target formulaId=38057062-5427-45a3-8953-ce26796cc254 numbered=True deltaMs=4 totalMs=1119
2026-09-06T15:00:58.2866013+08:00 pid=82668 tid=1 format-conversion-undo-state stage=before-source-delete document=文档131 recording=False level=0
2026-09-06T15:00:59.0584622+08:00 pid=82668 tid=1 format-conversion-direct-numbered-omml-delete formulaId=75fa9de3-cab5-4b96-bffa-688462e82476 start=434
2026-09-06T15:00:59.0584622+08:00 pid=82668 tid=1 format-conversion-perf stage=delete-source-host formulaId=75fa9de3-cab5-4b96-bffa-688462e82476 numbered=True deltaMs=772 totalMs=772
2026-09-06T15:00:59.0584622+08:00 pid=82668 tid=1 format-conversion-undo-state stage=after-source-delete document=文档131 recording=False level=0
2026-09-06T15:00:59.0594619+08:00 pid=82668 tid=1 word-undo-begin name=VisualTeX Insert Native OLE Display Formula recording=False level=0
2026-09-06T15:00:59.0594619+08:00 pid=82668 tid=1 word-undo-started name=VisualTeX Insert Native OLE Display Formula recording=True level=1
2026-09-06T15:00:59.3153175+08:00 pid=82668 tid=1 word-undo-end recording=True level=1
2026-09-06T15:00:59.3153175+08:00 pid=82668 tid=1 format-conversion-perf stage=insert-target formulaId=75fa9de3-cab5-4b96-bffa-688462e82476 numbered=True deltaMs=257 totalMs=1029
2026-09-06T15:00:59.3163184+08:00 pid=82668 tid=1 format-conversion-undo-state stage=after-target-insert document=文档131 recording=False level=0
2026-09-06T15:00:59.3213185+08:00 pid=82668 tid=1 format-conversion-bookmarked-visualtex-target-stable sourceFormulaId=75fa9de3-cab5-4b96-bffa-688462e82476 formulaId=35915ba6-6fa1-449a-b9f8-4eec63d9315f localAnchorRepair=False elapsedMs=4
2026-09-06T15:00:59.3233178+08:00 pid=82668 tid=1 format-conversion-direct-managed-omml-metadata-deleted formulaId=75fa9de3-cab5-4b96-bffa-688462e82476 numbered=True
2026-09-06T15:00:59.3233178+08:00 pid=82668 tid=1 format-conversion-perf stage=verify-target formulaId=75fa9de3-cab5-4b96-bffa-688462e82476 numbered=True deltaMs=8 totalMs=1037
2026-09-06T15:00:59.3248798+08:00 pid=82668 tid=1 format-conversion-undo-state stage=before-source-delete document=文档131 recording=False level=0
2026-09-06T15:00:59.9070585+08:00 pid=82668 tid=1 format-conversion-direct-numbered-omml-delete formulaId=e78973c8-c0d1-4c41-9a16-cc07b41c8e48 start=316
2026-09-06T15:00:59.9070585+08:00 pid=82668 tid=1 format-conversion-perf stage=delete-source-host formulaId=e78973c8-c0d1-4c41-9a16-cc07b41c8e48 numbered=True deltaMs=583 totalMs=583
2026-09-06T15:00:59.9070585+08:00 pid=82668 tid=1 format-conversion-undo-state stage=after-source-delete document=文档131 recording=False level=0
2026-09-06T15:00:59.9080586+08:00 pid=82668 tid=1 word-undo-begin name=VisualTeX Insert Native OLE Display Formula recording=False level=0
2026-09-06T15:00:59.9080586+08:00 pid=82668 tid=1 word-undo-started name=VisualTeX Insert Native OLE Display Formula recording=True level=1
2026-09-06T15:01:00.1277331+08:00 pid=82668 tid=1 word-undo-end recording=True level=1
2026-09-06T15:01:00.1277331+08:00 pid=82668 tid=1 format-conversion-perf stage=insert-target formulaId=e78973c8-c0d1-4c41-9a16-cc07b41c8e48 numbered=True deltaMs=221 totalMs=804
2026-09-06T15:01:00.1287293+08:00 pid=82668 tid=1 format-conversion-undo-state stage=after-target-insert document=文档131 recording=False level=0
2026-09-06T15:01:00.1357289+08:00 pid=82668 tid=1 format-conversion-bookmarked-visualtex-target-stable sourceFormulaId=e78973c8-c0d1-4c41-9a16-cc07b41c8e48 formulaId=9ed308b5-2414-46a4-9012-6dd4f7403444 localAnchorRepair=False elapsedMs=6
2026-09-06T15:01:00.1367320+08:00 pid=82668 tid=1 format-conversion-direct-managed-omml-metadata-deleted formulaId=e78973c8-c0d1-4c41-9a16-cc07b41c8e48 numbered=True
2026-09-06T15:01:00.1367320+08:00 pid=82668 tid=1 format-conversion-perf stage=verify-target formulaId=e78973c8-c0d1-4c41-9a16-cc07b41c8e48 numbered=True deltaMs=9 totalMs=813
2026-09-06T15:01:00.1377313+08:00 pid=82668 tid=1 format-conversion-undo-state stage=before-source-delete document=文档131 recording=False level=0
2026-09-06T15:01:01.0675605+08:00 pid=82668 tid=1 format-conversion-direct-numbered-omml-delete formulaId=24ea3945-4329-4f6d-9a9a-2256bec17893 start=218
2026-09-06T15:01:01.0685607+08:00 pid=82668 tid=1 format-conversion-perf stage=delete-source-host formulaId=24ea3945-4329-4f6d-9a9a-2256bec17893 numbered=True deltaMs=930 totalMs=930
2026-09-06T15:01:01.0685607+08:00 pid=82668 tid=1 format-conversion-undo-state stage=after-source-delete document=文档131 recording=False level=0
2026-09-06T15:01:01.0685607+08:00 pid=82668 tid=1 word-undo-begin name=VisualTeX Insert Native OLE Display Formula recording=False level=0
2026-09-06T15:01:01.0685607+08:00 pid=82668 tid=1 word-undo-started name=VisualTeX Insert Native OLE Display Formula recording=True level=1
2026-09-06T15:01:01.2292264+08:00 pid=82668 tid=1 word-undo-end recording=True level=1
2026-09-06T15:01:01.2292264+08:00 pid=82668 tid=1 format-conversion-perf stage=insert-target formulaId=24ea3945-4329-4f6d-9a9a-2256bec17893 numbered=True deltaMs=161 totalMs=1091
2026-09-06T15:01:01.2292264+08:00 pid=82668 tid=1 format-conversion-undo-state stage=after-target-insert document=文档131 recording=False level=0
2026-09-06T15:01:01.2302264+08:00 pid=82668 tid=1 format-conversion-bookmarked-visualtex-target-stable sourceFormulaId=24ea3945-4329-4f6d-9a9a-2256bec17893 formulaId=d7fe6eef-ab63-4b96-a213-50f8b76826d6 localAnchorRepair=False elapsedMs=0
2026-09-06T15:01:01.2302264+08:00 pid=82668 tid=1 format-conversion-direct-managed-omml-metadata-deleted formulaId=24ea3945-4329-4f6d-9a9a-2256bec17893 numbered=True
2026-09-06T15:01:01.2302264+08:00 pid=82668 tid=1 format-conversion-perf stage=verify-target formulaId=24ea3945-4329-4f6d-9a9a-2256bec17893 numbered=True deltaMs=2 totalMs=1093
2026-09-06T15:01:01.2312263+08:00 pid=82668 tid=1 format-conversion-undo-state stage=before-source-delete document=文档131 recording=False level=0
2026-09-06T15:01:01.6022169+08:00 pid=82668 tid=1 format-conversion-direct-numbered-omml-delete formulaId=f7002e6d-0b86-4efb-afbb-b2aabe9c5f0b start=94
2026-09-06T15:01:01.6032192+08:00 pid=82668 tid=1 format-conversion-perf stage=delete-source-host formulaId=f7002e6d-0b86-4efb-afbb-b2aabe9c5f0b numbered=True deltaMs=372 totalMs=372
2026-09-06T15:01:01.6032192+08:00 pid=82668 tid=1 format-conversion-undo-state stage=after-source-delete document=文档131 recording=False level=0
2026-09-06T15:01:01.6042196+08:00 pid=82668 tid=1 word-undo-begin name=VisualTeX Insert Native OLE Display Formula recording=False level=0
2026-09-06T15:01:01.6042196+08:00 pid=82668 tid=1 word-undo-started name=VisualTeX Insert Native OLE Display Formula recording=True level=1
2026-09-06T15:01:01.6984485+08:00 pid=82668 tid=1 word-undo-end recording=True level=1
2026-09-06T15:01:01.6984485+08:00 pid=82668 tid=1 format-conversion-perf stage=insert-target formulaId=f7002e6d-0b86-4efb-afbb-b2aabe9c5f0b numbered=True deltaMs=95 totalMs=467
2026-09-06T15:01:01.6984485+08:00 pid=82668 tid=1 format-conversion-undo-state stage=after-target-insert document=文档131 recording=False level=0
2026-09-06T15:01:01.6994508+08:00 pid=82668 tid=1 format-conversion-bookmarked-visualtex-target-stable sourceFormulaId=f7002e6d-0b86-4efb-afbb-b2aabe9c5f0b formulaId=0a85ce4e-17f7-43d9-b78d-0d4c2fe3e450 localAnchorRepair=False elapsedMs=0
2026-09-06T15:01:01.7004494+08:00 pid=82668 tid=1 format-conversion-direct-managed-omml-metadata-deleted formulaId=f7002e6d-0b86-4efb-afbb-b2aabe9c5f0b numbered=True
2026-09-06T15:01:01.7004494+08:00 pid=82668 tid=1 format-conversion-perf stage=verify-target formulaId=f7002e6d-0b86-4efb-afbb-b2aabe9c5f0b numbered=True deltaMs=2 totalMs=469
2026-09-06T15:01:01.7004494+08:00 pid=82668 tid=1 format-conversion-undo-state stage=before-source-delete document=文档131 recording=False level=0
2026-09-06T15:01:01.7290822+08:00 pid=82668 tid=1 format-conversion-perf stage=delete-source-host formulaId=af1639fa-bc2a-448d-a5c2-27832d0c45ad numbered=False deltaMs=28 totalMs=28
2026-09-06T15:01:01.7290822+08:00 pid=82668 tid=1 format-conversion-undo-state stage=after-source-delete document=文档131 recording=False level=0
2026-09-06T15:01:01.7300826+08:00 pid=82668 tid=1 word-undo-begin name=VisualTeX Insert Native OLE Inline Formula recording=False level=0
2026-09-06T15:01:01.7300826+08:00 pid=82668 tid=1 word-undo-started name=VisualTeX Insert Native OLE Inline Formula recording=True level=1
2026-09-06T15:01:01.7806925+08:00 pid=82668 tid=1 word-undo-end recording=True level=1
2026-09-06T15:01:01.7816921+08:00 pid=82668 tid=1 format-conversion-perf stage=insert-target formulaId=af1639fa-bc2a-448d-a5c2-27832d0c45ad numbered=False deltaMs=52 totalMs=80
2026-09-06T15:01:01.7816921+08:00 pid=82668 tid=1 format-conversion-undo-state stage=after-target-insert document=文档131 recording=False level=0
2026-09-06T15:01:01.7816921+08:00 pid=82668 tid=1 format-conversion-bookmarked-visualtex-target-stable sourceFormulaId=af1639fa-bc2a-448d-a5c2-27832d0c45ad formulaId=bc5f20fa-df96-4588-a0ab-54b9ad6d52d9 localAnchorRepair=False elapsedMs=0
2026-09-06T15:01:01.7816921+08:00 pid=82668 tid=1 format-conversion-perf stage=verify-target formulaId=af1639fa-bc2a-448d-a5c2-27832d0c45ad numbered=False deltaMs=1 totalMs=81
2026-09-06T15:01:01.7836948+08:00 pid=82668 tid=1 format-conversion-finalize-perf stage=source-residual-check sourceMode=wordOmml targetMode=nativeOle deltaMs=0 totalMs=0
2026-09-06T15:01:01.7846947+08:00 pid=82668 tid=1 format-conversion-finalize-perf stage=target-count-check sourceMode=wordOmml targetMode=nativeOle deltaMs=1 totalMs=1
2026-09-06T15:01:01.7886925+08:00 pid=82668 tid=1 format-conversion-visualtex-numbering-inventory formulaId=bc5f20fa-df96-4588-a0ab-54b9ad6d52d9 range=54:88 paragraph=42:89 numbered=False
2026-09-06T15:01:01.7896947+08:00 pid=82668 tid=1 format-conversion-visualtex-numbering-inventory formulaId=0a85ce4e-17f7-43d9-b78d-0d4c2fe3e450 range=90:124 paragraph=90:125 numbered=True
2026-09-06T15:01:01.7906952+08:00 pid=82668 tid=1 format-conversion-visualtex-numbering-inventory formulaId=d7fe6eef-ab63-4b96-a213-50f8b76826d6 range=126:160 paragraph=126:161 numbered=True
2026-09-06T15:01:01.7916949+08:00 pid=82668 tid=1 format-conversion-visualtex-numbering-inventory formulaId=9ed308b5-2414-46a4-9012-6dd4f7403444 range=191:225 paragraph=191:226 numbered=True
2026-09-06T15:01:01.7916949+08:00 pid=82668 tid=1 format-conversion-visualtex-numbering-inventory formulaId=35915ba6-6fa1-449a-b9f8-4eec63d9315f range=235:269 paragraph=235:270 numbered=True
2026-09-06T15:01:01.7926924+08:00 pid=82668 tid=1 format-conversion-visualtex-numbering-inventory formulaId=14840547-99d1-4511-9f18-51fa2788d5eb range=289:323 paragraph=289:324 numbered=True
2026-09-06T15:01:01.7936949+08:00 pid=82668 tid=1 format-conversion-visualtex-numbering-before-scaffold formulaId=14840547-99d1-4511-9f18-51fa2788d5eb frozenRange=visualtex-word-vsto-range:289:323 liveRange=289:323 paragraph=289:324
2026-09-06T15:01:01.8717033+08:00 pid=82668 tid=1 format-conversion-visualtex-numbering-before-scaffold formulaId=35915ba6-6fa1-449a-b9f8-4eec63d9315f frozenRange=visualtex-word-vsto-range:235:269 liveRange=235:269 paragraph=235:270
2026-09-06T15:01:01.9387033+08:00 pid=82668 tid=1 format-conversion-visualtex-numbering-before-scaffold formulaId=9ed308b5-2414-46a4-9012-6dd4f7403444 frozenRange=visualtex-word-vsto-range:191:225 liveRange=191:225 paragraph=191:226
2026-09-06T15:01:02.0087048+08:00 pid=82668 tid=1 format-conversion-visualtex-numbering-before-scaffold formulaId=d7fe6eef-ab63-4b96-a213-50f8b76826d6 frozenRange=visualtex-word-vsto-range:126:160 liveRange=126:160 paragraph=126:161
2026-09-06T15:01:02.0920512+08:00 pid=82668 tid=1 format-conversion-visualtex-numbering-before-scaffold formulaId=0a85ce4e-17f7-43d9-b78d-0d4c2fe3e450 frozenRange=visualtex-word-vsto-range:90:124 liveRange=90:124 paragraph=90:125
2026-09-06T15:01:02.1877206+08:00 pid=82668 tid=1 format-conversion-visualtex-numbering-before-scaffold formulaId=bc5f20fa-df96-4588-a0ab-54b9ad6d52d9 frozenRange=visualtex-word-vsto-range:54:88 liveRange=54:88 paragraph=42:89
2026-09-06T15:01:02.4353255+08:00 pid=82668 tid=1 format-conversion-numbering-visualtex-batch built=5 finalized=5
2026-09-06T15:01:02.4648819+08:00 pid=82668 tid=1 format-conversion-reference-aliases-restored sourceMode=wordOmml targetMode=nativeOle aliases=1 refreshedReferences=0 restoredFormatting=1
2026-09-06T15:01:02.4648819+08:00 pid=82668 tid=1 format-conversion-finalize-perf stage=numbering-reconcile sourceMode=wordOmml targetMode=nativeOle deltaMs=681 totalMs=682
2026-09-06T15:01:02.4728831+08:00 pid=82668 tid=1 format-conversion-finalize-perf stage=omml-fingerprint-refresh sourceMode=wordOmml targetMode=nativeOle deltaMs=8 totalMs=690
2026-09-06T15:01:02.4762450+08:00 pid=82668 tid=1 format-conversion-transaction-completed targets=6
2026-09-06T15:01:02.4772386+08:00 pid=82668 tid=34 format-conversion-word-apply-finished sourceMode=wordOmml targetMode=nativeOle converted=6 failed=0
2026-09-06T15:01:02.4792376+08:00 pid=82668 tid=34 format-conversion-session-cleanup-start sessions=6
2026-09-06T15:01:02.4832398+08:00 pid=82668 tid=34 format-conversion-complete source=OMML target=VisualTeX converted=6 failed=0
2026-09-06T15:01:02.4852395+08:00 pid=82668 tid=43 format-conversion-session-cleanup-complete sessions=6
2026-09-06T15:07:00.5666585+08:00 pid=82668 tid=12 left-down x=1140 y=1245 wordForeground=True
2026-09-06T15:07:01.0744483+08:00 pid=82668 tid=12 left-down x=1140 y=1245 wordForeground=True
2026-09-06T15:07:20.4105749+08:00 pid=82668 tid=1 format-conversion-start sourceMode=nativeOle targetMode=mathTypeOle wholeDocument=True
2026-09-06T15:07:20.4145755+08:00 pid=82668 tid=1 format-conversion-plan-perf stage=shape-access source=nativeOle index=1/6 deltaMs=0 totalMs=0
2026-09-06T15:07:20.4155754+08:00 pid=82668 tid=1 format-conversion-plan-perf stage=shape-range source=nativeOle index=1/6 deltaMs=1 totalMs=1
2026-09-06T15:07:20.4315780+08:00 pid=82668 tid=1 format-conversion-plan-perf stage=target-added source=nativeOle index=1/6 deltaMs=15 totalMs=16
2026-09-06T15:07:20.4325745+08:00 pid=82668 tid=1 format-conversion-plan-perf stage=shape-access source=nativeOle index=2/6 deltaMs=0 totalMs=0
2026-09-06T15:07:20.4335878+08:00 pid=82668 tid=1 format-conversion-plan-perf stage=shape-range source=nativeOle index=2/6 deltaMs=1 totalMs=1
2026-09-06T15:07:20.4569794+08:00 pid=82668 tid=1 format-conversion-plan-perf stage=target-added source=nativeOle index=2/6 deltaMs=23 totalMs=24
2026-09-06T15:07:20.4579787+08:00 pid=82668 tid=1 format-conversion-plan-perf stage=shape-access source=nativeOle index=3/6 deltaMs=0 totalMs=0
2026-09-06T15:07:20.4579787+08:00 pid=82668 tid=1 format-conversion-plan-perf stage=shape-range source=nativeOle index=3/6 deltaMs=0 totalMs=0
2026-09-06T15:07:20.4639798+08:00 pid=82668 tid=1 format-conversion-plan-perf stage=target-added source=nativeOle index=3/6 deltaMs=6 totalMs=6
2026-09-06T15:07:20.4649792+08:00 pid=82668 tid=1 format-conversion-plan-perf stage=shape-access source=nativeOle index=4/6 deltaMs=0 totalMs=0
2026-09-06T15:07:20.4649792+08:00 pid=82668 tid=1 format-conversion-plan-perf stage=shape-range source=nativeOle index=4/6 deltaMs=0 totalMs=0
2026-09-06T15:07:20.4746031+08:00 pid=82668 tid=1 format-conversion-plan-perf stage=target-added source=nativeOle index=4/6 deltaMs=9 totalMs=9
2026-09-06T15:07:20.4756009+08:00 pid=82668 tid=1 format-conversion-plan-perf stage=shape-access source=nativeOle index=5/6 deltaMs=0 totalMs=0
2026-09-06T15:07:20.4756009+08:00 pid=82668 tid=1 format-conversion-plan-perf stage=shape-range source=nativeOle index=5/6 deltaMs=0 totalMs=0
2026-09-06T15:07:20.4906008+08:00 pid=82668 tid=1 format-conversion-plan-perf stage=target-added source=nativeOle index=5/6 deltaMs=14 totalMs=14
2026-09-06T15:07:20.4906008+08:00 pid=82668 tid=1 format-conversion-plan-perf stage=shape-access source=nativeOle index=6/6 deltaMs=0 totalMs=0
2026-09-06T15:07:20.4916021+08:00 pid=82668 tid=1 format-conversion-plan-perf stage=shape-range source=nativeOle index=6/6 deltaMs=0 totalMs=0
2026-09-06T15:07:20.5066030+08:00 pid=82668 tid=1 format-conversion-plan-perf stage=target-added source=nativeOle index=6/6 deltaMs=15 totalMs=15
2026-09-06T15:07:20.5076004+08:00 pid=82668 tid=1 format-conversion-plan sourceMode=nativeOle targetMode=mathTypeOle targets=6
2026-09-06T15:07:24.1342099+08:00 pid=82668 tid=44 bulk-import converter-create display=inline mode=mathTypeOle latex=\sqrt{E-u(x)}=\frac{1}{f(\omega )v_{ph}(\omega ,x)}
2026-09-06T15:07:24.1382122+08:00 pid=82668 tid=34 bulk-import converter-created sessionId=0c7433f0-bd3c-4fad-b859-1c52915c7600
2026-09-06T15:07:24.1382122+08:00 pid=82668 tid=34 bulk-import converter-create display=block mode=mathTypeOle latex=\left\{ \begin{matrix}\frac{\mathrm{d}}{\mathrm{d}\omega }(\omega f(\omega ))=0 \\ \frac{\omega f(\omega )}{2}\frac{\mathrm{d}E(\omega )}{\mathrm{d}\omega }=\sqrt{\frac{m}{2}}\end{matrix}\right.
2026-09-06T15:07:24.1422098+08:00 pid=82668 tid=44 bulk-import converter-created sessionId=c9ea7c0c-6b4f-413b-afe0-7505e3f2fc64
2026-09-06T15:07:24.1422098+08:00 pid=82668 tid=44 bulk-import converter-create display=block mode=mathTypeOle latex=a^{2}+b^{2}=c^{2}
2026-09-06T15:07:24.1462098+08:00 pid=82668 tid=44 bulk-import converter-created sessionId=79b01d79-ce54-4da4-a87c-02aa2926d07e
2026-09-06T15:07:24.1472122+08:00 pid=82668 tid=44 bulk-import converter-create display=block mode=mathTypeOle latex=i\hbar \frac{\partial }{\partial t}\psi (\mathbf{r},t)=[-\frac{\hbar^{2}}{2m}\nabla^{2}+V(\mathbf{r},t)]\psi (\mathbf{r},t)
2026-09-06T15:07:24.1502101+08:00 pid=82668 tid=34 bulk-import converter-created sessionId=165220d8-74da-4dca-9d73-bc56373df605
2026-09-06T15:07:24.1512113+08:00 pid=82668 tid=34 bulk-import converter-create display=block mode=mathTypeOle latex=\frac{\partial }{\partial t}\psi^{\ast}(\vec{r})\psi (\vec{r})=\frac{i\hbar }{2m}\nabla \cdot [\psi^{\ast}(\vec{r})\nabla \psi (\vec{r})-\psi (\vec{r})\nabla \psi^{\ast}(r)]
2026-09-06T15:07:24.1542126+08:00 pid=82668 tid=44 bulk-import converter-created sessionId=ece2d06f-6c66-48e2-94ea-731068530003
2026-09-06T15:07:24.1542126+08:00 pid=82668 tid=44 bulk-import converter-create display=block mode=mathTypeOle latex=\frac{\partial }{\partial t}\rho (\vec{r},t)+\nabla \cdot \vec{j}=0
2026-09-06T15:07:24.1582106+08:00 pid=82668 tid=34 bulk-import converter-created sessionId=e32c6a3d-8f91-4ff5-80a4-5c9282a26a68
2026-09-06T15:07:24.1582106+08:00 pid=82668 tid=34 format-conversion-render-start sourceMode=nativeOle targetMode=mathTypeOle sessions=6
2026-09-06T15:07:24.2142107+08:00 pid=82668 tid=44 format-conversion-rendered sourceMode=nativeOle targetMode=mathTypeOle sessionId=0c7433f0-bd3c-4fad-b859-1c52915c7600 status=committing
2026-09-06T15:07:24.2282121+08:00 pid=82668 tid=34 format-conversion-rendered sourceMode=nativeOle targetMode=mathTypeOle sessionId=c9ea7c0c-6b4f-413b-afe0-7505e3f2fc64 status=committing
2026-09-06T15:07:24.2372123+08:00 pid=82668 tid=44 format-conversion-rendered sourceMode=nativeOle targetMode=mathTypeOle sessionId=79b01d79-ce54-4da4-a87c-02aa2926d07e status=committing
2026-09-06T15:07:24.2533745+08:00 pid=82668 tid=34 format-conversion-rendered sourceMode=nativeOle targetMode=mathTypeOle sessionId=165220d8-74da-4dca-9d73-bc56373df605 status=committing
2026-09-06T15:07:24.2760410+08:00 pid=82668 tid=44 format-conversion-rendered sourceMode=nativeOle targetMode=mathTypeOle sessionId=ece2d06f-6c66-48e2-94ea-731068530003 status=committing
2026-09-06T15:07:24.2880506+08:00 pid=82668 tid=34 format-conversion-rendered sourceMode=nativeOle targetMode=mathTypeOle sessionId=e32c6a3d-8f91-4ff5-80a4-5c9282a26a68 status=committing
2026-09-06T15:07:24.7975296+08:00 pid=82668 tid=34 format-conversion-native-preview-batch-complete formulas=6 elapsedMs=508
2026-09-06T15:07:24.7985315+08:00 pid=82668 tid=34 format-conversion-word-apply-start sourceMode=nativeOle targetMode=mathTypeOle targets=6
2026-09-06T15:07:24.8560796+08:00 pid=82668 tid=1 format-conversion-runtime assembly=C:\Users\pojian_liao\AppData\Local\VisualTeX\office\remediation-builds\15D63C756CBF79B3CB794D23B7DFACE035C469FD23D8E51ABCCF605A56663274\VisualTeX.WordVsto.dll source=nativeOle target=mathTypeOle targetIsVisualTeX=False targetIsMathType=True
2026-09-06T15:07:25.1012994+08:00 pid=82668 tid=1 format-conversion-reference-aliases-captured sourceMode=nativeOle formulaId=d7fe6eef-ab63-4b96-a213-50f8b76826d6 aliases=VTEqNum_24ea394543294f6d9a9a2256bec17893
2026-09-06T15:07:27.6869483+08:00 pid=82668 tid=1 word-undo-begin name=VisualTeX Convert Formula Format recording=False level=0
2026-09-06T15:07:27.6869483+08:00 pid=82668 tid=1 word-undo-started name=VisualTeX Convert Formula Format recording=True level=1
2026-09-06T15:07:27.6879501+08:00 pid=82668 tid=1 format-conversion-undo-state stage=before-preferences document=文档131 recording=True level=1
2026-09-06T15:07:27.6879501+08:00 pid=82668 tid=1 format-conversion-transaction-start targets=6
2026-09-06T15:07:27.6879501+08:00 pid=82668 tid=1 format-conversion-undo-state stage=after-preferences document=文档131 recording=True level=1
2026-09-06T15:07:27.6879501+08:00 pid=82668 tid=1 format-conversion-undo-state stage=before-source-delete document=文档131 recording=True level=1
2026-09-06T15:07:27.7445506+08:00 pid=82668 tid=1 format-conversion-perf stage=delete-source-host formulaId=14840547-99d1-4511-9f18-51fa2788d5eb numbered=True deltaMs=55 totalMs=55
2026-09-06T15:07:27.7445506+08:00 pid=82668 tid=1 format-conversion-undo-state stage=after-source-delete document=文档131 recording=True level=1
2026-09-06T15:07:27.7658707+08:00 pid=82668 tid=1 word-undo-begin name=VisualTeX Insert MathType OLE Numbered Display Formula recording=True level=1
2026-09-06T15:07:27.7708727+08:00 pid=82668 tid=1 mathtype-insert-perf stage=resolve-insertion numbered=True inline=False deltaMs=4 totalMs=4
2026-09-06T15:07:27.7708727+08:00 pid=82668 tid=1 mathtype-insert-perf stage=clear-incomplete-number-row numbered=True inline=False deltaMs=0 totalMs=4
2026-09-06T15:07:27.7708727+08:00 pid=82668 tid=1 mathtype-insert-perf stage=number-template-heading-state numbered=True inline=False deltaMs=0 totalMs=4
2026-09-06T15:07:27.7718738+08:00 pid=82668 tid=1 mathtype-insert-perf stage=prepare-display-row numbered=True inline=False deltaMs=1 totalMs=5
2026-09-06T15:07:27.7778717+08:00 pid=82668 tid=1 mathtype-insert-perf stage=build-flat-opc numbered=True inline=False deltaMs=6 totalMs=11
2026-09-06T15:07:27.7778717+08:00 pid=82668 tid=1 mathtype-insert-perf stage=pre-insert-bookkeeping numbered=True inline=False deltaMs=0 totalMs=11
2026-09-06T15:07:27.8118730+08:00 pid=82668 tid=1 mathtype-insert-perf stage=insert-flat-opc numbered=True inline=False deltaMs=34 totalMs=45
2026-09-06T15:07:27.8118730+08:00 pid=82668 tid=1 mathtype-insert-perf stage=resolve-new-shape numbered=True inline=False deltaMs=0 totalMs=45
2026-09-06T15:07:27.8128715+08:00 pid=82668 tid=1 mathtype-insert-perf stage=set-shape-geometry numbered=True inline=False deltaMs=1 totalMs=46
2026-09-06T15:07:27.8128715+08:00 pid=82668 tid=1 mathtype-insert-perf stage=repair-inline-paragraph numbered=True inline=False deltaMs=0 totalMs=46
2026-09-06T15:07:27.8138715+08:00 pid=82668 tid=1 mathtype-insert-perf stage=refresh-native-shape numbered=True inline=False deltaMs=1 totalMs=47
2026-09-06T15:07:27.8368703+08:00 pid=82668 tid=1 mathtype-insert-perf stage=bind-created-object-identity numbered=True inline=False deltaMs=23 totalMs=70
2026-09-06T15:07:27.8368703+08:00 pid=82668 tid=1 mathtype-insert-perf stage=complete numbered=True inline=False deltaMs=0 totalMs=70
2026-09-06T15:07:27.8368703+08:00 pid=82668 tid=1 format-conversion-perf stage=insert-target formulaId=14840547-99d1-4511-9f18-51fa2788d5eb numbered=True deltaMs=93 totalMs=148
2026-09-06T15:07:27.8368703+08:00 pid=82668 tid=1 format-conversion-undo-state stage=after-target-insert document=文档131 recording=True level=1
2026-09-06T15:07:27.8388719+08:00 pid=82668 tid=1 format-conversion-bookmarked-target-stable formulaId=14840547-99d1-4511-9f18-51fa2788d5eb bookmark=VTMT_0750c50da05440afb70f8dfb0fba95c9 range=790:816 elapsedMs=0
2026-09-06T15:07:27.8388719+08:00 pid=82668 tid=1 format-conversion-perf stage=verify-target formulaId=14840547-99d1-4511-9f18-51fa2788d5eb numbered=True deltaMs=2 totalMs=150
2026-09-06T15:07:27.8398720+08:00 pid=82668 tid=1 format-conversion-undo-state stage=before-source-delete document=文档131 recording=True level=1
2026-09-06T15:07:27.8919073+08:00 pid=82668 tid=1 format-conversion-perf stage=delete-source-host formulaId=35915ba6-6fa1-449a-b9f8-4eec63d9315f numbered=True deltaMs=52 totalMs=52
2026-09-06T15:07:27.8929056+08:00 pid=82668 tid=1 format-conversion-undo-state stage=after-source-delete document=文档131 recording=True level=1
2026-09-06T15:07:27.9135782+08:00 pid=82668 tid=1 word-undo-begin name=VisualTeX Insert MathType OLE Numbered Display Formula recording=True level=1
2026-09-06T15:07:27.9185809+08:00 pid=82668 tid=1 mathtype-insert-perf stage=resolve-insertion numbered=True inline=False deltaMs=5 totalMs=5
2026-09-06T15:07:27.9195794+08:00 pid=82668 tid=1 mathtype-insert-perf stage=clear-incomplete-number-row numbered=True inline=False deltaMs=1 totalMs=6
2026-09-06T15:07:27.9195794+08:00 pid=82668 tid=1 mathtype-insert-perf stage=number-template-heading-state numbered=True inline=False deltaMs=0 totalMs=6
2026-09-06T15:07:27.9205802+08:00 pid=82668 tid=1 mathtype-insert-perf stage=prepare-display-row numbered=True inline=False deltaMs=1 totalMs=7
2026-09-06T15:07:27.9255788+08:00 pid=82668 tid=1 mathtype-insert-perf stage=build-flat-opc numbered=True inline=False deltaMs=5 totalMs=12
2026-09-06T15:07:27.9255788+08:00 pid=82668 tid=1 mathtype-insert-perf stage=pre-insert-bookkeeping numbered=True inline=False deltaMs=0 totalMs=12
2026-09-06T15:07:27.9595783+08:00 pid=82668 tid=1 mathtype-insert-perf stage=insert-flat-opc numbered=True inline=False deltaMs=34 totalMs=46
2026-09-06T15:07:27.9595783+08:00 pid=82668 tid=1 mathtype-insert-perf stage=resolve-new-shape numbered=True inline=False deltaMs=0 totalMs=46
2026-09-06T15:07:27.9605800+08:00 pid=82668 tid=1 mathtype-insert-perf stage=set-shape-geometry numbered=True inline=False deltaMs=1 totalMs=47
2026-09-06T15:07:27.9605800+08:00 pid=82668 tid=1 mathtype-insert-perf stage=repair-inline-paragraph numbered=True inline=False deltaMs=0 totalMs=47
2026-09-06T15:07:27.9605800+08:00 pid=82668 tid=1 mathtype-insert-perf stage=refresh-native-shape numbered=True inline=False deltaMs=0 totalMs=47
2026-09-06T15:07:27.9675784+08:00 pid=82668 tid=1 mathtype-insert-perf stage=bind-created-object-identity numbered=True inline=False deltaMs=7 totalMs=54
2026-09-06T15:07:27.9675784+08:00 pid=82668 tid=1 mathtype-insert-perf stage=complete numbered=True inline=False deltaMs=0 totalMs=54
2026-09-06T15:07:27.9685794+08:00 pid=82668 tid=1 format-conversion-perf stage=insert-target formulaId=35915ba6-6fa1-449a-b9f8-4eec63d9315f numbered=True deltaMs=76 totalMs=128
2026-09-06T15:07:27.9685794+08:00 pid=82668 tid=1 format-conversion-undo-state stage=after-target-insert document=文档131 recording=True level=1
2026-09-06T15:07:27.9695810+08:00 pid=82668 tid=1 format-conversion-bookmarked-target-stable formulaId=35915ba6-6fa1-449a-b9f8-4eec63d9315f bookmark=VTMT_80158ed48e8a4dde83f4650b66f740d6 range=611:637 elapsedMs=0
2026-09-06T15:07:27.9695810+08:00 pid=82668 tid=1 format-conversion-perf stage=verify-target formulaId=35915ba6-6fa1-449a-b9f8-4eec63d9315f numbered=True deltaMs=2 totalMs=130
2026-09-06T15:07:27.9705793+08:00 pid=82668 tid=1 format-conversion-undo-state stage=before-source-delete document=文档131 recording=True level=1
2026-09-06T15:07:28.0246757+08:00 pid=82668 tid=1 format-conversion-perf stage=delete-source-host formulaId=9ed308b5-2414-46a4-9012-6dd4f7403444 numbered=True deltaMs=53 totalMs=53
2026-09-06T15:07:28.0246757+08:00 pid=82668 tid=1 format-conversion-undo-state stage=after-source-delete document=文档131 recording=True level=1
2026-09-06T15:07:28.0461979+08:00 pid=82668 tid=1 word-undo-begin name=VisualTeX Insert MathType OLE Numbered Display Formula recording=True level=1
2026-09-06T15:07:28.0518166+08:00 pid=82668 tid=1 mathtype-insert-perf stage=resolve-insertion numbered=True inline=False deltaMs=5 totalMs=5
2026-09-06T15:07:28.0518166+08:00 pid=82668 tid=1 mathtype-insert-perf stage=clear-incomplete-number-row numbered=True inline=False deltaMs=1 totalMs=6
2026-09-06T15:07:28.0518166+08:00 pid=82668 tid=1 mathtype-insert-perf stage=number-template-heading-state numbered=True inline=False deltaMs=0 totalMs=6
2026-09-06T15:07:28.0528174+08:00 pid=82668 tid=1 mathtype-insert-perf stage=prepare-display-row numbered=True inline=False deltaMs=0 totalMs=6
2026-09-06T15:07:28.0588168+08:00 pid=82668 tid=1 mathtype-insert-perf stage=build-flat-opc numbered=True inline=False deltaMs=6 totalMs=12
2026-09-06T15:07:28.0588168+08:00 pid=82668 tid=1 mathtype-insert-perf stage=pre-insert-bookkeeping numbered=True inline=False deltaMs=0 totalMs=12
2026-09-06T15:07:28.0979109+08:00 pid=82668 tid=1 mathtype-insert-perf stage=insert-flat-opc numbered=True inline=False deltaMs=39 totalMs=51
2026-09-06T15:07:28.0979109+08:00 pid=82668 tid=1 mathtype-insert-perf stage=resolve-new-shape numbered=True inline=False deltaMs=1 totalMs=52
2026-09-06T15:07:28.0989102+08:00 pid=82668 tid=1 mathtype-insert-perf stage=set-shape-geometry numbered=True inline=False deltaMs=1 totalMs=53
2026-09-06T15:07:28.0989102+08:00 pid=82668 tid=1 mathtype-insert-perf stage=repair-inline-paragraph numbered=True inline=False deltaMs=0 totalMs=53
2026-09-06T15:07:28.0999096+08:00 pid=82668 tid=1 mathtype-insert-perf stage=refresh-native-shape numbered=True inline=False deltaMs=0 totalMs=53
2026-09-06T15:07:28.1088161+08:00 pid=82668 tid=1 mathtype-insert-perf stage=bind-created-object-identity numbered=True inline=False deltaMs=9 totalMs=62
2026-09-06T15:07:28.1093413+08:00 pid=82668 tid=1 mathtype-insert-perf stage=complete numbered=True inline=False deltaMs=1 totalMs=63
2026-09-06T15:07:28.1093413+08:00 pid=82668 tid=1 format-conversion-perf stage=insert-target formulaId=9ed308b5-2414-46a4-9012-6dd4f7403444 numbered=True deltaMs=85 totalMs=138
2026-09-06T15:07:28.1098783+08:00 pid=82668 tid=1 format-conversion-undo-state stage=after-target-insert document=文档131 recording=True level=1
2026-09-06T15:07:28.1114727+08:00 pid=82668 tid=1 format-conversion-bookmarked-target-stable formulaId=9ed308b5-2414-46a4-9012-6dd4f7403444 bookmark=VTMT_e4c5891641e443e3aec5eadcde692201 range=442:468 elapsedMs=0
2026-09-06T15:07:28.1125280+08:00 pid=82668 tid=1 format-conversion-perf stage=verify-target formulaId=9ed308b5-2414-46a4-9012-6dd4f7403444 numbered=True deltaMs=3 totalMs=141
2026-09-06T15:07:28.1130596+08:00 pid=82668 tid=1 format-conversion-undo-state stage=before-source-delete document=文档131 recording=True level=1
2026-09-06T15:07:28.1602560+08:00 pid=82668 tid=1 format-conversion-perf stage=delete-source-host formulaId=d7fe6eef-ab63-4b96-a213-50f8b76826d6 numbered=True deltaMs=47 totalMs=47
2026-09-06T15:07:28.1612561+08:00 pid=82668 tid=1 format-conversion-undo-state stage=after-source-delete document=文档131 recording=True level=1
2026-09-06T15:07:28.1838099+08:00 pid=82668 tid=1 word-undo-begin name=VisualTeX Insert MathType OLE Numbered Display Formula recording=True level=1
2026-09-06T15:07:28.1897277+08:00 pid=82668 tid=1 mathtype-insert-perf stage=resolve-insertion numbered=True inline=False deltaMs=5 totalMs=5
2026-09-06T15:07:28.1902615+08:00 pid=82668 tid=1 mathtype-insert-perf stage=clear-incomplete-number-row numbered=True inline=False deltaMs=1 totalMs=6
2026-09-06T15:07:28.1907677+08:00 pid=82668 tid=1 mathtype-insert-perf stage=number-template-heading-state numbered=True inline=False deltaMs=0 totalMs=6
2026-09-06T15:07:28.1907677+08:00 pid=82668 tid=1 mathtype-insert-perf stage=prepare-display-row numbered=True inline=False deltaMs=1 totalMs=7
2026-09-06T15:07:28.1978573+08:00 pid=82668 tid=1 mathtype-insert-perf stage=build-flat-opc numbered=True inline=False deltaMs=6 totalMs=13
2026-09-06T15:07:28.1978573+08:00 pid=82668 tid=1 mathtype-insert-perf stage=pre-insert-bookkeeping numbered=True inline=False deltaMs=1 totalMs=14
2026-09-06T15:07:28.2336065+08:00 pid=82668 tid=1 mathtype-insert-perf stage=insert-flat-opc numbered=True inline=False deltaMs=35 totalMs=49
2026-09-06T15:07:28.2389522+08:00 pid=82668 tid=1 mathtype-insert-perf stage=resolve-new-shape numbered=True inline=False deltaMs=5 totalMs=54
2026-09-06T15:07:28.2400798+08:00 pid=82668 tid=1 mathtype-insert-perf stage=set-shape-geometry numbered=True inline=False deltaMs=2 totalMs=56
2026-09-06T15:07:28.2400798+08:00 pid=82668 tid=1 mathtype-insert-perf stage=repair-inline-paragraph numbered=True inline=False deltaMs=0 totalMs=56
2026-09-06T15:07:28.2410872+08:00 pid=82668 tid=1 mathtype-insert-perf stage=refresh-native-shape numbered=True inline=False deltaMs=1 totalMs=57
2026-09-06T15:07:28.2490123+08:00 pid=82668 tid=1 mathtype-insert-perf stage=bind-created-object-identity numbered=True inline=False deltaMs=8 totalMs=65
2026-09-06T15:07:28.2500131+08:00 pid=82668 tid=1 mathtype-insert-perf stage=complete numbered=True inline=False deltaMs=0 totalMs=65
2026-09-06T15:07:28.2504310+08:00 pid=82668 tid=1 format-conversion-perf stage=insert-target formulaId=d7fe6eef-ab63-4b96-a213-50f8b76826d6 numbered=True deltaMs=90 totalMs=137
2026-09-06T15:07:28.2504310+08:00 pid=82668 tid=1 format-conversion-undo-state stage=after-target-insert document=文档131 recording=True level=1
2026-09-06T15:07:28.2517137+08:00 pid=82668 tid=1 format-conversion-bookmarked-target-stable formulaId=d7fe6eef-ab63-4b96-a213-50f8b76826d6 bookmark=VTMT_6bb549cbe10948fdafae2e031b5dee66 range=252:278 elapsedMs=0
2026-09-06T15:07:28.2522251+08:00 pid=82668 tid=1 format-conversion-perf stage=verify-target formulaId=d7fe6eef-ab63-4b96-a213-50f8b76826d6 numbered=True deltaMs=2 totalMs=139
2026-09-06T15:07:28.2522251+08:00 pid=82668 tid=1 format-conversion-undo-state stage=before-source-delete document=文档131 recording=True level=1
2026-09-06T15:07:28.3122966+08:00 pid=82668 tid=1 format-conversion-perf stage=delete-source-host formulaId=0a85ce4e-17f7-43d9-b78d-0d4c2fe3e450 numbered=True deltaMs=59 totalMs=59
2026-09-06T15:07:28.3122966+08:00 pid=82668 tid=1 format-conversion-undo-state stage=after-source-delete document=文档131 recording=True level=1
2026-09-06T15:07:28.3350691+08:00 pid=82668 tid=1 word-undo-begin name=VisualTeX Insert MathType OLE Numbered Display Formula recording=True level=1
2026-09-06T15:07:28.3410420+08:00 pid=82668 tid=1 mathtype-insert-perf stage=resolve-insertion numbered=True inline=False deltaMs=5 totalMs=5
2026-09-06T15:07:28.3410420+08:00 pid=82668 tid=1 mathtype-insert-perf stage=clear-incomplete-number-row numbered=True inline=False deltaMs=1 totalMs=6
2026-09-06T15:07:28.3420506+08:00 pid=82668 tid=1 mathtype-insert-perf stage=number-template-heading-state numbered=True inline=False deltaMs=0 totalMs=6
2026-09-06T15:07:28.3420506+08:00 pid=82668 tid=1 mathtype-insert-perf stage=prepare-display-row numbered=True inline=False deltaMs=1 totalMs=7
2026-09-06T15:07:28.3484095+08:00 pid=82668 tid=1 mathtype-insert-perf stage=build-flat-opc numbered=True inline=False deltaMs=6 totalMs=13
2026-09-06T15:07:28.3494079+08:00 pid=82668 tid=1 mathtype-insert-perf stage=pre-insert-bookkeeping numbered=True inline=False deltaMs=1 totalMs=14
2026-09-06T15:07:28.3862129+08:00 pid=82668 tid=1 mathtype-insert-perf stage=insert-flat-opc numbered=True inline=False deltaMs=36 totalMs=50
2026-09-06T15:07:28.3876790+08:00 pid=82668 tid=1 mathtype-insert-perf stage=resolve-new-shape numbered=True inline=False deltaMs=2 totalMs=52
2026-09-06T15:07:28.3884686+08:00 pid=82668 tid=1 mathtype-insert-perf stage=set-shape-geometry numbered=True inline=False deltaMs=1 totalMs=53
2026-09-06T15:07:28.3884686+08:00 pid=82668 tid=1 mathtype-insert-perf stage=repair-inline-paragraph numbered=True inline=False deltaMs=0 totalMs=53
2026-09-06T15:07:28.3889759+08:00 pid=82668 tid=1 mathtype-insert-perf stage=refresh-native-shape numbered=True inline=False deltaMs=1 totalMs=54
2026-09-06T15:07:28.3964014+08:00 pid=82668 tid=1 mathtype-insert-perf stage=bind-created-object-identity numbered=True inline=False deltaMs=7 totalMs=61
2026-09-06T15:07:28.3974029+08:00 pid=82668 tid=1 mathtype-insert-perf stage=complete numbered=True inline=False deltaMs=1 totalMs=62
2026-09-06T15:07:28.3974029+08:00 pid=82668 tid=1 format-conversion-perf stage=insert-target formulaId=0a85ce4e-17f7-43d9-b78d-0d4c2fe3e450 numbered=True deltaMs=85 totalMs=144
2026-09-06T15:07:28.3974029+08:00 pid=82668 tid=1 format-conversion-undo-state stage=after-target-insert document=文档131 recording=True level=1
2026-09-06T15:07:28.3995073+08:00 pid=82668 tid=1 format-conversion-bookmarked-target-stable formulaId=0a85ce4e-17f7-43d9-b78d-0d4c2fe3e450 bookmark=VTMT_568633bd5aa948189cc2f4f92580aaeb range=91:117 elapsedMs=0
2026-09-06T15:07:28.4014934+08:00 pid=82668 tid=1 format-conversion-perf stage=verify-target formulaId=0a85ce4e-17f7-43d9-b78d-0d4c2fe3e450 numbered=True deltaMs=4 totalMs=148
2026-09-06T15:07:28.4014934+08:00 pid=82668 tid=1 format-conversion-undo-state stage=before-source-delete document=文档131 recording=True level=1
2026-09-06T15:07:28.4163143+08:00 pid=82668 tid=1 format-conversion-perf stage=delete-source-host formulaId=bc5f20fa-df96-4588-a0ab-54b9ad6d52d9 numbered=False deltaMs=14 totalMs=14
2026-09-06T15:07:28.4163143+08:00 pid=82668 tid=1 format-conversion-undo-state stage=after-source-delete document=文档131 recording=True level=1
2026-09-06T15:07:28.4412519+08:00 pid=82668 tid=1 word-undo-begin name=VisualTeX Insert MathType OLE Inline Formula recording=True level=1
2026-09-06T15:07:28.4472532+08:00 pid=82668 tid=1 mathtype-insert-perf stage=resolve-insertion numbered=False inline=True deltaMs=6 totalMs=6
2026-09-06T15:07:28.4542521+08:00 pid=82668 tid=1 mathtype-insert-perf stage=build-flat-opc numbered=False inline=True deltaMs=7 totalMs=13
2026-09-06T15:07:28.4552539+08:00 pid=82668 tid=1 mathtype-insert-perf stage=pre-insert-bookkeeping numbered=False inline=True deltaMs=1 totalMs=14
2026-09-06T15:07:28.4905013+08:00 pid=82668 tid=1 mathtype-insert-perf stage=insert-flat-opc numbered=False inline=True deltaMs=35 totalMs=49
2026-09-06T15:07:28.4915012+08:00 pid=82668 tid=1 mathtype-insert-perf stage=resolve-new-shape numbered=False inline=True deltaMs=1 totalMs=50
2026-09-06T15:07:28.4925014+08:00 pid=82668 tid=1 mathtype-insert-perf stage=set-shape-geometry numbered=False inline=True deltaMs=1 totalMs=51
2026-09-06T15:07:28.4985018+08:00 pid=82668 tid=1 mathtype-insert-perf stage=repair-inline-paragraph numbered=False inline=True deltaMs=6 totalMs=57
2026-09-06T15:07:28.4985018+08:00 pid=82668 tid=1 mathtype-insert-perf stage=refresh-native-shape numbered=False inline=True deltaMs=0 totalMs=57
2026-09-06T15:07:28.4995016+08:00 pid=82668 tid=1 mathtype-insert-perf stage=set-native-baseline numbered=False inline=True deltaMs=1 totalMs=58
2026-09-06T15:07:28.5015015+08:00 pid=82668 tid=1 mathtype-insert-perf stage=restore-typing-baseline numbered=False inline=True deltaMs=2 totalMs=60
2026-09-06T15:07:28.5015015+08:00 pid=82668 tid=1 mathtype-insert-perf stage=bind-created-object-identity numbered=False inline=True deltaMs=0 totalMs=60
2026-09-06T15:07:28.5025009+08:00 pid=82668 tid=1 mathtype-insert-perf stage=complete numbered=False inline=True deltaMs=1 totalMs=61
2026-09-06T15:07:28.5025009+08:00 pid=82668 tid=1 format-conversion-perf stage=insert-target formulaId=bc5f20fa-df96-4588-a0ab-54b9ad6d52d9 numbered=False deltaMs=86 totalMs=100
2026-09-06T15:07:28.5025009+08:00 pid=82668 tid=1 format-conversion-undo-state stage=after-target-insert document=文档131 recording=True level=1
2026-09-06T15:07:28.5045015+08:00 pid=82668 tid=1 format-conversion-bookmarked-target-stable formulaId=bc5f20fa-df96-4588-a0ab-54b9ad6d52d9 bookmark=VTMT_e013deac894144bf8ec2c01e6a10965c range=54:80 elapsedMs=0
2026-09-06T15:07:28.5071526+08:00 pid=82668 tid=1 format-conversion-perf stage=verify-target formulaId=bc5f20fa-df96-4588-a0ab-54b9ad6d52d9 numbered=False deltaMs=6 totalMs=106
2026-09-06T15:07:28.5119641+08:00 pid=82668 tid=1 format-conversion-finalize-perf stage=source-residual-check sourceMode=nativeOle targetMode=mathTypeOle deltaMs=4 totalMs=4
2026-09-06T15:07:28.5139721+08:00 pid=82668 tid=1 format-conversion-finalize-perf stage=target-count-check sourceMode=nativeOle targetMode=mathTypeOle deltaMs=1 totalMs=5
2026-09-06T15:07:28.6011757+08:00 pid=82668 tid=1 format-conversion-reference-aliases-restored sourceMode=nativeOle targetMode=mathTypeOle aliases=1 refreshedReferences=1 restoredFormatting=1
2026-09-06T15:07:28.6011757+08:00 pid=82668 tid=1 format-conversion-finalize-perf stage=numbering-reconcile sourceMode=nativeOle targetMode=mathTypeOle deltaMs=88 totalMs=93
2026-09-06T15:07:28.6031744+08:00 pid=82668 tid=1 format-conversion-finalize-perf stage=omml-fingerprint-refresh sourceMode=nativeOle targetMode=mathTypeOle deltaMs=1 totalMs=94
2026-09-06T15:07:28.6061743+08:00 pid=82668 tid=1 format-conversion-transaction-completed targets=6
2026-09-06T15:07:28.6061743+08:00 pid=82668 tid=43 format-conversion-word-apply-finished sourceMode=nativeOle targetMode=mathTypeOle converted=6 failed=0
2026-09-06T15:07:28.6071751+08:00 pid=82668 tid=43 format-conversion-session-cleanup-start sessions=6
2026-09-06T15:07:28.6071751+08:00 pid=82668 tid=43 format-conversion-complete source=VisualTeX target=MathType converted=6 failed=0
2026-09-06T15:07:28.6111745+08:00 pid=82668 tid=34 format-conversion-session-cleanup-complete sessions=6
2026-09-06T15:09:34.4331167+08:00 pid=82668 tid=12 left-down x=1776 y=1270 wordForeground=False
2026-09-06T15:09:37.2311985+08:00 pid=82668 tid=1 word-undo-begin name=VisualTeX Update MathType OLE Formula recording=False level=0
2026-09-06T15:09:37.2321970+08:00 pid=82668 tid=1 word-undo-started name=VisualTeX Update MathType OLE Formula recording=True level=1
2026-09-06T15:09:37.2321970+08:00 pid=82668 tid=1 mathtype-replace-stage stage=resolve-source formulaId=95d358a3-dd0e-4c30-9ab8-ae934efa7ddf
2026-09-06T15:09:37.2371970+08:00 pid=82668 tid=1 mathtype-replace-numbering source=True:right target=True:right changed=False
2026-09-06T15:09:37.2371970+08:00 pid=82668 tid=1 mathtype-replace-stage stage=read-source-flat-opc formulaId=95d358a3-dd0e-4c30-9ab8-ae934efa7ddf
2026-09-06T15:09:37.2591977+08:00 pid=82668 tid=1 mathtype-replace-stage stage=read-source-flat-opc-complete formulaId=95d358a3-dd0e-4c30-9ab8-ae934efa7ddf
2026-09-06T15:09:37.2601969+08:00 pid=82668 tid=1 mathtype-replace-stage stage=rewrite-cfb formulaId=95d358a3-dd0e-4c30-9ab8-ae934efa7ddf
2026-09-06T15:09:37.4721000+08:00 pid=82668 tid=1 mathtype-replace-native-preview formulaId=95d358a3-dd0e-4c30-9ab8-ae934efa7ddf sourceWord=58.05x16.05@-3 sourceNative=58x16@-3 rewrittenNative=42x16@-3 scale=1.001x1.003 target=42.036x16.05@-3
2026-09-06T15:09:37.4721000+08:00 pid=82668 tid=1 mathtype-replace-stage stage=rewrite-flat-opc formulaId=95d358a3-dd0e-4c30-9ab8-ae934efa7ddf
2026-09-06T15:09:37.4790999+08:00 pid=82668 tid=1 mathtype-replace-stage stage=rewrite-flat-opc-complete formulaId=95d358a3-dd0e-4c30-9ab8-ae934efa7ddf
2026-09-06T15:09:37.4821002+08:00 pid=82668 tid=1 mathtype-replace-stage stage=delete-source formulaId=95d358a3-dd0e-4c30-9ab8-ae934efa7ddf
2026-09-06T15:09:37.4860999+08:00 pid=82668 tid=1 mathtype-replace-stage stage=insert-rewritten-flat-opc formulaId=95d358a3-dd0e-4c30-9ab8-ae934efa7ddf
2026-09-06T15:09:37.5401970+08:00 pid=82668 tid=1 mathtype-replace-stage stage=insert-rewritten-flat-opc-complete formulaId=95d358a3-dd0e-4c30-9ab8-ae934efa7ddf
2026-09-06T15:09:37.5531952+08:00 pid=82668 tid=1 mathtype-replace-stage stage=validate-replacement formulaId=95d358a3-dd0e-4c30-9ab8-ae934efa7ddf
2026-09-06T15:09:37.5864168+08:00 pid=82668 tid=1 mathtype-replace-stage stage=complete formulaId=95d358a3-dd0e-4c30-9ab8-ae934efa7ddf
2026-09-06T15:09:37.6162882+08:00 pid=82668 tid=1 word-undo-end recording=False level=0
2026-09-06T15:09:37.6202897+08:00 pid=82668 tid=19 ribbon-session-operation-released sessionId=82796380-c160-4f4b-a93b-5ab09dfd1d90
2026-09-06T15:10:50.4066917+08:00 pid=82668 tid=1 format-conversion-start sourceMode=mathTypeOle targetMode=wordOmml wholeDocument=True
2026-09-06T15:10:50.4526908+08:00 pid=82668 tid=1 format-conversion-plan-bulk-ole-snapshot count=6 elapsedMs=44
2026-09-06T15:10:50.4526908+08:00 pid=82668 tid=1 format-conversion-plan-perf stage=shape-access source=mathTypeOle index=1/6 deltaMs=0 totalMs=0
2026-09-06T15:10:50.4536934+08:00 pid=82668 tid=1 format-conversion-plan-perf stage=identify-mathtype source=mathTypeOle index=1/6 deltaMs=0 totalMs=0
2026-09-06T15:10:50.4656909+08:00 pid=82668 tid=1 format-conversion-plan-perf stage=read-mathml-bulk source=mathTypeOle index=1/6 deltaMs=12 totalMs=12
2026-09-06T15:10:50.4676917+08:00 pid=82668 tid=1 format-conversion-plan-perf stage=read-metadata source=mathTypeOle index=1/6 deltaMs=2 totalMs=14
2026-09-06T15:10:50.4676917+08:00 pid=82668 tid=1 format-conversion-plan-perf stage=number-position source=mathTypeOle index=1/6 deltaMs=0 totalMs=14
2026-09-06T15:10:50.4676917+08:00 pid=82668 tid=1 format-conversion-plan-perf stage=shape-range source=mathTypeOle index=1/6 deltaMs=1 totalMs=15
2026-09-06T15:10:50.4726908+08:00 pid=82668 tid=1 format-conversion-plan-perf stage=target-added source=mathTypeOle index=1/6 deltaMs=4 totalMs=19
2026-09-06T15:10:50.4726908+08:00 pid=82668 tid=1 format-conversion-plan-perf stage=shape-access source=mathTypeOle index=2/6 deltaMs=0 totalMs=0
2026-09-06T15:10:50.4726908+08:00 pid=82668 tid=1 format-conversion-plan-perf stage=identify-mathtype source=mathTypeOle index=2/6 deltaMs=0 totalMs=0
2026-09-06T15:10:50.4856919+08:00 pid=82668 tid=1 format-conversion-plan-perf stage=read-mathml-bulk source=mathTypeOle index=2/6 deltaMs=12 totalMs=12
2026-09-06T15:10:50.4866910+08:00 pid=82668 tid=1 format-conversion-plan-perf stage=read-metadata source=mathTypeOle index=2/6 deltaMs=1 totalMs=13
2026-09-06T15:10:50.4872410+08:00 pid=82668 tid=1 format-conversion-plan-perf stage=number-position source=mathTypeOle index=2/6 deltaMs=1 totalMs=14
2026-09-06T15:10:50.4872410+08:00 pid=82668 tid=1 format-conversion-plan-perf stage=shape-range source=mathTypeOle index=2/6 deltaMs=0 totalMs=14
2026-09-06T15:10:50.4913267+08:00 pid=82668 tid=1 format-conversion-plan-perf stage=target-added source=mathTypeOle index=2/6 deltaMs=4 totalMs=18
2026-09-06T15:10:50.4923274+08:00 pid=82668 tid=1 format-conversion-plan-perf stage=shape-access source=mathTypeOle index=3/6 deltaMs=0 totalMs=0
2026-09-06T15:10:50.4923274+08:00 pid=82668 tid=1 format-conversion-plan-perf stage=identify-mathtype source=mathTypeOle index=3/6 deltaMs=0 totalMs=0
2026-09-06T15:10:50.4953270+08:00 pid=82668 tid=1 format-conversion-plan-perf stage=read-mathml-bulk source=mathTypeOle index=3/6 deltaMs=2 totalMs=2
2026-09-06T15:10:50.4953270+08:00 pid=82668 tid=1 format-conversion-plan-perf stage=read-metadata source=mathTypeOle index=3/6 deltaMs=1 totalMs=3
2026-09-06T15:10:50.4963267+08:00 pid=82668 tid=1 format-conversion-plan-perf stage=number-position source=mathTypeOle index=3/6 deltaMs=1 totalMs=4
2026-09-06T15:10:50.4963267+08:00 pid=82668 tid=1 format-conversion-plan-perf stage=shape-range source=mathTypeOle index=3/6 deltaMs=0 totalMs=4
2026-09-06T15:10:50.4999973+08:00 pid=82668 tid=1 format-conversion-plan-perf stage=target-added source=mathTypeOle index=3/6 deltaMs=4 totalMs=8
2026-09-06T15:10:50.5009973+08:00 pid=82668 tid=1 format-conversion-plan-perf stage=shape-access source=mathTypeOle index=4/6 deltaMs=0 totalMs=0
2026-09-06T15:10:50.5009973+08:00 pid=82668 tid=1 format-conversion-plan-perf stage=identify-mathtype source=mathTypeOle index=4/6 deltaMs=0 totalMs=0
2026-09-06T15:10:50.5135973+08:00 pid=82668 tid=1 format-conversion-plan-perf stage=read-mathml-bulk source=mathTypeOle index=4/6 deltaMs=12 totalMs=12
2026-09-06T15:10:50.5155958+08:00 pid=82668 tid=1 format-conversion-plan-perf stage=read-metadata source=mathTypeOle index=4/6 deltaMs=2 totalMs=14
2026-09-06T15:10:50.5165945+08:00 pid=82668 tid=1 format-conversion-plan-perf stage=number-position source=mathTypeOle index=4/6 deltaMs=1 totalMs=15
2026-09-06T15:10:50.5165945+08:00 pid=82668 tid=1 format-conversion-plan-perf stage=shape-range source=mathTypeOle index=4/6 deltaMs=0 totalMs=15
2026-09-06T15:10:50.5205971+08:00 pid=82668 tid=1 format-conversion-plan-perf stage=target-added source=mathTypeOle index=4/6 deltaMs=5 totalMs=20
2026-09-06T15:10:50.5215948+08:00 pid=82668 tid=1 format-conversion-plan-perf stage=shape-access source=mathTypeOle index=5/6 deltaMs=0 totalMs=0
2026-09-06T15:10:50.5215948+08:00 pid=82668 tid=1 format-conversion-plan-perf stage=identify-mathtype source=mathTypeOle index=5/6 deltaMs=0 totalMs=0
2026-09-06T15:10:50.5335947+08:00 pid=82668 tid=1 format-conversion-plan-perf stage=read-mathml-bulk source=mathTypeOle index=5/6 deltaMs=12 totalMs=12
2026-09-06T15:10:50.5345947+08:00 pid=82668 tid=1 format-conversion-plan-perf stage=read-metadata source=mathTypeOle index=5/6 deltaMs=1 totalMs=13
2026-09-06T15:10:50.5355955+08:00 pid=82668 tid=1 format-conversion-plan-perf stage=number-position source=mathTypeOle index=5/6 deltaMs=0 totalMs=13
2026-09-06T15:10:50.5355955+08:00 pid=82668 tid=1 format-conversion-plan-perf stage=shape-range source=mathTypeOle index=5/6 deltaMs=1 totalMs=14
2026-09-06T15:10:50.5405948+08:00 pid=82668 tid=1 format-conversion-plan-perf stage=target-added source=mathTypeOle index=5/6 deltaMs=4 totalMs=18
2026-09-06T15:10:50.5405948+08:00 pid=82668 tid=1 format-conversion-plan-perf stage=shape-access source=mathTypeOle index=6/6 deltaMs=0 totalMs=0
2026-09-06T15:10:50.5415947+08:00 pid=82668 tid=1 format-conversion-plan-perf stage=identify-mathtype source=mathTypeOle index=6/6 deltaMs=0 totalMs=0
2026-09-06T15:10:50.5535949+08:00 pid=82668 tid=1 format-conversion-plan-perf stage=read-mathml-bulk source=mathTypeOle index=6/6 deltaMs=12 totalMs=12
2026-09-06T15:10:50.5545945+08:00 pid=82668 tid=1 format-conversion-plan-perf stage=read-metadata source=mathTypeOle index=6/6 deltaMs=1 totalMs=13
2026-09-06T15:10:50.5545945+08:00 pid=82668 tid=1 format-conversion-plan-perf stage=number-position source=mathTypeOle index=6/6 deltaMs=1 totalMs=14
2026-09-06T15:10:50.5555949+08:00 pid=82668 tid=1 format-conversion-plan-perf stage=shape-range source=mathTypeOle index=6/6 deltaMs=0 totalMs=14
2026-09-06T15:10:50.5615946+08:00 pid=82668 tid=1 format-conversion-plan-perf stage=target-added source=mathTypeOle index=6/6 deltaMs=6 totalMs=20
2026-09-06T15:10:50.5615946+08:00 pid=82668 tid=1 format-conversion-plan sourceMode=mathTypeOle targetMode=wordOmml targets=6
2026-09-06T15:10:53.8550846+08:00 pid=82668 tid=1 format-conversion-render-bypass sourceMode=mathTypeOle targetMode=wordOmml targets=6 reason=source-mathml-ready
2026-09-06T15:10:53.8560809+08:00 pid=82668 tid=1 format-conversion-word-apply-start sourceMode=mathTypeOle targetMode=wordOmml targets=6
2026-09-06T15:10:54.0026721+08:00 pid=82668 tid=1 format-conversion-runtime assembly=C:\Users\pojian_liao\AppData\Local\VisualTeX\office\remediation-builds\15D63C756CBF79B3CB794D23B7DFACE035C469FD23D8E51ABCCF605A56663274\VisualTeX.WordVsto.dll source=mathTypeOle target=wordOmml targetIsVisualTeX=False targetIsMathType=False
2026-09-06T15:10:54.1374063+08:00 pid=82668 tid=1 format-conversion-reference-aliases-captured sourceMode=mathTypeOle formulaId=20ff9328-f45a-46a2-9328-43c96efee9c9 aliases=VTEqNum_24ea394543294f6d9a9a2256bec17893
2026-09-06T15:10:54.4444883+08:00 pid=82668 tid=1 format-conversion-omml-batch-source-created formulas=6 elapsedMs=298
2026-09-06T15:10:56.9633938+08:00 pid=82668 tid=1 word-undo-begin name=VisualTeX Convert Formula Format recording=False level=0
2026-09-06T15:10:56.9633938+08:00 pid=82668 tid=1 word-undo-started name=VisualTeX Convert Formula Format recording=True level=1
2026-09-06T15:10:56.9643923+08:00 pid=82668 tid=1 format-conversion-undo-state stage=before-preferences document=文档131 recording=True level=1
2026-09-06T15:10:56.9643923+08:00 pid=82668 tid=1 format-conversion-transaction-start targets=6
2026-09-06T15:10:56.9643923+08:00 pid=82668 tid=1 format-conversion-undo-state stage=after-preferences document=文档131 recording=True level=1
2026-09-06T15:10:56.9783937+08:00 pid=82668 tid=1 format-conversion-mathtype-source-identity-bound formulaId=25ca3061-78ad-40c8-9295-7e3205bad061 bookmark=VTFCI_589f910ce4224483ac0b158e43900b43 range=727:753
2026-09-06T15:10:56.9793933+08:00 pid=82668 tid=1 format-conversion-undo-state stage=before-source-delete document=文档131 recording=True level=1
2026-09-06T15:10:56.9842876+08:00 pid=82668 tid=1 format-conversion-mathtype-paragraph-atomically-replaced formulaId=25ca3061-78ad-40c8-9295-7e3205bad061 range=726:726 start=726
2026-09-06T15:10:56.9852981+08:00 pid=82668 tid=1 format-conversion-perf stage=delete-source-host formulaId=25ca3061-78ad-40c8-9295-7e3205bad061 numbered=True deltaMs=7 totalMs=7
2026-09-06T15:10:56.9852981+08:00 pid=82668 tid=1 format-conversion-undo-state stage=after-source-delete document=文档131 recording=True level=1
2026-09-06T15:10:56.9862974+08:00 pid=82668 tid=1 format-conversion-forward-source-check stage=delete-source formulaId=25ca3061-78ad-40c8-9295-7e3205bad061 bookmarkMissing=True present=False
2026-09-06T15:10:56.9912955+08:00 pid=82668 tid=1 word-undo-begin name=VisualTeX Insert Word OMML Display Formula recording=True level=1
2026-09-06T15:10:57.0316187+08:00 pid=82668 tid=1 format-conversion-subperf [perf] InsertOmml.detach-mathtype-style: +39ms (39ms total)
2026-09-06T15:10:57.0316187+08:00 pid=82668 tid=1 format-conversion-subperf [perf] InsertOmml.insert-native-omml: +1ms (40ms total)
2026-09-06T15:10:57.0655774+08:00 pid=82668 tid=1 format-conversion-subperf [perf] InsertOmml.post-reconcile-layout: +34ms (74ms total)
2026-09-06T15:10:57.0655774+08:00 pid=82668 tid=1 format-conversion-subperf [perf] InsertOmml.final-fingerprint: +0ms (74ms total)
2026-09-06T15:10:57.0665776+08:00 pid=82668 tid=1 format-conversion-subperf [perf] InsertOmml.final-anchor: +1ms (75ms total)
2026-09-06T15:10:57.0725798+08:00 pid=82668 tid=1 format-conversion-subperf [perf] InsertOmml.final-metadata: +6ms (81ms total)
2026-09-06T15:10:57.0725798+08:00 pid=82668 tid=1 format-conversion-perf stage=insert-target formulaId=25ca3061-78ad-40c8-9295-7e3205bad061 numbered=True deltaMs=88 totalMs=95
2026-09-06T15:10:57.0735785+08:00 pid=82668 tid=1 format-conversion-undo-state stage=after-target-insert document=文档131 recording=True level=1
2026-09-06T15:10:57.0735785+08:00 pid=82668 tid=1 format-conversion-forward-source-check stage=insert-target formulaId=25ca3061-78ad-40c8-9295-7e3205bad061 bookmarkMissing=True present=False
2026-09-06T15:10:57.1042432+08:00 pid=82668 tid=1 format-conversion-target-stable formulaId=25ca3061-78ad-40c8-9295-7e3205bad061 targetMode=wordOmml count=1 elapsedMs=29
2026-09-06T15:10:57.1042432+08:00 pid=82668 tid=1 format-conversion-forward-source-check stage=post-transaction formulaId=25ca3061-78ad-40c8-9295-7e3205bad061 bookmarkMissing=True present=False
2026-09-06T15:10:57.1052514+08:00 pid=82668 tid=1 format-conversion-perf stage=verify-target formulaId=25ca3061-78ad-40c8-9295-7e3205bad061 numbered=True deltaMs=32 totalMs=127
2026-09-06T15:10:57.1052514+08:00 pid=82668 tid=1 format-conversion-mathtype-source-identity-bound formulaId=631ee35a-f0a1-408c-b8e9-99bacc43f102 bookmark=VTFCI_a2d03ccfdf8149508e3df9a10de0deb4 range=562:588
2026-09-06T15:10:57.1072534+08:00 pid=82668 tid=1 format-conversion-undo-state stage=before-source-delete document=文档131 recording=True level=1
2026-09-06T15:10:57.1112511+08:00 pid=82668 tid=1 format-conversion-mathtype-paragraph-atomically-replaced formulaId=631ee35a-f0a1-408c-b8e9-99bacc43f102 range=561:561 start=561
2026-09-06T15:10:57.1112511+08:00 pid=82668 tid=1 format-conversion-perf stage=delete-source-host formulaId=631ee35a-f0a1-408c-b8e9-99bacc43f102 numbered=True deltaMs=6 totalMs=6
2026-09-06T15:10:57.1112511+08:00 pid=82668 tid=1 format-conversion-undo-state stage=after-source-delete document=文档131 recording=True level=1
2026-09-06T15:10:57.1112511+08:00 pid=82668 tid=1 format-conversion-forward-source-check stage=delete-source formulaId=631ee35a-f0a1-408c-b8e9-99bacc43f102 bookmarkMissing=True present=False
2026-09-06T15:10:57.1152508+08:00 pid=82668 tid=1 word-undo-begin name=VisualTeX Insert Word OMML Display Formula recording=True level=1
2026-09-06T15:10:57.1752509+08:00 pid=82668 tid=1 format-conversion-subperf [perf] InsertOmml.detach-mathtype-style: +59ms (59ms total)
2026-09-06T15:10:57.1752509+08:00 pid=82668 tid=1 format-conversion-subperf [perf] InsertOmml.insert-native-omml: +0ms (59ms total)
2026-09-06T15:10:57.2227111+08:00 pid=82668 tid=1 format-conversion-subperf [perf] InsertOmml.post-reconcile-layout: +48ms (107ms total)
2026-09-06T15:10:57.2237102+08:00 pid=82668 tid=1 format-conversion-subperf [perf] InsertOmml.final-fingerprint: +0ms (107ms total)
2026-09-06T15:10:57.2237102+08:00 pid=82668 tid=1 format-conversion-subperf [perf] InsertOmml.final-anchor: +1ms (108ms total)
2026-09-06T15:10:57.2247114+08:00 pid=82668 tid=1 format-conversion-subperf [perf] InsertOmml.final-metadata: +1ms (109ms total)
2026-09-06T15:10:57.2247114+08:00 pid=82668 tid=1 format-conversion-perf stage=insert-target formulaId=631ee35a-f0a1-408c-b8e9-99bacc43f102 numbered=True deltaMs=113 totalMs=119
2026-09-06T15:10:57.2247114+08:00 pid=82668 tid=1 format-conversion-undo-state stage=after-target-insert document=文档131 recording=True level=1
2026-09-06T15:10:57.2247114+08:00 pid=82668 tid=1 format-conversion-forward-source-check stage=insert-target formulaId=631ee35a-f0a1-408c-b8e9-99bacc43f102 bookmarkMissing=True present=False
2026-09-06T15:10:57.2614233+08:00 pid=82668 tid=1 format-conversion-target-stable formulaId=631ee35a-f0a1-408c-b8e9-99bacc43f102 targetMode=wordOmml count=2 elapsedMs=35
2026-09-06T15:10:57.2614233+08:00 pid=82668 tid=1 format-conversion-forward-source-check stage=post-transaction formulaId=631ee35a-f0a1-408c-b8e9-99bacc43f102 bookmarkMissing=True present=False
2026-09-06T15:10:57.2614233+08:00 pid=82668 tid=1 format-conversion-perf stage=verify-target formulaId=631ee35a-f0a1-408c-b8e9-99bacc43f102 numbered=True deltaMs=37 totalMs=156
2026-09-06T15:10:57.2624240+08:00 pid=82668 tid=1 format-conversion-mathtype-source-identity-bound formulaId=fba1d9f2-517d-41e0-b923-e7bca8adf00b bookmark=VTFCI_cf089e0aed7b460cb99ef4c36a5160d1 range=407:433
2026-09-06T15:10:57.2634243+08:00 pid=82668 tid=1 format-conversion-undo-state stage=before-source-delete document=文档131 recording=True level=1
2026-09-06T15:10:57.2674229+08:00 pid=82668 tid=1 format-conversion-mathtype-paragraph-atomically-replaced formulaId=fba1d9f2-517d-41e0-b923-e7bca8adf00b range=406:406 start=406
2026-09-06T15:10:57.2674229+08:00 pid=82668 tid=1 format-conversion-perf stage=delete-source-host formulaId=fba1d9f2-517d-41e0-b923-e7bca8adf00b numbered=True deltaMs=5 totalMs=5
2026-09-06T15:10:57.2684258+08:00 pid=82668 tid=1 format-conversion-undo-state stage=after-source-delete document=文档131 recording=True level=1
2026-09-06T15:10:57.2684258+08:00 pid=82668 tid=1 format-conversion-forward-source-check stage=delete-source formulaId=fba1d9f2-517d-41e0-b923-e7bca8adf00b bookmarkMissing=True present=False
2026-09-06T15:10:57.2754221+08:00 pid=82668 tid=1 word-undo-begin name=VisualTeX Insert Word OMML Display Formula recording=True level=1
2026-09-06T15:10:57.3454242+08:00 pid=82668 tid=1 format-conversion-subperf [perf] InsertOmml.detach-mathtype-style: +70ms (70ms total)
2026-09-06T15:10:57.3464238+08:00 pid=82668 tid=1 format-conversion-subperf [perf] InsertOmml.insert-native-omml: +0ms (70ms total)
2026-09-06T15:10:57.3908408+08:00 pid=82668 tid=1 format-conversion-subperf [perf] InsertOmml.post-reconcile-layout: +45ms (115ms total)
2026-09-06T15:10:57.3918458+08:00 pid=82668 tid=1 format-conversion-subperf [perf] InsertOmml.final-fingerprint: +0ms (115ms total)
2026-09-06T15:10:57.3928386+08:00 pid=82668 tid=1 format-conversion-subperf [perf] InsertOmml.final-anchor: +1ms (116ms total)
2026-09-06T15:10:57.3938397+08:00 pid=82668 tid=1 format-conversion-subperf [perf] InsertOmml.final-metadata: +2ms (118ms total)
2026-09-06T15:10:57.3948382+08:00 pid=82668 tid=1 format-conversion-perf stage=insert-target formulaId=fba1d9f2-517d-41e0-b923-e7bca8adf00b numbered=True deltaMs=127 totalMs=132
2026-09-06T15:10:57.3948382+08:00 pid=82668 tid=1 format-conversion-undo-state stage=after-target-insert document=文档131 recording=True level=1
2026-09-06T15:10:57.3958422+08:00 pid=82668 tid=1 format-conversion-forward-source-check stage=insert-target formulaId=fba1d9f2-517d-41e0-b923-e7bca8adf00b bookmarkMissing=True present=False
2026-09-06T15:10:57.4324539+08:00 pid=82668 tid=1 format-conversion-target-stable formulaId=fba1d9f2-517d-41e0-b923-e7bca8adf00b targetMode=wordOmml count=3 elapsedMs=36
2026-09-06T15:10:57.4324539+08:00 pid=82668 tid=1 format-conversion-forward-source-check stage=post-transaction formulaId=fba1d9f2-517d-41e0-b923-e7bca8adf00b bookmarkMissing=True present=False
2026-09-06T15:10:57.4334533+08:00 pid=82668 tid=1 format-conversion-perf stage=verify-target formulaId=fba1d9f2-517d-41e0-b923-e7bca8adf00b numbered=True deltaMs=39 totalMs=171
2026-09-06T15:10:57.4344537+08:00 pid=82668 tid=1 format-conversion-mathtype-source-identity-bound formulaId=20ff9328-f45a-46a2-9328-43c96efee9c9 bookmark=VTFCI_958492ae20314c44a9efcd698ea22b00 range=231:257
2026-09-06T15:10:57.4354530+08:00 pid=82668 tid=1 format-conversion-undo-state stage=before-source-delete document=文档131 recording=True level=1
2026-09-06T15:10:57.4394536+08:00 pid=82668 tid=1 format-conversion-mathtype-paragraph-atomically-replaced formulaId=20ff9328-f45a-46a2-9328-43c96efee9c9 range=230:230 start=230
2026-09-06T15:10:57.4394536+08:00 pid=82668 tid=1 format-conversion-perf stage=delete-source-host formulaId=20ff9328-f45a-46a2-9328-43c96efee9c9 numbered=True deltaMs=6 totalMs=6
2026-09-06T15:10:57.4394536+08:00 pid=82668 tid=1 format-conversion-undo-state stage=after-source-delete document=文档131 recording=True level=1
2026-09-06T15:10:57.4394536+08:00 pid=82668 tid=1 format-conversion-forward-source-check stage=delete-source formulaId=20ff9328-f45a-46a2-9328-43c96efee9c9 bookmarkMissing=True present=False
2026-09-06T15:10:57.4574531+08:00 pid=82668 tid=1 word-undo-begin name=VisualTeX Insert Word OMML Display Formula recording=True level=1
2026-09-06T15:10:57.5094531+08:00 pid=82668 tid=1 format-conversion-subperf [perf] InsertOmml.detach-mathtype-style: +51ms (51ms total)
2026-09-06T15:10:57.5094531+08:00 pid=82668 tid=1 format-conversion-subperf [perf] InsertOmml.insert-native-omml: +1ms (52ms total)
2026-09-06T15:10:57.5636632+08:00 pid=82668 tid=1 format-conversion-subperf [perf] InsertOmml.post-reconcile-layout: +53ms (105ms total)
2026-09-06T15:10:57.5636632+08:00 pid=82668 tid=1 format-conversion-subperf [perf] InsertOmml.final-fingerprint: +1ms (106ms total)
2026-09-06T15:10:57.5646628+08:00 pid=82668 tid=1 format-conversion-subperf [perf] InsertOmml.final-anchor: +0ms (106ms total)
2026-09-06T15:10:57.5656639+08:00 pid=82668 tid=1 format-conversion-subperf [perf] InsertOmml.final-metadata: +1ms (107ms total)
2026-09-06T15:10:57.5656639+08:00 pid=82668 tid=1 format-conversion-perf stage=insert-target formulaId=20ff9328-f45a-46a2-9328-43c96efee9c9 numbered=True deltaMs=126 totalMs=132
2026-09-06T15:10:57.5656639+08:00 pid=82668 tid=1 format-conversion-undo-state stage=after-target-insert document=文档131 recording=True level=1
2026-09-06T15:10:57.5656639+08:00 pid=82668 tid=1 format-conversion-forward-source-check stage=insert-target formulaId=20ff9328-f45a-46a2-9328-43c96efee9c9 bookmarkMissing=True present=False
2026-09-06T15:10:57.6044895+08:00 pid=82668 tid=1 format-conversion-target-stable formulaId=20ff9328-f45a-46a2-9328-43c96efee9c9 targetMode=wordOmml count=4 elapsedMs=38
2026-09-06T15:10:57.6054903+08:00 pid=82668 tid=1 format-conversion-forward-source-check stage=post-transaction formulaId=20ff9328-f45a-46a2-9328-43c96efee9c9 bookmarkMissing=True present=False
2026-09-06T15:10:57.6054903+08:00 pid=82668 tid=1 format-conversion-perf stage=verify-target formulaId=20ff9328-f45a-46a2-9328-43c96efee9c9 numbered=True deltaMs=40 totalMs=172
2026-09-06T15:10:57.6064934+08:00 pid=82668 tid=1 format-conversion-mathtype-source-identity-bound formulaId=d3edad9d-920c-46c2-8bc6-74adad516c02 bookmark=VTFCI_bc312b4717a14e86b4841e066e0204e9 range=84:110
2026-09-06T15:10:57.6074925+08:00 pid=82668 tid=1 format-conversion-undo-state stage=before-source-delete document=文档131 recording=True level=1
2026-09-06T15:10:57.6114894+08:00 pid=82668 tid=1 format-conversion-mathtype-paragraph-atomically-replaced formulaId=d3edad9d-920c-46c2-8bc6-74adad516c02 range=83:83 start=83
2026-09-06T15:10:57.6114894+08:00 pid=82668 tid=1 format-conversion-perf stage=delete-source-host formulaId=d3edad9d-920c-46c2-8bc6-74adad516c02 numbered=True deltaMs=5 totalMs=5
2026-09-06T15:10:57.6114894+08:00 pid=82668 tid=1 format-conversion-undo-state stage=after-source-delete document=文档131 recording=True level=1
2026-09-06T15:10:57.6114894+08:00 pid=82668 tid=1 format-conversion-forward-source-check stage=delete-source formulaId=d3edad9d-920c-46c2-8bc6-74adad516c02 bookmarkMissing=True present=False
2026-09-06T15:10:57.6217506+08:00 pid=82668 tid=1 word-undo-begin name=VisualTeX Insert Word OMML Display Formula recording=True level=1
2026-09-06T15:10:57.7062248+08:00 pid=82668 tid=1 format-conversion-subperf [perf] InsertOmml.detach-mathtype-style: +84ms (84ms total)
2026-09-06T15:10:57.7072246+08:00 pid=82668 tid=1 format-conversion-subperf [perf] InsertOmml.insert-native-omml: +0ms (84ms total)
2026-09-06T15:10:57.7859034+08:00 pid=82668 tid=1 format-conversion-subperf [perf] InsertOmml.post-reconcile-layout: +80ms (164ms total)
2026-09-06T15:10:57.7869099+08:00 pid=82668 tid=1 format-conversion-subperf [perf] InsertOmml.final-fingerprint: +0ms (164ms total)
2026-09-06T15:10:57.7879040+08:00 pid=82668 tid=1 format-conversion-subperf [perf] InsertOmml.final-anchor: +1ms (165ms total)
2026-09-06T15:10:57.7889100+08:00 pid=82668 tid=1 format-conversion-subperf [perf] InsertOmml.final-metadata: +2ms (167ms total)
2026-09-06T15:10:57.7899034+08:00 pid=82668 tid=1 format-conversion-perf stage=insert-target formulaId=d3edad9d-920c-46c2-8bc6-74adad516c02 numbered=True deltaMs=178 totalMs=183
2026-09-06T15:10:57.7909041+08:00 pid=82668 tid=1 format-conversion-undo-state stage=after-target-insert document=文档131 recording=True level=1
2026-09-06T15:10:57.7909041+08:00 pid=82668 tid=1 format-conversion-forward-source-check stage=insert-target formulaId=d3edad9d-920c-46c2-8bc6-74adad516c02 bookmarkMissing=True present=False
2026-09-06T15:10:57.8209070+08:00 pid=82668 tid=1 format-conversion-target-stable formulaId=d3edad9d-920c-46c2-8bc6-74adad516c02 targetMode=wordOmml count=5 elapsedMs=29
2026-09-06T15:10:57.8209070+08:00 pid=82668 tid=1 format-conversion-forward-source-check stage=post-transaction formulaId=d3edad9d-920c-46c2-8bc6-74adad516c02 bookmarkMissing=True present=False
2026-09-06T15:10:57.8219036+08:00 pid=82668 tid=1 format-conversion-perf stage=verify-target formulaId=d3edad9d-920c-46c2-8bc6-74adad516c02 numbered=True deltaMs=32 totalMs=215
2026-09-06T15:10:57.8229081+08:00 pid=82668 tid=1 format-conversion-mathtype-source-identity-bound formulaId=1c4a8f09-d033-4c6f-a795-145a3a8eefd4 bookmark=VTFCI_dcece1d563a34091a1a62f07cab66d4f range=54:80
2026-09-06T15:10:57.8239030+08:00 pid=82668 tid=1 format-conversion-undo-state stage=before-source-delete document=文档131 recording=True level=1
2026-09-06T15:10:57.8449024+08:00 pid=82668 tid=1 format-conversion-perf stage=delete-source-host formulaId=1c4a8f09-d033-4c6f-a795-145a3a8eefd4 numbered=False deltaMs=23 totalMs=23
2026-09-06T15:10:57.8449024+08:00 pid=82668 tid=1 format-conversion-undo-state stage=after-source-delete document=文档131 recording=True level=1
2026-09-06T15:10:57.8459059+08:00 pid=82668 tid=1 format-conversion-forward-source-check stage=delete-source formulaId=1c4a8f09-d033-4c6f-a795-145a3a8eefd4 bookmarkMissing=True present=False
2026-09-06T15:10:57.8459059+08:00 pid=82668 tid=1 word-undo-begin name=VisualTeX Insert Word OMML Inline Formula recording=True level=1
2026-09-06T15:10:57.9632528+08:00 pid=82668 tid=1 format-conversion-subperf [perf] InsertOmml.insert-native-omml: +117ms (117ms total)
2026-09-06T15:10:58.2484763+08:00 pid=82668 tid=1 format-conversion-subperf [perf] InsertOmml.post-reconcile-layout: +285ms (402ms total)
2026-09-06T15:10:58.2494755+08:00 pid=82668 tid=1 format-conversion-subperf [perf] InsertOmml.final-fingerprint: +1ms (403ms total)
2026-09-06T15:10:58.2494755+08:00 pid=82668 tid=1 format-conversion-subperf [perf] InsertOmml.final-anchor: +0ms (403ms total)
2026-09-06T15:10:58.2504772+08:00 pid=82668 tid=1 format-conversion-subperf [perf] InsertOmml.final-metadata: +1ms (404ms total)
2026-09-06T15:10:58.2504772+08:00 pid=82668 tid=1 format-conversion-perf stage=insert-target formulaId=1c4a8f09-d033-4c6f-a795-145a3a8eefd4 numbered=False deltaMs=405 totalMs=428
2026-09-06T15:10:58.2504772+08:00 pid=82668 tid=1 format-conversion-undo-state stage=after-target-insert document=文档131 recording=False level=0
2026-09-06T15:10:58.2514769+08:00 pid=82668 tid=1 format-conversion-forward-source-check stage=insert-target formulaId=1c4a8f09-d033-4c6f-a795-145a3a8eefd4 bookmarkMissing=True present=False
2026-09-06T15:10:58.2904760+08:00 pid=82668 tid=1 format-conversion-target-stable formulaId=1c4a8f09-d033-4c6f-a795-145a3a8eefd4 targetMode=wordOmml count=6 elapsedMs=39
2026-09-06T15:10:58.2904760+08:00 pid=82668 tid=1 format-conversion-forward-source-check stage=post-transaction formulaId=1c4a8f09-d033-4c6f-a795-145a3a8eefd4 bookmarkMissing=True present=False
2026-09-06T15:10:58.2904760+08:00 pid=82668 tid=1 format-conversion-perf stage=verify-target formulaId=1c4a8f09-d033-4c6f-a795-145a3a8eefd4 numbered=False deltaMs=40 totalMs=468
2026-09-06T15:10:58.2914793+08:00 pid=82668 tid=1 format-conversion-finalize-perf stage=source-residual-check sourceMode=mathTypeOle targetMode=wordOmml deltaMs=0 totalMs=0
2026-09-06T15:10:58.2914793+08:00 pid=82668 tid=1 format-conversion-finalize-perf stage=target-count-check sourceMode=mathTypeOle targetMode=wordOmml deltaMs=0 totalMs=0
2026-09-06T15:10:58.2924798+08:00 pid=82668 tid=1 format-conversion-undo-state stage=before-source-window-close-commit document=文档131 recording=False level=0
2026-09-06T15:10:58.2924798+08:00 pid=82668 tid=1 format-conversion-undo-state stage=after-source-window-close-commit document=文档131 recording=False level=0
2026-09-06T15:10:58.7948390+08:00 pid=82668 tid=1 word-undo-begin name=VisualTeX Finalize Formula Conversion recording=False level=0
2026-09-06T15:10:58.7958392+08:00 pid=82668 tid=1 word-undo-started name=VisualTeX Finalize Formula Conversion recording=True level=1
2026-09-06T15:10:58.9261915+08:00 pid=82668 tid=1 word-xml-incomplete-export document=文档131 attempt=1 maths=0/6 oles=0/0
2026-09-06T15:10:59.0057176+08:00 pid=82668 tid=1 format-conversion-undo-state stage=failure-before-end document=文档131 recording=False level=0
2026-09-06T15:10:59.0057176+08:00 pid=82668 tid=1 format-conversion-undo-state stage=failure-after-end document=文档131 recording=False level=0
2026-09-06T15:11:01.5315585+08:00 pid=82668 tid=1 word-undo-history-recovery original=1688 current=1698 owned=10
2026-09-06T15:11:04.8230714+08:00 pid=82668 tid=1 format-conversion-recovery afterUndoBodyMatches=False
2026-09-06T15:11:04.8660698+08:00 pid=82668 tid=1 format-conversion-recovery-verified body=False mathFont=True metadata=True variables=True
2026-09-06T15:11:04.8740690+08:00 pid=82668 tid=1 format-conversion-failed sourceMode=mathTypeOle targetMode=wordOmml error=System.AggregateException: Conversion failed and Word undo recovery could not be verified. ---> System.IO.InvalidDataException: OMML anchor 8901cf2e-def7-4df3-9f9c-1792498049f3 owns different formula content.
   在 VisualTeX.WordVsto.WordOmmlNativeSource.IndexConversionEquationIdentities(XElement body, IReadOnlyDictionary`2 expectedFingerprints, Func`2 fingerprint, IReadOnlyDictionary`2 exactAnchorOwners)
   在 VisualTeX.WordVsto.WordOmmlNativeSource.RefreshFingerprintsFromDocumentOpenXml(Document document, IReadOnlyCollection`1 formulaIds, IReadOnlyDictionary`2 freshSourceOmml)
   在 VisualTeX.WordVsto.WordFormulaService.ApplyFormulaFormatConversionPlan(WordFormulaFormatConversionPlan plan, IReadOnlyDictionary`2 prepared)
   --- 内部异常堆栈跟踪的结尾 ---
   在 VisualTeX.WordVsto.WordFormulaService.ApplyFormulaFormatConversionPlan(WordFormulaFormatConversionPlan plan, IReadOnlyDictionary`2 prepared)
   在 VisualTeX.WordVsto.OfficeUiDispatcher.<>c__DisplayClass4_0`1.<InvokeAsync>g__Execute|0()
--- 引发异常的上一位置中堆栈跟踪的末尾 ---
   在 System.Runtime.ExceptionServices.ExceptionDispatchInfo.Throw()
   在 System.Runtime.CompilerServices.TaskAwaiter.HandleNonSuccessAndDebuggerNotification(Task task)
   在 System.Runtime.CompilerServices.ConfiguredTaskAwaitable`1.ConfiguredTaskAwaiter.GetResult()
   在 VisualTeX.WordVsto.ThisAddIn.<ConvertFormulaFormatAsync>d__164.MoveNext()
---> (内部异常 #0) System.IO.InvalidDataException: OMML anchor 8901cf2e-def7-4df3-9f9c-1792498049f3 owns different formula content.
   在 VisualTeX.WordVsto.WordOmmlNativeSource.IndexConversionEquationIdentities(XElement body, IReadOnlyDictionary`2 expectedFingerprints, Func`2 fingerprint, IReadOnlyDictionary`2 exactAnchorOwners)
   在 VisualTeX.WordVsto.WordOmmlNativeSource.RefreshFingerprintsFromDocumentOpenXml(Document document, IReadOnlyCollection`1 formulaIds, IReadOnlyDictionary`2 freshSourceOmml)
   在 VisualTeX.WordVsto.WordFormulaService.ApplyFormulaFormatConversionPlan(WordFormulaFormatConversionPlan plan, IReadOnlyDictionary`2 prepared)<---

---> (内部异常 #1) System.IO.InvalidDataException: Word undo did not restore the original content, numbering, bookmarks, formatting and metadata.
   在 VisualTeX.WordVsto.WordDocumentEditSnapshot.Restore(Document document)
   在 VisualTeX.WordVsto.WordFormulaService.ApplyFormulaFormatConversionPlan(WordFormulaFormatConversionPlan plan, IReadOnlyDictionary`2 prepared)<---

2026-09-06T15:21:09.6194451+08:00 pid=82668 tid=12 left-down x=1838 y=688 wordForeground=True
2026-09-06T15:21:34.0198026+08:00 pid=82668 tid=12 left-down x=1382 y=1120 wordForeground=False
2026-09-06T15:21:36.8749586+08:00 pid=82668 tid=12 left-down x=2332 y=460 wordForeground=False
2026-09-06T15:21:39.3083741+08:00 pid=82668 tid=12 left-down x=2492 y=460 wordForeground=False
2026-09-06T15:22:31.4737567+08:00 pid=82668 tid=12 left-down x=2024 y=1187 wordForeground=True
2026-09-06T15:26:35.7450037+08:00 pid=82668 tid=12 left-down x=1140 y=1088 wordForeground=True
2026-09-06T15:26:36.3407185+08:00 pid=82668 tid=12 left-down x=1140 y=1088 wordForeground=True
2026-09-06T15:27:07.8912109+08:00 pid=82668 tid=12 left-down x=1838 y=688 wordForeground=True
2026-09-06T15:27:50.5887207+08:00 pid=82668 tid=12 left-down x=1382 y=1120 wordForeground=False
2026-09-06T15:27:53.4472600+08:00 pid=82668 tid=12 left-down x=2332 y=460 wordForeground=False
2026-09-06T15:27:55.8131445+08:00 pid=82668 tid=12 left-down x=2492 y=460 wordForeground=False
2026-09-06T15:29:55.9991179+08:00 pid=82668 tid=12 left-down x=1776 y=1270 wordForeground=False
2026-09-06T15:30:42.3025336+08:00 pid=82668 tid=12 left-down x=2024 y=1187 wordForeground=True
2026-09-06T15:31:47.4350223+08:00 pid=82668 tid=12 left-down x=698 y=1234 wordForeground=True
2026-09-06T15:31:51.3140322+08:00 pid=82668 tid=12 left-down x=1685 y=1610 wordForeground=False
2026-09-06T15:33:02.1217284+08:00 pid=82668 tid=12 left-down x=1838 y=860 wordForeground=True
2026-09-06T15:33:47.0006555+08:00 pid=82668 tid=12 left-down x=219 y=1479 wordForeground=True
2026-09-06T15:33:54.1709272+08:00 pid=82668 tid=12 left-down x=1323 y=1598 wordForeground=False
2026-09-06T15:34:59.5039339+08:00 pid=82668 tid=12 left-down x=1170 y=1088 wordForeground=True
2026-09-06T15:35:00.1632313+08:00 pid=82668 tid=12 left-down x=1170 y=1088 wordForeground=True
2026-09-06T15:35:42.3273758+08:00 pid=82668 tid=12 left-down x=837 y=1166 wordForeground=True
2026-09-06T15:35:58.8731987+08:00 pid=82668 tid=12 left-down x=2078 y=1366 wordForeground=False
2026-09-06T15:37:04.1478444+08:00 pid=82668 tid=12 left-down x=1776 y=1270 wordForeground=False
2026-09-06T15:46:35.8100736+08:00 pid=82668 tid=12 left-down x=1838 y=688 wordForeground=True
2026-09-06T15:46:44.8786918+08:00 pid=82668 tid=12 left-down x=1382 y=1120 wordForeground=False
2026-09-06T15:46:47.7428144+08:00 pid=82668 tid=12 left-down x=2332 y=460 wordForeground=False
2026-09-06T15:46:50.0736501+08:00 pid=82668 tid=12 left-down x=2492 y=460 wordForeground=False
2026-09-06T15:49:11.8823799+08:00 pid=82668 tid=12 left-down x=1776 y=1270 wordForeground=False
2026-09-06T15:49:59.9857146+08:00 pid=82668 tid=12 left-down x=2024 y=1187 wordForeground=True
2026-09-06T15:50:08.9483141+08:00 pid=82668 tid=12 left-down x=1838 y=860 wordForeground=True
2026-09-06T15:54:08.2370329+08:00 pid=82668 tid=12 left-down x=1170 y=1118 wordForeground=True
2026-09-06T15:54:09.0094074+08:00 pid=82668 tid=12 left-down x=1170 y=1118 wordForeground=True
2026-09-06T15:54:19.4984139+08:00 pid=82668 tid=12 left-down x=1776 y=1270 wordForeground=False
2026-09-06T15:55:18.1301854+08:00 pid=82668 tid=12 left-down x=758 y=1250 wordForeground=True
2026-09-06T15:55:43.9378640+08:00 pid=82668 tid=12 left-down x=820 y=1253 wordForeground=True
2026-09-06T15:55:55.7514465+08:00 pid=82668 tid=12 left-down x=2051 y=1093 wordForeground=False
2026-09-06T15:57:03.5252696+08:00 pid=82668 tid=12 left-down x=763 y=1216 wordForeground=True
2026-09-06T15:57:06.0933683+08:00 pid=82668 tid=12 left-down x=2028 y=1110 wordForeground=False
2026-09-06T15:57:09.0485096+08:00 pid=82668 tid=12 left-down x=770 y=1090 wordForeground=True
2026-09-06T15:57:10.7824930+08:00 pid=82668 tid=12 left-down x=618 y=1046 wordForeground=False
2026-09-06T15:57:14.7526987+08:00 pid=82668 tid=12 left-down x=1892 y=402 wordForeground=False
2026-09-06T15:57:19.5112528+08:00 pid=82668 tid=12 left-down x=1965 y=1091 wordForeground=False
2026-09-06T15:57:23.1960926+08:00 pid=82668 tid=12 left-down x=717 y=1085 wordForeground=True
2026-09-06T15:57:25.4333009+08:00 pid=82668 tid=12 left-down x=620 y=1012 wordForeground=False
2026-09-06T15:57:28.1724598+08:00 pid=82668 tid=12 left-down x=1896 y=398 wordForeground=False
2026-09-06T15:57:32.8777492+08:00 pid=82668 tid=12 left-down x=1979 y=1077 wordForeground=False
2026-09-06T16:04:18.5550114+08:00 pid=82668 tid=12 left-down x=153 y=1448 wordForeground=False
2026-09-06T16:04:21.7544923+08:00 pid=82668 tid=12 left-down x=963 y=1227 wordForeground=False
2026-09-06T16:05:04.2137055+08:00 pid=82668 tid=12 left-down x=1838 y=688 wordForeground=True
2026-09-06T16:05:13.0875691+08:00 pid=82668 tid=12 left-down x=1382 y=1120 wordForeground=False
2026-09-06T16:05:15.9006193+08:00 pid=82668 tid=12 left-down x=2332 y=460 wordForeground=False
2026-09-06T16:05:18.4291672+08:00 pid=82668 tid=12 left-down x=2492 y=460 wordForeground=False
2026-09-06T16:06:51.4252476+08:00 pid=82668 tid=12 left-down x=1776 y=1270 wordForeground=False
2026-09-06T16:07:59.1567310+08:00 pid=82668 tid=12 left-down x=2024 y=1187 wordForeground=True
2026-09-06T16:08:19.9591816+08:00 pid=82668 tid=12 left-down x=1838 y=860 wordForeground=True
2026-09-06T16:12:07.1240245+08:00 pid=82668 tid=12 left-down x=1776 y=1270 wordForeground=False
2026-09-06T16:15:14.7611614+08:00 pid=82668 tid=12 left-down x=772 y=1266 wordForeground=True
2026-09-06T16:15:23.8750154+08:00 pid=82668 tid=12 left-down x=1844 y=1725 wordForeground=False
2026-09-06T16:18:10.5563415+08:00 pid=82668 tid=12 left-down x=1776 y=1270 wordForeground=False
2026-09-06T16:26:32.6394921+08:00 pid=82668 tid=12 left-down x=1382 y=1120 wordForeground=False
2026-09-06T16:26:35.5453297+08:00 pid=82668 tid=12 left-down x=2332 y=460 wordForeground=False
2026-09-06T16:26:37.8718845+08:00 pid=82668 tid=12 left-down x=2492 y=460 wordForeground=False
2026-09-06T16:27:39.9827018+08:00 pid=82668 tid=12 left-down x=713 y=1227 wordForeground=True
2026-09-06T16:27:46.0292787+08:00 pid=82668 tid=12 left-down x=1874 y=1436 wordForeground=True
2026-09-06T16:27:56.5116889+08:00 pid=82668 tid=12 left-down x=700 y=1238 wordForeground=True
2026-09-06T16:28:01.8811662+08:00 pid=82668 tid=12 left-down x=1742 y=1814 wordForeground=False
2026-09-06T16:28:19.0394296+08:00 pid=82668 tid=12 left-down x=2024 y=1187 wordForeground=True
2026-09-06T16:29:38.8780136+08:00 pid=82668 tid=12 left-down x=1172 y=1836 wordForeground=True
2026-09-06T16:29:39.5532864+08:00 pid=82668 tid=12 left-down x=1172 y=1836 wordForeground=True
2026-09-06T16:30:23.5974106+08:00 pid=82668 tid=12 left-down x=739 y=1231 wordForeground=True
2026-09-06T16:30:34.8957824+08:00 pid=82668 tid=12 left-down x=1776 y=1270 wordForeground=False
2026-09-06T16:40:49.2029442+08:00 pid=82668 tid=12 left-down x=1382 y=1120 wordForeground=False
2026-09-06T16:40:52.0871029+08:00 pid=82668 tid=12 left-down x=2332 y=460 wordForeground=False
2026-09-06T16:40:54.4160915+08:00 pid=82668 tid=12 left-down x=2492 y=460 wordForeground=False
2026-09-06T16:43:14.7292194+08:00 pid=82668 tid=12 left-down x=1776 y=1270 wordForeground=False
2026-09-06T16:44:45.4447599+08:00 pid=82668 tid=12 left-down x=2024 y=1187 wordForeground=True
2026-09-06T16:45:50.1755242+08:00 pid=82668 tid=12 left-down x=691 y=1252 wordForeground=True
2026-09-06T16:46:00.0502973+08:00 pid=82668 tid=12 left-down x=191 y=1485 wordForeground=False
2026-09-06T16:46:02.8313143+08:00 pid=82668 tid=12 left-down x=2508 y=1121 wordForeground=True
2026-09-06T16:47:30.6625843+08:00 pid=82668 tid=12 left-down x=776 y=1255 wordForeground=False
2026-09-06T16:47:43.9127587+08:00 pid=82668 tid=12 left-down x=710 y=994 wordForeground=False
2026-09-06T16:47:45.8922794+08:00 pid=82668 tid=12 left-down x=699 y=1023 wordForeground=False
2026-09-06T16:47:47.5242936+08:00 pid=82668 tid=12 left-down x=743 y=1042 wordForeground=False
2026-09-06T16:47:49.9692814+08:00 pid=82668 tid=12 left-down x=764 y=1021 wordForeground=False
2026-09-06T16:47:54.0575615+08:00 pid=82668 tid=12 left-down x=831 y=1077 wordForeground=False
2026-09-06T16:48:04.3608234+08:00 pid=82668 tid=12 left-down x=1046 y=1329 wordForeground=False
2026-09-06T16:48:38.3897014+08:00 pid=82668 tid=12 left-down x=271 y=1440 wordForeground=False
2026-09-06T16:48:40.2598740+08:00 pid=82668 tid=12 left-down x=253 y=1462 wordForeground=False
2026-09-06T16:48:43.6153172+08:00 pid=82668 tid=12 left-down x=270 y=1333 wordForeground=False
2026-09-06T16:48:46.6667517+08:00 pid=82668 tid=12 left-down x=196 y=705 wordForeground=False
2026-09-06T16:48:49.6618791+08:00 pid=82668 tid=12 left-down x=135 y=384 wordForeground=False
2026-09-06T16:58:18.1789511+08:00 pid=82668 tid=12 left-down x=1382 y=1120 wordForeground=False
2026-09-06T16:58:21.3375370+08:00 pid=82668 tid=12 left-down x=2332 y=460 wordForeground=False
2026-09-06T16:58:23.7444482+08:00 pid=82668 tid=12 left-down x=2492 y=460 wordForeground=False
2026-09-06T16:59:23.3553698+08:00 pid=82668 tid=12 left-down x=1776 y=1270 wordForeground=False
2026-09-06T17:00:17.9353322+08:00 pid=82668 tid=12 left-down x=2024 y=1187 wordForeground=True
2026-09-06T17:03:54.0092425+08:00 pid=82668 tid=12 left-down x=711 y=1181 wordForeground=False
2026-09-06T17:04:01.7841903+08:00 pid=82668 tid=12 left-down x=2039 y=1034 wordForeground=True
2026-09-06T17:04:11.3317930+08:00 pid=82668 tid=12 left-down x=759 y=1233 wordForeground=False
2026-09-06T17:06:40.3230079+08:00 pid=82668 tid=12 left-down x=672 y=1256 wordForeground=False
2026-09-06T17:06:49.2012745+08:00 pid=82668 tid=12 left-down x=250 y=1460 wordForeground=False
2026-09-06T17:06:52.1896837+08:00 pid=82668 tid=12 left-down x=902 y=1143 wordForeground=False
2026-09-06T17:08:06.2837418+08:00 pid=82668 tid=12 left-down x=1382 y=1120 wordForeground=False
2026-09-06T17:08:09.2808409+08:00 pid=82668 tid=12 left-down x=2332 y=460 wordForeground=False
2026-09-06T17:08:11.7354150+08:00 pid=82668 tid=12 left-down x=2492 y=460 wordForeground=False
2026-09-06T17:08:27.2457473+08:00 pid=82668 tid=12 left-down x=1776 y=1270 wordForeground=False
2026-09-06T17:08:40.1917182+08:00 pid=82668 tid=12 left-down x=2024 y=1187 wordForeground=True
2026-09-06T17:09:35.1658718+08:00 pid=82668 tid=12 left-down x=841 y=1058 wordForeground=False
2026-09-06T17:10:29.3099785+08:00 pid=82668 tid=12 left-down x=1945 y=1414 wordForeground=True
2026-09-06T17:10:33.2762725+08:00 pid=82668 tid=12 left-down x=782 y=1229 wordForeground=False
2026-09-06T17:10:36.8456099+08:00 pid=82668 tid=12 left-down x=720 y=1078 wordForeground=False
2026-09-06T17:10:39.9099343+08:00 pid=82668 tid=12 left-down x=607 y=974 wordForeground=False
2026-09-06T17:10:43.4331333+08:00 pid=82668 tid=12 left-down x=1871 y=407 wordForeground=False
2026-09-06T17:10:47.4824131+08:00 pid=82668 tid=12 left-down x=2301 y=1453 wordForeground=True
2026-09-06T17:11:35.8793705+08:00 pid=82668 tid=12 left-down x=1776 y=1270 wordForeground=False
2026-09-06T17:13:18.2086338+08:00 pid=82668 tid=12 left-down x=837 y=1224 wordForeground=False
2026-09-06T17:14:14.6163684+08:00 pid=82668 tid=12 left-down x=1838 y=688 wordForeground=True
2026-09-06T17:15:23.0528800+08:00 pid=82668 tid=12 left-down x=1141 y=1087 wordForeground=True
2026-09-06T17:15:23.8697115+08:00 pid=82668 tid=12 left-down x=1141 y=1087 wordForeground=True
2026-09-06T17:16:48.9259713+08:00 pid=82668 tid=12 left-down x=779 y=1278 wordForeground=False
2026-09-06T17:18:47.8147145+08:00 pid=82668 tid=12 left-down x=770 y=1201 wordForeground=False
2026-09-06T17:18:54.9981591+08:00 pid=82668 tid=12 left-down x=2258 y=1350 wordForeground=True
2026-09-06T17:20:32.7107481+08:00 pid=82668 tid=12 left-down x=1382 y=1120 wordForeground=False
2026-09-06T17:20:35.5504775+08:00 pid=82668 tid=12 left-down x=2332 y=460 wordForeground=False
2026-09-06T17:20:38.1703200+08:00 pid=82668 tid=12 left-down x=2492 y=460 wordForeground=False
2026-09-06T17:22:09.4753084+08:00 pid=82668 tid=12 left-down x=1935 y=1345 wordForeground=True
2026-09-06T17:22:12.8204740+08:00 pid=82668 tid=12 left-down x=1808 y=1615 wordForeground=True
2026-09-06T17:23:03.8613133+08:00 pid=82668 tid=12 left-down x=1776 y=1270 wordForeground=False
2026-09-06T17:23:32.0940431+08:00 pid=82668 tid=12 left-down x=2024 y=1187 wordForeground=True
2026-09-06T17:32:00.1533927+08:00 pid=82668 tid=12 left-down x=868 y=930 wordForeground=False
2026-09-06T17:32:11.8482205+08:00 pid=82668 tid=12 left-down x=716 y=707 wordForeground=False
2026-09-06T17:32:14.3765899+08:00 pid=82668 tid=12 left-down x=653 y=533 wordForeground=False
2026-09-06T17:32:17.5601723+08:00 pid=82668 tid=12 left-down x=1891 y=416 wordForeground=False
2026-09-06T17:34:00.7535805+08:00 pid=82668 tid=12 left-down x=1382 y=1120 wordForeground=False
2026-09-06T17:34:04.0108043+08:00 pid=82668 tid=12 left-down x=2332 y=460 wordForeground=False
2026-09-06T17:34:06.5674525+08:00 pid=82668 tid=12 left-down x=2492 y=460 wordForeground=False
2026-09-06T17:35:38.8145088+08:00 pid=82668 tid=12 left-down x=675 y=1190 wordForeground=False
2026-09-06T17:35:45.5130807+08:00 pid=82668 tid=12 left-down x=1961 y=1652 wordForeground=True
2026-09-06T17:35:48.5691907+08:00 pid=82668 tid=12 left-down x=1986 y=1555 wordForeground=True
2026-09-06T17:36:00.1600334+08:00 pid=82668 tid=12 left-down x=1382 y=1120 wordForeground=False
2026-09-06T17:36:03.3704035+08:00 pid=82668 tid=12 left-down x=2332 y=460 wordForeground=False
2026-09-06T17:36:05.9648217+08:00 pid=82668 tid=12 left-down x=2492 y=460 wordForeground=False
2026-09-06T17:38:53.4369473+08:00 pid=82668 tid=12 left-down x=813 y=1058 wordForeground=False
2026-09-06T17:39:05.4350413+08:00 pid=82668 tid=12 left-down x=2050 y=1012 wordForeground=True
2026-09-06T17:39:09.1014740+08:00 pid=82668 tid=12 left-down x=255 y=1492 wordForeground=False
2026-09-06T17:39:12.0393277+08:00 pid=82668 tid=12 left-down x=961 y=1043 wordForeground=False
2026-09-06T17:40:55.9439916+08:00 pid=82668 tid=12 left-down x=1382 y=1120 wordForeground=False
2026-09-06T17:40:58.7987247+08:00 pid=82668 tid=12 left-down x=2332 y=460 wordForeground=False
2026-09-06T17:41:01.2405438+08:00 pid=82668 tid=12 left-down x=2492 y=460 wordForeground=False
2026-09-06T17:41:57.6950048+08:00 pid=82668 tid=12 left-down x=1776 y=1270 wordForeground=False
2026-09-06T17:42:16.0652216+08:00 pid=82668 tid=12 left-down x=2024 y=1187 wordForeground=True
2026-09-06T17:44:00.2450318+08:00 pid=82668 tid=12 left-down x=596 y=1205 wordForeground=False
2026-09-06T17:44:20.9461642+08:00 pid=82668 tid=12 left-down x=2094 y=1018 wordForeground=True
2026-09-06T17:44:24.3220159+08:00 pid=82668 tid=12 left-down x=763 y=1215 wordForeground=False
2026-09-06T17:45:08.3081257+08:00 pid=82668 tid=12 left-down x=737 y=1273 wordForeground=False
2026-09-06T17:45:12.9664273+08:00 pid=82668 tid=12 left-down x=2357 y=1096 wordForeground=False
2026-09-06T17:47:33.1974806+08:00 pid=82668 tid=12 left-down x=894 y=1217 wordForeground=False
2026-09-06T17:47:52.3243428+08:00 pid=82668 tid=12 left-down x=1382 y=1120 wordForeground=False
2026-09-06T17:47:55.1438776+08:00 pid=82668 tid=12 left-down x=2332 y=460 wordForeground=False
2026-09-06T17:47:57.8067080+08:00 pid=82668 tid=12 left-down x=2492 y=460 wordForeground=False
2026-09-06T17:48:43.1164063+08:00 pid=82668 tid=12 left-down x=1776 y=1270 wordForeground=False
2026-09-06T17:48:58.5322993+08:00 pid=82668 tid=12 left-down x=2024 y=1187 wordForeground=True
2026-09-06T17:50:38.2461973+08:00 pid=82668 tid=12 left-down x=836 y=1237 wordForeground=False
2026-09-06T17:50:42.3685471+08:00 pid=82668 tid=12 left-down x=2059 y=1068 wordForeground=True
2026-09-06T17:51:47.6159354+08:00 pid=82668 tid=12 left-down x=607 y=1205 wordForeground=False
2026-09-06T17:51:51.0465227+08:00 pid=82668 tid=12 left-down x=1466 y=1103 wordForeground=False
2026-09-06T17:54:22.5164298+08:00 pid=82668 tid=12 left-down x=1382 y=1120 wordForeground=False
2026-09-06T17:54:25.8832461+08:00 pid=82668 tid=12 left-down x=2332 y=460 wordForeground=False
2026-09-06T17:54:28.5671883+08:00 pid=82668 tid=12 left-down x=2492 y=460 wordForeground=False
2026-09-06T17:55:23.2587363+08:00 pid=82668 tid=12 left-down x=1776 y=1270 wordForeground=False
2026-09-06T17:55:38.8792162+08:00 pid=82668 tid=12 left-down x=2024 y=1211 wordForeground=True
2026-09-06T17:56:59.6427550+08:00 pid=82668 tid=12 left-down x=808 y=1255 wordForeground=False
2026-09-06T17:57:08.6486261+08:00 pid=82668 tid=12 left-down x=1866 y=1723 wordForeground=True
2026-09-06T17:57:18.4697526+08:00 pid=82668 tid=12 left-down x=1905 y=1516 wordForeground=True
2026-09-06T17:58:42.4742045+08:00 pid=82668 tid=12 left-down x=1948 y=1269 wordForeground=True
2026-09-06T17:58:46.2300559+08:00 pid=82668 tid=12 left-down x=1778 y=1476 wordForeground=True
2026-09-06T17:58:50.0595702+08:00 pid=82668 tid=12 left-down x=1141 y=1482 wordForeground=True
2026-09-06T17:58:50.8567650+08:00 pid=82668 tid=12 left-down x=1141 y=1482 wordForeground=True
2026-09-06T17:59:17.5139740+08:00 pid=82668 tid=12 left-down x=1776 y=1270 wordForeground=False
2026-09-06T18:00:00.7159502+08:00 pid=82668 tid=12 left-down x=853 y=1268 wordForeground=False
2026-09-06T18:00:04.1892630+08:00 pid=82668 tid=12 left-down x=2132 y=1445 wordForeground=True
2026-09-06T18:02:52.3961230+08:00 pid=82668 tid=12 left-down x=705 y=1242 wordForeground=False
2026-09-06T18:02:56.9928450+08:00 pid=82668 tid=12 left-down x=2064 y=1539 wordForeground=True
2026-09-06T18:03:22.1996776+08:00 pid=82668 tid=12 left-down x=1776 y=1270 wordForeground=False
2026-09-06T18:08:46.9522403+08:00 pid=82668 tid=12 left-down x=765 y=1027 wordForeground=False
2026-09-06T18:08:51.2899656+08:00 pid=82668 tid=12 left-down x=247 y=1478 wordForeground=False
2026-09-06T18:08:55.0210771+08:00 pid=82668 tid=12 left-down x=664 y=936 wordForeground=False
2026-09-06T18:08:58.9256691+08:00 pid=82668 tid=12 left-down x=1877 y=399 wordForeground=False
2026-09-06T18:11:20.6434697+08:00 pid=82668 tid=12 left-down x=822 y=1270 wordForeground=False
2026-09-06T18:11:30.5340508+08:00 pid=82668 tid=12 left-down x=1265 y=1795 wordForeground=True
2026-09-06T18:13:07.6989214+08:00 pid=82668 tid=12 left-down x=1317 y=747 wordForeground=False
2026-09-06T18:13:10.1903555+08:00 pid=82668 tid=12 left-down x=1602 y=747 wordForeground=False
2026-09-06T18:13:26.4381782+08:00 pid=82668 tid=12 left-down x=1382 y=1120 wordForeground=False
2026-09-06T18:13:29.7924346+08:00 pid=82668 tid=12 left-down x=2332 y=460 wordForeground=False
2026-09-06T18:13:32.2508633+08:00 pid=82668 tid=12 left-down x=2492 y=460 wordForeground=False
2026-09-06T18:14:33.9117800+08:00 pid=82668 tid=12 left-down x=806 y=1212 wordForeground=False
2026-09-06T18:14:50.8041589+08:00 pid=82668 tid=12 left-down x=815 y=1228 wordForeground=False
2026-09-06T18:14:57.8523232+08:00 pid=82668 tid=12 left-down x=2177 y=1494 wordForeground=True
2026-09-06T18:15:01.5495751+08:00 pid=82668 tid=12 left-down x=2100 y=1471 wordForeground=True
2026-09-06T18:15:03.2502037+08:00 pid=82668 tid=12 left-down x=2019 y=1474 wordForeground=True
2026-09-06T18:15:03.9190682+08:00 pid=82668 tid=12 left-down x=2019 y=1475 wordForeground=True
2026-09-06T18:15:12.1569217+08:00 pid=82668 tid=12 left-down x=2639 y=748 wordForeground=True
2026-09-06T18:15:16.8231112+08:00 pid=82668 tid=12 left-down x=835 y=1292 wordForeground=False
2026-09-06T18:15:19.0669692+08:00 pid=82668 tid=12 left-down x=848 y=1359 wordForeground=False
2026-09-06T18:15:21.2319486+08:00 pid=82668 tid=12 left-down x=863 y=1433 wordForeground=False
2026-09-06T18:15:56.3961119+08:00 pid=82668 tid=12 left-down x=218 y=1472 wordForeground=False
2026-09-06T18:18:00.1449550+08:00 pid=82668 tid=12 left-down x=1317 y=747 wordForeground=False
2026-09-06T18:18:18.0900239+08:00 pid=82668 tid=12 left-down x=1382 y=1120 wordForeground=False
2026-09-06T18:18:21.5054347+08:00 pid=82668 tid=12 left-down x=2332 y=460 wordForeground=False
2026-09-06T18:18:24.0729354+08:00 pid=82668 tid=12 left-down x=2492 y=460 wordForeground=False
2026-09-06T18:19:40.9763093+08:00 pid=82668 tid=12 left-down x=1776 y=1270 wordForeground=False
2026-09-06T18:19:54.8055083+08:00 pid=82668 tid=12 left-down x=2024 y=1211 wordForeground=True
2026-09-06T18:22:18.7135588+08:00 pid=82668 tid=12 left-down x=2067 y=1076 wordForeground=True
2026-09-06T18:22:24.6649334+08:00 pid=82668 tid=12 left-down x=1136 y=1362 wordForeground=False
2026-09-06T18:22:56.0495591+08:00 pid=82668 tid=12 left-down x=2228 y=1331 wordForeground=False
2026-09-06T18:23:01.7010433+08:00 pid=82668 tid=12 left-down x=684 y=811 wordForeground=False
2026-09-06T18:23:03.3008550+08:00 pid=82668 tid=12 left-down x=677 y=753 wordForeground=False
2026-09-06T18:23:09.3948836+08:00 pid=82668 tid=12 left-down x=1890 y=411 wordForeground=False
2026-09-06T18:23:16.2202932+08:00 pid=82668 tid=12 left-down x=1381 y=2159 wordForeground=False
2026-09-06T18:23:24.2808059+08:00 pid=82668 tid=12 left-down x=803 y=1363 wordForeground=False
2026-09-06T18:25:27.0475015+08:00 pid=82668 tid=12 left-down x=1245 y=1142 wordForeground=False
2026-09-06T18:25:32.2884628+08:00 pid=82668 tid=12 left-down x=227 y=1461 wordForeground=False
2026-09-06T18:25:37.6722298+08:00 pid=82668 tid=12 left-down x=830 y=1233 wordForeground=False
2026-09-06T18:26:58.6500708+08:00 pid=82668 tid=12 left-down x=1509 y=2116 wordForeground=False
2026-09-06T18:27:03.3660628+08:00 pid=82668 tid=12 left-down x=2283 y=1250 wordForeground=False
2026-09-06T18:27:07.8995071+08:00 pid=82668 tid=12 left-down x=1913 y=1107 wordForeground=True
2026-09-06T18:27:08.4452856+08:00 pid=82668 tid=12 left-down x=1913 y=1107 wordForeground=True
2026-09-06T18:27:10.5398784+08:00 pid=82668 tid=12 left-down x=1856 y=1123 wordForeground=True
2026-09-06T18:27:10.7676832+08:00 pid=82668 tid=12 left-down x=1856 y=1123 wordForeground=True
2026-09-06T18:27:10.7686856+08:00 pid=82668 tid=12 double-click elapsedMs=227.77 withinX=True withinY=True nativeOleTarget=False suppressSecondDown=False dispatchCallback=True
2026-09-06T18:27:10.8750574+08:00 pid=82668 tid=19 callback-begin interceptedNativeOle=False x=1856 y=1123
2026-09-06T18:27:10.8760572+08:00 pid=82668 tid=19 addin-callback-received interceptedNativeOle=False x=1856 y=1123
2026-09-06T18:27:10.8760572+08:00 pid=82668 tid=19 callback-end
2026-09-06T18:27:10.8800576+08:00 pid=82668 tid=1 addin-coordinate-selection formulaId=<null> objectMode=<null>
2026-09-06T18:27:12.4443535+08:00 pid=82668 tid=12 left-down x=2647 y=739 wordForeground=False
2026-09-06T18:27:13.7642259+08:00 pid=82668 tid=12 left-down x=636 y=1272 wordForeground=True
2026-09-06T18:27:14.9162418+08:00 pid=82668 tid=12 left-down x=762 y=1201 wordForeground=False
2026-09-06T18:28:24.2944450+08:00 pid=82668 tid=12 left-down x=1515 y=2124 wordForeground=False
2026-09-06T18:28:29.3918934+08:00 pid=82668 tid=12 left-down x=681 y=1234 wordForeground=True
2026-09-06T18:30:02.1033010+08:00 pid=82668 tid=12 left-down x=681 y=1234 wordForeground=False
2026-09-06T18:30:08.6521321+08:00 pid=82668 tid=12 left-down x=1509 y=2138 wordForeground=False
2026-09-06T18:30:12.6004681+08:00 pid=82668 tid=12 left-down x=2058 y=922 wordForeground=False
2026-09-06T18:32:52.6263745+08:00 pid=82668 tid=12 left-down x=1382 y=1120 wordForeground=False
2026-09-06T18:32:54.7545460+08:00 pid=82668 tid=12 left-down x=2332 y=460 wordForeground=False
2026-09-06T18:32:56.9106445+08:00 pid=82668 tid=12 left-down x=2492 y=460 wordForeground=False
2026-09-06T18:33:15.5206657+08:00 pid=82668 tid=12 left-down x=1776 y=1270 wordForeground=False
2026-09-06T18:33:26.7782717+08:00 pid=82668 tid=12 left-down x=1099 y=716 wordForeground=True
2026-09-06T18:34:34.9398075+08:00 pid=82668 tid=12 left-down x=1055 y=2143 wordForeground=True
2026-09-06T18:34:36.3216488+08:00 pid=82668 tid=12 left-down x=1112 y=285 wordForeground=False
2026-09-06T18:34:37.5499654+08:00 pid=82668 tid=12 left-down x=1489 y=316 wordForeground=False
2026-09-06T18:35:58.1684746+08:00 pid=82668 tid=12 left-down x=214 y=595 wordForeground=True
2026-09-06T18:35:58.3736841+08:00 pid=82668 tid=12 left-down x=214 y=595 wordForeground=True
2026-09-06T18:35:58.3736841+08:00 pid=82668 tid=12 double-click elapsedMs=204.949 withinX=True withinY=True nativeOleTarget=False suppressSecondDown=False dispatchCallback=True
2026-09-06T18:35:58.4666849+08:00 pid=82668 tid=47 callback-begin interceptedNativeOle=False x=214 y=595
2026-09-06T18:35:58.4666849+08:00 pid=82668 tid=47 addin-callback-received interceptedNativeOle=False x=214 y=595
2026-09-06T18:35:58.4666849+08:00 pid=82668 tid=47 callback-end
2026-09-06T18:35:58.4696850+08:00 pid=82668 tid=1 addin-coordinate-selection formulaId=<null> objectMode=<null>
2026-09-06T18:36:59.3575241+08:00 pid=82668 tid=12 left-down x=1776 y=1270 wordForeground=False
2026-09-06T18:38:25.1003845+08:00 pid=82668 tid=12 left-down x=1776 y=1270 wordForeground=False
2026-09-06T18:39:56.2925388+08:00 pid=82668 tid=12 left-down x=2688 y=1281 wordForeground=True
2026-09-06T18:39:57.3951751+08:00 pid=82668 tid=12 left-down x=2687 y=1255 wordForeground=False
2026-09-06T18:40:01.0992723+08:00 pid=82668 tid=12 left-down x=3453 y=883 wordForeground=False
2026-09-06T18:40:03.1189780+08:00 pid=82668 tid=12 left-down x=3255 y=934 wordForeground=False
2026-09-06T18:40:05.0856970+08:00 pid=82668 tid=12 left-down x=2821 y=832 wordForeground=False
2026-09-06T18:40:06.5497889+08:00 pid=82668 tid=12 left-down x=2370 y=1614 wordForeground=False
2026-09-06T18:40:07.3594036+08:00 pid=82668 tid=12 left-down x=2337 y=1551 wordForeground=False
2026-09-06T18:40:09.3801304+08:00 pid=82668 tid=12 left-down x=3541 y=952 wordForeground=False
2026-09-06T18:40:11.1723390+08:00 pid=82668 tid=12 left-down x=916 y=415 wordForeground=False
2026-09-06T18:40:12.0809262+08:00 pid=82668 tid=12 left-down x=952 y=461 wordForeground=True
2026-09-06T18:40:13.3012083+08:00 pid=82668 tid=12 left-down x=1016 y=491 wordForeground=True
2026-09-06T18:40:15.0643007+08:00 pid=82668 tid=12 left-down x=1044 y=500 wordForeground=True
2026-09-06T18:40:15.2757424+08:00 pid=82668 tid=12 left-down x=1044 y=500 wordForeground=True
2026-09-06T18:40:15.2757424+08:00 pid=82668 tid=12 double-click elapsedMs=211.591 withinX=True withinY=True nativeOleTarget=False suppressSecondDown=False dispatchCallback=True
2026-09-06T18:40:15.3811479+08:00 pid=82668 tid=22 callback-begin interceptedNativeOle=False x=1044 y=500
2026-09-06T18:40:15.3811479+08:00 pid=82668 tid=22 addin-callback-received interceptedNativeOle=False x=1044 y=500
2026-09-06T18:40:15.3821500+08:00 pid=82668 tid=22 callback-end
2026-09-06T18:40:15.3861477+08:00 pid=82668 tid=1 addin-coordinate-selection formulaId=<null> objectMode=<null>
2026-09-06T18:40:18.4391645+08:00 pid=82668 tid=12 left-down x=2748 y=671 wordForeground=False
2026-09-06T18:40:30.0621321+08:00 pid=82668 tid=12 left-down x=1382 y=1120 wordForeground=False
2026-09-06T18:40:32.3577230+08:00 pid=82668 tid=12 left-down x=2332 y=460 wordForeground=False
2026-09-06T18:40:34.6530827+08:00 pid=82668 tid=12 left-down x=2492 y=460 wordForeground=False
2026-09-06T18:43:24.0263824+08:00 pid=82668 tid=12 left-down x=1238 y=848 wordForeground=True
2026-09-06T18:43:24.3384794+08:00 pid=82668 tid=12 left-down x=1246 y=845 wordForeground=True
2026-09-06T18:43:25.8792513+08:00 pid=82668 tid=12 left-down x=1124 y=845 wordForeground=True
2026-09-06T18:43:26.0686623+08:00 pid=82668 tid=12 left-down x=1124 y=845 wordForeground=True
2026-09-06T18:43:26.0686623+08:00 pid=82668 tid=12 double-click elapsedMs=188.822 withinX=True withinY=True nativeOleTarget=False suppressSecondDown=False dispatchCallback=True
2026-09-06T18:43:26.1759824+08:00 pid=82668 tid=38 callback-begin interceptedNativeOle=False x=1124 y=845
2026-09-06T18:43:26.1764892+08:00 pid=82668 tid=38 addin-callback-received interceptedNativeOle=False x=1124 y=845
2026-09-06T18:43:26.1764892+08:00 pid=82668 tid=38 callback-end
2026-09-06T18:43:26.1774962+08:00 pid=82668 tid=1 addin-coordinate-selection formulaId=<null> objectMode=<null>
2026-09-06T18:43:28.4224375+08:00 pid=82668 tid=12 left-down x=3804 y=20 wordForeground=False
2026-09-06T18:47:28.2724245+08:00 pid=82668 tid=12 left-down x=1052 y=850 wordForeground=True
2026-09-06T18:47:28.4683660+08:00 pid=82668 tid=12 left-down x=1052 y=850 wordForeground=True
2026-09-06T18:47:28.4683660+08:00 pid=82668 tid=12 double-click elapsedMs=195.703 withinX=True withinY=True nativeOleTarget=False suppressSecondDown=False dispatchCallback=True
2026-09-06T18:47:28.5676696+08:00 pid=82668 tid=33 callback-begin interceptedNativeOle=False x=1052 y=850
2026-09-06T18:47:28.5676696+08:00 pid=82668 tid=33 addin-callback-received interceptedNativeOle=False x=1052 y=850
2026-09-06T18:47:28.5686697+08:00 pid=82668 tid=33 callback-end
2026-09-06T18:47:28.5726672+08:00 pid=82668 tid=1 addin-coordinate-selection formulaId=<null> objectMode=<null>
2026-09-06T18:47:30.2040852+08:00 pid=82668 tid=12 left-down x=3837 y=0 wordForeground=False
2026-09-06T18:47:39.2932894+08:00 pid=82668 tid=12 left-down x=1519 y=2147 wordForeground=True
2026-09-06T18:47:43.1899690+08:00 pid=82668 tid=12 left-down x=2436 y=1682 wordForeground=False
2026-09-06T18:47:44.7637616+08:00 pid=82668 tid=12 left-down x=2469 y=1375 wordForeground=False
2026-09-06T18:48:14.4529361+08:00 pid=82668 tid=12 left-down x=1921 y=2011 wordForeground=False
2026-09-06T18:48:16.3243945+08:00 pid=82668 tid=12 left-down x=2332 y=1805 wordForeground=False
2026-09-06T18:48:23.4038875+08:00 pid=82668 tid=12 left-down x=2421 y=1859 wordForeground=False
2026-09-06T18:50:06.3411130+08:00 pid=82668 tid=12 left-down x=1495 y=2143 wordForeground=False
2026-09-06T18:50:14.7630278+08:00 pid=82668 tid=12 left-down x=1847 y=2014 wordForeground=False
2026-09-06T18:50:16.7642129+08:00 pid=82668 tid=12 left-down x=2507 y=1649 wordForeground=False
2026-09-06T18:50:38.6727840+08:00 pid=82668 tid=12 left-down x=2738 y=1912 wordForeground=False
2026-09-06T18:50:40.1447278+08:00 pid=82668 tid=12 left-down x=2686 y=1888 wordForeground=False
2026-09-06T18:50:51.7019268+08:00 pid=82668 tid=12 left-down x=3503 y=1986 wordForeground=False
2026-09-06T18:50:52.8494442+08:00 pid=82668 tid=12 left-down x=3022 y=1910 wordForeground=False
2026-09-06T18:51:18.2499517+08:00 pid=82668 tid=12 left-down x=1970 y=718 wordForeground=False
2026-09-06T18:51:23.4312758+08:00 pid=82668 tid=12 left-down x=2357 y=1598 wordForeground=True
2026-09-06T18:51:24.2832530+08:00 pid=82668 tid=12 left-down x=2321 y=1594 wordForeground=False
2026-09-06T18:51:34.8165767+08:00 pid=82668 tid=12 left-down x=3553 y=948 wordForeground=False
2026-09-06T18:51:36.5675719+08:00 pid=82668 tid=12 left-down x=2386 y=1883 wordForeground=False
2026-09-06T18:52:00.3535739+08:00 pid=82668 tid=12 left-down x=2306 y=1494 wordForeground=True
2026-09-06T18:52:14.3540586+08:00 pid=82668 tid=12 left-down x=3533 y=934 wordForeground=False
2026-09-06T18:52:25.1174142+08:00 pid=82668 tid=12 left-down x=1236 y=1316 wordForeground=False
2026-09-06T18:52:26.7612165+08:00 pid=82668 tid=12 left-down x=2524 y=1507 wordForeground=True
2026-09-06T18:52:56.1178051+08:00 pid=82668 tid=12 left-down x=1776 y=1270 wordForeground=False
2026-09-06T18:53:33.4332555+08:00 pid=82668 tid=12 left-down x=1133 y=726 wordForeground=True
2026-09-06T18:54:16.6567972+08:00 pid=82668 tid=12 left-down x=947 y=400 wordForeground=True
2026-09-06T18:55:25.1812933+08:00 pid=82668 tid=12 left-down x=280 y=1480 wordForeground=True
2026-09-06T18:55:25.3833802+08:00 pid=82668 tid=12 left-down x=280 y=1480 wordForeground=True
2026-09-06T18:55:25.3843774+08:00 pid=82668 tid=12 double-click elapsedMs=202.893 withinX=True withinY=True nativeOleTarget=False suppressSecondDown=False dispatchCallback=True
2026-09-06T18:55:25.4833769+08:00 pid=82668 tid=30 callback-begin interceptedNativeOle=False x=280 y=1480
2026-09-06T18:55:25.4833769+08:00 pid=82668 tid=30 addin-callback-received interceptedNativeOle=False x=280 y=1480
2026-09-06T18:55:25.4833769+08:00 pid=82668 tid=30 callback-end
2026-09-06T18:55:25.4843783+08:00 pid=82668 tid=1 addin-coordinate-selection formulaId=<null> objectMode=<null>
2026-09-06T18:56:30.5040699+08:00 pid=82668 tid=12 left-down x=1042 y=1026 wordForeground=True
2026-09-06T18:56:31.2568014+08:00 pid=82668 tid=12 left-down x=995 y=1195 wordForeground=True
2026-09-06T18:56:33.6527573+08:00 pid=82668 tid=12 left-down x=2357 y=1684 wordForeground=True
2026-09-06T18:56:34.7077412+08:00 pid=82668 tid=12 left-down x=2340 y=1630 wordForeground=False
2026-09-06T18:56:38.9521334+08:00 pid=82668 tid=12 left-down x=3566 y=939 wordForeground=False
2026-09-06T18:56:40.4294798+08:00 pid=82668 tid=12 left-down x=2628 y=1912 wordForeground=False
2026-09-06T18:56:45.0963327+08:00 pid=82668 tid=12 left-down x=1424 y=1180 wordForeground=False
2026-09-06T18:59:35.8943151+08:00 pid=82668 tid=12 left-down x=2427 y=1888 wordForeground=True
2026-09-06T18:59:49.5181460+08:00 pid=82668 tid=12 left-down x=1150 y=1416 wordForeground=False
2026-09-06T18:59:53.2357320+08:00 pid=82668 tid=12 left-down x=2331 y=1892 wordForeground=True
2026-09-06T19:00:56.2854062+08:00 pid=82668 tid=12 left-down x=1776 y=1270 wordForeground=False
2026-09-06T19:06:27.8039727+08:00 pid=82668 tid=12 left-down x=1317 y=747 wordForeground=False
2026-09-06T19:07:30.4994889+08:00 pid=82668 tid=12 left-down x=1792 y=747 wordForeground=False
2026-09-06T19:08:18.4940125+08:00 pid=82668 tid=12 left-down x=1382 y=1120 wordForeground=False
2026-09-06T19:08:20.6418147+08:00 pid=82668 tid=12 left-down x=2332 y=460 wordForeground=False
2026-09-06T19:08:22.5291640+08:00 pid=82668 tid=12 left-down x=2492 y=460 wordForeground=False
2026-09-06T19:09:50.8604209+08:00 pid=82668 tid=12 left-down x=913 y=194 wordForeground=True
2026-09-06T19:10:15.9799480+08:00 pid=82668 tid=12 left-down x=1382 y=1120 wordForeground=False
2026-09-06T19:10:18.1632989+08:00 pid=82668 tid=12 left-down x=2332 y=460 wordForeground=False
2026-09-06T19:10:20.0811050+08:00 pid=82668 tid=12 left-down x=2492 y=460 wordForeground=False
2026-09-06T19:10:56.0033192+08:00 pid=82668 tid=12 left-down x=913 y=366 wordForeground=True
2026-09-06T19:11:41.0641146+08:00 pid=82668 tid=12 left-down x=3317 y=1332 wordForeground=True
2026-09-06T19:12:19.9208986+08:00 pid=82668 tid=12 left-down x=1099 y=716 wordForeground=True
2026-09-06T19:16:35.4941339+08:00 pid=82668 tid=12 left-down x=2718 y=1688 wordForeground=True
2026-09-06T19:16:45.0371712+08:00 pid=82668 tid=12 left-down x=1144 y=2139 wordForeground=False
2026-09-06T19:17:04.7825839+08:00 pid=82668 tid=12 left-down x=2617 y=1924 wordForeground=False
2026-09-06T19:17:05.9099982+08:00 pid=82668 tid=12 left-down x=1143 y=1214 wordForeground=False
2026-09-06T19:17:06.8767812+08:00 pid=82668 tid=12 left-down x=2443 y=1559 wordForeground=True
2026-09-06T19:17:08.0679397+08:00 pid=82668 tid=12 left-down x=2901 y=1707 wordForeground=False
2026-09-06T19:18:29.0808626+08:00 pid=82668 tid=12 left-down x=1776 y=1270 wordForeground=False
2026-09-06T19:19:29.6301559+08:00 pid=82668 tid=12 left-down x=1776 y=1270 wordForeground=False
2026-09-06T19:25:38.7658816+08:00 pid=82668 tid=12 left-down x=2218 y=1799 wordForeground=True
2026-09-06T19:25:51.6038241+08:00 pid=82668 tid=12 left-down x=1930 y=2008 wordForeground=False
2026-09-06T19:25:53.9333643+08:00 pid=82668 tid=12 left-down x=1819 y=1881 wordForeground=False
2026-09-06T19:25:55.9454343+08:00 pid=82668 tid=12 left-down x=1787 y=1221 wordForeground=False
2026-09-06T19:26:12.6922632+08:00 pid=82668 tid=12 left-down x=1817 y=925 wordForeground=False
2026-09-06T19:26:20.1947179+08:00 pid=82668 tid=12 left-down x=723 y=2133 wordForeground=False
2026-09-06T19:26:23.5390469+08:00 pid=82668 tid=12 left-down x=1003 y=1128 wordForeground=False
2026-09-06T19:26:25.1596469+08:00 pid=82668 tid=12 left-down x=759 y=1281 wordForeground=False
2026-09-06T19:26:25.3792154+08:00 pid=82668 tid=12 left-down x=759 y=1281 wordForeground=False
2026-09-06T19:26:27.0500455+08:00 pid=82668 tid=12 left-down x=765 y=1239 wordForeground=False
2026-09-06T19:26:27.2777980+08:00 pid=82668 tid=12 left-down x=765 y=1239 wordForeground=False
2026-09-06T19:26:33.0167667+08:00 pid=82668 tid=12 left-down x=1154 y=1125 wordForeground=False
2026-09-06T19:26:34.3296972+08:00 pid=82668 tid=12 left-down x=751 y=1249 wordForeground=False
2026-09-06T19:26:34.5656212+08:00 pid=82668 tid=12 left-down x=751 y=1249 wordForeground=False
2026-09-06T19:26:38.5743906+08:00 pid=82668 tid=12 left-down x=723 y=1485 wordForeground=False
2026-09-06T19:26:39.0151860+08:00 pid=82668 tid=12 left-down x=723 y=1485 wordForeground=False
2026-09-06T19:26:41.2045677+08:00 pid=82668 tid=12 left-down x=716 y=1445 wordForeground=False
2026-09-06T19:26:41.4904228+08:00 pid=82668 tid=12 left-down x=716 y=1445 wordForeground=False
2026-09-06T19:26:43.1116121+08:00 pid=82668 tid=12 left-down x=745 y=1260 wordForeground=False
2026-09-06T19:26:43.3841498+08:00 pid=82668 tid=12 left-down x=745 y=1260 wordForeground=False
2026-09-06T19:26:44.8378002+08:00 pid=82668 tid=12 left-down x=730 y=1286 wordForeground=False
2026-09-06T19:26:45.1194036+08:00 pid=82668 tid=12 left-down x=730 y=1286 wordForeground=False
2026-09-06T19:26:46.1959375+08:00 pid=82668 tid=12 left-down x=726 y=1221 wordForeground=False
2026-09-06T19:26:46.4853178+08:00 pid=82668 tid=12 left-down x=726 y=1221 wordForeground=False
2026-09-06T19:26:53.7500141+08:00 pid=82668 tid=12 left-down x=2547 y=1769 wordForeground=False
2026-09-06T19:27:08.3473832+08:00 pid=82668 tid=12 left-down x=2350 y=1340 wordForeground=False
2026-09-06T19:28:13.7533115+08:00 pid=82668 tid=12 left-down x=2358 y=727 wordForeground=False
2026-09-06T19:28:56.2763741+08:00 pid=82668 tid=12 left-down x=3340 y=1397 wordForeground=False
2026-09-06T19:28:59.9958158+08:00 pid=82668 tid=12 left-down x=2887 y=1708 wordForeground=False
2026-09-06T19:29:06.0626715+08:00 pid=82668 tid=12 left-down x=2872 y=1893 wordForeground=False
2026-09-06T19:31:37.6370625+08:00 pid=82668 tid=12 left-down x=2362 y=1685 wordForeground=False
2026-09-06T19:31:39.9406107+08:00 pid=82668 tid=12 left-down x=2431 y=1692 wordForeground=False
2026-09-06T19:36:16.7308917+08:00 pid=82668 tid=12 left-down x=947 y=228 wordForeground=True
2026-09-06T19:36:25.3838460+08:00 pid=82668 tid=12 left-down x=1382 y=1120 wordForeground=False
2026-09-06T19:36:27.6398757+08:00 pid=82668 tid=12 left-down x=2332 y=460 wordForeground=False
2026-09-06T19:36:29.5797536+08:00 pid=82668 tid=12 left-down x=2492 y=460 wordForeground=False
2026-09-06T19:40:29.4116419+08:00 pid=82668 tid=12 left-down x=947 y=400 wordForeground=True
2026-09-06T19:40:38.9354037+08:00 pid=82668 tid=12 left-down x=1133 y=750 wordForeground=True
2026-09-06T19:42:52.9633274+08:00 pid=82668 tid=12 left-down x=278 y=626 wordForeground=True
2026-09-06T19:42:53.1874330+08:00 pid=82668 tid=12 left-down x=278 y=626 wordForeground=True
2026-09-06T19:42:53.1874330+08:00 pid=82668 tid=12 double-click elapsedMs=224.192 withinX=True withinY=True nativeOleTarget=False suppressSecondDown=False dispatchCallback=True
2026-09-06T19:42:53.2914318+08:00 pid=82668 tid=17 callback-begin interceptedNativeOle=False x=278 y=626
2026-09-06T19:42:53.2914318+08:00 pid=82668 tid=17 addin-callback-received interceptedNativeOle=False x=278 y=626
2026-09-06T19:42:53.2924351+08:00 pid=82668 tid=17 callback-end
2026-09-06T19:42:53.2994331+08:00 pid=82668 tid=1 addin-coordinate-selection formulaId=<null> objectMode=<null>
2026-09-06T19:45:08.0185310+08:00 pid=82668 tid=12 left-down x=1776 y=1270 wordForeground=False
2026-09-06T19:46:04.7434166+08:00 pid=82668 tid=12 left-down x=1776 y=1270 wordForeground=False
2026-09-06T19:46:46.5323541+08:00 pid=82668 tid=12 left-down x=1776 y=1270 wordForeground=False
2026-09-06T19:50:59.2109149+08:00 pid=82668 tid=12 left-down x=2410 y=1634 wordForeground=True
2026-09-06T19:50:59.9952114+08:00 pid=82668 tid=12 left-down x=2326 y=1582 wordForeground=False
2026-09-06T19:51:02.1404391+08:00 pid=82668 tid=12 left-down x=3524 y=944 wordForeground=False
2026-09-06T19:51:05.1443790+08:00 pid=82668 tid=12 left-down x=2509 y=1260 wordForeground=False
2026-09-06T19:51:11.4806866+08:00 pid=82668 tid=12 left-down x=3563 y=923 wordForeground=True
2026-09-06T19:51:19.3026786+08:00 pid=82668 tid=12 left-down x=981 y=262 wordForeground=True
2026-09-06T19:51:27.1712990+08:00 pid=82668 tid=12 left-down x=1317 y=747 wordForeground=False
2026-09-06T19:51:29.1819654+08:00 pid=82668 tid=12 left-down x=1602 y=747 wordForeground=False
2026-09-06T19:51:44.2069891+08:00 pid=82668 tid=12 left-down x=1382 y=1120 wordForeground=False
2026-09-06T19:51:46.3764004+08:00 pid=82668 tid=12 left-down x=2332 y=460 wordForeground=False
2026-09-06T19:51:48.3453826+08:00 pid=82668 tid=12 left-down x=2492 y=460 wordForeground=False
2026-09-06T19:52:22.6587472+08:00 pid=82668 tid=12 left-down x=1776 y=1270 wordForeground=False
2026-09-06T19:52:34.4143977+08:00 pid=82668 tid=12 left-down x=1167 y=784 wordForeground=True
2026-09-06T19:54:30.6368750+08:00 pid=82668 tid=12 left-down x=1776 y=1270 wordForeground=False
2026-09-06T19:54:49.4933653+08:00 pid=82668 tid=12 left-down x=981 y=434 wordForeground=True
2026-09-06T19:55:50.5458027+08:00 pid=82668 tid=12 left-down x=1776 y=1270 wordForeground=False
2026-09-06T20:00:14.8524619+08:00 pid=82668 tid=12 left-down x=314 y=899 wordForeground=True
2026-09-06T20:00:15.0885697+08:00 pid=82668 tid=12 left-down x=314 y=899 wordForeground=True
2026-09-06T20:00:15.0885697+08:00 pid=82668 tid=12 double-click elapsedMs=235.867 withinX=True withinY=True nativeOleTarget=False suppressSecondDown=False dispatchCallback=True
2026-09-06T20:00:15.1867534+08:00 pid=82668 tid=41 callback-begin interceptedNativeOle=False x=314 y=899
2026-09-06T20:00:15.1867534+08:00 pid=82668 tid=41 addin-callback-received interceptedNativeOle=False x=314 y=899
2026-09-06T20:00:15.1872598+08:00 pid=82668 tid=41 callback-end
2026-09-06T20:00:15.1882656+08:00 pid=82668 tid=1 addin-coordinate-selection formulaId=<null> objectMode=<null>
2026-09-06T20:00:32.2487672+08:00 pid=82668 tid=12 left-down x=1015 y=296 wordForeground=True
2026-09-06T20:00:40.6698175+08:00 pid=82668 tid=12 left-down x=1382 y=1120 wordForeground=False
2026-09-06T20:00:43.8145835+08:00 pid=82668 tid=12 left-down x=2492 y=460 wordForeground=False
2026-09-06T20:01:13.1390715+08:00 pid=82668 tid=12 left-down x=1382 y=1120 wordForeground=False
2026-09-06T20:01:15.3057776+08:00 pid=82668 tid=12 left-down x=2332 y=460 wordForeground=False
2026-09-06T20:01:17.2662961+08:00 pid=82668 tid=12 left-down x=2492 y=460 wordForeground=False
2026-09-06T20:03:47.0246136+08:00 pid=82668 tid=12 left-down x=3150 y=914 wordForeground=True
2026-09-06T20:07:28.2795655+08:00 pid=82668 tid=12 left-down x=781 y=837 wordForeground=False
2026-09-06T20:07:29.0974601+08:00 pid=82668 tid=12 left-down x=1246 y=904 wordForeground=True
2026-09-06T20:07:32.0122022+08:00 pid=82668 tid=12 left-down x=2652 y=1876 wordForeground=True
2026-09-06T20:18:44.9552799+08:00 pid=82668 tid=12 left-down x=3202 y=1755 wordForeground=True
2026-09-06T20:18:55.5778324+08:00 pid=82668 tid=12 left-down x=1872 y=722 wordForeground=True
2026-09-06T20:19:04.2274549+08:00 pid=82668 tid=12 left-down x=1382 y=1120 wordForeground=False
2026-09-06T20:19:07.4053416+08:00 pid=82668 tid=12 left-down x=2492 y=460 wordForeground=False
2026-09-06T20:19:37.2693512+08:00 pid=82668 tid=12 left-down x=1382 y=1120 wordForeground=False
2026-09-06T20:19:39.5516106+08:00 pid=82668 tid=12 left-down x=2332 y=460 wordForeground=False
2026-09-06T20:19:41.4758868+08:00 pid=82668 tid=12 left-down x=2492 y=460 wordForeground=False
2026-09-06T20:21:07.2808864+08:00 pid=82668 tid=12 left-down x=1776 y=1270 wordForeground=False
2026-09-06T20:21:21.1697296+08:00 pid=82668 tid=12 left-down x=2058 y=1197 wordForeground=True
2026-09-06T20:21:29.1635438+08:00 pid=82668 tid=12 left-down x=1872 y=894 wordForeground=True
2026-09-06T20:23:50.5393250+08:00 pid=82668 tid=12 left-down x=1211 y=1746 wordForeground=True
2026-09-06T20:23:50.8357624+08:00 pid=82668 tid=12 left-down x=1211 y=1746 wordForeground=True
2026-09-06T20:23:50.8367604+08:00 pid=82668 tid=12 double-click elapsedMs=296.164 withinX=True withinY=True nativeOleTarget=False suppressSecondDown=False dispatchCallback=True
2026-09-06T20:23:50.9367622+08:00 pid=82668 tid=34 callback-begin interceptedNativeOle=False x=1211 y=1746
2026-09-06T20:23:50.9367622+08:00 pid=82668 tid=34 addin-callback-received interceptedNativeOle=False x=1211 y=1746
2026-09-06T20:23:50.9377619+08:00 pid=82668 tid=34 callback-end
2026-09-06T20:23:50.9427601+08:00 pid=82668 tid=1 addin-coordinate-selection formulaId=<null> objectMode=<null>
2026-09-06T20:25:37.8633696+08:00 pid=82668 tid=12 left-down x=913 y=194 wordForeground=True
2026-09-06T20:25:46.3001224+08:00 pid=82668 tid=12 left-down x=1382 y=1120 wordForeground=False
2026-09-06T20:25:49.4711183+08:00 pid=82668 tid=12 left-down x=2492 y=460 wordForeground=False
2026-09-06T20:26:39.0168010+08:00 pid=82668 tid=12 left-down x=1776 y=1270 wordForeground=False
2026-09-06T20:26:58.7166412+08:00 pid=82668 tid=12 left-down x=1099 y=692 wordForeground=True
2026-09-06T20:27:06.7570618+08:00 pid=82668 tid=12 left-down x=913 y=366 wordForeground=True
2026-09-06T20:28:01.7881282+08:00 pid=82668 tid=12 left-down x=1776 y=1270 wordForeground=False
2026-09-06T20:30:42.5168332+08:00 pid=82668 tid=12 left-down x=257 y=711 wordForeground=True
2026-09-06T20:30:42.7947487+08:00 pid=82668 tid=12 left-down x=257 y=711 wordForeground=True
2026-09-06T20:30:42.7947487+08:00 pid=82668 tid=12 double-click elapsedMs=277.704 withinX=True withinY=True nativeOleTarget=False suppressSecondDown=False dispatchCallback=True
2026-09-06T20:30:42.8903043+08:00 pid=82668 tid=44 callback-begin interceptedNativeOle=False x=257 y=711
2026-09-06T20:30:42.8903043+08:00 pid=82668 tid=44 addin-callback-received interceptedNativeOle=False x=257 y=711
2026-09-06T20:30:42.8903043+08:00 pid=82668 tid=44 callback-end
2026-09-06T20:30:42.8913061+08:00 pid=82668 tid=1 addin-coordinate-selection formulaId=<null> objectMode=<null>
2026-09-06T20:32:09.0633191+08:00 pid=82668 tid=12 left-down x=1776 y=1270 wordForeground=False
2026-09-06T20:38:37.0390465+08:00 pid=82668 tid=12 left-down x=2327 y=1615 wordForeground=True
2026-09-06T20:38:38.9092566+08:00 pid=82668 tid=12 left-down x=2294 y=1552 wordForeground=False
2026-09-06T20:38:42.6139844+08:00 pid=82668 tid=12 left-down x=3538 y=941 wordForeground=False
2026-09-06T20:38:59.7699869+08:00 pid=82668 tid=12 left-down x=838 y=2134 wordForeground=False
2026-09-06T20:39:02.9189772+08:00 pid=82668 tid=12 left-down x=2513 y=463 wordForeground=False
2026-09-06T20:43:15.6577198+08:00 pid=82668 tid=12 left-down x=1872 y=722 wordForeground=True
2026-09-06T20:43:23.5641495+08:00 pid=82668 tid=12 left-down x=1317 y=747 wordForeground=False
2026-09-06T20:43:26.6794044+08:00 pid=82668 tid=12 left-down x=1792 y=747 wordForeground=False
2026-09-06T20:43:38.5536959+08:00 pid=82668 tid=12 left-down x=2058 y=1197 wordForeground=True
2026-09-06T20:43:52.9093498+08:00 pid=82668 tid=12 left-down x=1382 y=1120 wordForeground=False
2026-09-06T20:43:55.3193042+08:00 pid=82668 tid=12 left-down x=2332 y=460 wordForeground=False
2026-09-06T20:43:57.2248282+08:00 pid=82668 tid=12 left-down x=2492 y=460 wordForeground=False
2026-09-06T20:44:32.1353154+08:00 pid=82668 tid=12 left-down x=1776 y=1270 wordForeground=False
2026-09-06T20:44:43.9136432+08:00 pid=82668 tid=12 left-down x=2058 y=1245 wordForeground=True
2026-09-06T20:44:52.1980089+08:00 pid=82668 tid=12 left-down x=1872 y=894 wordForeground=True
2026-09-06T20:51:58.9271264+08:00 pid=82668 tid=12 left-down x=3322 y=1198 wordForeground=True
2026-09-06T20:54:03.5936426+08:00 pid=82668 tid=12 left-down x=2649 y=1482 wordForeground=False
2026-09-06T20:54:04.7052736+08:00 pid=82668 tid=12 left-down x=1875 y=2003 wordForeground=False
2026-09-06T20:54:05.9310066+08:00 pid=82668 tid=12 left-down x=2514 y=1766 wordForeground=False
2026-09-06T20:54:43.2267320+08:00 pid=82668 tid=12 left-down x=1776 y=1270 wordForeground=False
2026-09-06T20:55:49.2770828+08:00 pid=82668 tid=12 left-down x=1776 y=1270 wordForeground=False
2026-09-06T20:55:55.3894267+08:00 pid=82668 tid=12 left-down x=3287 y=1277 wordForeground=False
2026-09-06T20:57:43.9509708+08:00 pid=82668 tid=12 left-down x=1226 y=1122 wordForeground=True
2026-09-06T20:57:44.2361044+08:00 pid=82668 tid=12 left-down x=1226 y=1122 wordForeground=True
2026-09-06T20:57:44.2371051+08:00 pid=82668 tid=12 double-click elapsedMs=285.525 withinX=True withinY=True nativeOleTarget=False suppressSecondDown=False dispatchCallback=True
2026-09-06T20:57:44.3350205+08:00 pid=82668 tid=42 callback-begin interceptedNativeOle=False x=1226 y=1122
2026-09-06T20:57:44.3350205+08:00 pid=82668 tid=42 addin-callback-received interceptedNativeOle=False x=1226 y=1122
2026-09-06T20:57:44.3360205+08:00 pid=82668 tid=42 callback-end
2026-09-06T20:57:44.3380202+08:00 pid=82668 tid=1 addin-coordinate-selection formulaId=<null> objectMode=<null>
2026-09-06T20:57:48.7512063+08:00 pid=82668 tid=12 left-down x=1967 y=958 wordForeground=True
2026-09-06T20:57:49.8663695+08:00 pid=82668 tid=12 left-down x=3220 y=1476 wordForeground=True
2026-09-06T20:57:52.2618459+08:00 pid=82668 tid=12 left-down x=2352 y=1621 wordForeground=False
2026-09-06T20:57:53.0424752+08:00 pid=82668 tid=12 left-down x=2325 y=1549 wordForeground=False
2026-09-06T20:57:57.3536185+08:00 pid=82668 tid=12 left-down x=3532 y=950 wordForeground=False
2026-09-06T20:58:50.1754609+08:00 pid=82668 tid=12 left-down x=1776 y=1270 wordForeground=False
2026-09-06T20:59:56.8411581+08:00 pid=82668 tid=12 left-down x=3419 y=1293 wordForeground=True
2026-09-06T20:59:58.5030107+08:00 pid=82668 tid=12 left-down x=1526 y=1265 wordForeground=False
2026-09-06T20:59:59.3324783+08:00 pid=82668 tid=12 left-down x=1951 y=1100 wordForeground=True
2026-09-06T21:00:01.0478753+08:00 pid=82668 tid=12 left-down x=1967 y=1302 wordForeground=True
2026-09-06T21:02:26.4890324+08:00 pid=82668 tid=12 left-down x=3305 y=1428 wordForeground=True
2026-09-06T21:02:28.5640629+08:00 pid=82668 tid=12 left-down x=2391 y=1613 wordForeground=False
2026-09-06T21:02:29.4050503+08:00 pid=82668 tid=12 left-down x=2345 y=1578 wordForeground=False
2026-09-06T21:02:31.7273701+08:00 pid=82668 tid=12 left-down x=3555 y=953 wordForeground=False
2026-09-06T21:02:49.3522562+08:00 pid=82668 tid=12 left-down x=1226 y=1122 wordForeground=True
2026-09-06T21:02:49.6409881+08:00 pid=82668 tid=12 left-down x=1226 y=1122 wordForeground=True
2026-09-06T21:02:49.6419881+08:00 pid=82668 tid=12 double-click elapsedMs=289.407 withinX=True withinY=True nativeOleTarget=False suppressSecondDown=False dispatchCallback=True
2026-09-06T21:02:49.7332827+08:00 pid=82668 tid=42 callback-begin interceptedNativeOle=False x=1226 y=1122
2026-09-06T21:02:49.7337940+08:00 pid=82668 tid=42 addin-callback-received interceptedNativeOle=False x=1226 y=1122
2026-09-06T21:02:49.7337940+08:00 pid=82668 tid=42 callback-end
2026-09-06T21:02:49.7368027+08:00 pid=82668 tid=1 addin-coordinate-selection formulaId=<null> objectMode=<null>
2026-09-06T21:04:01.3545160+08:00 pid=82668 tid=12 left-down x=1862 y=913 wordForeground=True
2026-09-06T21:04:02.8851373+08:00 pid=82668 tid=12 left-down x=3251 y=1257 wordForeground=True
2026-09-06T21:04:05.0938594+08:00 pid=82668 tid=12 left-down x=2360 y=1624 wordForeground=False
2026-09-06T21:04:05.8476027+08:00 pid=82668 tid=12 left-down x=2229 y=1506 wordForeground=False
2026-09-06T21:04:06.8231709+08:00 pid=82668 tid=12 left-down x=2296 y=1541 wordForeground=False
2026-09-06T21:04:10.1583783+08:00 pid=82668 tid=12 left-down x=3548 y=938 wordForeground=False
2026-09-06T21:04:11.7741802+08:00 pid=82668 tid=12 left-down x=1498 y=1085 wordForeground=False
2026-09-06T21:04:22.8741695+08:00 pid=82668 tid=12 left-down x=3288 y=1228 wordForeground=True
2026-09-06T21:04:36.6394239+08:00 pid=82668 tid=12 left-down x=1226 y=1122 wordForeground=True
2026-09-06T21:04:36.9580130+08:00 pid=82668 tid=12 left-down x=1226 y=1122 wordForeground=True
2026-09-06T21:04:36.9580130+08:00 pid=82668 tid=12 double-click elapsedMs=318.422 withinX=True withinY=True nativeOleTarget=False suppressSecondDown=False dispatchCallback=True
2026-09-06T21:04:37.0529295+08:00 pid=82668 tid=44 callback-begin interceptedNativeOle=False x=1226 y=1122
2026-09-06T21:04:37.0529295+08:00 pid=82668 tid=44 addin-callback-received interceptedNativeOle=False x=1226 y=1122
2026-09-06T21:04:37.0529295+08:00 pid=82668 tid=44 callback-end
2026-09-06T21:04:37.0559301+08:00 pid=82668 tid=1 addin-coordinate-selection formulaId=<null> objectMode=<null>
2026-09-06T21:05:55.3713262+08:00 pid=82668 tid=12 left-down x=3213 y=1319 wordForeground=True
2026-09-06T21:06:00.7937063+08:00 pid=82668 tid=12 left-down x=1423 y=1125 wordForeground=False
2026-09-06T21:07:41.3050459+08:00 pid=82668 tid=12 left-down x=1872 y=722 wordForeground=True
2026-09-06T21:08:02.0017291+08:00 pid=82668 tid=12 left-down x=2058 y=1197 wordForeground=True
2026-09-06T21:09:13.7245102+08:00 pid=82668 tid=12 left-down x=3259 y=1259 wordForeground=True
2026-09-06T21:09:21.7655915+08:00 pid=82668 tid=12 left-down x=1555 y=1220 wordForeground=False
2026-09-06T21:09:24.4588695+08:00 pid=82668 tid=12 left-down x=1640 y=1276 wordForeground=True
2026-09-06T21:10:06.2264056+08:00 pid=82668 tid=12 left-down x=913 y=194 wordForeground=True
2026-09-06T21:10:24.9783612+08:00 pid=82668 tid=12 left-down x=1099 y=668 wordForeground=True
2026-09-06T21:10:39.4806077+08:00 pid=82668 tid=12 left-down x=1382 y=1120 wordForeground=False
2026-09-06T21:10:42.7713656+08:00 pid=82668 tid=12 left-down x=2492 y=460 wordForeground=False
2026-09-06T21:11:33.7725146+08:00 pid=82668 tid=12 left-down x=1776 y=1270 wordForeground=False
2026-09-06T21:11:46.6790122+08:00 pid=82668 tid=12 left-down x=1099 y=716 wordForeground=True
2026-09-06T21:11:55.0066125+08:00 pid=82668 tid=12 left-down x=913 y=366 wordForeground=True
2026-09-06T21:13:04.3375004+08:00 pid=82668 tid=12 left-down x=3360 y=1425 wordForeground=True
2026-09-06T21:13:12.3184294+08:00 pid=82668 tid=12 left-down x=1336 y=1201 wordForeground=False
2026-09-06T21:13:16.6734103+08:00 pid=82668 tid=12 left-down x=1060 y=1037 wordForeground=True
2026-09-06T21:13:18.4351000+08:00 pid=82668 tid=12 left-down x=1147 y=1380 wordForeground=True
2026-09-06T21:14:17.0446200+08:00 pid=82668 tid=12 left-down x=1776 y=1270 wordForeground=False
2026-09-06T21:14:25.9924620+08:00 pid=82668 tid=12 left-down x=913 y=194 wordForeground=True
2026-09-06T21:14:39.4235439+08:00 pid=82668 tid=12 left-down x=913 y=366 wordForeground=True
2026-09-06T21:15:35.0757946+08:00 pid=82668 tid=12 left-down x=1776 y=1270 wordForeground=False
2026-09-06T21:20:44.0008599+08:00 pid=82668 tid=12 left-down x=257 y=681 wordForeground=True
2026-09-06T21:20:44.3322723+08:00 pid=82668 tid=12 left-down x=257 y=681 wordForeground=True
2026-09-06T21:20:44.3322723+08:00 pid=82668 tid=12 double-click elapsedMs=331.538 withinX=True withinY=True nativeOleTarget=False suppressSecondDown=False dispatchCallback=True
2026-09-06T21:20:44.4392711+08:00 pid=82668 tid=34 callback-begin interceptedNativeOle=False x=257 y=681
2026-09-06T21:20:44.4392711+08:00 pid=82668 tid=34 addin-callback-received interceptedNativeOle=False x=257 y=681
2026-09-06T21:20:44.4402714+08:00 pid=82668 tid=34 callback-end
2026-09-06T21:20:44.4462700+08:00 pid=82668 tid=1 addin-coordinate-selection formulaId=<null> objectMode=<null>
2026-09-06T21:22:57.2946129+08:00 pid=82668 tid=12 left-down x=1872 y=722 wordForeground=True
2026-09-06T21:23:05.7625117+08:00 pid=82668 tid=12 left-down x=1382 y=1120 wordForeground=False
2026-09-06T21:23:08.9011444+08:00 pid=82668 tid=12 left-down x=2492 y=460 wordForeground=False
2026-09-06T21:23:25.4962735+08:00 pid=82668 tid=12 left-down x=3244 y=1386 wordForeground=True
2026-09-06T21:23:39.8543794+08:00 pid=82668 tid=12 left-down x=1500 y=747 wordForeground=False
2026-09-06T21:24:17.2696383+08:00 pid=82668 tid=12 left-down x=1776 y=1270 wordForeground=False
2026-09-06T21:24:29.7821207+08:00 pid=82668 tid=12 left-down x=2058 y=1221 wordForeground=True
2026-09-06T21:24:37.9420135+08:00 pid=82668 tid=12 left-down x=1872 y=894 wordForeground=True
2026-09-06T21:25:47.1892947+08:00 pid=82668 tid=12 left-down x=3420 y=1159 wordForeground=True
2026-09-06T21:28:18.1825361+08:00 pid=82668 tid=12 left-down x=3020 y=1882 wordForeground=False
2026-09-06T21:28:41.1756035+08:00 pid=82668 tid=12 left-down x=2447 y=1622 wordForeground=False
2026-09-06T21:28:41.9865557+08:00 pid=82668 tid=12 left-down x=2351 y=1574 wordForeground=False
2026-09-06T21:28:48.6655168+08:00 pid=82668 tid=12 left-down x=3554 y=941 wordForeground=False
2026-09-06T21:29:06.7254475+08:00 pid=82668 tid=12 left-down x=2759 y=1917 wordForeground=False
2026-09-06T21:30:05.3256491+08:00 pid=82668 tid=12 left-down x=1776 y=1270 wordForeground=False
2026-09-06T21:30:14.4707812+08:00 pid=82668 tid=12 left-down x=1872 y=722 wordForeground=True
2026-09-06T21:30:27.4849768+08:00 pid=82668 tid=12 left-down x=1872 y=894 wordForeground=True
2026-09-06T21:30:58.7483658+08:00 pid=82668 tid=12 left-down x=3287 y=1354 wordForeground=False
2026-09-06T21:31:04.7488034+08:00 pid=82668 tid=12 left-down x=3193 y=1291 wordForeground=False
2026-09-06T21:31:12.0620202+08:00 pid=82668 tid=12 left-down x=3312 y=1360 wordForeground=True
2026-09-06T21:31:18.3899734+08:00 pid=82668 tid=12 left-down x=1776 y=1270 wordForeground=False
2026-09-06T21:31:33.1578991+08:00 pid=82668 tid=12 left-down x=3455 y=1476 wordForeground=True
2026-09-06T21:32:02.1850573+08:00 pid=82668 tid=12 left-down x=1925 y=1563 wordForeground=True
2026-09-06T21:32:03.5080980+08:00 pid=82668 tid=12 left-down x=3428 y=1458 wordForeground=False
2026-09-06T21:32:31.4907748+08:00 pid=82668 tid=12 left-down x=3294 y=1512 wordForeground=True
2026-09-06T21:34:48.8157283+08:00 pid=82668 tid=12 left-down x=3228 y=1368 wordForeground=False
2026-09-06T21:34:54.6118469+08:00 pid=82668 tid=12 left-down x=3061 y=1317 wordForeground=False
2026-09-06T21:35:04.5259153+08:00 pid=82668 tid=12 left-down x=2884 y=1710 wordForeground=False
2026-09-06T21:35:12.8190846+08:00 pid=82668 tid=12 left-down x=2818 y=1889 wordForeground=False
2026-09-06T21:35:23.2212747+08:00 pid=82668 tid=12 left-down x=2446 y=1904 wordForeground=False
2026-09-06T21:35:44.3290812+08:00 pid=82668 tid=12 left-down x=1750 y=2017 wordForeground=False
2026-09-06T21:35:47.8510342+08:00 pid=82668 tid=12 left-down x=2311 y=1771 wordForeground=False
2026-09-06T21:36:02.6169822+08:00 pid=82668 tid=12 left-down x=1216 y=1122 wordForeground=True
2026-09-06T21:36:02.9886312+08:00 pid=82668 tid=12 left-down x=1216 y=1122 wordForeground=True
2026-09-06T21:36:02.9886312+08:00 pid=82668 tid=12 double-click elapsedMs=372.168 withinX=True withinY=True nativeOleTarget=False suppressSecondDown=False dispatchCallback=True
2026-09-06T21:36:03.0956979+08:00 pid=82668 tid=41 callback-begin interceptedNativeOle=False x=1216 y=1122
2026-09-06T21:36:03.0956979+08:00 pid=82668 tid=41 addin-callback-received interceptedNativeOle=False x=1216 y=1122
2026-09-06T21:36:03.0956979+08:00 pid=82668 tid=41 callback-end
2026-09-06T21:36:03.0966986+08:00 pid=82668 tid=1 addin-coordinate-selection formulaId=<null> objectMode=<null>
2026-09-06T21:37:19.6088287+08:00 pid=82668 tid=12 left-down x=3336 y=1372 wordForeground=True
2026-09-06T21:37:26.0788622+08:00 pid=82668 tid=12 left-down x=2405 y=1625 wordForeground=False
2026-09-06T21:37:27.4724684+08:00 pid=82668 tid=12 left-down x=2310 y=1561 wordForeground=False
2026-09-06T21:37:29.8469170+08:00 pid=82668 tid=12 left-down x=3539 y=957 wordForeground=False
2026-09-06T21:37:31.7851063+08:00 pid=82668 tid=12 left-down x=2655 y=1907 wordForeground=False
2026-09-06T21:37:48.2518185+08:00 pid=82668 tid=12 left-down x=1382 y=1120 wordForeground=False
2026-09-06T21:37:51.6421427+08:00 pid=82668 tid=12 left-down x=2492 y=460 wordForeground=False
2026-09-06T21:38:18.5777013+08:00 pid=82668 tid=12 left-down x=1255 y=1032 wordForeground=True
2026-09-06T21:38:24.9622487+08:00 pid=82668 tid=12 left-down x=2693 y=1663 wordForeground=True
2026-09-06T21:38:26.4221535+08:00 pid=82668 tid=12 left-down x=3239 y=1682 wordForeground=False
2026-09-06T21:38:28.5205245+08:00 pid=82668 tid=12 left-down x=3146 y=1684 wordForeground=False
2026-09-06T21:38:45.6768337+08:00 pid=82668 tid=12 left-down x=1151 y=2140 wordForeground=False
2026-09-06T21:39:11.9366255+08:00 pid=82668 tid=12 left-down x=3303 y=1566 wordForeground=False
2026-09-06T21:39:17.7625008+08:00 pid=82668 tid=12 left-down x=3268 y=1483 wordForeground=False
2026-09-06T21:39:20.8406922+08:00 pid=82668 tid=12 left-down x=2801 y=1901 wordForeground=False
2026-09-06T21:39:32.1802715+08:00 pid=82668 tid=12 left-down x=2801 y=1901 wordForeground=True
2026-09-06T21:41:54.6003698+08:00 pid=82668 tid=12 left-down x=1872 y=722 wordForeground=True
2026-09-06T21:42:55.3024811+08:00 pid=82668 tid=12 left-down x=1332 y=734 wordForeground=True
2026-09-06T21:42:56.9667285+08:00 pid=82668 tid=12 left-down x=3277 y=1290 wordForeground=True
2026-09-06T21:44:10.3152935+08:00 pid=82668 tid=12 left-down x=1445 y=832 wordForeground=True
2026-09-06T21:44:10.6956005+08:00 pid=82668 tid=12 left-down x=1445 y=832 wordForeground=True
2026-09-06T21:44:10.6966003+08:00 pid=82668 tid=12 double-click elapsedMs=380.826 withinX=True withinY=True nativeOleTarget=False suppressSecondDown=False dispatchCallback=True
2026-09-06T21:44:10.7952145+08:00 pid=82668 tid=17 callback-begin interceptedNativeOle=False x=1445 y=832
2026-09-06T21:44:10.7952145+08:00 pid=82668 tid=17 addin-callback-received interceptedNativeOle=False x=1445 y=832
2026-09-06T21:44:10.7962169+08:00 pid=82668 tid=17 callback-end
2026-09-06T21:44:10.7992143+08:00 pid=82668 tid=1 addin-coordinate-selection formulaId=<null> objectMode=<null>
2026-09-06T21:44:12.4892274+08:00 pid=82668 tid=12 left-down x=3812 y=9 wordForeground=False
2026-09-06T21:44:14.7332220+08:00 pid=82668 tid=12 left-down x=1517 y=985 wordForeground=True
2026-09-06T21:44:43.2971061+08:00 pid=82668 tid=12 left-down x=1820 y=1993 wordForeground=True
2026-09-06T21:44:45.2047812+08:00 pid=82668 tid=12 left-down x=2265 y=1773 wordForeground=False
2026-09-06T21:45:35.3036115+08:00 pid=82668 tid=12 left-down x=1897 y=1997 wordForeground=False
2026-09-06T21:45:36.8337819+08:00 pid=82668 tid=12 left-down x=2373 y=1907 wordForeground=False
2026-09-06T21:45:37.9160211+08:00 pid=82668 tid=12 left-down x=2372 y=1627 wordForeground=False
2026-09-06T21:45:39.0464616+08:00 pid=82668 tid=12 left-down x=2305 y=1600 wordForeground=False
2026-09-06T21:45:41.5304134+08:00 pid=82668 tid=12 left-down x=3535 y=976 wordForeground=False
2026-09-06T21:45:43.0525613+08:00 pid=82668 tid=12 left-down x=2685 y=1869 wordForeground=False
2026-09-06T21:46:38.2066049+08:00 pid=82668 tid=12 left-down x=1982 y=2015 wordForeground=False
2026-09-06T21:46:45.4785000+08:00 pid=82668 tid=12 left-down x=852 y=2147 wordForeground=False
2026-09-06T21:46:48.9987519+08:00 pid=82668 tid=12 left-down x=2927 y=1203 wordForeground=False
2026-09-06T21:47:00.7318352+08:00 pid=82668 tid=12 left-down x=1718 y=624 wordForeground=False
2026-09-06T21:47:02.8621082+08:00 pid=82668 tid=12 left-down x=2217 y=1462 wordForeground=False
2026-09-06T21:47:32.3155957+08:00 pid=82668 tid=12 left-down x=1235 y=828 wordForeground=True
2026-09-06T21:47:40.4218623+08:00 pid=82668 tid=12 left-down x=1049 y=502 wordForeground=True
2026-09-06T21:47:45.8478530+08:00 pid=82668 tid=12 left-down x=403 y=1089 wordForeground=True
2026-09-06T21:47:46.2219927+08:00 pid=82668 tid=12 left-down x=403 y=1089 wordForeground=True
2026-09-06T21:47:46.2219927+08:00 pid=82668 tid=12 double-click elapsedMs=374.451 withinX=True withinY=True nativeOleTarget=False suppressSecondDown=False dispatchCallback=True
2026-09-06T21:47:46.3265907+08:00 pid=82668 tid=30 callback-begin interceptedNativeOle=False x=403 y=1089
2026-09-06T21:47:46.3265907+08:00 pid=82668 tid=30 addin-callback-received interceptedNativeOle=False x=403 y=1089
2026-09-06T21:47:46.3265907+08:00 pid=82668 tid=30 callback-end
2026-09-06T21:47:46.3275932+08:00 pid=82668 tid=1 addin-coordinate-selection formulaId=<null> objectMode=<null>
2026-09-06T21:47:56.6367744+08:00 pid=82668 tid=12 left-down x=584 y=1013 wordForeground=True
2026-09-06T21:48:00.9551277+08:00 pid=82668 tid=12 left-down x=2608 y=1634 wordForeground=True
2026-09-06T21:48:24.6200190+08:00 pid=82668 tid=12 left-down x=1927 y=1995 wordForeground=False
2026-09-06T21:48:27.0638823+08:00 pid=82668 tid=12 left-down x=2318 y=1897 wordForeground=False
2026-09-06T21:57:13.8654073+08:00 pid=82668 tid=12 left-down x=1938 y=2024 wordForeground=False
2026-09-06T21:57:15.5108730+08:00 pid=82668 tid=12 left-down x=2338 y=1891 wordForeground=False
2026-09-06T21:59:59.0730389+08:00 pid=82668 tid=12 left-down x=2320 y=1675 wordForeground=False
2026-09-06T22:00:03.1349321+08:00 pid=82668 tid=12 left-down x=686 y=2131 wordForeground=False
2026-09-06T22:00:05.8056119+08:00 pid=82668 tid=12 left-down x=1008 y=1231 wordForeground=False
2026-09-06T22:00:06.2174806+08:00 pid=82668 tid=12 left-down x=1008 y=1231 wordForeground=False
2026-09-06T22:00:08.5196254+08:00 pid=82668 tid=12 left-down x=2052 y=1288 wordForeground=False
2026-09-06T22:00:09.1879568+08:00 pid=82668 tid=12 left-down x=2052 y=1288 wordForeground=False
2026-09-06T22:00:10.2412646+08:00 pid=82668 tid=12 left-down x=2052 y=1288 wordForeground=False
