2026-09-06T19:04:26.4541816+08:00 pid=71532 tid=1 word-addin-loaded pid=71532 assembly=C:\Users\pojian_liao\AppData\Local\VisualTeX\office\remediation-builds\6EF02523AE3D2905EB83E155D14F50F4ED648E0D4D32BEB0451A2209D5955988\VisualTeX.WordVsto.dll mvid=c4a977af-350f-4711-8edf-58479190bf4b
2026-09-06T19:04:26.7869156+08:00 pid=71532 tid=1 hook-started handle=0x6DE5FD1
2026-09-06T19:04:26.9678613+08:00 pid=71532 tid=10 mathtype-native-preview-shared-prewarm-complete
2026-09-06T19:06:27.6673054+08:00 pid=71532 tid=12 left-down x=1317 y=747 wordForeground=False
2026-09-06T19:07:30.3765859+08:00 pid=71532 tid=12 left-down x=1792 y=747 wordForeground=False
2026-09-06T19:07:34.2204486+08:00 pid=71532 tid=1 word-undo-begin name=VisualTeX Insert MathType OLE Numbered Display Formula recording=False level=0
2026-09-06T19:07:34.2204486+08:00 pid=71532 tid=1 word-undo-started name=VisualTeX Insert MathType OLE Numbered Display Formula recording=True level=1
2026-09-06T19:07:34.2314486+08:00 pid=71532 tid=1 mathtype-insert-perf stage=resolve-insertion numbered=True inline=False deltaMs=12 totalMs=12
2026-09-06T19:07:34.2334485+08:00 pid=71532 tid=1 mathtype-insert-perf stage=clear-incomplete-number-row numbered=True inline=False deltaMs=1 totalMs=13
2026-09-06T19:07:34.2424476+08:00 pid=71532 tid=1 mathtype-insert-perf stage=number-template-heading-state numbered=True inline=False deltaMs=9 totalMs=22
2026-09-06T19:07:34.2444481+08:00 pid=71532 tid=1 mathtype-insert-perf stage=prepare-display-row numbered=True inline=False deltaMs=2 totalMs=24
2026-09-06T19:07:34.2645678+08:00 pid=71532 tid=1 mathtype-insert-perf stage=build-flat-opc numbered=True inline=False deltaMs=20 totalMs=44
2026-09-06T19:07:34.2645678+08:00 pid=71532 tid=1 mathtype-insert-perf stage=pre-insert-bookkeeping numbered=True inline=False deltaMs=0 totalMs=44
2026-09-06T19:07:34.3105676+08:00 pid=71532 tid=1 mathtype-insert-perf stage=insert-flat-opc numbered=True inline=False deltaMs=46 totalMs=90
2026-09-06T19:07:34.4310158+08:00 pid=71532 tid=1 mathtype-insert-perf stage=resolve-new-shape numbered=True inline=False deltaMs=121 totalMs=211
2026-09-06T19:07:34.4512797+08:00 pid=71532 tid=1 mathtype-insert-perf stage=set-shape-geometry numbered=True inline=False deltaMs=20 totalMs=231
2026-09-06T19:07:34.4512797+08:00 pid=71532 tid=1 mathtype-insert-perf stage=repair-inline-paragraph numbered=True inline=False deltaMs=0 totalMs=231
2026-09-06T19:07:34.4512797+08:00 pid=71532 tid=1 mathtype-insert-perf stage=refresh-native-shape numbered=True inline=False deltaMs=1 totalMs=232
2026-09-06T19:07:34.4900920+08:00 pid=71532 tid=1 mathtype-insert-perf stage=complete numbered=True inline=False deltaMs=38 totalMs=270
2026-09-06T19:07:34.4910935+08:00 pid=71532 tid=1 word-undo-end recording=False level=0
2026-09-06T19:07:34.5010989+08:00 pid=71532 tid=18 ribbon-session-operation-released sessionId=476b7189-33d8-4ed9-839d-e08c21850cf9
2026-09-06T19:08:14.5625951+08:00 pid=71532 tid=1 bulk-import bulk-import-start
2026-09-06T19:08:14.5810633+08:00 pid=71532 tid=24 bulk-import bulk-import-ui-created sessionId=5d99ca38-a671-421f-9e9c-72d1585e1b6e
2026-09-06T19:08:14.5880626+08:00 pid=71532 tid=18 bulk-import bulk-import-ui-opened sessionId=5d99ca38-a671-421f-9e9c-72d1585e1b6e
2026-09-06T19:08:18.3720127+08:00 pid=71532 tid=12 left-down x=1382 y=1120 wordForeground=False
2026-09-06T19:08:20.4532541+08:00 pid=71532 tid=12 left-down x=2332 y=460 wordForeground=False
2026-09-06T19:08:22.4099276+08:00 pid=71532 tid=12 left-down x=2492 y=460 wordForeground=False
2026-09-06T19:08:24.9125781+08:00 pid=71532 tid=24 bulk-import bulk-import-ui-finished sessionId=5d99ca38-a671-421f-9e9c-72d1585e1b6e status=committing error=<null>
2026-09-06T19:08:24.9275768+08:00 pid=71532 tid=24 bulk-import parsed blocks=15 formulas=6 mode=MathType fontSizePt=10.5
2026-09-06T19:08:24.9375776+08:00 pid=71532 tid=9 bulk-import render-prepare index=1/6 display=inline latex=\sqrt{E-u\left(x\right)}=\frac{1}{f\left(\omega\right)v_{ph}\left(\omega,x\right)}
2026-09-06T19:08:24.9395772+08:00 pid=71532 tid=9 bulk-import converter-create display=inline mode=mathTypeOle latex=\sqrt{E-u\left(x\right)}=\frac{1}{f\left(\omega\right)v_{ph}\left(\omega,x\right)}
2026-09-06T19:08:24.9475763+08:00 pid=71532 tid=18 bulk-import converter-created sessionId=2d37907f-b79d-44d3-a7de-b3c0a8b11f09
2026-09-06T19:08:24.9485767+08:00 pid=71532 tid=18 bulk-import render-prepare index=2/6 display=block latex=\begin{cases}\frac{\mathrm{d}}{\mathrm{d}\omega}\left(\omega f\left(\omega\right)\right)=0 \\ \frac{\omega f\left(\omega\right)}{2}\frac{\mathrm{d}E\left(\omega\right)}{\mathrm{d}\omega}=\sqrt{\frac{m}{2}} \end{cases}
2026-09-06T19:08:24.9485767+08:00 pid=71532 tid=18 bulk-import converter-create display=block mode=mathTypeOle latex=\begin{cases}\frac{\mathrm{d}}{\mathrm{d}\omega}\left(\omega f\left(\omega\right)\right)=0 \\ \frac{\omega f\left(\omega\right)}{2}\frac{\mathrm{d}E\left(\omega\right)}{\mathrm{d}\omega}=\sqrt{\frac{m}{2}} \end{cases}
2026-09-06T19:08:24.9525764+08:00 pid=71532 tid=24 bulk-import converter-created sessionId=99436c7d-e8f4-4e9b-8c03-26995a724edd
2026-09-06T19:08:24.9525764+08:00 pid=71532 tid=24 bulk-import render-prepare index=3/6 display=block latex=\sqrt{\frac{m}{2\left(E\left(\omega\right)-U\right)}}=\frac{\mathrm{d}}{\mathrm{d}\omega}\left(\omega\cdot f\left(\omega\right)\sqrt{\left(E\left(\omega\right)-U\right)}\right)
2026-09-06T19:08:24.9535770+08:00 pid=71532 tid=24 bulk-import converter-create display=block mode=mathTypeOle latex=\sqrt{\frac{m}{2\left(E\left(\omega\right)-U\right)}}=\frac{\mathrm{d}}{\mathrm{d}\omega}\left(\omega\cdot f\left(\omega\right)\sqrt{\left(E\left(\omega\right)-U\right)}\right)
2026-09-06T19:08:24.9585787+08:00 pid=71532 tid=18 bulk-import converter-created sessionId=8fe0876f-8d2f-4ca9-bd97-60942853de30
2026-09-06T19:08:24.9595772+08:00 pid=71532 tid=18 bulk-import render-prepare index=4/6 display=block latex=i\hbar \frac{\partial}{\partial t}\psi(\mathbf{r},t) = \left[ -\frac{\hbar^2}{2m}\nabla^2 + V(\mathbf{r},t) \right]\psi(\mathbf{r},t)
2026-09-06T19:08:24.9595772+08:00 pid=71532 tid=18 bulk-import converter-create display=block mode=mathTypeOle latex=i\hbar \frac{\partial}{\partial t}\psi(\mathbf{r},t) = \left[ -\frac{\hbar^2}{2m}\nabla^2 + V(\mathbf{r},t) \right]\psi(\mathbf{r},t)
2026-09-06T19:08:24.9625764+08:00 pid=71532 tid=24 bulk-import converter-created sessionId=d80c1154-c6ba-45c8-9b13-b20f98af7e96
2026-09-06T19:08:24.9635770+08:00 pid=71532 tid=24 bulk-import render-prepare index=5/6 display=block latex=\frac{\partial}{\partial t}\psi ^*\left( \vec{r} \right) \psi \left( \vec{r} \right) =\frac{i\hbar}{2m}\nabla \cdot \left[ \psi ^*\left( \vec{r} \right) \nabla \psi \left( \vec{r} \right) -\psi \left( \vec{r} \right) \nabla \psi ^*\left( r \right) \right]
2026-09-06T19:08:24.9635770+08:00 pid=71532 tid=24 bulk-import converter-create display=block mode=mathTypeOle latex=\frac{\partial}{\partial t}\psi ^*\left( \vec{r} \right) \psi \left( \vec{r} \right) =\frac{i\hbar}{2m}\nabla \cdot \left[ \psi ^*\left( \vec{r} \right) \nabla \psi \left( \vec{r} \right) -\psi \left( \vec{r} \right) \nabla \psi ^*\left( r \right) \right]
2026-09-06T19:08:24.9665772+08:00 pid=71532 tid=18 bulk-import converter-created sessionId=4c718445-4b5b-434a-b938-25dbda7fe44b
2026-09-06T19:08:24.9675764+08:00 pid=71532 tid=18 bulk-import render-prepare index=6/6 display=block latex=\frac{\partial}{\partial t}\rho \left( \vec{r},t \right) +\nabla \cdot \vec{j}=0
2026-09-06T19:08:24.9675764+08:00 pid=71532 tid=18 bulk-import converter-create display=block mode=mathTypeOle latex=\frac{\partial}{\partial t}\rho \left( \vec{r},t \right) +\nabla \cdot \vec{j}=0
2026-09-06T19:08:24.9715763+08:00 pid=71532 tid=24 bulk-import converter-created sessionId=519a60fb-497f-4c47-9c69-7346d99a7a8d
2026-09-06T19:08:24.9715763+08:00 pid=71532 tid=24 bulk-import render-batch-start unique=6 total=6
2026-09-06T19:08:25.0205768+08:00 pid=71532 tid=18 bulk-import render-batch-item sessionId=2d37907f-b79d-44d3-a7de-b3c0a8b11f09 status=committing display=inline
2026-09-06T19:08:25.0385804+08:00 pid=71532 tid=24 bulk-import render-batch-item sessionId=99436c7d-e8f4-4e9b-8c03-26995a724edd status=committing display=block
2026-09-06T19:08:25.0900744+08:00 pid=71532 tid=24 bulk-import render-batch-item sessionId=8fe0876f-8d2f-4ca9-bd97-60942853de30 status=committing display=block
2026-09-06T19:08:25.1127250+08:00 pid=71532 tid=18 bulk-import render-batch-item sessionId=d80c1154-c6ba-45c8-9b13-b20f98af7e96 status=committing display=block
2026-09-06T19:08:25.1347238+08:00 pid=71532 tid=24 bulk-import render-batch-item sessionId=4c718445-4b5b-434a-b938-25dbda7fe44b status=committing display=block
2026-09-06T19:08:25.1477263+08:00 pid=71532 tid=18 bulk-import render-batch-item sessionId=519a60fb-497f-4c47-9c69-7346d99a7a8d status=committing display=block
2026-09-06T19:08:25.1477263+08:00 pid=71532 tid=18 bulk-import render-batch-complete unique=6 elapsedMs=176
2026-09-06T19:08:25.4300268+08:00 pid=71532 tid=18 bulk-import mathtype-native-preview-batch templates=6 formulas=6 elapsedMs=273
2026-09-06T19:08:25.4874792+08:00 pid=71532 tid=1 word-undo-begin name=VisualTeX 批量导入 recording=False level=0
2026-09-06T19:08:25.4874792+08:00 pid=71532 tid=1 word-undo-started name=VisualTeX 批量导入 recording=True level=1
2026-09-06T19:08:25.5850552+08:00 pid=71532 tid=1 word-undo-begin name=VisualTeX Insert MathType OLE Inline Formula recording=True level=1
2026-09-06T19:08:25.5880571+08:00 pid=71532 tid=1 mathtype-insert-perf stage=resolve-insertion numbered=False inline=True deltaMs=2 totalMs=2
2026-09-06T19:08:25.5936496+08:00 pid=71532 tid=1 mathtype-insert-perf stage=build-flat-opc numbered=False inline=True deltaMs=6 totalMs=8
2026-09-06T19:08:25.5936496+08:00 pid=71532 tid=1 mathtype-insert-perf stage=pre-insert-bookkeeping numbered=False inline=True deltaMs=0 totalMs=8
2026-09-06T19:08:25.6296490+08:00 pid=71532 tid=1 mathtype-insert-perf stage=insert-flat-opc numbered=False inline=True deltaMs=36 totalMs=44
2026-09-06T19:08:25.6306483+08:00 pid=71532 tid=1 mathtype-insert-perf stage=resolve-new-shape numbered=False inline=True deltaMs=1 totalMs=45
2026-09-06T19:08:25.6436487+08:00 pid=71532 tid=1 mathtype-insert-perf stage=set-shape-geometry numbered=False inline=True deltaMs=13 totalMs=58
2026-09-06T19:08:25.6446485+08:00 pid=71532 tid=1 mathtype-insert-perf stage=repair-inline-paragraph numbered=False inline=True deltaMs=1 totalMs=59
2026-09-06T19:08:25.6446485+08:00 pid=71532 tid=1 mathtype-insert-perf stage=refresh-native-shape numbered=False inline=True deltaMs=0 totalMs=59
2026-09-06T19:08:25.6456485+08:00 pid=71532 tid=1 mathtype-insert-perf stage=set-native-baseline numbered=False inline=True deltaMs=1 totalMs=60
2026-09-06T19:08:25.6506487+08:00 pid=71532 tid=1 mathtype-insert-perf stage=restore-typing-baseline numbered=False inline=True deltaMs=5 totalMs=65
2026-09-06T19:08:25.6516485+08:00 pid=71532 tid=1 mathtype-insert-perf stage=complete numbered=False inline=True deltaMs=1 totalMs=66
2026-09-06T19:08:25.6777430+08:00 pid=71532 tid=1 word-undo-begin name=VisualTeX Insert MathType OLE Numbered Display Formula recording=True level=1
2026-09-06T19:08:25.6817422+08:00 pid=71532 tid=1 mathtype-insert-perf stage=resolve-insertion numbered=True inline=False deltaMs=3 totalMs=3
2026-09-06T19:08:25.6817422+08:00 pid=71532 tid=1 mathtype-insert-perf stage=clear-incomplete-number-row numbered=True inline=False deltaMs=0 totalMs=3
2026-09-06T19:08:25.6887425+08:00 pid=71532 tid=1 mathtype-insert-perf stage=number-template-heading-state numbered=True inline=False deltaMs=7 totalMs=10
2026-09-06T19:08:25.6887425+08:00 pid=71532 tid=1 mathtype-insert-perf stage=prepare-display-row numbered=True inline=False deltaMs=0 totalMs=10
2026-09-06T19:08:25.6947418+08:00 pid=71532 tid=1 mathtype-insert-perf stage=build-flat-opc numbered=True inline=False deltaMs=6 totalMs=16
2026-09-06T19:08:25.6947418+08:00 pid=71532 tid=1 mathtype-insert-perf stage=pre-insert-bookkeeping numbered=True inline=False deltaMs=1 totalMs=17
2026-09-06T19:08:25.7283514+08:00 pid=71532 tid=1 mathtype-insert-perf stage=insert-flat-opc numbered=True inline=False deltaMs=33 totalMs=50
2026-09-06T19:08:25.7293522+08:00 pid=71532 tid=1 mathtype-insert-perf stage=resolve-new-shape numbered=True inline=False deltaMs=0 totalMs=50
2026-09-06T19:08:25.7569487+08:00 pid=71532 tid=1 mathtype-insert-perf stage=set-shape-geometry numbered=True inline=False deltaMs=29 totalMs=79
2026-09-06T19:08:25.7569487+08:00 pid=71532 tid=1 mathtype-insert-perf stage=repair-inline-paragraph numbered=True inline=False deltaMs=0 totalMs=79
2026-09-06T19:08:25.7579487+08:00 pid=71532 tid=1 mathtype-insert-perf stage=refresh-native-shape numbered=True inline=False deltaMs=0 totalMs=79
2026-09-06T19:08:25.7859485+08:00 pid=71532 tid=1 mathtype-insert-perf stage=complete numbered=True inline=False deltaMs=28 totalMs=107
2026-09-06T19:08:25.8069488+08:00 pid=71532 tid=1 word-undo-begin name=VisualTeX Insert MathType OLE Numbered Display Formula recording=False level=0
2026-09-06T19:08:25.8069488+08:00 pid=71532 tid=1 word-undo-started name=VisualTeX Insert MathType OLE Numbered Display Formula recording=True level=1
2026-09-06T19:08:25.8103757+08:00 pid=71532 tid=1 mathtype-insert-perf stage=resolve-insertion numbered=True inline=False deltaMs=3 totalMs=3
2026-09-06T19:08:25.8103757+08:00 pid=71532 tid=1 mathtype-insert-perf stage=clear-incomplete-number-row numbered=True inline=False deltaMs=0 totalMs=3
2026-09-06T19:08:25.8161833+08:00 pid=71532 tid=1 mathtype-insert-perf stage=number-template-heading-state numbered=True inline=False deltaMs=5 totalMs=8
2026-09-06T19:08:25.8161833+08:00 pid=71532 tid=1 mathtype-insert-perf stage=prepare-display-row numbered=True inline=False deltaMs=1 totalMs=9
2026-09-06T19:08:25.8221833+08:00 pid=71532 tid=1 mathtype-insert-perf stage=build-flat-opc numbered=True inline=False deltaMs=6 totalMs=15
2026-09-06T19:08:25.8221833+08:00 pid=71532 tid=1 mathtype-insert-perf stage=pre-insert-bookkeeping numbered=True inline=False deltaMs=0 totalMs=15
2026-09-06T19:08:25.8535516+08:00 pid=71532 tid=1 mathtype-insert-perf stage=insert-flat-opc numbered=True inline=False deltaMs=31 totalMs=46
2026-09-06T19:08:25.8535516+08:00 pid=71532 tid=1 mathtype-insert-perf stage=resolve-new-shape numbered=True inline=False deltaMs=1 totalMs=47
2026-09-06T19:08:25.8715509+08:00 pid=71532 tid=1 mathtype-insert-perf stage=set-shape-geometry numbered=True inline=False deltaMs=18 totalMs=65
2026-09-06T19:08:25.8725512+08:00 pid=71532 tid=1 mathtype-insert-perf stage=repair-inline-paragraph numbered=True inline=False deltaMs=0 totalMs=65
2026-09-06T19:08:25.8725512+08:00 pid=71532 tid=1 mathtype-insert-perf stage=refresh-native-shape numbered=True inline=False deltaMs=0 totalMs=65
2026-09-06T19:08:25.8945512+08:00 pid=71532 tid=1 mathtype-insert-perf stage=complete numbered=True inline=False deltaMs=22 totalMs=87
2026-09-06T19:08:25.8945512+08:00 pid=71532 tid=1 word-undo-end recording=False level=0
2026-09-06T19:08:25.9535513+08:00 pid=71532 tid=1 word-undo-begin name=VisualTeX Insert MathType OLE Numbered Display Formula recording=False level=0
2026-09-06T19:08:25.9535513+08:00 pid=71532 tid=1 word-undo-started name=VisualTeX Insert MathType OLE Numbered Display Formula recording=True level=1
2026-09-06T19:08:25.9565511+08:00 pid=71532 tid=1 mathtype-insert-perf stage=resolve-insertion numbered=True inline=False deltaMs=3 totalMs=3
2026-09-06T19:08:25.9575520+08:00 pid=71532 tid=1 mathtype-insert-perf stage=clear-incomplete-number-row numbered=True inline=False deltaMs=0 totalMs=3
2026-09-06T19:08:25.9695510+08:00 pid=71532 tid=1 mathtype-heading-scope-state chapter=2 section=0 heading=793:809 formula=816
2026-09-06T19:08:26.2623890+08:00 pid=71532 tid=1 mathtype-insert-perf stage=number-template-heading-state numbered=True inline=False deltaMs=305 totalMs=308
2026-09-06T19:08:26.2623890+08:00 pid=71532 tid=1 mathtype-insert-perf stage=prepare-display-row numbered=True inline=False deltaMs=1 totalMs=309
2026-09-06T19:08:26.2683887+08:00 pid=71532 tid=1 mathtype-insert-perf stage=build-flat-opc numbered=True inline=False deltaMs=6 totalMs=315
2026-09-06T19:08:26.2693890+08:00 pid=71532 tid=1 mathtype-insert-perf stage=pre-insert-bookkeeping numbered=True inline=False deltaMs=0 totalMs=315
2026-09-06T19:08:26.3053897+08:00 pid=71532 tid=1 mathtype-insert-perf stage=insert-flat-opc numbered=True inline=False deltaMs=37 totalMs=352
2026-09-06T19:08:26.3063903+08:00 pid=71532 tid=1 mathtype-insert-perf stage=resolve-new-shape numbered=True inline=False deltaMs=0 totalMs=352
2026-09-06T19:08:26.3233891+08:00 pid=71532 tid=1 mathtype-insert-perf stage=set-shape-geometry numbered=True inline=False deltaMs=18 totalMs=370
2026-09-06T19:08:26.3243882+08:00 pid=71532 tid=1 mathtype-insert-perf stage=repair-inline-paragraph numbered=True inline=False deltaMs=0 totalMs=370
2026-09-06T19:08:26.3243882+08:00 pid=71532 tid=1 mathtype-insert-perf stage=refresh-native-shape numbered=True inline=False deltaMs=1 totalMs=371
2026-09-06T19:08:26.3665403+08:00 pid=71532 tid=1 mathtype-insert-perf stage=complete numbered=True inline=False deltaMs=42 totalMs=413
2026-09-06T19:08:26.3675401+08:00 pid=71532 tid=1 word-undo-end recording=False level=0
2026-09-06T19:08:26.4115409+08:00 pid=71532 tid=1 word-undo-begin name=VisualTeX Insert MathType OLE Numbered Display Formula recording=False level=0
2026-09-06T19:08:26.4125410+08:00 pid=71532 tid=1 word-undo-started name=VisualTeX Insert MathType OLE Numbered Display Formula recording=True level=1
2026-09-06T19:08:26.4155407+08:00 pid=71532 tid=1 mathtype-insert-perf stage=resolve-insertion numbered=True inline=False deltaMs=3 totalMs=3
2026-09-06T19:08:26.4155407+08:00 pid=71532 tid=1 mathtype-insert-perf stage=clear-incomplete-number-row numbered=True inline=False deltaMs=1 totalMs=4
2026-09-06T19:08:26.4395429+08:00 pid=71532 tid=1 mathtype-insert-perf stage=number-template-heading-state numbered=True inline=False deltaMs=23 totalMs=27
2026-09-06T19:08:26.4395429+08:00 pid=71532 tid=1 mathtype-insert-perf stage=prepare-display-row numbered=True inline=False deltaMs=0 totalMs=27
2026-09-06T19:08:26.4455407+08:00 pid=71532 tid=1 mathtype-insert-perf stage=build-flat-opc numbered=True inline=False deltaMs=6 totalMs=33
2026-09-06T19:08:26.4455407+08:00 pid=71532 tid=1 mathtype-insert-perf stage=pre-insert-bookkeeping numbered=True inline=False deltaMs=0 totalMs=33
2026-09-06T19:08:26.4765417+08:00 pid=71532 tid=1 mathtype-insert-perf stage=insert-flat-opc numbered=True inline=False deltaMs=31 totalMs=64
2026-09-06T19:08:26.4775404+08:00 pid=71532 tid=1 mathtype-insert-perf stage=resolve-new-shape numbered=True inline=False deltaMs=1 totalMs=65
2026-09-06T19:08:26.4965409+08:00 pid=71532 tid=1 mathtype-insert-perf stage=set-shape-geometry numbered=True inline=False deltaMs=19 totalMs=84
2026-09-06T19:08:26.4965409+08:00 pid=71532 tid=1 mathtype-insert-perf stage=repair-inline-paragraph numbered=True inline=False deltaMs=1 totalMs=85
2026-09-06T19:08:26.4975410+08:00 pid=71532 tid=1 mathtype-insert-perf stage=refresh-native-shape numbered=True inline=False deltaMs=0 totalMs=85
2026-09-06T19:08:26.5405417+08:00 pid=71532 tid=1 mathtype-insert-perf stage=complete numbered=True inline=False deltaMs=43 totalMs=128
2026-09-06T19:08:26.5415424+08:00 pid=71532 tid=1 word-undo-end recording=False level=0
2026-09-06T19:08:26.5866773+08:00 pid=71532 tid=1 word-undo-begin name=VisualTeX Insert MathType OLE Numbered Display Formula recording=False level=0
2026-09-06T19:08:26.5866773+08:00 pid=71532 tid=1 word-undo-started name=VisualTeX Insert MathType OLE Numbered Display Formula recording=True level=1
2026-09-06T19:08:26.5896228+08:00 pid=71532 tid=1 mathtype-insert-perf stage=resolve-insertion numbered=True inline=False deltaMs=3 totalMs=3
2026-09-06T19:08:26.5906233+08:00 pid=71532 tid=1 mathtype-insert-perf stage=clear-incomplete-number-row numbered=True inline=False deltaMs=1 totalMs=4
2026-09-06T19:08:26.6146225+08:00 pid=71532 tid=1 mathtype-insert-perf stage=number-template-heading-state numbered=True inline=False deltaMs=24 totalMs=28
2026-09-06T19:08:26.6156227+08:00 pid=71532 tid=1 mathtype-insert-perf stage=prepare-display-row numbered=True inline=False deltaMs=1 totalMs=29
2026-09-06T19:08:26.6226227+08:00 pid=71532 tid=1 mathtype-insert-perf stage=build-flat-opc numbered=True inline=False deltaMs=7 totalMs=36
2026-09-06T19:08:26.6226227+08:00 pid=71532 tid=1 mathtype-insert-perf stage=pre-insert-bookkeeping numbered=True inline=False deltaMs=0 totalMs=36
2026-09-06T19:08:26.6546231+08:00 pid=71532 tid=1 mathtype-insert-perf stage=insert-flat-opc numbered=True inline=False deltaMs=32 totalMs=68
2026-09-06T19:08:26.6546231+08:00 pid=71532 tid=1 mathtype-insert-perf stage=resolve-new-shape numbered=True inline=False deltaMs=0 totalMs=68
2026-09-06T19:08:26.6731991+08:00 pid=71532 tid=1 mathtype-insert-perf stage=set-shape-geometry numbered=True inline=False deltaMs=19 totalMs=87
2026-09-06T19:08:26.6731991+08:00 pid=71532 tid=1 mathtype-insert-perf stage=repair-inline-paragraph numbered=True inline=False deltaMs=0 totalMs=87
2026-09-06T19:08:26.6741998+08:00 pid=71532 tid=1 mathtype-insert-perf stage=refresh-native-shape numbered=True inline=False deltaMs=0 totalMs=87
2026-09-06T19:08:26.7169641+08:00 pid=71532 tid=1 mathtype-insert-perf stage=complete numbered=True inline=False deltaMs=43 totalMs=130
2026-09-06T19:08:26.7169641+08:00 pid=71532 tid=1 word-undo-end recording=False level=0
2026-09-06T19:08:26.9093229+08:00 pid=71532 tid=1 bulk-import-ole-identities-finalized repaired=0
2026-09-06T19:08:26.9093229+08:00 pid=71532 tid=1 word-undo-end recording=False level=0
2026-09-06T19:08:26.9103233+08:00 pid=71532 tid=26 bulk-import bulk-insert-complete blocks=15 formulas=6 elapsedMs=1479
2026-09-06T19:08:26.9103233+08:00 pid=71532 tid=26 bulk-import bulk-import-complete blocks=15 formulas=6 elapsedMs=12347
2026-09-06T19:08:26.9113228+08:00 pid=71532 tid=26 bulk-import bulk-operation-gate-released
2026-09-06T19:08:26.9433228+08:00 pid=71532 tid=24 office-session-finalization-complete sessions=7 completed=True
2026-09-06T19:09:50.6948537+08:00 pid=71532 tid=12 left-down x=913 y=194 wordForeground=True
2026-09-06T19:09:51.1117524+08:00 pid=71532 tid=1 word-undo-begin name=VisualTeX Set Equation Number Format recording=False level=0
2026-09-06T19:09:51.1117524+08:00 pid=71532 tid=1 word-undo-started name=VisualTeX Set Equation Number Format recording=True level=1
2026-09-06T19:09:51.1497509+08:00 pid=71532 tid=1 word-undo-end recording=False level=0
2026-09-06T19:10:12.0270274+08:00 pid=71532 tid=1 bulk-import bulk-import-start
2026-09-06T19:10:12.0490278+08:00 pid=71532 tid=15 bulk-import bulk-import-ui-created sessionId=c376a93d-7c24-4b90-a100-af0de6264623
2026-09-06T19:10:12.0540273+08:00 pid=71532 tid=15 bulk-import bulk-import-ui-opened sessionId=c376a93d-7c24-4b90-a100-af0de6264623
2026-09-06T19:10:15.8503763+08:00 pid=71532 tid=12 left-down x=1382 y=1120 wordForeground=False
2026-09-06T19:10:17.9793921+08:00 pid=71532 tid=12 left-down x=2332 y=460 wordForeground=False
2026-09-06T19:10:19.9578920+08:00 pid=71532 tid=12 left-down x=2492 y=460 wordForeground=False
2026-09-06T19:10:22.4454363+08:00 pid=71532 tid=14 bulk-import bulk-import-ui-finished sessionId=c376a93d-7c24-4b90-a100-af0de6264623 status=committing error=<null>
2026-09-06T19:10:22.4484375+08:00 pid=71532 tid=14 bulk-import parsed blocks=15 formulas=6 mode=MathType fontSizePt=10.5
2026-09-06T19:10:22.4584370+08:00 pid=71532 tid=16 bulk-import render-prepare index=1/6 display=inline latex=\sqrt{E-u\left(x\right)}=\frac{1}{f\left(\omega\right)v_{ph}\left(\omega,x\right)}
2026-09-06T19:10:22.4594376+08:00 pid=71532 tid=16 bulk-import converter-create display=inline mode=mathTypeOle latex=\sqrt{E-u\left(x\right)}=\frac{1}{f\left(\omega\right)v_{ph}\left(\omega,x\right)}
2026-09-06T19:10:22.4624372+08:00 pid=71532 tid=15 bulk-import converter-created sessionId=7f03a8e9-a1e9-47e6-bc4e-594a4cf6e861
2026-09-06T19:10:22.4634379+08:00 pid=71532 tid=15 bulk-import render-prepare index=2/6 display=block latex=\begin{cases}\frac{\mathrm{d}}{\mathrm{d}\omega}\left(\omega f\left(\omega\right)\right)=0 \\ \frac{\omega f\left(\omega\right)}{2}\frac{\mathrm{d}E\left(\omega\right)}{\mathrm{d}\omega}=\sqrt{\frac{m}{2}} \end{cases}
2026-09-06T19:10:22.4644377+08:00 pid=71532 tid=15 bulk-import converter-create display=block mode=mathTypeOle latex=\begin{cases}\frac{\mathrm{d}}{\mathrm{d}\omega}\left(\omega f\left(\omega\right)\right)=0 \\ \frac{\omega f\left(\omega\right)}{2}\frac{\mathrm{d}E\left(\omega\right)}{\mathrm{d}\omega}=\sqrt{\frac{m}{2}} \end{cases}
2026-09-06T19:10:22.4674380+08:00 pid=71532 tid=14 bulk-import converter-created sessionId=82f36434-042c-4e42-9e26-549166f231c2
2026-09-06T19:10:22.4674380+08:00 pid=71532 tid=14 bulk-import render-prepare index=3/6 display=block latex=\sqrt{\frac{m}{2\left(E\left(\omega\right)-U\right)}}=\frac{\mathrm{d}}{\mathrm{d}\omega}\left(\omega\cdot f\left(\omega\right)\sqrt{\left(E\left(\omega\right)-U\right)}\right)
2026-09-06T19:10:22.4684369+08:00 pid=71532 tid=14 bulk-import converter-create display=block mode=mathTypeOle latex=\sqrt{\frac{m}{2\left(E\left(\omega\right)-U\right)}}=\frac{\mathrm{d}}{\mathrm{d}\omega}\left(\omega\cdot f\left(\omega\right)\sqrt{\left(E\left(\omega\right)-U\right)}\right)
2026-09-06T19:10:22.4724361+08:00 pid=71532 tid=15 bulk-import converter-created sessionId=099f6562-4ca3-47df-98e7-ede6abbef71a
2026-09-06T19:10:22.4734383+08:00 pid=71532 tid=15 bulk-import render-prepare index=4/6 display=block latex=i\hbar \frac{\partial}{\partial t}\psi(\mathbf{r},t) = \left[ -\frac{\hbar^2}{2m}\nabla^2 + V(\mathbf{r},t) \right]\psi(\mathbf{r},t)
2026-09-06T19:10:22.4734383+08:00 pid=71532 tid=15 bulk-import converter-create display=block mode=mathTypeOle latex=i\hbar \frac{\partial}{\partial t}\psi(\mathbf{r},t) = \left[ -\frac{\hbar^2}{2m}\nabla^2 + V(\mathbf{r},t) \right]\psi(\mathbf{r},t)
2026-09-06T19:10:22.4774372+08:00 pid=71532 tid=14 bulk-import converter-created sessionId=a176ba6a-697c-43c6-908e-c36ebd69ee8d
2026-09-06T19:10:22.4774372+08:00 pid=71532 tid=14 bulk-import render-prepare index=5/6 display=block latex=\frac{\partial}{\partial t}\psi ^*\left( \vec{r} \right) \psi \left( \vec{r} \right) =\frac{i\hbar}{2m}\nabla \cdot \left[ \psi ^*\left( \vec{r} \right) \nabla \psi \left( \vec{r} \right) -\psi \left( \vec{r} \right) \nabla \psi ^*\left( r \right) \right]
2026-09-06T19:10:22.4784371+08:00 pid=71532 tid=14 bulk-import converter-create display=block mode=mathTypeOle latex=\frac{\partial}{\partial t}\psi ^*\left( \vec{r} \right) \psi \left( \vec{r} \right) =\frac{i\hbar}{2m}\nabla \cdot \left[ \psi ^*\left( \vec{r} \right) \nabla \psi \left( \vec{r} \right) -\psi \left( \vec{r} \right) \nabla \psi ^*\left( r \right) \right]
2026-09-06T19:10:22.4811302+08:00 pid=71532 tid=15 bulk-import converter-created sessionId=4eb7b157-d7a9-4340-bb94-448644a3ff92
2026-09-06T19:10:22.4821303+08:00 pid=71532 tid=15 bulk-import render-prepare index=6/6 display=block latex=\frac{\partial}{\partial t}\rho \left( \vec{r},t \right) +\nabla \cdot \vec{j}=0
2026-09-06T19:10:22.4821303+08:00 pid=71532 tid=15 bulk-import converter-create display=block mode=mathTypeOle latex=\frac{\partial}{\partial t}\rho \left( \vec{r},t \right) +\nabla \cdot \vec{j}=0
2026-09-06T19:10:22.4861299+08:00 pid=71532 tid=14 bulk-import converter-created sessionId=d6162126-7aab-4624-af66-21cb39d3331b
2026-09-06T19:10:22.4861299+08:00 pid=71532 tid=14 bulk-import render-batch-start unique=6 total=6
2026-09-06T19:10:22.5475506+08:00 pid=71532 tid=15 bulk-import render-batch-item sessionId=7f03a8e9-a1e9-47e6-bc4e-594a4cf6e861 status=committing display=inline
2026-09-06T19:10:22.5625509+08:00 pid=71532 tid=14 bulk-import render-batch-item sessionId=82f36434-042c-4e42-9e26-549166f231c2 status=committing display=block
2026-09-06T19:10:22.5801467+08:00 pid=71532 tid=15 bulk-import render-batch-item sessionId=099f6562-4ca3-47df-98e7-ede6abbef71a status=committing display=block
2026-09-06T19:10:22.5993682+08:00 pid=71532 tid=14 bulk-import render-batch-item sessionId=a176ba6a-697c-43c6-908e-c36ebd69ee8d status=committing display=block
2026-09-06T19:10:22.6183680+08:00 pid=71532 tid=15 bulk-import render-batch-item sessionId=4eb7b157-d7a9-4340-bb94-448644a3ff92 status=committing display=block
2026-09-06T19:10:22.6658689+08:00 pid=71532 tid=15 bulk-import render-batch-item sessionId=d6162126-7aab-4624-af66-21cb39d3331b status=committing display=block
2026-09-06T19:10:22.6668683+08:00 pid=71532 tid=15 bulk-import render-batch-complete unique=6 elapsedMs=179
2026-09-06T19:10:22.9170494+08:00 pid=71532 tid=15 bulk-import mathtype-native-preview-batch templates=6 formulas=6 elapsedMs=249
2026-09-06T19:10:22.9430501+08:00 pid=71532 tid=1 word-undo-begin name=VisualTeX 批量导入 recording=False level=0
2026-09-06T19:10:22.9430501+08:00 pid=71532 tid=1 word-undo-started name=VisualTeX 批量导入 recording=True level=1
2026-09-06T19:10:22.9880494+08:00 pid=71532 tid=1 word-undo-begin name=VisualTeX Insert MathType OLE Inline Formula recording=True level=1
2026-09-06T19:10:22.9910495+08:00 pid=71532 tid=1 mathtype-insert-perf stage=resolve-insertion numbered=False inline=True deltaMs=2 totalMs=2
2026-09-06T19:10:22.9970494+08:00 pid=71532 tid=1 mathtype-insert-perf stage=build-flat-opc numbered=False inline=True deltaMs=6 totalMs=8
2026-09-06T19:10:22.9970494+08:00 pid=71532 tid=1 mathtype-insert-perf stage=pre-insert-bookkeeping numbered=False inline=True deltaMs=0 totalMs=8
2026-09-06T19:10:23.0310837+08:00 pid=71532 tid=1 mathtype-insert-perf stage=insert-flat-opc numbered=False inline=True deltaMs=34 totalMs=42
2026-09-06T19:10:23.0310837+08:00 pid=71532 tid=1 mathtype-insert-perf stage=resolve-new-shape numbered=False inline=True deltaMs=1 totalMs=43
2026-09-06T19:10:23.0506564+08:00 pid=71532 tid=1 mathtype-insert-perf stage=set-shape-geometry numbered=False inline=True deltaMs=18 totalMs=61
2026-09-06T19:10:23.0506564+08:00 pid=71532 tid=1 mathtype-insert-perf stage=repair-inline-paragraph numbered=False inline=True deltaMs=1 totalMs=62
2026-09-06T19:10:23.0506564+08:00 pid=71532 tid=1 mathtype-insert-perf stage=refresh-native-shape numbered=False inline=True deltaMs=0 totalMs=62
2026-09-06T19:10:23.0516596+08:00 pid=71532 tid=1 mathtype-insert-perf stage=set-native-baseline numbered=False inline=True deltaMs=1 totalMs=63
2026-09-06T19:10:23.0536593+08:00 pid=71532 tid=1 mathtype-insert-perf stage=restore-typing-baseline numbered=False inline=True deltaMs=2 totalMs=65
2026-09-06T19:10:23.0536593+08:00 pid=71532 tid=1 mathtype-insert-perf stage=complete numbered=False inline=True deltaMs=0 totalMs=65
2026-09-06T19:10:23.0772199+08:00 pid=71532 tid=1 word-undo-begin name=VisualTeX Insert MathType OLE Numbered Display Formula recording=False level=0
2026-09-06T19:10:23.0772199+08:00 pid=71532 tid=1 word-undo-started name=VisualTeX Insert MathType OLE Numbered Display Formula recording=True level=1
2026-09-06T19:10:23.0802268+08:00 pid=71532 tid=1 mathtype-insert-perf stage=resolve-insertion numbered=True inline=False deltaMs=3 totalMs=3
2026-09-06T19:10:23.0802268+08:00 pid=71532 tid=1 mathtype-insert-perf stage=clear-incomplete-number-row numbered=True inline=False deltaMs=0 totalMs=3
2026-09-06T19:10:23.0812276+08:00 pid=71532 tid=1 mathtype-insert-perf stage=number-template-heading-state numbered=True inline=False deltaMs=0 totalMs=3
2026-09-06T19:10:23.0812276+08:00 pid=71532 tid=1 mathtype-insert-perf stage=prepare-display-row numbered=True inline=False deltaMs=1 totalMs=4
2026-09-06T19:10:23.0872274+08:00 pid=71532 tid=1 mathtype-insert-perf stage=build-flat-opc numbered=True inline=False deltaMs=6 totalMs=10
2026-09-06T19:10:23.0872274+08:00 pid=71532 tid=1 mathtype-insert-perf stage=pre-insert-bookkeeping numbered=True inline=False deltaMs=0 totalMs=10
2026-09-06T19:10:23.1198358+08:00 pid=71532 tid=1 mathtype-insert-perf stage=insert-flat-opc numbered=True inline=False deltaMs=32 totalMs=42
2026-09-06T19:10:23.1208376+08:00 pid=71532 tid=1 mathtype-insert-perf stage=resolve-new-shape numbered=True inline=False deltaMs=1 totalMs=43
2026-09-06T19:10:23.1408355+08:00 pid=71532 tid=1 mathtype-insert-perf stage=set-shape-geometry numbered=True inline=False deltaMs=20 totalMs=63
2026-09-06T19:10:23.1408355+08:00 pid=71532 tid=1 mathtype-insert-perf stage=repair-inline-paragraph numbered=True inline=False deltaMs=0 totalMs=63
2026-09-06T19:10:23.1408355+08:00 pid=71532 tid=1 mathtype-insert-perf stage=refresh-native-shape numbered=True inline=False deltaMs=1 totalMs=64
2026-09-06T19:10:23.1611519+08:00 pid=71532 tid=1 mathtype-insert-perf stage=complete numbered=True inline=False deltaMs=20 totalMs=84
2026-09-06T19:10:23.1621505+08:00 pid=71532 tid=1 word-undo-end recording=False level=0
2026-09-06T19:10:23.1841604+08:00 pid=71532 tid=1 word-undo-begin name=VisualTeX Insert MathType OLE Numbered Display Formula recording=False level=0
2026-09-06T19:10:23.1841604+08:00 pid=71532 tid=1 word-undo-started name=VisualTeX Insert MathType OLE Numbered Display Formula recording=True level=1
2026-09-06T19:10:23.1871613+08:00 pid=71532 tid=1 mathtype-insert-perf stage=resolve-insertion numbered=True inline=False deltaMs=3 totalMs=3
2026-09-06T19:10:23.1881603+08:00 pid=71532 tid=1 mathtype-insert-perf stage=clear-incomplete-number-row numbered=True inline=False deltaMs=0 totalMs=3
2026-09-06T19:10:23.1881603+08:00 pid=71532 tid=1 mathtype-insert-perf stage=number-template-heading-state numbered=True inline=False deltaMs=1 totalMs=4
2026-09-06T19:10:23.1891629+08:00 pid=71532 tid=1 mathtype-insert-perf stage=prepare-display-row numbered=True inline=False deltaMs=0 totalMs=4
2026-09-06T19:10:23.1951605+08:00 pid=71532 tid=1 mathtype-insert-perf stage=build-flat-opc numbered=True inline=False deltaMs=6 totalMs=10
2026-09-06T19:10:23.1951605+08:00 pid=71532 tid=1 mathtype-insert-perf stage=pre-insert-bookkeeping numbered=True inline=False deltaMs=1 totalMs=11
2026-09-06T19:10:23.2291604+08:00 pid=71532 tid=1 mathtype-insert-perf stage=insert-flat-opc numbered=True inline=False deltaMs=34 totalMs=45
2026-09-06T19:10:23.2301631+08:00 pid=71532 tid=1 mathtype-insert-perf stage=resolve-new-shape numbered=True inline=False deltaMs=1 totalMs=46
2026-09-06T19:10:23.2581603+08:00 pid=71532 tid=1 mathtype-insert-perf stage=set-shape-geometry numbered=True inline=False deltaMs=28 totalMs=74
2026-09-06T19:10:23.2581603+08:00 pid=71532 tid=1 mathtype-insert-perf stage=repair-inline-paragraph numbered=True inline=False deltaMs=0 totalMs=74
2026-09-06T19:10:23.2591606+08:00 pid=71532 tid=1 mathtype-insert-perf stage=refresh-native-shape numbered=True inline=False deltaMs=1 totalMs=75
2026-09-06T19:10:23.2751777+08:00 pid=71532 tid=1 mathtype-insert-perf stage=complete numbered=True inline=False deltaMs=15 totalMs=90
2026-09-06T19:10:23.2751777+08:00 pid=71532 tid=1 word-undo-end recording=False level=0
2026-09-06T19:10:23.3248695+08:00 pid=71532 tid=1 word-undo-begin name=VisualTeX Insert MathType OLE Numbered Display Formula recording=False level=0
2026-09-06T19:10:23.3258694+08:00 pid=71532 tid=1 word-undo-started name=VisualTeX Insert MathType OLE Numbered Display Formula recording=True level=1
2026-09-06T19:10:23.3284550+08:00 pid=71532 tid=1 mathtype-insert-perf stage=resolve-insertion numbered=True inline=False deltaMs=3 totalMs=3
2026-09-06T19:10:23.3284550+08:00 pid=71532 tid=1 mathtype-insert-perf stage=clear-incomplete-number-row numbered=True inline=False deltaMs=0 totalMs=3
2026-09-06T19:10:23.3294551+08:00 pid=71532 tid=1 mathtype-insert-perf stage=number-template-heading-state numbered=True inline=False deltaMs=1 totalMs=4
2026-09-06T19:10:23.3294551+08:00 pid=71532 tid=1 mathtype-insert-perf stage=prepare-display-row numbered=True inline=False deltaMs=0 totalMs=4
2026-09-06T19:10:23.3354577+08:00 pid=71532 tid=1 mathtype-insert-perf stage=build-flat-opc numbered=True inline=False deltaMs=6 totalMs=10
2026-09-06T19:10:23.3354577+08:00 pid=71532 tid=1 mathtype-insert-perf stage=pre-insert-bookkeeping numbered=True inline=False deltaMs=0 totalMs=10
2026-09-06T19:10:23.3674549+08:00 pid=71532 tid=1 mathtype-insert-perf stage=insert-flat-opc numbered=True inline=False deltaMs=31 totalMs=41
2026-09-06T19:10:23.3674549+08:00 pid=71532 tid=1 mathtype-insert-perf stage=resolve-new-shape numbered=True inline=False deltaMs=1 totalMs=42
2026-09-06T19:10:23.3864550+08:00 pid=71532 tid=1 mathtype-insert-perf stage=set-shape-geometry numbered=True inline=False deltaMs=19 totalMs=61
2026-09-06T19:10:23.3864550+08:00 pid=71532 tid=1 mathtype-insert-perf stage=repair-inline-paragraph numbered=True inline=False deltaMs=0 totalMs=61
2026-09-06T19:10:23.3864550+08:00 pid=71532 tid=1 mathtype-insert-perf stage=refresh-native-shape numbered=True inline=False deltaMs=0 totalMs=61
2026-09-06T19:10:23.4024558+08:00 pid=71532 tid=1 mathtype-insert-perf stage=complete numbered=True inline=False deltaMs=16 totalMs=77
2026-09-06T19:10:23.4024558+08:00 pid=71532 tid=1 word-undo-end recording=False level=0
2026-09-06T19:10:23.4320470+08:00 pid=71532 tid=1 word-undo-begin name=VisualTeX Insert MathType OLE Numbered Display Formula recording=False level=0
2026-09-06T19:10:23.4320470+08:00 pid=71532 tid=1 word-undo-started name=VisualTeX Insert MathType OLE Numbered Display Formula recording=True level=1
2026-09-06T19:10:23.4350464+08:00 pid=71532 tid=1 mathtype-insert-perf stage=resolve-insertion numbered=True inline=False deltaMs=3 totalMs=3
2026-09-06T19:10:23.4360475+08:00 pid=71532 tid=1 mathtype-insert-perf stage=clear-incomplete-number-row numbered=True inline=False deltaMs=0 totalMs=3
2026-09-06T19:10:23.4360475+08:00 pid=71532 tid=1 mathtype-insert-perf stage=number-template-heading-state numbered=True inline=False deltaMs=1 totalMs=4
2026-09-06T19:10:23.4370465+08:00 pid=71532 tid=1 mathtype-insert-perf stage=prepare-display-row numbered=True inline=False deltaMs=0 totalMs=4
2026-09-06T19:10:23.4420464+08:00 pid=71532 tid=1 mathtype-insert-perf stage=build-flat-opc numbered=True inline=False deltaMs=6 totalMs=10
2026-09-06T19:10:23.4430464+08:00 pid=71532 tid=1 mathtype-insert-perf stage=pre-insert-bookkeeping numbered=True inline=False deltaMs=0 totalMs=10
2026-09-06T19:10:23.4740465+08:00 pid=71532 tid=1 mathtype-insert-perf stage=insert-flat-opc numbered=True inline=False deltaMs=31 totalMs=41
2026-09-06T19:10:23.4740465+08:00 pid=71532 tid=1 mathtype-insert-perf stage=resolve-new-shape numbered=True inline=False deltaMs=1 totalMs=42
2026-09-06T19:10:23.4920463+08:00 pid=71532 tid=1 mathtype-insert-perf stage=set-shape-geometry numbered=True inline=False deltaMs=18 totalMs=60
2026-09-06T19:10:23.4930463+08:00 pid=71532 tid=1 mathtype-insert-perf stage=repair-inline-paragraph numbered=True inline=False deltaMs=0 totalMs=60
2026-09-06T19:10:23.4930463+08:00 pid=71532 tid=1 mathtype-insert-perf stage=refresh-native-shape numbered=True inline=False deltaMs=0 totalMs=60
2026-09-06T19:10:23.5090463+08:00 pid=71532 tid=1 mathtype-insert-perf stage=complete numbered=True inline=False deltaMs=16 totalMs=76
2026-09-06T19:10:23.5090463+08:00 pid=71532 tid=1 word-undo-end recording=False level=0
2026-09-06T19:10:23.5390471+08:00 pid=71532 tid=1 word-undo-begin name=VisualTeX Insert MathType OLE Numbered Display Formula recording=False level=0
2026-09-06T19:10:23.5390471+08:00 pid=71532 tid=1 word-undo-started name=VisualTeX Insert MathType OLE Numbered Display Formula recording=True level=1
2026-09-06T19:10:23.5420474+08:00 pid=71532 tid=1 mathtype-insert-perf stage=resolve-insertion numbered=True inline=False deltaMs=3 totalMs=3
2026-09-06T19:10:23.5430472+08:00 pid=71532 tid=1 mathtype-insert-perf stage=clear-incomplete-number-row numbered=True inline=False deltaMs=0 totalMs=3
2026-09-06T19:10:23.5440476+08:00 pid=71532 tid=1 mathtype-insert-perf stage=number-template-heading-state numbered=True inline=False deltaMs=1 totalMs=4
2026-09-06T19:10:23.5440476+08:00 pid=71532 tid=1 mathtype-insert-perf stage=prepare-display-row numbered=True inline=False deltaMs=1 totalMs=5
2026-09-06T19:10:23.5500465+08:00 pid=71532 tid=1 mathtype-insert-perf stage=build-flat-opc numbered=True inline=False deltaMs=5 totalMs=10
2026-09-06T19:10:23.5500465+08:00 pid=71532 tid=1 mathtype-insert-perf stage=pre-insert-bookkeeping numbered=True inline=False deltaMs=1 totalMs=11
2026-09-06T19:10:23.5840464+08:00 pid=71532 tid=1 mathtype-insert-perf stage=insert-flat-opc numbered=True inline=False deltaMs=34 totalMs=45
2026-09-06T19:10:23.5850471+08:00 pid=71532 tid=1 mathtype-insert-perf stage=resolve-new-shape numbered=True inline=False deltaMs=0 totalMs=45
2026-09-06T19:10:23.6140466+08:00 pid=71532 tid=1 mathtype-insert-perf stage=set-shape-geometry numbered=True inline=False deltaMs=29 totalMs=74
2026-09-06T19:10:23.6140466+08:00 pid=71532 tid=1 mathtype-insert-perf stage=repair-inline-paragraph numbered=True inline=False deltaMs=0 totalMs=74
2026-09-06T19:10:23.6150491+08:00 pid=71532 tid=1 mathtype-insert-perf stage=refresh-native-shape numbered=True inline=False deltaMs=1 totalMs=75
2026-09-06T19:10:23.6310467+08:00 pid=71532 tid=1 mathtype-insert-perf stage=complete numbered=True inline=False deltaMs=17 totalMs=92
2026-09-06T19:10:23.6310467+08:00 pid=71532 tid=1 word-undo-end recording=False level=0
2026-09-06T19:10:23.6774635+08:00 pid=71532 tid=1 bulk-import-ole-identities-finalized repaired=0
2026-09-06T19:10:23.6784626+08:00 pid=71532 tid=1 word-undo-end recording=False level=0
2026-09-06T19:10:23.6784626+08:00 pid=71532 tid=16 bulk-import bulk-insert-complete blocks=15 formulas=6 elapsedMs=760
2026-09-06T19:10:23.6794625+08:00 pid=71532 tid=16 bulk-import bulk-import-complete blocks=15 formulas=6 elapsedMs=11651
2026-09-06T19:10:23.6794625+08:00 pid=71532 tid=16 bulk-import bulk-operation-gate-released
2026-09-06T19:10:23.7110768+08:00 pid=71532 tid=30 office-session-finalization-complete sessions=7 completed=True
2026-09-06T19:10:55.8643050+08:00 pid=71532 tid=12 left-down x=913 y=366 wordForeground=True
2026-09-06T19:10:57.0446390+08:00 pid=71532 tid=1 word-undo-begin name=VisualTeX Set Equation Number Format recording=False level=0
2026-09-06T19:10:57.0446390+08:00 pid=71532 tid=1 word-undo-started name=VisualTeX Set Equation Number Format recording=True level=1
2026-09-06T19:10:57.0773026+08:00 pid=71532 tid=1 mathtype-heading-scope-state chapter=2 section=0 heading=379:395 formula=402
2026-09-06T19:10:57.9556623+08:00 pid=71532 tid=1 word-undo-end recording=False level=0
2026-09-06T19:11:40.9345186+08:00 pid=71532 tid=12 left-down x=3317 y=1332 wordForeground=True
2026-09-06T19:12:19.7909993+08:00 pid=71532 tid=12 left-down x=1099 y=716 wordForeground=True
2026-09-06T19:12:21.8238791+08:00 pid=71532 tid=1 word-undo-begin name=VisualTeX Insert Equation Reference recording=False level=0
2026-09-06T19:12:21.8248804+08:00 pid=71532 tid=1 word-undo-started name=VisualTeX Insert Equation Reference recording=True level=1
2026-09-06T19:12:21.8888943+08:00 pid=71532 tid=1 word-undo-end recording=True level=1
2026-09-06T19:12:21.8898948+08:00 pid=71532 tid=1 reference-insertion-complete target=MathType 公式 (2.0-1)
2026-09-06T19:14:32.8680647+08:00 pid=71532 tid=1 format-conversion-start sourceMode=mathTypeOle targetMode=wordOmml wholeDocument=True
2026-09-06T19:14:32.9250716+08:00 pid=71532 tid=1 format-conversion-plan-bulk-ole-snapshot count=6 elapsedMs=53
2026-09-06T19:14:32.9380710+08:00 pid=71532 tid=1 format-conversion-plan-perf stage=shape-access source=mathTypeOle index=1/6 deltaMs=11 totalMs=11
2026-09-06T19:14:32.9390723+08:00 pid=71532 tid=1 format-conversion-plan-perf stage=identify-mathtype source=mathTypeOle index=1/6 deltaMs=1 totalMs=12
2026-09-06T19:14:32.9420711+08:00 pid=71532 tid=1 format-conversion-plan-perf stage=read-mathml-bulk source=mathTypeOle index=1/6 deltaMs=3 totalMs=15
2026-09-06T19:14:32.9540723+08:00 pid=71532 tid=1 format-conversion-plan-perf stage=read-metadata source=mathTypeOle index=1/6 deltaMs=12 totalMs=27
2026-09-06T19:14:32.9550712+08:00 pid=71532 tid=1 format-conversion-plan-perf stage=number-position source=mathTypeOle index=1/6 deltaMs=1 totalMs=28
2026-09-06T19:14:32.9550712+08:00 pid=71532 tid=1 format-conversion-plan-perf stage=shape-range source=mathTypeOle index=1/6 deltaMs=1 totalMs=29
2026-09-06T19:14:32.9753124+08:00 pid=71532 tid=1 format-conversion-plan-perf stage=target-added source=mathTypeOle index=1/6 deltaMs=19 totalMs=48
2026-09-06T19:14:32.9763117+08:00 pid=71532 tid=1 format-conversion-plan-perf stage=shape-access source=mathTypeOle index=2/6 deltaMs=0 totalMs=0
2026-09-06T19:14:32.9763117+08:00 pid=71532 tid=1 format-conversion-plan-perf stage=identify-mathtype source=mathTypeOle index=2/6 deltaMs=0 totalMs=0
2026-09-06T19:14:32.9793097+08:00 pid=71532 tid=1 format-conversion-plan-perf stage=read-mathml-bulk source=mathTypeOle index=2/6 deltaMs=3 totalMs=3
2026-09-06T19:14:32.9823100+08:00 pid=71532 tid=1 format-conversion-plan-perf stage=read-metadata source=mathTypeOle index=2/6 deltaMs=3 totalMs=6
2026-09-06T19:14:32.9833098+08:00 pid=71532 tid=1 format-conversion-plan-perf stage=number-position source=mathTypeOle index=2/6 deltaMs=1 totalMs=7
2026-09-06T19:14:32.9833098+08:00 pid=71532 tid=1 format-conversion-plan-perf stage=shape-range source=mathTypeOle index=2/6 deltaMs=0 totalMs=7
2026-09-06T19:14:33.0003096+08:00 pid=71532 tid=1 format-conversion-plan-perf stage=target-added source=mathTypeOle index=2/6 deltaMs=17 totalMs=24
2026-09-06T19:14:33.0013095+08:00 pid=71532 tid=1 format-conversion-plan-perf stage=shape-access source=mathTypeOle index=3/6 deltaMs=0 totalMs=0
2026-09-06T19:14:33.0013095+08:00 pid=71532 tid=1 format-conversion-plan-perf stage=identify-mathtype source=mathTypeOle index=3/6 deltaMs=0 totalMs=0
2026-09-06T19:14:33.0053116+08:00 pid=71532 tid=1 format-conversion-plan-perf stage=read-mathml-bulk source=mathTypeOle index=3/6 deltaMs=4 totalMs=4
2026-09-06T19:14:33.0083105+08:00 pid=71532 tid=1 format-conversion-plan-perf stage=read-metadata source=mathTypeOle index=3/6 deltaMs=2 totalMs=6
2026-09-06T19:14:33.0083105+08:00 pid=71532 tid=1 format-conversion-plan-perf stage=number-position source=mathTypeOle index=3/6 deltaMs=1 totalMs=7
2026-09-06T19:14:33.0093101+08:00 pid=71532 tid=1 format-conversion-plan-perf stage=shape-range source=mathTypeOle index=3/6 deltaMs=0 totalMs=7
2026-09-06T19:14:33.0283102+08:00 pid=71532 tid=1 format-conversion-plan-perf stage=target-added source=mathTypeOle index=3/6 deltaMs=20 totalMs=27
2026-09-06T19:14:33.0293122+08:00 pid=71532 tid=1 format-conversion-plan-perf stage=shape-access source=mathTypeOle index=4/6 deltaMs=0 totalMs=0
2026-09-06T19:14:33.0303109+08:00 pid=71532 tid=1 format-conversion-plan-perf stage=identify-mathtype source=mathTypeOle index=4/6 deltaMs=0 totalMs=0
2026-09-06T19:14:33.0443109+08:00 pid=71532 tid=1 format-conversion-plan-perf stage=read-mathml-bulk source=mathTypeOle index=4/6 deltaMs=15 totalMs=15
2026-09-06T19:14:33.0473118+08:00 pid=71532 tid=1 format-conversion-plan-perf stage=read-metadata source=mathTypeOle index=4/6 deltaMs=2 totalMs=17
2026-09-06T19:14:33.0483125+08:00 pid=71532 tid=1 format-conversion-plan-perf stage=number-position source=mathTypeOle index=4/6 deltaMs=1 totalMs=18
2026-09-06T19:14:33.0483125+08:00 pid=71532 tid=1 format-conversion-plan-perf stage=shape-range source=mathTypeOle index=4/6 deltaMs=1 totalMs=19
2026-09-06T19:14:33.0669159+08:00 pid=71532 tid=1 format-conversion-plan-perf stage=target-added source=mathTypeOle index=4/6 deltaMs=18 totalMs=37
2026-09-06T19:14:33.0669159+08:00 pid=71532 tid=1 format-conversion-plan-perf stage=shape-access source=mathTypeOle index=5/6 deltaMs=0 totalMs=0
2026-09-06T19:14:33.0679136+08:00 pid=71532 tid=1 format-conversion-plan-perf stage=identify-mathtype source=mathTypeOle index=5/6 deltaMs=0 totalMs=0
2026-09-06T19:14:33.0709151+08:00 pid=71532 tid=1 format-conversion-plan-perf stage=read-mathml-bulk source=mathTypeOle index=5/6 deltaMs=3 totalMs=3
2026-09-06T19:14:33.0749153+08:00 pid=71532 tid=1 format-conversion-plan-perf stage=read-metadata source=mathTypeOle index=5/6 deltaMs=4 totalMs=7
2026-09-06T19:14:33.0759127+08:00 pid=71532 tid=1 format-conversion-plan-perf stage=number-position source=mathTypeOle index=5/6 deltaMs=1 totalMs=8
2026-09-06T19:14:33.0759127+08:00 pid=71532 tid=1 format-conversion-plan-perf stage=shape-range source=mathTypeOle index=5/6 deltaMs=0 totalMs=8
2026-09-06T19:14:33.0965119+08:00 pid=71532 tid=1 format-conversion-plan-perf stage=target-added source=mathTypeOle index=5/6 deltaMs=20 totalMs=28
2026-09-06T19:14:33.0965119+08:00 pid=71532 tid=1 format-conversion-plan-perf stage=shape-access source=mathTypeOle index=6/6 deltaMs=0 totalMs=0
2026-09-06T19:14:33.0975125+08:00 pid=71532 tid=1 format-conversion-plan-perf stage=identify-mathtype source=mathTypeOle index=6/6 deltaMs=0 totalMs=0
2026-09-06T19:14:33.1005124+08:00 pid=71532 tid=1 format-conversion-plan-perf stage=read-mathml-bulk source=mathTypeOle index=6/6 deltaMs=3 totalMs=3
2026-09-06T19:14:33.1035113+08:00 pid=71532 tid=1 format-conversion-plan-perf stage=read-metadata source=mathTypeOle index=6/6 deltaMs=3 totalMs=6
2026-09-06T19:14:33.1045144+08:00 pid=71532 tid=1 format-conversion-plan-perf stage=number-position source=mathTypeOle index=6/6 deltaMs=1 totalMs=7
2026-09-06T19:14:33.1045144+08:00 pid=71532 tid=1 format-conversion-plan-perf stage=shape-range source=mathTypeOle index=6/6 deltaMs=0 totalMs=7
2026-09-06T19:14:33.1230815+08:00 pid=71532 tid=1 format-conversion-plan-perf stage=target-added source=mathTypeOle index=6/6 deltaMs=19 totalMs=26
2026-09-06T19:14:33.1240816+08:00 pid=71532 tid=1 format-conversion-plan sourceMode=mathTypeOle targetMode=wordOmml targets=6
2026-09-06T19:14:36.6254088+08:00 pid=71532 tid=1 format-conversion-render-bypass sourceMode=mathTypeOle targetMode=wordOmml targets=6 reason=source-mathml-ready
2026-09-06T19:14:36.6254088+08:00 pid=71532 tid=1 format-conversion-word-apply-start sourceMode=mathTypeOle targetMode=wordOmml targets=6
2026-09-06T19:14:36.6514103+08:00 pid=71532 tid=1 format-conversion-runtime assembly=C:\Users\pojian_liao\AppData\Local\VisualTeX\office\remediation-builds\6EF02523AE3D2905EB83E155D14F50F4ED648E0D4D32BEB0451A2209D5955988\VisualTeX.WordVsto.dll source=mathTypeOle target=wordOmml targetIsVisualTeX=False targetIsMathType=False
2026-09-06T19:14:36.6655954+08:00 pid=71532 tid=1 format-conversion-reference-aliases-captured sourceMode=mathTypeOle formulaId=2cb748fb-fd81-45a1-85c1-9acbed088196 aliases=ZEqnNum100835
2026-09-06T19:14:36.9789609+08:00 pid=71532 tid=1 format-conversion-omml-batch-source-created formulas=6 elapsedMs=296
2026-09-06T19:14:37.7399814+08:00 pid=71532 tid=1 word-undo-begin name=VisualTeX Convert Formula Format recording=False level=0
2026-09-06T19:14:37.7399814+08:00 pid=71532 tid=1 word-undo-started name=VisualTeX Convert Formula Format recording=True level=1
2026-09-06T19:14:37.7409841+08:00 pid=71532 tid=1 format-conversion-undo-state stage=before-preferences document=文档7 recording=True level=1
2026-09-06T19:14:37.8176842+08:00 pid=71532 tid=1 format-conversion-transaction-start targets=6
2026-09-06T19:14:37.8186846+08:00 pid=71532 tid=1 format-conversion-undo-state stage=after-preferences document=文档7 recording=True level=1
2026-09-06T19:14:37.8273166+08:00 pid=71532 tid=1 format-conversion-block-omml-groups groups=1 formulas=2
2026-09-06T19:14:37.8343146+08:00 pid=71532 tid=1 format-conversion-mathtype-source-identity-bound formulaId=dc8b3c23-7548-485e-9234-6b3d659cda4b bookmark=VTFCI_fc7ed6212cbc41b8981e25a32b336bd3 range=1233:1259
2026-09-06T19:14:37.8353169+08:00 pid=71532 tid=1 format-conversion-undo-state stage=before-source-delete document=文档7 recording=True level=1
2026-09-06T19:14:37.8399309+08:00 pid=71532 tid=1 format-conversion-mathtype-paragraph-atomically-replaced formulaId=dc8b3c23-7548-485e-9234-6b3d659cda4b range=1232:1232 start=1232
2026-09-06T19:14:37.8409324+08:00 pid=71532 tid=1 format-conversion-perf stage=delete-source-host formulaId=dc8b3c23-7548-485e-9234-6b3d659cda4b numbered=True deltaMs=7 totalMs=7
2026-09-06T19:14:37.8409324+08:00 pid=71532 tid=1 format-conversion-undo-state stage=after-source-delete document=文档7 recording=True level=1
2026-09-06T19:14:37.8419318+08:00 pid=71532 tid=1 format-conversion-forward-source-check stage=delete-source formulaId=dc8b3c23-7548-485e-9234-6b3d659cda4b bookmarkMissing=True present=False
2026-09-06T19:14:37.8609314+08:00 pid=71532 tid=1 word-undo-begin name=VisualTeX Insert Word OMML Display Formula recording=True level=1
2026-09-06T19:14:37.9064201+08:00 pid=71532 tid=1 format-conversion-subperf [perf] InsertOmml.detach-mathtype-style: +45ms (45ms total)
2026-09-06T19:14:37.9064201+08:00 pid=71532 tid=1 format-conversion-subperf [perf] InsertOmml.insert-native-omml: +1ms (46ms total)
2026-09-06T19:14:37.9354202+08:00 pid=71532 tid=1 format-conversion-subperf [perf] InsertOmml.post-reconcile-layout: +28ms (74ms total)
2026-09-06T19:14:37.9354202+08:00 pid=71532 tid=1 format-conversion-subperf [perf] InsertOmml.final-fingerprint: +0ms (74ms total)
2026-09-06T19:14:37.9364210+08:00 pid=71532 tid=1 format-conversion-subperf [perf] InsertOmml.final-anchor: +1ms (75ms total)
2026-09-06T19:14:37.9504206+08:00 pid=71532 tid=1 format-conversion-subperf [perf] InsertOmml.final-metadata: +14ms (89ms total)
2026-09-06T19:14:37.9514207+08:00 pid=71532 tid=1 format-conversion-perf stage=insert-target formulaId=dc8b3c23-7548-485e-9234-6b3d659cda4b numbered=True deltaMs=111 totalMs=118
2026-09-06T19:14:37.9514207+08:00 pid=71532 tid=1 format-conversion-undo-state stage=after-target-insert document=文档7 recording=True level=1
2026-09-06T19:14:37.9514207+08:00 pid=71532 tid=1 format-conversion-forward-source-check stage=insert-target formulaId=dc8b3c23-7548-485e-9234-6b3d659cda4b bookmarkMissing=True present=False
2026-09-06T19:14:37.9826536+08:00 pid=71532 tid=1 format-conversion-target-stable formulaId=dc8b3c23-7548-485e-9234-6b3d659cda4b targetMode=wordOmml count=1 elapsedMs=30
2026-09-06T19:14:37.9826536+08:00 pid=71532 tid=1 format-conversion-forward-source-check stage=post-transaction formulaId=dc8b3c23-7548-485e-9234-6b3d659cda4b bookmarkMissing=True present=False
2026-09-06T19:14:37.9826536+08:00 pid=71532 tid=1 format-conversion-perf stage=verify-target formulaId=dc8b3c23-7548-485e-9234-6b3d659cda4b numbered=True deltaMs=31 totalMs=149
2026-09-06T19:14:37.9836536+08:00 pid=71532 tid=1 format-conversion-mathtype-source-identity-bound formulaId=abb55bdb-0b7c-48b1-a2d1-4e393f237ed6 bookmark=VTFCI_20b4cddc932e49c4ab772ab8996979d2 range=980:1006
2026-09-06T19:14:37.9846549+08:00 pid=71532 tid=1 format-conversion-undo-state stage=before-source-delete document=文档7 recording=True level=1
2026-09-06T19:14:37.9886569+08:00 pid=71532 tid=1 format-conversion-mathtype-paragraph-atomically-replaced formulaId=abb55bdb-0b7c-48b1-a2d1-4e393f237ed6 range=979:979 start=979
2026-09-06T19:14:37.9886569+08:00 pid=71532 tid=1 format-conversion-perf stage=delete-source-host formulaId=abb55bdb-0b7c-48b1-a2d1-4e393f237ed6 numbered=True deltaMs=5 totalMs=5
2026-09-06T19:14:37.9886569+08:00 pid=71532 tid=1 format-conversion-undo-state stage=after-source-delete document=文档7 recording=True level=1
2026-09-06T19:14:37.9886569+08:00 pid=71532 tid=1 format-conversion-forward-source-check stage=delete-source formulaId=abb55bdb-0b7c-48b1-a2d1-4e393f237ed6 bookmarkMissing=True present=False
2026-09-06T19:14:37.9926520+08:00 pid=71532 tid=1 word-undo-begin name=VisualTeX Insert Word OMML Display Formula recording=True level=1
2026-09-06T19:14:38.0462267+08:00 pid=71532 tid=1 format-conversion-subperf [perf] InsertOmml.detach-mathtype-style: +53ms (53ms total)
2026-09-06T19:14:38.0462267+08:00 pid=71532 tid=1 format-conversion-subperf [perf] InsertOmml.insert-native-omml: +0ms (53ms total)
2026-09-06T19:14:38.0777731+08:00 pid=71532 tid=1 format-conversion-subperf [perf] InsertOmml.post-reconcile-layout: +31ms (84ms total)
2026-09-06T19:14:38.0777731+08:00 pid=71532 tid=1 format-conversion-subperf [perf] InsertOmml.final-fingerprint: +1ms (85ms total)
2026-09-06T19:14:38.0787745+08:00 pid=71532 tid=1 format-conversion-subperf [perf] InsertOmml.final-anchor: +1ms (86ms total)
2026-09-06T19:14:38.0807741+08:00 pid=71532 tid=1 format-conversion-subperf [perf] InsertOmml.final-metadata: +1ms (87ms total)
2026-09-06T19:14:38.0817741+08:00 pid=71532 tid=1 format-conversion-perf stage=insert-target formulaId=abb55bdb-0b7c-48b1-a2d1-4e393f237ed6 numbered=True deltaMs=93 totalMs=98
2026-09-06T19:14:38.0817741+08:00 pid=71532 tid=1 format-conversion-undo-state stage=after-target-insert document=文档7 recording=True level=1
2026-09-06T19:14:38.0827725+08:00 pid=71532 tid=1 format-conversion-forward-source-check stage=insert-target formulaId=abb55bdb-0b7c-48b1-a2d1-4e393f237ed6 bookmarkMissing=True present=False
2026-09-06T19:14:38.1233633+08:00 pid=71532 tid=1 format-conversion-target-stable formulaId=abb55bdb-0b7c-48b1-a2d1-4e393f237ed6 targetMode=wordOmml count=2 elapsedMs=40
2026-09-06T19:14:38.1233633+08:00 pid=71532 tid=1 format-conversion-forward-source-check stage=post-transaction formulaId=abb55bdb-0b7c-48b1-a2d1-4e393f237ed6 bookmarkMissing=True present=False
2026-09-06T19:14:38.1233633+08:00 pid=71532 tid=1 format-conversion-perf stage=verify-target formulaId=abb55bdb-0b7c-48b1-a2d1-4e393f237ed6 numbered=True deltaMs=42 totalMs=140
2026-09-06T19:14:38.1243636+08:00 pid=71532 tid=1 format-conversion-mathtype-source-identity-bound formulaId=2cb748fb-fd81-45a1-85c1-9acbed088196 bookmark=VTFCI_bfc7649aff214af29f2f2acb0b4a1242 range=737:763
2026-09-06T19:14:38.1253617+08:00 pid=71532 tid=1 format-conversion-undo-state stage=before-source-delete document=文档7 recording=True level=1
2026-09-06T19:14:38.1283609+08:00 pid=71532 tid=1 format-conversion-mathtype-paragraph-atomically-replaced formulaId=2cb748fb-fd81-45a1-85c1-9acbed088196 range=736:736 start=736
2026-09-06T19:14:38.1283609+08:00 pid=71532 tid=1 format-conversion-perf stage=delete-source-host formulaId=2cb748fb-fd81-45a1-85c1-9acbed088196 numbered=True deltaMs=5 totalMs=5
2026-09-06T19:14:38.1293608+08:00 pid=71532 tid=1 format-conversion-undo-state stage=after-source-delete document=文档7 recording=True level=1
2026-09-06T19:14:38.1293608+08:00 pid=71532 tid=1 format-conversion-forward-source-check stage=delete-source formulaId=2cb748fb-fd81-45a1-85c1-9acbed088196 bookmarkMissing=True present=False
2026-09-06T19:14:38.1363619+08:00 pid=71532 tid=1 word-undo-begin name=VisualTeX Insert Word OMML Display Formula recording=True level=1
2026-09-06T19:14:38.1925217+08:00 pid=71532 tid=1 format-conversion-subperf [perf] InsertOmml.detach-mathtype-style: +55ms (55ms total)
2026-09-06T19:14:38.1925217+08:00 pid=71532 tid=1 format-conversion-subperf [perf] InsertOmml.insert-native-omml: +0ms (55ms total)
2026-09-06T19:14:38.2372945+08:00 pid=71532 tid=1 format-conversion-subperf [perf] InsertOmml.post-reconcile-layout: +45ms (100ms total)
2026-09-06T19:14:38.2372945+08:00 pid=71532 tid=1 format-conversion-subperf [perf] InsertOmml.final-fingerprint: +0ms (100ms total)
2026-09-06T19:14:38.2372945+08:00 pid=71532 tid=1 format-conversion-subperf [perf] InsertOmml.final-anchor: +0ms (100ms total)
2026-09-06T19:14:38.2392956+08:00 pid=71532 tid=1 format-conversion-subperf [perf] InsertOmml.final-metadata: +2ms (102ms total)
2026-09-06T19:14:38.2392956+08:00 pid=71532 tid=1 format-conversion-perf stage=insert-target formulaId=2cb748fb-fd81-45a1-85c1-9acbed088196 numbered=True deltaMs=110 totalMs=115
2026-09-06T19:14:38.2392956+08:00 pid=71532 tid=1 format-conversion-undo-state stage=after-target-insert document=文档7 recording=True level=1
2026-09-06T19:14:38.2402976+08:00 pid=71532 tid=1 format-conversion-forward-source-check stage=insert-target formulaId=2cb748fb-fd81-45a1-85c1-9acbed088196 bookmarkMissing=True present=False
2026-09-06T19:14:38.2803410+08:00 pid=71532 tid=1 format-conversion-target-stable formulaId=2cb748fb-fd81-45a1-85c1-9acbed088196 targetMode=wordOmml count=3 elapsedMs=39
2026-09-06T19:14:38.2803410+08:00 pid=71532 tid=1 format-conversion-forward-source-check stage=post-transaction formulaId=2cb748fb-fd81-45a1-85c1-9acbed088196 bookmarkMissing=True present=False
2026-09-06T19:14:38.2803410+08:00 pid=71532 tid=1 format-conversion-perf stage=verify-target formulaId=2cb748fb-fd81-45a1-85c1-9acbed088196 numbered=True deltaMs=41 totalMs=156
2026-09-06T19:14:38.7275173+08:00 pid=71532 tid=1 format-conversion-block-omml-group-complete count=2 range=81:551 sourceCount=3->1 targetCount=3->5
2026-09-06T19:14:38.7295171+08:00 pid=71532 tid=1 format-conversion-mathtype-source-identity-bound formulaId=21605e03-b133-478c-9be4-58451b9d4284 bookmark=VTFCI_cfd73196e5b64d7997c4cda0f9234c91 range=54:80
2026-09-06T19:14:38.7305176+08:00 pid=71532 tid=1 format-conversion-undo-state stage=before-source-delete document=文档7 recording=False level=0
2026-09-06T19:14:38.7705160+08:00 pid=71532 tid=1 format-conversion-perf stage=delete-source-host formulaId=21605e03-b133-478c-9be4-58451b9d4284 numbered=False deltaMs=43 totalMs=43
2026-09-06T19:14:38.7715170+08:00 pid=71532 tid=1 format-conversion-undo-state stage=after-source-delete document=文档7 recording=False level=0
2026-09-06T19:14:38.7715170+08:00 pid=71532 tid=1 format-conversion-forward-source-check stage=delete-source formulaId=21605e03-b133-478c-9be4-58451b9d4284 bookmarkMissing=True present=False
2026-09-06T19:14:38.7725177+08:00 pid=71532 tid=1 word-undo-begin name=VisualTeX Insert Word OMML Inline Formula recording=False level=0
2026-09-06T19:14:38.7725177+08:00 pid=71532 tid=1 word-undo-started name=VisualTeX Insert Word OMML Inline Formula recording=True level=1
2026-09-06T19:14:38.8356279+08:00 pid=71532 tid=1 format-conversion-subperf [perf] InsertOmml.insert-native-omml: +63ms (63ms total)
2026-09-06T19:14:39.1443032+08:00 pid=71532 tid=1 format-conversion-subperf [perf] InsertOmml.post-reconcile-layout: +309ms (372ms total)
2026-09-06T19:14:39.1443032+08:00 pid=71532 tid=1 format-conversion-subperf [perf] InsertOmml.final-fingerprint: +0ms (372ms total)
2026-09-06T19:14:39.1453029+08:00 pid=71532 tid=1 format-conversion-subperf [perf] InsertOmml.final-anchor: +0ms (372ms total)
2026-09-06T19:14:39.1463033+08:00 pid=71532 tid=1 format-conversion-subperf [perf] InsertOmml.final-metadata: +2ms (374ms total)
2026-09-06T19:14:39.1463033+08:00 pid=71532 tid=1 word-undo-end recording=False level=0
2026-09-06T19:14:39.1473021+08:00 pid=71532 tid=1 format-conversion-perf stage=insert-target formulaId=21605e03-b133-478c-9be4-58451b9d4284 numbered=False deltaMs=376 totalMs=419
2026-09-06T19:14:39.1473021+08:00 pid=71532 tid=1 format-conversion-undo-state stage=after-target-insert document=文档7 recording=False level=0
2026-09-06T19:14:39.1473021+08:00 pid=71532 tid=1 format-conversion-forward-source-check stage=insert-target formulaId=21605e03-b133-478c-9be4-58451b9d4284 bookmarkMissing=True present=False
2026-09-06T19:14:39.1853045+08:00 pid=71532 tid=1 format-conversion-target-stable formulaId=21605e03-b133-478c-9be4-58451b9d4284 targetMode=wordOmml count=6 elapsedMs=37
2026-09-06T19:14:39.1863029+08:00 pid=71532 tid=1 format-conversion-forward-source-check stage=post-transaction formulaId=21605e03-b133-478c-9be4-58451b9d4284 bookmarkMissing=True present=False
2026-09-06T19:14:39.1863029+08:00 pid=71532 tid=1 format-conversion-perf stage=verify-target formulaId=21605e03-b133-478c-9be4-58451b9d4284 numbered=False deltaMs=39 totalMs=458
2026-09-06T19:14:39.1873032+08:00 pid=71532 tid=1 format-conversion-finalize-perf stage=source-residual-check sourceMode=mathTypeOle targetMode=wordOmml deltaMs=0 totalMs=0
2026-09-06T19:14:39.1883036+08:00 pid=71532 tid=1 format-conversion-finalize-perf stage=target-count-check sourceMode=mathTypeOle targetMode=wordOmml deltaMs=1 totalMs=1
2026-09-06T19:14:39.1893035+08:00 pid=71532 tid=1 format-conversion-undo-state stage=before-source-window-close-commit document=文档7 recording=False level=0
2026-09-06T19:14:39.1893035+08:00 pid=71532 tid=1 format-conversion-undo-state stage=after-source-window-close-commit document=文档7 recording=False level=0
2026-09-06T19:14:39.4411335+08:00 pid=71532 tid=1 word-undo-begin name=VisualTeX Finalize Formula Conversion recording=False level=0
2026-09-06T19:14:39.4421335+08:00 pid=71532 tid=1 word-undo-started name=VisualTeX Finalize Formula Conversion recording=True level=1
2026-09-06T19:14:39.5104365+08:00 pid=71532 tid=1 word-xml-incomplete-export document=文档7 attempt=1 maths=0/6 oles=0/0
2026-09-06T19:14:39.6160262+08:00 pid=71532 tid=1 format-conversion-omml-identities-before-numbering count=6
2026-09-06T19:14:39.6160262+08:00 pid=71532 tid=1 format-conversion-number-format-restored format=heading2-dash
2026-09-06T19:14:46.4337501+08:00 pid=71532 tid=1 format-conversion-numbering-direct-table-complete targetMode=wordOmml built=5 removedBlankParagraphs=5
2026-09-06T19:14:46.4347522+08:00 pid=71532 tid=1 format-conversion-adjacent-ole-identities-rebound count=0
2026-09-06T19:14:46.4632230+08:00 pid=71532 tid=1 format-conversion-numbering-table-rows-grouped boundaries=1 formulas=5
2026-09-06T19:14:46.4999447+08:00 pid=71532 tid=1 format-conversion-reference-aliases-restored sourceMode=mathTypeOle targetMode=wordOmml aliases=1 refreshedReferences=0 restoredFormatting=1
2026-09-06T19:14:46.5140230+08:00 pid=71532 tid=1 format-conversion-finalize-perf stage=numbering-reconcile sourceMode=mathTypeOle targetMode=wordOmml deltaMs=7325 totalMs=7326
2026-09-06T19:14:46.6030801+08:00 pid=71532 tid=1 format-conversion-omml-fingerprints-finalized count=6
2026-09-06T19:14:46.6030801+08:00 pid=71532 tid=1 format-conversion-finalize-perf stage=omml-fingerprint-refresh sourceMode=mathTypeOle targetMode=wordOmml deltaMs=90 totalMs=7416
2026-09-06T19:14:46.6040803+08:00 pid=71532 tid=1 format-conversion-transaction-completed targets=6
2026-09-06T19:14:46.6050852+08:00 pid=71532 tid=1 format-conversion-word-apply-finished sourceMode=mathTypeOle targetMode=wordOmml converted=6 failed=0
2026-09-06T19:14:46.6070808+08:00 pid=71532 tid=1 format-conversion-complete source=MathType target=OMML converted=6 failed=0
2026-09-06T19:16:35.3611340+08:00 pid=71532 tid=12 left-down x=2718 y=1688 wordForeground=True
2026-09-06T19:16:44.9239132+08:00 pid=71532 tid=12 left-down x=1144 y=2139 wordForeground=False
2026-09-06T19:17:04.6460094+08:00 pid=71532 tid=12 left-down x=2617 y=1924 wordForeground=False
2026-09-06T19:17:05.7824039+08:00 pid=71532 tid=12 left-down x=1143 y=1214 wordForeground=False
2026-09-06T19:17:06.7537812+08:00 pid=71532 tid=12 left-down x=2443 y=1559 wordForeground=True
2026-09-06T19:17:07.9264431+08:00 pid=71532 tid=12 left-down x=2901 y=1707 wordForeground=False
2026-09-06T19:18:09.6016793+08:00 pid=71532 tid=1 word-undo-begin name=VisualTeX Convert or Update Word OMML Formula recording=False level=0
2026-09-06T19:18:09.6026790+08:00 pid=71532 tid=1 word-undo-started name=VisualTeX Convert or Update Word OMML Formula recording=True level=1
2026-09-06T19:18:09.6046789+08:00 pid=71532 tid=1 format-conversion-subperf [perf] ReplaceOmml.locate-target: +3ms (3ms total)
2026-09-06T19:18:09.7426753+08:00 pid=71532 tid=1 format-conversion-subperf [perf] ReplaceOmml.source-range-resolve: +137ms (140ms total)
2026-09-06T19:18:09.7626760+08:00 pid=71532 tid=1 format-conversion-subperf [perf] ReplaceOmml.rollback-capture: +21ms (161ms total)
2026-09-06T19:18:12.0490361+08:00 pid=71532 tid=1 format-conversion-subperf [perf] ReplaceOmml.direct-host-health: +2286ms (2447ms total)
2026-09-06T19:18:12.0500329+08:00 pid=71532 tid=1 format-conversion-subperf [perf] ReplaceOmml.direct-content-prep: +1ms (2448ms total)
2026-09-06T19:18:12.0510332+08:00 pid=71532 tid=1 format-conversion-subperf [perf] ReplaceOmml.resolve-source: +1ms (2449ms total)
2026-09-06T19:18:12.0880326+08:00 pid=71532 tid=1 format-conversion-subperf [perf] ReplaceOmml.insert-native-omml: +37ms (2486ms total)
2026-09-06T19:18:12.1090328+08:00 pid=71532 tid=1 format-conversion-subperf [perf] ReplaceOmml.validate-native-omml: +21ms (2507ms total)
2026-09-06T19:18:12.1978447+08:00 pid=71532 tid=1 format-conversion-subperf [perf] ReplaceOmml.stamp-fingerprint: +89ms (2596ms total)
2026-09-06T19:18:12.2489641+08:00 pid=71532 tid=1 format-conversion-subperf [perf] ReplaceOmml.wrap-formula-anchor: +50ms (2646ms total)
2026-09-06T19:18:12.2489641+08:00 pid=71532 tid=1 format-conversion-subperf [perf] ReplaceOmml.protect-source-metadata: +1ms (2647ms total)
2026-09-06T19:18:12.2489641+08:00 pid=71532 tid=1 format-conversion-subperf [perf] ReplaceOmml.reconcile: +0ms (2647ms total)
2026-09-06T19:18:12.3251555+08:00 pid=71532 tid=1 format-conversion-subperf [perf] ReplaceOmml.final-identity-resolve: +76ms (2723ms total)
2026-09-06T19:18:12.3581551+08:00 pid=71532 tid=1 format-conversion-subperf [perf] ReplaceOmml.final-identity-fingerprint: +33ms (2756ms total)
2026-09-06T19:18:12.3581551+08:00 pid=71532 tid=1 format-conversion-subperf [perf] ReplaceOmml.final-identity-anchor: +0ms (2756ms total)
2026-09-06T19:18:12.3661548+08:00 pid=71532 tid=1 format-conversion-subperf [perf] ReplaceOmml.final-identity-metadata: +8ms (2764ms total)
2026-09-06T19:18:12.3671552+08:00 pid=71532 tid=1 format-conversion-subperf [perf] ReplaceOmml.finalize-identity: +0ms (2764ms total)
2026-09-06T19:18:12.3671552+08:00 pid=71532 tid=1 format-conversion-subperf [perf] ReplaceOmml.prepare-result: +1ms (2765ms total)
2026-09-06T19:18:12.4101575+08:00 pid=71532 tid=1 format-conversion-subperf [perf] ReplaceOmml.restore-view: +43ms (2808ms total)
2026-09-06T19:18:12.4111574+08:00 pid=71532 tid=1 format-conversion-subperf [perf] ReplaceOmml.restore-screen-updating: +1ms (2809ms total)
2026-09-06T19:18:12.4111574+08:00 pid=71532 tid=1 word-undo-end recording=False level=0
2026-09-06T19:18:12.4111574+08:00 pid=71532 tid=1 format-conversion-subperf [perf] ReplaceOmml.end-undo: +0ms (2809ms total)
2026-09-06T19:18:12.4111574+08:00 pid=71532 tid=1 format-conversion-subperf [perf] ReplaceOmml.release-rcws: +0ms (2809ms total)
2026-09-06T19:18:12.4151548+08:00 pid=71532 tid=15 ribbon-session-operation-released sessionId=b5c4271d-913d-4190-8d63-274e98644d36
2026-09-06T19:18:28.8794172+08:00 pid=71532 tid=12 left-down x=1776 y=1270 wordForeground=False
2026-09-06T19:18:31.9805225+08:00 pid=71532 tid=1 word-undo-begin name=VisualTeX Convert or Update Word OMML Formula recording=False level=0
2026-09-06T19:18:31.9825226+08:00 pid=71532 tid=1 word-undo-started name=VisualTeX Convert or Update Word OMML Formula recording=True level=1
2026-09-06T19:18:31.9875213+08:00 pid=71532 tid=1 format-conversion-subperf [perf] ReplaceOmml.locate-target: +7ms (7ms total)
2026-09-06T19:18:32.1328684+08:00 pid=71532 tid=1 format-conversion-subperf [perf] ReplaceOmml.source-range-resolve: +146ms (153ms total)
2026-09-06T19:18:32.1558661+08:00 pid=71532 tid=1 format-conversion-subperf [perf] ReplaceOmml.rollback-capture: +23ms (176ms total)
2026-09-06T19:18:34.4301472+08:00 pid=71532 tid=1 format-conversion-subperf [perf] ReplaceOmml.direct-host-health: +2274ms (2450ms total)
2026-09-06T19:18:34.4301472+08:00 pid=71532 tid=1 format-conversion-subperf [perf] ReplaceOmml.direct-content-prep: +0ms (2450ms total)
2026-09-06T19:18:34.4311498+08:00 pid=71532 tid=1 format-conversion-subperf [perf] ReplaceOmml.resolve-source: +1ms (2451ms total)
2026-09-06T19:18:34.4605280+08:00 pid=71532 tid=1 format-conversion-subperf [perf] ReplaceOmml.insert-native-omml: +29ms (2480ms total)
2026-09-06T19:18:34.4783720+08:00 pid=71532 tid=1 format-conversion-subperf [perf] ReplaceOmml.validate-native-omml: +18ms (2498ms total)
2026-09-06T19:18:34.5714659+08:00 pid=71532 tid=1 format-conversion-subperf [perf] ReplaceOmml.stamp-fingerprint: +93ms (2591ms total)
2026-09-06T19:18:34.5774653+08:00 pid=71532 tid=1 format-conversion-subperf [perf] ReplaceOmml.wrap-formula-anchor: +6ms (2597ms total)
2026-09-06T19:18:34.5774653+08:00 pid=71532 tid=1 format-conversion-subperf [perf] ReplaceOmml.protect-source-metadata: +0ms (2597ms total)
2026-09-06T19:18:34.5774653+08:00 pid=71532 tid=1 format-conversion-subperf [perf] ReplaceOmml.reconcile: +1ms (2598ms total)
2026-09-06T19:18:34.6551448+08:00 pid=71532 tid=1 format-conversion-subperf [perf] ReplaceOmml.final-identity-resolve: +77ms (2675ms total)
2026-09-06T19:18:34.6900635+08:00 pid=71532 tid=1 format-conversion-subperf [perf] ReplaceOmml.final-identity-fingerprint: +35ms (2710ms total)
2026-09-06T19:18:34.6905862+08:00 pid=71532 tid=1 format-conversion-subperf [perf] ReplaceOmml.final-identity-anchor: +0ms (2710ms total)
2026-09-06T19:18:34.6926901+08:00 pid=71532 tid=1 format-conversion-subperf [perf] ReplaceOmml.final-identity-metadata: +2ms (2712ms total)
2026-09-06T19:18:34.6926901+08:00 pid=71532 tid=1 format-conversion-subperf [perf] ReplaceOmml.finalize-identity: +1ms (2713ms total)
2026-09-06T19:18:34.6932124+08:00 pid=71532 tid=1 format-conversion-subperf [perf] ReplaceOmml.prepare-result: +0ms (2713ms total)
2026-09-06T19:18:34.7243955+08:00 pid=71532 tid=1 format-conversion-subperf [perf] ReplaceOmml.restore-view: +31ms (2744ms total)
2026-09-06T19:18:34.7253951+08:00 pid=71532 tid=1 format-conversion-subperf [perf] ReplaceOmml.restore-screen-updating: +1ms (2745ms total)
2026-09-06T19:18:34.7253951+08:00 pid=71532 tid=1 word-undo-end recording=False level=0
2026-09-06T19:18:34.7263940+08:00 pid=71532 tid=1 format-conversion-subperf [perf] ReplaceOmml.end-undo: +1ms (2746ms total)
2026-09-06T19:18:34.7263940+08:00 pid=71532 tid=1 format-conversion-subperf [perf] ReplaceOmml.release-rcws: +1ms (2747ms total)
2026-09-06T19:18:34.7313930+08:00 pid=71532 tid=30 ribbon-session-operation-released sessionId=67815986-814a-4f24-a0c6-9467fa6b77ee
2026-09-06T19:18:47.1446434+08:00 pid=71532 tid=1 format-conversion-start sourceMode=wordOmml targetMode=nativeOle wholeDocument=True
2026-09-06T19:18:48.9052515+08:00 pid=71532 tid=1 format-conversion-plan sourceMode=wordOmml targetMode=nativeOle targets=6
2026-09-06T19:18:52.0340617+08:00 pid=71532 tid=1 bulk-import converter-create display=inline mode=nativeOle latex=\sqrt{E-u\left( x\right) }=\frac{1}{f\left( \omega \right) v_{ph}\left( \omega ,x\right) }
2026-09-06T19:18:52.0380641+08:00 pid=71532 tid=11 bulk-import converter-created sessionId=68b8b1f9-4cb0-4993-9315-b9442b838a9d
2026-09-06T19:18:52.0390634+08:00 pid=71532 tid=11 bulk-import converter-create display=block mode=nativeOle latex=\left\{ \begin{matrix}\frac{\mathrm{d}}{\mathrm{d}\omega }\left( \omega f\left( \omega \right) \right) =0 \\ \frac{\omega f\left( \omega \right) }{2}\frac{\mathrm{d}E\left( \omega \right) }{\mathrm{d}\omega }=\sqrt{\frac{m}{2}}\end{matrix}\right.
2026-09-06T19:18:52.0430611+08:00 pid=71532 tid=10 bulk-import converter-created sessionId=6278050c-6040-41f1-ac77-d842208c6a42
2026-09-06T19:18:52.0430611+08:00 pid=71532 tid=10 bulk-import converter-create display=block mode=nativeOle latex=\sqrt{\frac{m}{2\left( E\left( \omega \right) -U\right) }}=\frac{\mathrm{d}}{\mathrm{d}\omega }\left( \omega \cdot f\left( \omega \right) \sqrt{\left( E\left( \omega \right) -U\right) }\right)
2026-09-06T19:18:52.0470605+08:00 pid=71532 tid=11 bulk-import converter-created sessionId=c55199c8-535d-4b40-b7e8-45471e125165
2026-09-06T19:18:52.0480613+08:00 pid=71532 tid=11 bulk-import converter-create display=block mode=nativeOle latex=E=mc^{2}
2026-09-06T19:18:52.0520609+08:00 pid=71532 tid=10 bulk-import converter-created sessionId=e9f65691-6754-4549-b672-ca1c2dc26025
2026-09-06T19:18:52.0530612+08:00 pid=71532 tid=10 bulk-import converter-create display=block mode=nativeOle latex=\frac{\partial }{\partial t}\psi^{\ast}\left( \vec{r}\right) \psi \left( \vec{r}\right) =\frac{i\hbar }{2m}\nabla \cdot \left[ \psi^{\ast}\left( \vec{r}\right) \nabla \psi \left( \vec{r}\right) -\psi \left( \vec{r}\right) \nabla \psi^{\ast}\left( r\right) \right]
2026-09-06T19:18:52.0560614+08:00 pid=71532 tid=11 bulk-import converter-created sessionId=cbb5dacc-50d6-47eb-950b-f201d1a1bedd
2026-09-06T19:18:52.0570614+08:00 pid=71532 tid=11 bulk-import converter-create display=block mode=nativeOle latex=\frac{\partial }{\partial t}\rho \left( \vec{r},t\right) +\nabla \cdot \vec{j}=0
2026-09-06T19:18:52.0600617+08:00 pid=71532 tid=10 bulk-import converter-created sessionId=369f2f42-011b-4d73-af64-13871ca54ddd
2026-09-06T19:18:52.0600617+08:00 pid=71532 tid=10 format-conversion-render-start sourceMode=wordOmml targetMode=nativeOle sessions=6
2026-09-06T19:18:52.1980089+08:00 pid=71532 tid=15 format-conversion-rendered sourceMode=wordOmml targetMode=nativeOle sessionId=68b8b1f9-4cb0-4993-9315-b9442b838a9d status=committing
2026-09-06T19:18:52.3002671+08:00 pid=71532 tid=10 format-conversion-rendered sourceMode=wordOmml targetMode=nativeOle sessionId=6278050c-6040-41f1-ac77-d842208c6a42 status=committing
2026-09-06T19:18:52.4017721+08:00 pid=71532 tid=11 format-conversion-rendered sourceMode=wordOmml targetMode=nativeOle sessionId=c55199c8-535d-4b40-b7e8-45471e125165 status=committing
2026-09-06T19:18:52.4956445+08:00 pid=71532 tid=10 format-conversion-rendered sourceMode=wordOmml targetMode=nativeOle sessionId=e9f65691-6754-4549-b672-ca1c2dc26025 status=committing
2026-09-06T19:18:52.5986488+08:00 pid=71532 tid=11 format-conversion-rendered sourceMode=wordOmml targetMode=nativeOle sessionId=cbb5dacc-50d6-47eb-950b-f201d1a1bedd status=committing
2026-09-06T19:18:52.6964462+08:00 pid=71532 tid=10 format-conversion-rendered sourceMode=wordOmml targetMode=nativeOle sessionId=369f2f42-011b-4d73-af64-13871ca54ddd status=committing
2026-09-06T19:18:52.6964462+08:00 pid=71532 tid=10 format-conversion-word-apply-start sourceMode=wordOmml targetMode=nativeOle targets=6
2026-09-06T19:18:53.5271111+08:00 pid=71532 tid=1 format-conversion-runtime assembly=C:\Users\pojian_liao\AppData\Local\VisualTeX\office\remediation-builds\6EF02523AE3D2905EB83E155D14F50F4ED648E0D4D32BEB0451A2209D5955988\VisualTeX.WordVsto.dll source=wordOmml target=nativeOle targetIsVisualTeX=True targetIsMathType=False
2026-09-06T19:18:53.5831103+08:00 pid=71532 tid=1 format-conversion-reference-aliases-captured sourceMode=wordOmml formulaId=316738cb-b9fd-456c-8bf2-b0137435d9b0 aliases=ZEqnNum100835
2026-09-06T19:18:53.6811116+08:00 pid=71532 tid=1 format-conversion-reference-counts-fast-path source=wordOmml formulas=5
2026-09-06T19:18:55.8331800+08:00 pid=71532 tid=1 word-undo-begin name=VisualTeX Convert Formula Format recording=False level=0
2026-09-06T19:18:55.8331800+08:00 pid=71532 tid=1 word-undo-started name=VisualTeX Convert Formula Format recording=True level=1
2026-09-06T19:18:55.8341808+08:00 pid=71532 tid=1 format-conversion-undo-state stage=before-preferences document=文档7 recording=True level=1
2026-09-06T19:18:55.8341808+08:00 pid=71532 tid=1 format-conversion-transaction-start targets=6
2026-09-06T19:18:55.8341808+08:00 pid=71532 tid=1 format-conversion-undo-state stage=after-preferences document=文档7 recording=True level=1
2026-09-06T19:18:55.8341808+08:00 pid=71532 tid=1 format-conversion-undo-state stage=before-source-delete document=文档7 recording=True level=1
2026-09-06T19:18:56.1714407+08:00 pid=71532 tid=1 format-conversion-direct-numbered-omml-delete formulaId=c5b03b62-093b-4102-a020-041980961048 start=786
2026-09-06T19:18:56.1724409+08:00 pid=71532 tid=1 format-conversion-perf stage=delete-source-host formulaId=c5b03b62-093b-4102-a020-041980961048 numbered=True deltaMs=337 totalMs=337
2026-09-06T19:18:56.1724409+08:00 pid=71532 tid=1 format-conversion-undo-state stage=after-source-delete document=文档7 recording=False level=0
2026-09-06T19:18:56.1744384+08:00 pid=71532 tid=1 word-undo-begin name=VisualTeX Insert Native OLE Display Formula recording=False level=0
2026-09-06T19:18:56.1744384+08:00 pid=71532 tid=1 word-undo-started name=VisualTeX Insert Native OLE Display Formula recording=True level=1
2026-09-06T19:18:56.3500042+08:00 pid=71532 tid=1 word-undo-end recording=True level=1
2026-09-06T19:18:56.3509985+08:00 pid=71532 tid=1 format-conversion-perf stage=insert-target formulaId=c5b03b62-093b-4102-a020-041980961048 numbered=True deltaMs=178 totalMs=515
2026-09-06T19:18:56.3509985+08:00 pid=71532 tid=1 format-conversion-undo-state stage=after-target-insert document=文档7 recording=False level=0
2026-09-06T19:18:56.3549962+08:00 pid=71532 tid=1 format-conversion-bookmarked-visualtex-target-stable sourceFormulaId=c5b03b62-093b-4102-a020-041980961048 formulaId=e65f0da2-67b6-4c51-89bd-72b604546a13 localAnchorRepair=False elapsedMs=3
2026-09-06T19:18:56.3559984+08:00 pid=71532 tid=1 format-conversion-direct-managed-omml-metadata-deleted formulaId=c5b03b62-093b-4102-a020-041980961048 numbered=True
2026-09-06T19:18:56.3559984+08:00 pid=71532 tid=1 format-conversion-perf stage=verify-target formulaId=c5b03b62-093b-4102-a020-041980961048 numbered=True deltaMs=6 totalMs=521
2026-09-06T19:18:56.3559984+08:00 pid=71532 tid=1 format-conversion-undo-state stage=before-source-delete document=文档7 recording=False level=0
2026-09-06T19:18:56.6301880+08:00 pid=71532 tid=1 format-conversion-direct-numbered-omml-delete formulaId=53e98777-e977-4674-95e6-67b56395f079 start=613
2026-09-06T19:18:56.6311879+08:00 pid=71532 tid=1 format-conversion-perf stage=delete-source-host formulaId=53e98777-e977-4674-95e6-67b56395f079 numbered=True deltaMs=274 totalMs=274
2026-09-06T19:18:56.6311879+08:00 pid=71532 tid=1 format-conversion-undo-state stage=after-source-delete document=文档7 recording=False level=0
2026-09-06T19:18:56.6311879+08:00 pid=71532 tid=1 word-undo-begin name=VisualTeX Insert Native OLE Display Formula recording=False level=0
2026-09-06T19:18:56.6311879+08:00 pid=71532 tid=1 word-undo-started name=VisualTeX Insert Native OLE Display Formula recording=True level=1
2026-09-06T19:18:56.8823477+08:00 pid=71532 tid=1 word-undo-end recording=True level=1
2026-09-06T19:18:56.8823477+08:00 pid=71532 tid=1 format-conversion-perf stage=insert-target formulaId=53e98777-e977-4674-95e6-67b56395f079 numbered=True deltaMs=252 totalMs=526
2026-09-06T19:18:56.8823477+08:00 pid=71532 tid=1 format-conversion-undo-state stage=after-target-insert document=文档7 recording=False level=0
2026-09-06T19:18:56.8853476+08:00 pid=71532 tid=1 format-conversion-bookmarked-visualtex-target-stable sourceFormulaId=53e98777-e977-4674-95e6-67b56395f079 formulaId=525b3eac-17e8-4c19-9f5f-8c579fc26ffc localAnchorRepair=False elapsedMs=1
2026-09-06T19:18:56.8863476+08:00 pid=71532 tid=1 format-conversion-direct-managed-omml-metadata-deleted formulaId=53e98777-e977-4674-95e6-67b56395f079 numbered=True
2026-09-06T19:18:56.8863476+08:00 pid=71532 tid=1 format-conversion-perf stage=verify-target formulaId=53e98777-e977-4674-95e6-67b56395f079 numbered=True deltaMs=4 totalMs=530
2026-09-06T19:18:56.8873471+08:00 pid=71532 tid=1 format-conversion-undo-state stage=before-source-delete document=文档7 recording=False level=0
2026-09-06T19:18:57.1995729+08:00 pid=71532 tid=1 format-conversion-direct-numbered-omml-delete formulaId=316738cb-b9fd-456c-8bf2-b0137435d9b0 start=526
2026-09-06T19:18:57.2005699+08:00 pid=71532 tid=1 format-conversion-perf stage=delete-source-host formulaId=316738cb-b9fd-456c-8bf2-b0137435d9b0 numbered=True deltaMs=313 totalMs=313
2026-09-06T19:18:57.2005699+08:00 pid=71532 tid=1 format-conversion-undo-state stage=after-source-delete document=文档7 recording=False level=0
2026-09-06T19:18:57.2015710+08:00 pid=71532 tid=1 word-undo-begin name=VisualTeX Insert Native OLE Display Formula recording=False level=0
2026-09-06T19:18:57.2015710+08:00 pid=71532 tid=1 word-undo-started name=VisualTeX Insert Native OLE Display Formula recording=True level=1
2026-09-06T19:18:57.3091202+08:00 pid=71532 tid=1 word-undo-end recording=True level=1
2026-09-06T19:18:57.3091202+08:00 pid=71532 tid=1 format-conversion-perf stage=insert-target formulaId=316738cb-b9fd-456c-8bf2-b0137435d9b0 numbered=True deltaMs=109 totalMs=422
2026-09-06T19:18:57.3091202+08:00 pid=71532 tid=1 format-conversion-undo-state stage=after-target-insert document=文档7 recording=False level=0
2026-09-06T19:18:57.3101200+08:00 pid=71532 tid=1 format-conversion-bookmarked-visualtex-target-stable sourceFormulaId=316738cb-b9fd-456c-8bf2-b0137435d9b0 formulaId=17aec6ee-de69-4c23-adec-f7fed44edfae localAnchorRepair=False elapsedMs=0
2026-09-06T19:18:57.3111200+08:00 pid=71532 tid=1 format-conversion-direct-managed-omml-metadata-deleted formulaId=316738cb-b9fd-456c-8bf2-b0137435d9b0 numbered=True
2026-09-06T19:18:57.3111200+08:00 pid=71532 tid=1 format-conversion-perf stage=verify-target formulaId=316738cb-b9fd-456c-8bf2-b0137435d9b0 numbered=True deltaMs=2 totalMs=424
2026-09-06T19:18:57.3111200+08:00 pid=71532 tid=1 format-conversion-undo-state stage=before-source-delete document=文档7 recording=False level=0
2026-09-06T19:18:57.6534748+08:00 pid=71532 tid=1 format-conversion-direct-numbered-omml-delete formulaId=8f8d86a5-6156-4936-9226-91abbbbf43c6 start=221
2026-09-06T19:18:57.6544725+08:00 pid=71532 tid=1 format-conversion-perf stage=delete-source-host formulaId=8f8d86a5-6156-4936-9226-91abbbbf43c6 numbered=True deltaMs=342 totalMs=342
2026-09-06T19:18:57.6544725+08:00 pid=71532 tid=1 format-conversion-undo-state stage=after-source-delete document=文档7 recording=False level=0
2026-09-06T19:18:57.6544725+08:00 pid=71532 tid=1 word-undo-begin name=VisualTeX Insert Native OLE Display Formula recording=False level=0
2026-09-06T19:18:57.6554725+08:00 pid=71532 tid=1 word-undo-started name=VisualTeX Insert Native OLE Display Formula recording=True level=1
2026-09-06T19:18:57.7879883+08:00 pid=71532 tid=1 word-undo-end recording=True level=1
2026-09-06T19:18:57.7879883+08:00 pid=71532 tid=1 format-conversion-perf stage=insert-target formulaId=8f8d86a5-6156-4936-9226-91abbbbf43c6 numbered=True deltaMs=135 totalMs=477
2026-09-06T19:18:57.7889884+08:00 pid=71532 tid=1 format-conversion-undo-state stage=after-target-insert document=文档7 recording=False level=0
2026-09-06T19:18:57.7889884+08:00 pid=71532 tid=1 format-conversion-bookmarked-visualtex-target-stable sourceFormulaId=8f8d86a5-6156-4936-9226-91abbbbf43c6 formulaId=0317f353-43ef-485d-8a7a-88846dcba4a7 localAnchorRepair=False elapsedMs=0
2026-09-06T19:18:57.7899894+08:00 pid=71532 tid=1 format-conversion-direct-managed-omml-metadata-deleted formulaId=8f8d86a5-6156-4936-9226-91abbbbf43c6 numbered=True
2026-09-06T19:18:57.7899894+08:00 pid=71532 tid=1 format-conversion-perf stage=verify-target formulaId=8f8d86a5-6156-4936-9226-91abbbbf43c6 numbered=True deltaMs=1 totalMs=478
2026-09-06T19:18:57.7899894+08:00 pid=71532 tid=1 format-conversion-undo-state stage=before-source-delete document=文档7 recording=False level=0
2026-09-06T19:18:57.9761897+08:00 pid=71532 tid=1 format-conversion-direct-numbered-omml-delete formulaId=0f5f32c1-fe03-414c-b90a-a56f9e1e064e start=93
2026-09-06T19:18:57.9761897+08:00 pid=71532 tid=1 format-conversion-perf stage=delete-source-host formulaId=0f5f32c1-fe03-414c-b90a-a56f9e1e064e numbered=True deltaMs=186 totalMs=186
2026-09-06T19:18:57.9761897+08:00 pid=71532 tid=1 format-conversion-undo-state stage=after-source-delete document=文档7 recording=False level=0
2026-09-06T19:18:57.9771895+08:00 pid=71532 tid=1 word-undo-begin name=VisualTeX Insert Native OLE Display Formula recording=False level=0
2026-09-06T19:18:57.9781899+08:00 pid=71532 tid=1 word-undo-started name=VisualTeX Insert Native OLE Display Formula recording=True level=1
2026-09-06T19:18:58.0575024+08:00 pid=71532 tid=1 word-undo-end recording=True level=1
2026-09-06T19:18:58.0575024+08:00 pid=71532 tid=1 format-conversion-perf stage=insert-target formulaId=0f5f32c1-fe03-414c-b90a-a56f9e1e064e numbered=True deltaMs=82 totalMs=268
2026-09-06T19:18:58.0585025+08:00 pid=71532 tid=1 format-conversion-undo-state stage=after-target-insert document=文档7 recording=False level=0
2026-09-06T19:18:58.0585025+08:00 pid=71532 tid=1 format-conversion-bookmarked-visualtex-target-stable sourceFormulaId=0f5f32c1-fe03-414c-b90a-a56f9e1e064e formulaId=4839680d-4a45-4f33-a359-ab2c576e0449 localAnchorRepair=False elapsedMs=0
2026-09-06T19:18:58.0595025+08:00 pid=71532 tid=1 format-conversion-direct-managed-omml-metadata-deleted formulaId=0f5f32c1-fe03-414c-b90a-a56f9e1e064e numbered=True
2026-09-06T19:18:58.0595025+08:00 pid=71532 tid=1 format-conversion-perf stage=verify-target formulaId=0f5f32c1-fe03-414c-b90a-a56f9e1e064e numbered=True deltaMs=1 totalMs=269
2026-09-06T19:18:58.0595025+08:00 pid=71532 tid=1 format-conversion-undo-state stage=before-source-delete document=文档7 recording=False level=0
2026-09-06T19:18:58.0880764+08:00 pid=71532 tid=1 format-conversion-perf stage=delete-source-host formulaId=1cfdc995-8395-4e43-8371-7856afc5c522 numbered=False deltaMs=28 totalMs=28
2026-09-06T19:18:58.0890763+08:00 pid=71532 tid=1 format-conversion-undo-state stage=after-source-delete document=文档7 recording=False level=0
2026-09-06T19:18:58.0890763+08:00 pid=71532 tid=1 word-undo-begin name=VisualTeX Insert Native OLE Inline Formula recording=False level=0
2026-09-06T19:18:58.0890763+08:00 pid=71532 tid=1 word-undo-started name=VisualTeX Insert Native OLE Inline Formula recording=True level=1
2026-09-06T19:18:58.1486875+08:00 pid=71532 tid=1 word-undo-end recording=True level=1
2026-09-06T19:18:58.1486875+08:00 pid=71532 tid=1 format-conversion-perf stage=insert-target formulaId=1cfdc995-8395-4e43-8371-7856afc5c522 numbered=False deltaMs=61 totalMs=89
2026-09-06T19:18:58.1496878+08:00 pid=71532 tid=1 format-conversion-undo-state stage=after-target-insert document=文档7 recording=False level=0
2026-09-06T19:18:58.1496878+08:00 pid=71532 tid=1 format-conversion-bookmarked-visualtex-target-stable sourceFormulaId=1cfdc995-8395-4e43-8371-7856afc5c522 formulaId=c8c5e92f-db60-4916-abd9-69068a945079 localAnchorRepair=False elapsedMs=0
2026-09-06T19:18:58.1496878+08:00 pid=71532 tid=1 format-conversion-perf stage=verify-target formulaId=1cfdc995-8395-4e43-8371-7856afc5c522 numbered=False deltaMs=1 totalMs=90
2026-09-06T19:18:58.1506876+08:00 pid=71532 tid=1 format-conversion-finalize-perf stage=source-residual-check sourceMode=wordOmml targetMode=nativeOle deltaMs=0 totalMs=0
2026-09-06T19:18:58.1516878+08:00 pid=71532 tid=1 format-conversion-finalize-perf stage=target-count-check sourceMode=wordOmml targetMode=nativeOle deltaMs=1 totalMs=1
2026-09-06T19:18:58.1556877+08:00 pid=71532 tid=1 format-conversion-visualtex-numbering-inventory formulaId=c8c5e92f-db60-4916-abd9-69068a945079 range=54:88 paragraph=42:89 numbered=False
2026-09-06T19:18:58.1576902+08:00 pid=71532 tid=1 format-conversion-visualtex-numbering-inventory formulaId=4839680d-4a45-4f33-a359-ab2c576e0449 range=89:123 paragraph=89:124 numbered=True
2026-09-06T19:18:58.1586877+08:00 pid=71532 tid=1 format-conversion-visualtex-numbering-inventory formulaId=0317f353-43ef-485d-8a7a-88846dcba4a7 range=125:159 paragraph=125:160 numbered=True
2026-09-06T19:18:58.1586877+08:00 pid=71532 tid=1 format-conversion-visualtex-numbering-inventory formulaId=17aec6ee-de69-4c23-adec-f7fed44edfae range=345:379 paragraph=345:380 numbered=True
2026-09-06T19:18:58.1596881+08:00 pid=71532 tid=1 format-conversion-visualtex-numbering-inventory formulaId=525b3eac-17e8-4c19-9f5f-8c579fc26ffc range=388:422 paragraph=388:423 numbered=True
2026-09-06T19:18:58.1596881+08:00 pid=71532 tid=1 format-conversion-visualtex-numbering-inventory formulaId=e65f0da2-67b6-4c51-89bd-72b604546a13 range=441:475 paragraph=441:476 numbered=True
2026-09-06T19:18:58.1606903+08:00 pid=71532 tid=1 format-conversion-visualtex-numbering-before-scaffold formulaId=e65f0da2-67b6-4c51-89bd-72b604546a13 frozenRange=visualtex-word-vsto-range:441:475 liveRange=441:475 paragraph=441:476
2026-09-06T19:18:58.2586253+08:00 pid=71532 tid=1 format-conversion-visualtex-numbering-before-scaffold formulaId=525b3eac-17e8-4c19-9f5f-8c579fc26ffc frozenRange=visualtex-word-vsto-range:388:422 liveRange=388:422 paragraph=388:423
2026-09-06T19:18:58.3456316+08:00 pid=71532 tid=1 format-conversion-visualtex-numbering-before-scaffold formulaId=17aec6ee-de69-4c23-adec-f7fed44edfae frozenRange=visualtex-word-vsto-range:345:379 liveRange=345:379 paragraph=345:380
2026-09-06T19:18:58.4526342+08:00 pid=71532 tid=1 format-conversion-visualtex-numbering-before-scaffold formulaId=0317f353-43ef-485d-8a7a-88846dcba4a7 frozenRange=visualtex-word-vsto-range:125:159 liveRange=125:159 paragraph=125:160
2026-09-06T19:18:58.5696407+08:00 pid=71532 tid=1 format-conversion-visualtex-numbering-before-scaffold formulaId=4839680d-4a45-4f33-a359-ab2c576e0449 frozenRange=visualtex-word-vsto-range:89:123 liveRange=89:123 paragraph=89:124
2026-09-06T19:18:58.6959172+08:00 pid=71532 tid=1 format-conversion-visualtex-numbering-before-scaffold formulaId=c8c5e92f-db60-4916-abd9-69068a945079 frozenRange=visualtex-word-vsto-range:54:88 liveRange=54:88 paragraph=42:89
2026-09-06T19:18:59.2116008+08:00 pid=71532 tid=1 format-conversion-numbering-visualtex-batch built=5 finalized=5
2026-09-06T19:18:59.2386022+08:00 pid=71532 tid=1 format-conversion-reference-aliases-restored sourceMode=wordOmml targetMode=nativeOle aliases=1 refreshedReferences=0 restoredFormatting=1
2026-09-06T19:18:59.2506027+08:00 pid=71532 tid=1 format-conversion-finalize-perf stage=numbering-reconcile sourceMode=wordOmml targetMode=nativeOle deltaMs=1099 totalMs=1100
2026-09-06T19:18:59.2546088+08:00 pid=71532 tid=1 format-conversion-finalize-perf stage=omml-fingerprint-refresh sourceMode=wordOmml targetMode=nativeOle deltaMs=4 totalMs=1104
2026-09-06T19:18:59.2576075+08:00 pid=71532 tid=1 format-conversion-transaction-completed targets=6
2026-09-06T19:18:59.2586076+08:00 pid=71532 tid=27 format-conversion-word-apply-finished sourceMode=wordOmml targetMode=nativeOle converted=6 failed=0
2026-09-06T19:18:59.2586076+08:00 pid=71532 tid=27 format-conversion-session-cleanup-start sessions=6
2026-09-06T19:18:59.2626078+08:00 pid=71532 tid=27 format-conversion-complete source=OMML target=VisualTeX converted=6 failed=0
2026-09-06T19:18:59.2656099+08:00 pid=71532 tid=11 format-conversion-session-cleanup-complete sessions=6
2026-09-06T19:19:14.2702793+08:00 pid=71532 tid=20 ribbon-session-operation-released sessionId=2bc2baa5-3b37-440c-88bd-8f3815d48a18
2026-09-06T19:19:29.4282348+08:00 pid=71532 tid=12 left-down x=1776 y=1270 wordForeground=False
2026-09-06T19:19:32.6699878+08:00 pid=71532 tid=1 word-undo-begin name=VisualTeX Convert or Update Native OLE Formula recording=False level=0
2026-09-06T19:19:32.6699878+08:00 pid=71532 tid=1 word-undo-started name=VisualTeX Convert or Update Native OLE Formula recording=True level=1
2026-09-06T19:19:32.6719894+08:00 pid=71532 tid=1 format-conversion-subperf [perf] ReplaceOle.locate-target: +1ms (1ms total)
2026-09-06T19:19:32.6905868+08:00 pid=71532 tid=1 format-conversion-subperf [perf] ReplaceOle.update-native-object: +19ms (20ms total)
2026-09-06T19:19:32.7141337+08:00 pid=71532 tid=1 format-conversion-subperf [perf] ReplaceOle.configure: +24ms (44ms total)
2026-09-06T19:19:32.8687603+08:00 pid=71532 tid=1 format-conversion-subperf [perf] ReplaceOle.reconcile: +154ms (198ms total)
2026-09-06T19:19:32.8697606+08:00 pid=71532 tid=1 format-conversion-subperf [perf] ReplaceOle.selection: +1ms (199ms total)
2026-09-06T19:19:32.8767632+08:00 pid=71532 tid=1 word-undo-end recording=True level=1
2026-09-06T19:19:32.8807619+08:00 pid=71532 tid=20 ribbon-session-operation-released sessionId=de7fd54f-fbde-4dc0-abc5-f174e262d4f2
2026-09-06T19:19:44.2039117+08:00 pid=71532 tid=1 format-conversion-start sourceMode=nativeOle targetMode=mathTypeOle wholeDocument=True
2026-09-06T19:19:44.2069108+08:00 pid=71532 tid=1 format-conversion-plan-perf stage=shape-access source=nativeOle index=1/6 deltaMs=0 totalMs=0
2026-09-06T19:19:44.2079097+08:00 pid=71532 tid=1 format-conversion-plan-perf stage=shape-range source=nativeOle index=1/6 deltaMs=0 totalMs=0
2026-09-06T19:19:44.2312716+08:00 pid=71532 tid=1 format-conversion-plan-perf stage=target-added source=nativeOle index=1/6 deltaMs=23 totalMs=23
2026-09-06T19:19:44.2322753+08:00 pid=71532 tid=1 format-conversion-plan-perf stage=shape-access source=nativeOle index=2/6 deltaMs=0 totalMs=0
2026-09-06T19:19:44.2362701+08:00 pid=71532 tid=1 format-conversion-plan-perf stage=shape-range source=nativeOle index=2/6 deltaMs=4 totalMs=4
2026-09-06T19:19:44.2432712+08:00 pid=71532 tid=1 format-conversion-plan-perf stage=target-added source=nativeOle index=2/6 deltaMs=7 totalMs=11
2026-09-06T19:19:44.2442709+08:00 pid=71532 tid=1 format-conversion-plan-perf stage=shape-access source=nativeOle index=3/6 deltaMs=0 totalMs=0
2026-09-06T19:19:44.2452704+08:00 pid=71532 tid=1 format-conversion-plan-perf stage=shape-range source=nativeOle index=3/6 deltaMs=0 totalMs=0
2026-09-06T19:19:44.2522708+08:00 pid=71532 tid=1 format-conversion-plan-perf stage=target-added source=nativeOle index=3/6 deltaMs=8 totalMs=8
2026-09-06T19:19:44.2532710+08:00 pid=71532 tid=1 format-conversion-plan-perf stage=shape-access source=nativeOle index=4/6 deltaMs=0 totalMs=0
2026-09-06T19:19:44.2542733+08:00 pid=71532 tid=1 format-conversion-plan-perf stage=shape-range source=nativeOle index=4/6 deltaMs=0 totalMs=0
2026-09-06T19:19:44.2612721+08:00 pid=71532 tid=1 format-conversion-plan-perf stage=target-added source=nativeOle index=4/6 deltaMs=7 totalMs=7
2026-09-06T19:19:44.2622703+08:00 pid=71532 tid=1 format-conversion-plan-perf stage=shape-access source=nativeOle index=5/6 deltaMs=0 totalMs=0
2026-09-06T19:19:44.2622703+08:00 pid=71532 tid=1 format-conversion-plan-perf stage=shape-range source=nativeOle index=5/6 deltaMs=0 totalMs=0
2026-09-06T19:19:44.2672713+08:00 pid=71532 tid=1 format-conversion-plan-perf stage=target-added source=nativeOle index=5/6 deltaMs=5 totalMs=5
2026-09-06T19:19:44.2682693+08:00 pid=71532 tid=1 format-conversion-plan-perf stage=shape-access source=nativeOle index=6/6 deltaMs=0 totalMs=0
2026-09-06T19:19:44.2682693+08:00 pid=71532 tid=1 format-conversion-plan-perf stage=shape-range source=nativeOle index=6/6 deltaMs=0 totalMs=0
2026-09-06T19:19:44.2732696+08:00 pid=71532 tid=1 format-conversion-plan-perf stage=target-added source=nativeOle index=6/6 deltaMs=5 totalMs=5
2026-09-06T19:19:44.2732696+08:00 pid=71532 tid=1 format-conversion-plan sourceMode=nativeOle targetMode=mathTypeOle targets=6
2026-09-06T19:19:47.7798446+08:00 pid=71532 tid=1 bulk-import converter-create display=inline mode=mathTypeOle latex=\sqrt{E-u\left( x\right) }=\frac{1}{f\left( \omega \right) v_{ph}\left( \omega ,x\right) }
2026-09-06T19:19:47.7838462+08:00 pid=71532 tid=20 bulk-import converter-created sessionId=eafc11c7-ee13-42bf-90fe-3b84f05fc399
2026-09-06T19:19:47.7848467+08:00 pid=71532 tid=20 bulk-import converter-create display=block mode=mathTypeOle latex=\left\{ \begin{matrix}\frac{\mathrm{d}}{\mathrm{d}\omega }\left( \omega f\left( \omega \right) \right) =0 \\ \frac{\omega f\left( \omega \right) }{2}\frac{\mathrm{d}E\left( \omega \right) }{\mathrm{d}\omega }=\sqrt{\frac{m}{2}}\end{matrix}\right.
2026-09-06T19:19:47.7894704+08:00 pid=71532 tid=11 bulk-import converter-created sessionId=0e2b38f5-3a7c-4a88-88b2-cd391d6970fa
2026-09-06T19:19:47.7894704+08:00 pid=71532 tid=11 bulk-import converter-create display=block mode=mathTypeOle latex=\sqrt{\frac{m}{2\left( E\left( \omega \right) -U\right) }}=\frac{\mathrm{d}}{\mathrm{d}\omega }\left( \omega \cdot f\left( \omega \right) \sqrt{\left( E\left( \omega \right) -U\right) }\right)
2026-09-06T19:19:47.7936077+08:00 pid=71532 tid=20 bulk-import converter-created sessionId=f2256da6-f6d8-4549-8253-e29ea27af910
2026-09-06T19:19:47.7946141+08:00 pid=71532 tid=20 bulk-import converter-create display=block mode=mathTypeOle latex=a^2+b^2=c^2
2026-09-06T19:19:47.7986071+08:00 pid=71532 tid=11 bulk-import converter-created sessionId=0691fd8a-ff53-451a-9c89-b014006726c5
2026-09-06T19:19:47.7996085+08:00 pid=71532 tid=11 bulk-import converter-create display=block mode=mathTypeOle latex=\frac{\partial }{\partial t}\psi^{\ast}\left( \vec{r}\right) \psi \left( \vec{r}\right) =\frac{i\hbar }{2m}\nabla \cdot \left[ \psi^{\ast}\left( \vec{r}\right) \nabla \psi \left( \vec{r}\right) -\psi \left( \vec{r}\right) \nabla \psi^{\ast}\left( r\right) \right]
2026-09-06T19:19:47.8036092+08:00 pid=71532 tid=20 bulk-import converter-created sessionId=788a991c-8a97-42a7-b46f-5d5898cf9a5e
2026-09-06T19:19:47.8036092+08:00 pid=71532 tid=20 bulk-import converter-create display=block mode=mathTypeOle latex=\frac{\partial }{\partial t}\rho \left( \vec{r},t\right) +\nabla \cdot \vec{j}=0
2026-09-06T19:19:47.8076108+08:00 pid=71532 tid=11 bulk-import converter-created sessionId=a8fe75d0-a111-4b2c-b4bc-835a8616ce6b
2026-09-06T19:19:47.8076108+08:00 pid=71532 tid=11 format-conversion-render-start sourceMode=nativeOle targetMode=mathTypeOle sessions=6
2026-09-06T19:19:47.9487875+08:00 pid=71532 tid=11 format-conversion-rendered sourceMode=nativeOle targetMode=mathTypeOle sessionId=eafc11c7-ee13-42bf-90fe-3b84f05fc399 status=committing
2026-09-06T19:19:47.9677885+08:00 pid=71532 tid=20 format-conversion-rendered sourceMode=nativeOle targetMode=mathTypeOle sessionId=0e2b38f5-3a7c-4a88-88b2-cd391d6970fa status=committing
2026-09-06T19:19:47.9867857+08:00 pid=71532 tid=11 format-conversion-rendered sourceMode=nativeOle targetMode=mathTypeOle sessionId=f2256da6-f6d8-4549-8253-e29ea27af910 status=committing
2026-09-06T19:19:47.9967905+08:00 pid=71532 tid=20 format-conversion-rendered sourceMode=nativeOle targetMode=mathTypeOle sessionId=0691fd8a-ff53-451a-9c89-b014006726c5 status=committing
2026-09-06T19:19:48.0187856+08:00 pid=71532 tid=11 format-conversion-rendered sourceMode=nativeOle targetMode=mathTypeOle sessionId=788a991c-8a97-42a7-b46f-5d5898cf9a5e status=committing
2026-09-06T19:19:48.0317856+08:00 pid=71532 tid=20 format-conversion-rendered sourceMode=nativeOle targetMode=mathTypeOle sessionId=a8fe75d0-a111-4b2c-b4bc-835a8616ce6b status=committing
2026-09-06T19:19:48.2789992+08:00 pid=71532 tid=20 format-conversion-native-preview-batch-complete formulas=6 elapsedMs=245
2026-09-06T19:19:48.2789992+08:00 pid=71532 tid=20 format-conversion-word-apply-start sourceMode=nativeOle targetMode=mathTypeOle targets=6
2026-09-06T19:19:48.3212174+08:00 pid=71532 tid=1 format-conversion-runtime assembly=C:\Users\pojian_liao\AppData\Local\VisualTeX\office\remediation-builds\6EF02523AE3D2905EB83E155D14F50F4ED648E0D4D32BEB0451A2209D5955988\VisualTeX.WordVsto.dll source=nativeOle target=mathTypeOle targetIsVisualTeX=False targetIsMathType=True
2026-09-06T19:19:48.5890973+08:00 pid=71532 tid=1 format-conversion-reference-aliases-captured sourceMode=nativeOle formulaId=17aec6ee-de69-4c23-adec-f7fed44edfae aliases=ZEqnNum100835
2026-09-06T19:19:48.6579240+08:00 pid=71532 tid=1 format-conversion-heading-scope-cache format=heading2-dash formulas=5 scopes=2
2026-09-06T19:19:48.7270789+08:00 pid=71532 tid=1 format-conversion-reference-counts-fast-path source=nativeOle formulas=5
2026-09-06T19:19:56.4635723+08:00 pid=71532 tid=1 word-undo-begin name=VisualTeX Convert Formula Format recording=False level=0
2026-09-06T19:19:56.4635723+08:00 pid=71532 tid=1 word-undo-started name=VisualTeX Convert Formula Format recording=True level=1
2026-09-06T19:19:56.4645703+08:00 pid=71532 tid=1 format-conversion-undo-state stage=before-preferences document=文档7 recording=True level=1
2026-09-06T19:19:56.4645703+08:00 pid=71532 tid=1 format-conversion-transaction-start targets=6
2026-09-06T19:19:56.4645703+08:00 pid=71532 tid=1 format-conversion-undo-state stage=after-preferences document=文档7 recording=True level=1
2026-09-06T19:19:56.4645703+08:00 pid=71532 tid=1 format-conversion-undo-state stage=before-source-delete document=文档7 recording=True level=1
2026-09-06T19:19:56.6282405+08:00 pid=71532 tid=1 formula-to-latex-visualtex-paragraph-replaced formulaId=e65f0da2-67b6-4c51-89bd-72b604546a13 range=933:1017
2026-09-06T19:19:56.6414121+08:00 pid=71532 tid=1 format-conversion-perf stage=delete-source-host formulaId=e65f0da2-67b6-4c51-89bd-72b604546a13 numbered=True deltaMs=176 totalMs=176
2026-09-06T19:19:56.6414121+08:00 pid=71532 tid=1 format-conversion-undo-state stage=after-source-delete document=文档7 recording=True level=1
2026-09-06T19:19:56.6624119+08:00 pid=71532 tid=1 word-undo-begin name=VisualTeX Insert MathType OLE Numbered Display Formula recording=True level=1
2026-09-06T19:19:56.6684087+08:00 pid=71532 tid=1 mathtype-insert-perf stage=resolve-insertion numbered=True inline=False deltaMs=6 totalMs=6
2026-09-06T19:19:56.6684087+08:00 pid=71532 tid=1 mathtype-insert-perf stage=clear-incomplete-number-row numbered=True inline=False deltaMs=0 totalMs=6
2026-09-06T19:19:56.6694112+08:00 pid=71532 tid=1 mathtype-insert-perf stage=number-template-heading-state numbered=True inline=False deltaMs=1 totalMs=7
2026-09-06T19:19:56.6704130+08:00 pid=71532 tid=1 mathtype-insert-perf stage=prepare-display-row numbered=True inline=False deltaMs=0 totalMs=7
2026-09-06T19:19:56.6764179+08:00 pid=71532 tid=1 mathtype-insert-perf stage=build-flat-opc numbered=True inline=False deltaMs=6 totalMs=13
2026-09-06T19:19:56.6764179+08:00 pid=71532 tid=1 mathtype-insert-perf stage=pre-insert-bookkeeping numbered=True inline=False deltaMs=1 totalMs=14
2026-09-06T19:19:56.7139702+08:00 pid=71532 tid=1 mathtype-insert-perf stage=insert-flat-opc numbered=True inline=False deltaMs=37 totalMs=51
2026-09-06T19:19:56.7139702+08:00 pid=71532 tid=1 mathtype-insert-perf stage=resolve-new-shape numbered=True inline=False deltaMs=1 totalMs=52
2026-09-06T19:19:56.7149731+08:00 pid=71532 tid=1 mathtype-insert-perf stage=set-shape-geometry numbered=True inline=False deltaMs=1 totalMs=53
2026-09-06T19:19:56.7149731+08:00 pid=71532 tid=1 mathtype-insert-perf stage=repair-inline-paragraph numbered=True inline=False deltaMs=0 totalMs=53
2026-09-06T19:19:56.7159705+08:00 pid=71532 tid=1 mathtype-insert-perf stage=refresh-native-shape numbered=True inline=False deltaMs=0 totalMs=53
2026-09-06T19:19:56.7244987+08:00 pid=71532 tid=1 mathtype-insert-perf stage=bind-created-object-identity numbered=True inline=False deltaMs=9 totalMs=62
2026-09-06T19:19:56.7244987+08:00 pid=71532 tid=1 mathtype-insert-perf stage=complete numbered=True inline=False deltaMs=0 totalMs=62
2026-09-06T19:19:56.7255016+08:00 pid=71532 tid=1 format-conversion-perf stage=insert-target formulaId=e65f0da2-67b6-4c51-89bd-72b604546a13 numbered=True deltaMs=84 totalMs=260
2026-09-06T19:19:56.7255016+08:00 pid=71532 tid=1 format-conversion-undo-state stage=after-target-insert document=文档7 recording=True level=1
2026-09-06T19:19:56.7265008+08:00 pid=71532 tid=1 format-conversion-bookmarked-target-stable formulaId=e65f0da2-67b6-4c51-89bd-72b604546a13 bookmark=VTMT_e26c5f017b424cb9b915588d4639144b range=934:960 elapsedMs=0
2026-09-06T19:19:56.7274979+08:00 pid=71532 tid=1 format-conversion-perf stage=verify-target formulaId=e65f0da2-67b6-4c51-89bd-72b604546a13 numbered=True deltaMs=2 totalMs=262
2026-09-06T19:19:56.7285004+08:00 pid=71532 tid=1 format-conversion-undo-state stage=before-source-delete document=文档7 recording=True level=1
2026-09-06T19:19:56.7852758+08:00 pid=71532 tid=1 formula-to-latex-visualtex-paragraph-replaced formulaId=525b3eac-17e8-4c19-9f5f-8c579fc26ffc range=757:1024
2026-09-06T19:19:56.7912836+08:00 pid=71532 tid=1 format-conversion-perf stage=delete-source-host formulaId=525b3eac-17e8-4c19-9f5f-8c579fc26ffc numbered=True deltaMs=62 totalMs=62
2026-09-06T19:19:56.7912836+08:00 pid=71532 tid=1 format-conversion-undo-state stage=after-source-delete document=文档7 recording=True level=1
2026-09-06T19:19:56.8142845+08:00 pid=71532 tid=1 word-undo-begin name=VisualTeX Insert MathType OLE Numbered Display Formula recording=True level=1
2026-09-06T19:19:56.8212849+08:00 pid=71532 tid=1 mathtype-insert-perf stage=resolve-insertion numbered=True inline=False deltaMs=6 totalMs=6
2026-09-06T19:19:56.8222852+08:00 pid=71532 tid=1 mathtype-insert-perf stage=clear-incomplete-number-row numbered=True inline=False deltaMs=1 totalMs=7
2026-09-06T19:19:56.8222852+08:00 pid=71532 tid=1 mathtype-insert-perf stage=number-template-heading-state numbered=True inline=False deltaMs=0 totalMs=7
2026-09-06T19:19:56.8228399+08:00 pid=71532 tid=1 mathtype-insert-perf stage=prepare-display-row numbered=True inline=False deltaMs=1 totalMs=8
2026-09-06T19:19:56.8293620+08:00 pid=71532 tid=1 mathtype-insert-perf stage=build-flat-opc numbered=True inline=False deltaMs=6 totalMs=14
2026-09-06T19:19:56.8293620+08:00 pid=71532 tid=1 mathtype-insert-perf stage=pre-insert-bookkeeping numbered=True inline=False deltaMs=0 totalMs=14
2026-09-06T19:19:56.8656317+08:00 pid=71532 tid=1 mathtype-insert-perf stage=insert-flat-opc numbered=True inline=False deltaMs=37 totalMs=51
2026-09-06T19:19:56.8666336+08:00 pid=71532 tid=1 mathtype-insert-perf stage=resolve-new-shape numbered=True inline=False deltaMs=0 totalMs=51
2026-09-06T19:19:56.8676344+08:00 pid=71532 tid=1 mathtype-insert-perf stage=set-shape-geometry numbered=True inline=False deltaMs=2 totalMs=53
2026-09-06T19:19:56.8676344+08:00 pid=71532 tid=1 mathtype-insert-perf stage=repair-inline-paragraph numbered=True inline=False deltaMs=0 totalMs=53
2026-09-06T19:19:56.8686314+08:00 pid=71532 tid=1 mathtype-insert-perf stage=refresh-native-shape numbered=True inline=False deltaMs=0 totalMs=53
2026-09-06T19:19:56.8766335+08:00 pid=71532 tid=1 mathtype-insert-perf stage=bind-created-object-identity numbered=True inline=False deltaMs=8 totalMs=61
2026-09-06T19:19:56.8766335+08:00 pid=71532 tid=1 mathtype-insert-perf stage=complete numbered=True inline=False deltaMs=1 totalMs=62
2026-09-06T19:19:56.8766335+08:00 pid=71532 tid=1 format-conversion-perf stage=insert-target formulaId=525b3eac-17e8-4c19-9f5f-8c579fc26ffc numbered=True deltaMs=86 totalMs=148
2026-09-06T19:19:56.8776316+08:00 pid=71532 tid=1 format-conversion-undo-state stage=after-target-insert document=文档7 recording=True level=1
2026-09-06T19:19:56.8786317+08:00 pid=71532 tid=1 format-conversion-bookmarked-target-stable formulaId=525b3eac-17e8-4c19-9f5f-8c579fc26ffc bookmark=VTMT_a557b16d60d945b38070a0c54936f70f range=758:784 elapsedMs=0
2026-09-06T19:19:56.8786317+08:00 pid=71532 tid=1 format-conversion-perf stage=verify-target formulaId=525b3eac-17e8-4c19-9f5f-8c579fc26ffc numbered=True deltaMs=2 totalMs=150
2026-09-06T19:19:56.8796341+08:00 pid=71532 tid=1 format-conversion-undo-state stage=before-source-delete document=文档7 recording=True level=1
2026-09-06T19:19:56.9347622+08:00 pid=71532 tid=1 formula-to-latex-visualtex-paragraph-replaced formulaId=17aec6ee-de69-4c23-adec-f7fed44edfae range=591:606
2026-09-06T19:19:56.9397621+08:00 pid=71532 tid=1 format-conversion-perf stage=delete-source-host formulaId=17aec6ee-de69-4c23-adec-f7fed44edfae numbered=True deltaMs=60 totalMs=60
2026-09-06T19:19:56.9407599+08:00 pid=71532 tid=1 format-conversion-undo-state stage=after-source-delete document=文档7 recording=True level=1
2026-09-06T19:19:56.9641838+08:00 pid=71532 tid=1 word-undo-begin name=VisualTeX Insert MathType OLE Numbered Display Formula recording=True level=1
2026-09-06T19:19:56.9711843+08:00 pid=71532 tid=1 mathtype-insert-perf stage=resolve-insertion numbered=True inline=False deltaMs=6 totalMs=6
2026-09-06T19:19:56.9711843+08:00 pid=71532 tid=1 mathtype-insert-perf stage=clear-incomplete-number-row numbered=True inline=False deltaMs=1 totalMs=7
2026-09-06T19:19:56.9711843+08:00 pid=71532 tid=1 mathtype-insert-perf stage=number-template-heading-state numbered=True inline=False deltaMs=0 totalMs=7
2026-09-06T19:19:56.9721832+08:00 pid=71532 tid=1 mathtype-insert-perf stage=prepare-display-row numbered=True inline=False deltaMs=0 totalMs=7
2026-09-06T19:19:56.9781841+08:00 pid=71532 tid=1 mathtype-insert-perf stage=build-flat-opc numbered=True inline=False deltaMs=7 totalMs=14
2026-09-06T19:19:56.9781841+08:00 pid=71532 tid=1 mathtype-insert-perf stage=pre-insert-bookkeeping numbered=True inline=False deltaMs=0 totalMs=14
2026-09-06T19:19:57.0190240+08:00 pid=71532 tid=1 mathtype-insert-perf stage=insert-flat-opc numbered=True inline=False deltaMs=40 totalMs=54
2026-09-06T19:19:57.0200254+08:00 pid=71532 tid=1 mathtype-insert-perf stage=resolve-new-shape numbered=True inline=False deltaMs=1 totalMs=55
2026-09-06T19:19:57.0210277+08:00 pid=71532 tid=1 mathtype-insert-perf stage=set-shape-geometry numbered=True inline=False deltaMs=1 totalMs=56
2026-09-06T19:19:57.0210277+08:00 pid=71532 tid=1 mathtype-insert-perf stage=repair-inline-paragraph numbered=True inline=False deltaMs=0 totalMs=56
2026-09-06T19:19:57.0210277+08:00 pid=71532 tid=1 mathtype-insert-perf stage=refresh-native-shape numbered=True inline=False deltaMs=1 totalMs=57
2026-09-06T19:19:57.0336544+08:00 pid=71532 tid=1 mathtype-insert-perf stage=bind-created-object-identity numbered=True inline=False deltaMs=12 totalMs=69
2026-09-06T19:19:57.0336544+08:00 pid=71532 tid=1 mathtype-insert-perf stage=complete numbered=True inline=False deltaMs=0 totalMs=69
2026-09-06T19:19:57.0336544+08:00 pid=71532 tid=1 format-conversion-perf stage=insert-target formulaId=17aec6ee-de69-4c23-adec-f7fed44edfae numbered=True deltaMs=94 totalMs=154
2026-09-06T19:19:57.0336544+08:00 pid=71532 tid=1 format-conversion-undo-state stage=after-target-insert document=文档7 recording=True level=1
2026-09-06T19:19:57.0346555+08:00 pid=71532 tid=1 format-conversion-bookmarked-target-stable formulaId=17aec6ee-de69-4c23-adec-f7fed44edfae bookmark=VTMT_c5b5cf03170a46dc8e5ce1754a38383c range=592:618 elapsedMs=0
2026-09-06T19:19:57.0366529+08:00 pid=71532 tid=1 format-conversion-perf stage=verify-target formulaId=17aec6ee-de69-4c23-adec-f7fed44edfae numbered=True deltaMs=2 totalMs=156
2026-09-06T19:19:57.0366529+08:00 pid=71532 tid=1 format-conversion-undo-state stage=before-source-delete document=文档7 recording=True level=1
2026-09-06T19:19:57.0976146+08:00 pid=71532 tid=1 formula-to-latex-visualtex-paragraph-replaced formulaId=0317f353-43ef-485d-8a7a-88846dcba4a7 range=248:444
2026-09-06T19:19:57.1036138+08:00 pid=71532 tid=1 format-conversion-perf stage=delete-source-host formulaId=0317f353-43ef-485d-8a7a-88846dcba4a7 numbered=True deltaMs=67 totalMs=67
2026-09-06T19:19:57.1036138+08:00 pid=71532 tid=1 format-conversion-undo-state stage=after-source-delete document=文档7 recording=True level=1
2026-09-06T19:19:57.1271830+08:00 pid=71532 tid=1 word-undo-begin name=VisualTeX Insert MathType OLE Numbered Display Formula recording=True level=1
2026-09-06T19:19:57.1331843+08:00 pid=71532 tid=1 mathtype-insert-perf stage=resolve-insertion numbered=True inline=False deltaMs=6 totalMs=6
2026-09-06T19:19:57.1341827+08:00 pid=71532 tid=1 mathtype-insert-perf stage=clear-incomplete-number-row numbered=True inline=False deltaMs=1 totalMs=7
2026-09-06T19:19:57.1341827+08:00 pid=71532 tid=1 mathtype-insert-perf stage=number-template-heading-state numbered=True inline=False deltaMs=0 totalMs=7
2026-09-06T19:19:57.1351822+08:00 pid=71532 tid=1 mathtype-insert-perf stage=prepare-display-row numbered=True inline=False deltaMs=1 totalMs=8
2026-09-06T19:19:57.1411812+08:00 pid=71532 tid=1 mathtype-insert-perf stage=build-flat-opc numbered=True inline=False deltaMs=6 totalMs=14
2026-09-06T19:19:57.1411812+08:00 pid=71532 tid=1 mathtype-insert-perf stage=pre-insert-bookkeeping numbered=True inline=False deltaMs=0 totalMs=14
2026-09-06T19:19:57.1777065+08:00 pid=71532 tid=1 mathtype-insert-perf stage=insert-flat-opc numbered=True inline=False deltaMs=36 totalMs=50
2026-09-06T19:19:57.1787055+08:00 pid=71532 tid=1 mathtype-insert-perf stage=resolve-new-shape numbered=True inline=False deltaMs=2 totalMs=52
2026-09-06T19:19:57.1797060+08:00 pid=71532 tid=1 mathtype-insert-perf stage=set-shape-geometry numbered=True inline=False deltaMs=1 totalMs=53
2026-09-06T19:19:57.1807072+08:00 pid=71532 tid=1 mathtype-insert-perf stage=repair-inline-paragraph numbered=True inline=False deltaMs=0 totalMs=53
2026-09-06T19:19:57.1807072+08:00 pid=71532 tid=1 mathtype-insert-perf stage=refresh-native-shape numbered=True inline=False deltaMs=1 totalMs=54
2026-09-06T19:19:57.1887063+08:00 pid=71532 tid=1 mathtype-insert-perf stage=bind-created-object-identity numbered=True inline=False deltaMs=7 totalMs=61
2026-09-06T19:19:57.1887063+08:00 pid=71532 tid=1 mathtype-insert-perf stage=complete numbered=True inline=False deltaMs=1 totalMs=62
2026-09-06T19:19:57.1887063+08:00 pid=71532 tid=1 format-conversion-perf stage=insert-target formulaId=0317f353-43ef-485d-8a7a-88846dcba4a7 numbered=True deltaMs=85 totalMs=152
2026-09-06T19:19:57.1897071+08:00 pid=71532 tid=1 format-conversion-undo-state stage=after-target-insert document=文档7 recording=True level=1
2026-09-06T19:19:57.1907065+08:00 pid=71532 tid=1 format-conversion-bookmarked-target-stable formulaId=0317f353-43ef-485d-8a7a-88846dcba4a7 bookmark=VTMT_cb796729aa624002a60fee82a14877d3 range=249:275 elapsedMs=0
2026-09-06T19:19:57.1927080+08:00 pid=71532 tid=1 format-conversion-perf stage=verify-target formulaId=0317f353-43ef-485d-8a7a-88846dcba4a7 numbered=True deltaMs=4 totalMs=156
2026-09-06T19:19:57.1937078+08:00 pid=71532 tid=1 format-conversion-undo-state stage=before-source-delete document=文档7 recording=True level=1
2026-09-06T19:19:57.2561301+08:00 pid=71532 tid=1 formula-to-latex-visualtex-paragraph-replaced formulaId=4839680d-4a45-4f33-a359-ab2c576e0449 range=89:339
2026-09-06T19:19:57.2654993+08:00 pid=71532 tid=1 format-conversion-perf stage=delete-source-host formulaId=4839680d-4a45-4f33-a359-ab2c576e0449 numbered=True deltaMs=71 totalMs=71
2026-09-06T19:19:57.2654993+08:00 pid=71532 tid=1 format-conversion-undo-state stage=after-source-delete document=文档7 recording=True level=1
2026-09-06T19:19:57.2918588+08:00 pid=71532 tid=1 word-undo-begin name=VisualTeX Insert MathType OLE Numbered Display Formula recording=True level=1
2026-09-06T19:19:57.2988564+08:00 pid=71532 tid=1 mathtype-insert-perf stage=resolve-insertion numbered=True inline=False deltaMs=6 totalMs=6
2026-09-06T19:19:57.2998548+08:00 pid=71532 tid=1 mathtype-insert-perf stage=clear-incomplete-number-row numbered=True inline=False deltaMs=1 totalMs=7
2026-09-06T19:19:57.2998548+08:00 pid=71532 tid=1 mathtype-insert-perf stage=number-template-heading-state numbered=True inline=False deltaMs=0 totalMs=7
2026-09-06T19:19:57.3008557+08:00 pid=71532 tid=1 mathtype-insert-perf stage=prepare-display-row numbered=True inline=False deltaMs=1 totalMs=8
2026-09-06T19:19:57.3078550+08:00 pid=71532 tid=1 mathtype-insert-perf stage=build-flat-opc numbered=True inline=False deltaMs=7 totalMs=15
2026-09-06T19:19:57.3078550+08:00 pid=71532 tid=1 mathtype-insert-perf stage=pre-insert-bookkeeping numbered=True inline=False deltaMs=0 totalMs=15
2026-09-06T19:19:57.3476428+08:00 pid=71532 tid=1 mathtype-insert-perf stage=insert-flat-opc numbered=True inline=False deltaMs=40 totalMs=55
2026-09-06T19:19:57.3476428+08:00 pid=71532 tid=1 mathtype-insert-perf stage=resolve-new-shape numbered=True inline=False deltaMs=1 totalMs=56
2026-09-06T19:19:57.3496423+08:00 pid=71532 tid=1 mathtype-insert-perf stage=set-shape-geometry numbered=True inline=False deltaMs=1 totalMs=57
2026-09-06T19:19:57.3496423+08:00 pid=71532 tid=1 mathtype-insert-perf stage=repair-inline-paragraph numbered=True inline=False deltaMs=0 totalMs=57
2026-09-06T19:19:57.3496423+08:00 pid=71532 tid=1 mathtype-insert-perf stage=refresh-native-shape numbered=True inline=False deltaMs=1 totalMs=58
2026-09-06T19:19:57.3593892+08:00 pid=71532 tid=1 mathtype-insert-perf stage=bind-created-object-identity numbered=True inline=False deltaMs=9 totalMs=67
2026-09-06T19:19:57.3598958+08:00 pid=71532 tid=1 mathtype-insert-perf stage=complete numbered=True inline=False deltaMs=0 totalMs=67
2026-09-06T19:19:57.3598958+08:00 pid=71532 tid=1 format-conversion-perf stage=insert-target formulaId=4839680d-4a45-4f33-a359-ab2c576e0449 numbered=True deltaMs=95 totalMs=166
2026-09-06T19:19:57.3609051+08:00 pid=71532 tid=1 format-conversion-undo-state stage=after-target-insert document=文档7 recording=True level=1
2026-09-06T19:19:57.3639065+08:00 pid=71532 tid=1 format-conversion-bookmarked-target-stable formulaId=4839680d-4a45-4f33-a359-ab2c576e0449 bookmark=VTMT_20dd0eea39cc42c4b30e5cddb96e4e91 range=90:116 elapsedMs=0
2026-09-06T19:19:57.3659052+08:00 pid=71532 tid=1 format-conversion-perf stage=verify-target formulaId=4839680d-4a45-4f33-a359-ab2c576e0449 numbered=True deltaMs=6 totalMs=172
2026-09-06T19:19:57.3669077+08:00 pid=71532 tid=1 format-conversion-undo-state stage=before-source-delete document=文档7 recording=True level=1
2026-09-06T19:19:57.3900357+08:00 pid=71532 tid=1 format-conversion-perf stage=delete-source-host formulaId=c8c5e92f-db60-4916-abd9-69068a945079 numbered=False deltaMs=23 totalMs=23
2026-09-06T19:19:57.3900357+08:00 pid=71532 tid=1 format-conversion-undo-state stage=after-source-delete document=文档7 recording=True level=1
2026-09-06T19:19:57.4181995+08:00 pid=71532 tid=1 word-undo-begin name=VisualTeX Insert MathType OLE Inline Formula recording=True level=1
2026-09-06T19:19:57.4242078+08:00 pid=71532 tid=1 mathtype-insert-perf stage=resolve-insertion numbered=False inline=True deltaMs=6 totalMs=6
2026-09-06T19:19:57.4312097+08:00 pid=71532 tid=1 mathtype-insert-perf stage=build-flat-opc numbered=False inline=True deltaMs=7 totalMs=13
2026-09-06T19:19:57.4322065+08:00 pid=71532 tid=1 mathtype-insert-perf stage=pre-insert-bookkeeping numbered=False inline=True deltaMs=1 totalMs=14
2026-09-06T19:19:57.4685677+08:00 pid=71532 tid=1 mathtype-insert-perf stage=insert-flat-opc numbered=False inline=True deltaMs=36 totalMs=50
2026-09-06T19:19:57.4685677+08:00 pid=71532 tid=1 mathtype-insert-perf stage=resolve-new-shape numbered=False inline=True deltaMs=1 totalMs=51
2026-09-06T19:19:57.4695707+08:00 pid=71532 tid=1 mathtype-insert-perf stage=set-shape-geometry numbered=False inline=True deltaMs=1 totalMs=52
2026-09-06T19:19:57.4757123+08:00 pid=71532 tid=1 mathtype-insert-perf stage=repair-inline-paragraph numbered=False inline=True deltaMs=5 totalMs=57
2026-09-06T19:19:57.4762411+08:00 pid=71532 tid=1 mathtype-insert-perf stage=refresh-native-shape numbered=False inline=True deltaMs=1 totalMs=58
2026-09-06T19:19:57.4767867+08:00 pid=71532 tid=1 mathtype-insert-perf stage=set-native-baseline numbered=False inline=True deltaMs=0 totalMs=58
2026-09-06T19:19:57.4788845+08:00 pid=71532 tid=1 mathtype-insert-perf stage=restore-typing-baseline numbered=False inline=True deltaMs=2 totalMs=60
2026-09-06T19:19:57.4794311+08:00 pid=71532 tid=1 mathtype-insert-perf stage=bind-created-object-identity numbered=False inline=True deltaMs=1 totalMs=61
2026-09-06T19:19:57.4794311+08:00 pid=71532 tid=1 mathtype-insert-perf stage=complete numbered=False inline=True deltaMs=0 totalMs=61
2026-09-06T19:19:57.4794311+08:00 pid=71532 tid=1 format-conversion-perf stage=insert-target formulaId=c8c5e92f-db60-4916-abd9-69068a945079 numbered=False deltaMs=89 totalMs=112
2026-09-06T19:19:57.4799552+08:00 pid=71532 tid=1 format-conversion-undo-state stage=after-target-insert document=文档7 recording=True level=1
2026-09-06T19:19:57.4816463+08:00 pid=71532 tid=1 format-conversion-bookmarked-target-stable formulaId=c8c5e92f-db60-4916-abd9-69068a945079 bookmark=VTMT_c4ccd2c0b33c4a59beb085d79b749e71 range=54:80 elapsedMs=0
2026-09-06T19:19:57.4836945+08:00 pid=71532 tid=1 format-conversion-perf stage=verify-target formulaId=c8c5e92f-db60-4916-abd9-69068a945079 numbered=False deltaMs=5 totalMs=117
2026-09-06T19:19:57.4900799+08:00 pid=71532 tid=1 format-conversion-finalize-perf stage=source-residual-check sourceMode=nativeOle targetMode=mathTypeOle deltaMs=6 totalMs=6
2026-09-06T19:19:57.4930802+08:00 pid=71532 tid=1 format-conversion-finalize-perf stage=target-count-check sourceMode=nativeOle targetMode=mathTypeOle deltaMs=2 totalMs=8
2026-09-06T19:19:57.6634612+08:00 pid=71532 tid=1 format-conversion-reference-aliases-restored sourceMode=nativeOle targetMode=mathTypeOle aliases=1 refreshedReferences=0 restoredFormatting=1
2026-09-06T19:19:57.6819173+08:00 pid=71532 tid=1 format-conversion-finalize-perf stage=numbering-reconcile sourceMode=nativeOle targetMode=mathTypeOle deltaMs=189 totalMs=197
2026-09-06T19:19:57.6849207+08:00 pid=71532 tid=1 format-conversion-finalize-perf stage=omml-fingerprint-refresh sourceMode=nativeOle targetMode=mathTypeOle deltaMs=3 totalMs=200
2026-09-06T19:19:57.6889175+08:00 pid=71532 tid=1 format-conversion-transaction-completed targets=6
2026-09-06T19:19:57.6889175+08:00 pid=71532 tid=5 format-conversion-word-apply-finished sourceMode=nativeOle targetMode=mathTypeOle converted=6 failed=0
2026-09-06T19:19:57.6889175+08:00 pid=71532 tid=5 format-conversion-session-cleanup-start sessions=6
2026-09-06T19:19:57.6899193+08:00 pid=71532 tid=5 format-conversion-complete source=VisualTeX target=MathType converted=6 failed=0
2026-09-06T19:19:57.6929191+08:00 pid=71532 tid=20 format-conversion-session-cleanup-complete sessions=6
2026-09-06T19:25:38.5995515+08:00 pid=71532 tid=12 left-down x=2218 y=1799 wordForeground=True
2026-09-06T19:25:51.4202915+08:00 pid=71532 tid=12 left-down x=1930 y=2008 wordForeground=False
2026-09-06T19:25:53.7808042+08:00 pid=71532 tid=12 left-down x=1819 y=1881 wordForeground=False
2026-09-06T19:25:55.7759065+08:00 pid=71532 tid=12 left-down x=1787 y=1221 wordForeground=False
2026-09-06T19:26:12.5616946+08:00 pid=71532 tid=12 left-down x=1817 y=925 wordForeground=False
2026-09-06T19:26:20.0600028+08:00 pid=71532 tid=12 left-down x=723 y=2133 wordForeground=False
2026-09-06T19:26:23.4080397+08:00 pid=71532 tid=12 left-down x=1003 y=1128 wordForeground=False
2026-09-06T19:26:25.0277047+08:00 pid=71532 tid=12 left-down x=759 y=1281 wordForeground=False
2026-09-06T19:26:25.2439074+08:00 pid=71532 tid=12 left-down x=759 y=1281 wordForeground=False
2026-09-06T19:26:26.9084307+08:00 pid=71532 tid=12 left-down x=765 y=1239 wordForeground=False
2026-09-06T19:26:27.1414976+08:00 pid=71532 tid=12 left-down x=765 y=1239 wordForeground=False
2026-09-06T19:26:32.8726312+08:00 pid=71532 tid=12 left-down x=1154 y=1125 wordForeground=False
2026-09-06T19:26:34.1919595+08:00 pid=71532 tid=12 left-down x=751 y=1249 wordForeground=False
2026-09-06T19:26:34.4186997+08:00 pid=71532 tid=12 left-down x=751 y=1249 wordForeground=False
2026-09-06T19:26:38.4315711+08:00 pid=71532 tid=12 left-down x=723 y=1485 wordForeground=False
2026-09-06T19:26:38.8644134+08:00 pid=71532 tid=12 left-down x=723 y=1485 wordForeground=False
2026-09-06T19:26:41.0302094+08:00 pid=71532 tid=12 left-down x=716 y=1445 wordForeground=False
2026-09-06T19:26:41.3054833+08:00 pid=71532 tid=12 left-down x=716 y=1445 wordForeground=False
2026-09-06T19:26:42.9408556+08:00 pid=71532 tid=12 left-down x=745 y=1260 wordForeground=False
2026-09-06T19:26:43.2284672+08:00 pid=71532 tid=12 left-down x=745 y=1260 wordForeground=False
2026-09-06T19:26:44.6537815+08:00 pid=71532 tid=12 left-down x=730 y=1286 wordForeground=False
2026-09-06T19:26:44.9361190+08:00 pid=71532 tid=12 left-down x=730 y=1286 wordForeground=False
2026-09-06T19:26:45.9905942+08:00 pid=71532 tid=12 left-down x=726 y=1221 wordForeground=False
2026-09-06T19:26:46.3480050+08:00 pid=71532 tid=12 left-down x=726 y=1221 wordForeground=False
2026-09-06T19:26:53.4856654+08:00 pid=71532 tid=12 left-down x=2547 y=1769 wordForeground=False
2026-09-06T19:27:08.2092048+08:00 pid=71532 tid=12 left-down x=2350 y=1340 wordForeground=False
2026-09-06T19:28:13.6482377+08:00 pid=71532 tid=12 left-down x=2358 y=727 wordForeground=False
2026-09-06T19:28:56.2283746+08:00 pid=71532 tid=12 left-down x=3340 y=1397 wordForeground=False
2026-09-06T19:28:59.8545547+08:00 pid=71532 tid=12 left-down x=2887 y=1708 wordForeground=False
2026-09-06T19:29:05.9350226+08:00 pid=71532 tid=12 left-down x=2872 y=1893 wordForeground=False
2026-09-06T19:31:37.4852555+08:00 pid=71532 tid=12 left-down x=2362 y=1685 wordForeground=False
2026-09-06T19:31:39.8064147+08:00 pid=71532 tid=12 left-down x=2431 y=1692 wordForeground=False
2026-09-06T19:36:16.4992921+08:00 pid=71532 tid=12 left-down x=947 y=228 wordForeground=True
2026-09-06T19:36:16.9084611+08:00 pid=71532 tid=1 word-undo-begin name=VisualTeX Set Equation Number Format recording=False level=0
2026-09-06T19:36:16.9084611+08:00 pid=71532 tid=1 word-undo-started name=VisualTeX Set Equation Number Format recording=True level=1
2026-09-06T19:36:16.9234599+08:00 pid=71532 tid=1 word-undo-end recording=False level=0
2026-09-06T19:36:21.3723510+08:00 pid=71532 tid=1 bulk-import bulk-import-start
2026-09-06T19:36:21.4654653+08:00 pid=71532 tid=26 bulk-import bulk-import-ui-created sessionId=900b0301-b962-45d1-8d4e-e9061fbeb749
2026-09-06T19:36:21.4704653+08:00 pid=71532 tid=26 bulk-import bulk-import-ui-opened sessionId=900b0301-b962-45d1-8d4e-e9061fbeb749
2026-09-06T19:36:25.2476117+08:00 pid=71532 tid=12 left-down x=1382 y=1120 wordForeground=False
2026-09-06T19:36:27.3956670+08:00 pid=71532 tid=12 left-down x=2332 y=460 wordForeground=False
2026-09-06T19:36:29.4416211+08:00 pid=71532 tid=12 left-down x=2492 y=460 wordForeground=False
2026-09-06T19:36:32.0469587+08:00 pid=71532 tid=26 bulk-import bulk-import-ui-finished sessionId=900b0301-b962-45d1-8d4e-e9061fbeb749 status=committing error=<null>
2026-09-06T19:36:32.0519581+08:00 pid=71532 tid=26 bulk-import parsed blocks=15 formulas=6 mode=MathType fontSizePt=10.5
2026-09-06T19:36:32.0631134+08:00 pid=71532 tid=24 bulk-import render-prepare index=1/6 display=inline latex=\sqrt{E-u\left(x\right)}=\frac{1}{f\left(\omega\right)v_{ph}\left(\omega,x\right)}
2026-09-06T19:36:32.0631134+08:00 pid=71532 tid=24 bulk-import converter-create display=inline mode=mathTypeOle latex=\sqrt{E-u\left(x\right)}=\frac{1}{f\left(\omega\right)v_{ph}\left(\omega,x\right)}
2026-09-06T19:36:32.0671137+08:00 pid=71532 tid=11 bulk-import converter-created sessionId=0d05260c-2a0e-4749-8b39-03a15e2c2b4f
2026-09-06T19:36:32.0681134+08:00 pid=71532 tid=11 bulk-import render-prepare index=2/6 display=block latex=\begin{cases}\frac{\mathrm{d}}{\mathrm{d}\omega}\left(\omega f\left(\omega\right)\right)=0 \\ \frac{\omega f\left(\omega\right)}{2}\frac{\mathrm{d}E\left(\omega\right)}{\mathrm{d}\omega}=\sqrt{\frac{m}{2}} \end{cases}
2026-09-06T19:36:32.0681134+08:00 pid=71532 tid=11 bulk-import converter-create display=block mode=mathTypeOle latex=\begin{cases}\frac{\mathrm{d}}{\mathrm{d}\omega}\left(\omega f\left(\omega\right)\right)=0 \\ \frac{\omega f\left(\omega\right)}{2}\frac{\mathrm{d}E\left(\omega\right)}{\mathrm{d}\omega}=\sqrt{\frac{m}{2}} \end{cases}
2026-09-06T19:36:32.0721135+08:00 pid=71532 tid=26 bulk-import converter-created sessionId=24d23551-b766-4807-8c3e-c7ffba3d2b3d
2026-09-06T19:36:32.0721135+08:00 pid=71532 tid=26 bulk-import render-prepare index=3/6 display=block latex=\sqrt{\frac{m}{2\left(E\left(\omega\right)-U\right)}}=\frac{\mathrm{d}}{\mathrm{d}\omega}\left(\omega\cdot f\left(\omega\right)\sqrt{\left(E\left(\omega\right)-U\right)}\right)
2026-09-06T19:36:32.0731133+08:00 pid=71532 tid=26 bulk-import converter-create display=block mode=mathTypeOle latex=\sqrt{\frac{m}{2\left(E\left(\omega\right)-U\right)}}=\frac{\mathrm{d}}{\mathrm{d}\omega}\left(\omega\cdot f\left(\omega\right)\sqrt{\left(E\left(\omega\right)-U\right)}\right)
2026-09-06T19:36:32.0771135+08:00 pid=71532 tid=26 bulk-import converter-created sessionId=1f52c97e-965d-4629-87f3-3f651ec633c5
2026-09-06T19:36:32.0781174+08:00 pid=71532 tid=26 bulk-import render-prepare index=4/6 display=block latex=i\hbar \frac{\partial}{\partial t}\psi(\mathbf{r},t) = \left[ -\frac{\hbar^2}{2m}\nabla^2 + V(\mathbf{r},t) \right]\psi(\mathbf{r},t)
2026-09-06T19:36:32.0781174+08:00 pid=71532 tid=26 bulk-import converter-create display=block mode=mathTypeOle latex=i\hbar \frac{\partial}{\partial t}\psi(\mathbf{r},t) = \left[ -\frac{\hbar^2}{2m}\nabla^2 + V(\mathbf{r},t) \right]\psi(\mathbf{r},t)
2026-09-06T19:36:32.0821270+08:00 pid=71532 tid=11 bulk-import converter-created sessionId=1c3cde0e-9e5e-48b2-b221-bd23ebff07e5
2026-09-06T19:36:32.0821270+08:00 pid=71532 tid=11 bulk-import render-prepare index=5/6 display=block latex=\frac{\partial}{\partial t}\psi ^*\left( \vec{r} \right) \psi \left( \vec{r} \right) =\frac{i\hbar}{2m}\nabla \cdot \left[ \psi ^*\left( \vec{r} \right) \nabla \psi \left( \vec{r} \right) -\psi \left( \vec{r} \right) \nabla \psi ^*\left( r \right) \right]
2026-09-06T19:36:32.0831245+08:00 pid=71532 tid=11 bulk-import converter-create display=block mode=mathTypeOle latex=\frac{\partial}{\partial t}\psi ^*\left( \vec{r} \right) \psi \left( \vec{r} \right) =\frac{i\hbar}{2m}\nabla \cdot \left[ \psi ^*\left( \vec{r} \right) \nabla \psi \left( \vec{r} \right) -\psi \left( \vec{r} \right) \nabla \psi ^*\left( r \right) \right]
2026-09-06T19:36:32.0861266+08:00 pid=71532 tid=26 bulk-import converter-created sessionId=81544aa7-440e-4d8f-9081-b737bee57fa0
2026-09-06T19:36:32.0871247+08:00 pid=71532 tid=26 bulk-import render-prepare index=6/6 display=block latex=\frac{\partial}{\partial t}\rho \left( \vec{r},t \right) +\nabla \cdot \vec{j}=0
2026-09-06T19:36:32.0871247+08:00 pid=71532 tid=26 bulk-import converter-create display=block mode=mathTypeOle latex=\frac{\partial}{\partial t}\rho \left( \vec{r},t \right) +\nabla \cdot \vec{j}=0
2026-09-06T19:36:32.0901266+08:00 pid=71532 tid=11 bulk-import converter-created sessionId=631c643b-958d-45fa-b5ac-fd1c38b3e5c8
2026-09-06T19:36:32.0911244+08:00 pid=71532 tid=11 bulk-import render-batch-start unique=6 total=6
2026-09-06T19:36:32.1732335+08:00 pid=71532 tid=11 bulk-import render-batch-item sessionId=0d05260c-2a0e-4749-8b39-03a15e2c2b4f status=committing display=inline
2026-09-06T19:36:32.1958296+08:00 pid=71532 tid=26 bulk-import render-batch-item sessionId=24d23551-b766-4807-8c3e-c7ffba3d2b3d status=committing display=block
2026-09-06T19:36:32.2188304+08:00 pid=71532 tid=11 bulk-import render-batch-item sessionId=1f52c97e-965d-4629-87f3-3f651ec633c5 status=committing display=block
2026-09-06T19:36:32.2700460+08:00 pid=71532 tid=11 bulk-import render-batch-item sessionId=1c3cde0e-9e5e-48b2-b221-bd23ebff07e5 status=committing display=block
2026-09-06T19:36:32.2940423+08:00 pid=71532 tid=26 bulk-import render-batch-item sessionId=81544aa7-440e-4d8f-9081-b737bee57fa0 status=committing display=block
2026-09-06T19:36:32.3090429+08:00 pid=71532 tid=11 bulk-import render-batch-item sessionId=631c643b-958d-45fa-b5ac-fd1c38b3e5c8 status=committing display=block
2026-09-06T19:36:32.3090429+08:00 pid=71532 tid=11 bulk-import render-batch-complete unique=6 elapsedMs=218
2026-09-06T19:36:32.6316593+08:00 pid=71532 tid=11 bulk-import mathtype-native-preview-batch templates=6 formulas=6 elapsedMs=320
2026-09-06T19:36:32.6903279+08:00 pid=71532 tid=1 word-undo-begin name=VisualTeX 批量导入 recording=False level=0
2026-09-06T19:36:32.6903279+08:00 pid=71532 tid=1 word-undo-started name=VisualTeX 批量导入 recording=True level=1
2026-09-06T19:36:32.7426862+08:00 pid=71532 tid=1 word-undo-begin name=VisualTeX Insert MathType OLE Inline Formula recording=True level=1
2026-09-06T19:36:32.7456860+08:00 pid=71532 tid=1 mathtype-insert-perf stage=resolve-insertion numbered=False inline=True deltaMs=3 totalMs=3
2026-09-06T19:36:32.7526869+08:00 pid=71532 tid=1 mathtype-insert-perf stage=build-flat-opc numbered=False inline=True deltaMs=6 totalMs=9
2026-09-06T19:36:32.7526869+08:00 pid=71532 tid=1 mathtype-insert-perf stage=pre-insert-bookkeeping numbered=False inline=True deltaMs=1 totalMs=10
2026-09-06T19:36:32.7936857+08:00 pid=71532 tid=1 mathtype-insert-perf stage=insert-flat-opc numbered=False inline=True deltaMs=41 totalMs=51
2026-09-06T19:36:32.7946859+08:00 pid=71532 tid=1 mathtype-insert-perf stage=resolve-new-shape numbered=False inline=True deltaMs=0 totalMs=51
2026-09-06T19:36:32.8286862+08:00 pid=71532 tid=1 mathtype-insert-perf stage=set-shape-geometry numbered=False inline=True deltaMs=34 totalMs=85
2026-09-06T19:36:32.8286862+08:00 pid=71532 tid=1 mathtype-insert-perf stage=repair-inline-paragraph numbered=False inline=True deltaMs=1 totalMs=86
2026-09-06T19:36:32.8296858+08:00 pid=71532 tid=1 mathtype-insert-perf stage=refresh-native-shape numbered=False inline=True deltaMs=0 totalMs=86
2026-09-06T19:36:32.8306859+08:00 pid=71532 tid=1 mathtype-insert-perf stage=set-native-baseline numbered=False inline=True deltaMs=1 totalMs=87
2026-09-06T19:36:32.8316864+08:00 pid=71532 tid=1 mathtype-insert-perf stage=restore-typing-baseline numbered=False inline=True deltaMs=2 totalMs=89
2026-09-06T19:36:32.8326880+08:00 pid=71532 tid=1 mathtype-insert-perf stage=complete numbered=False inline=True deltaMs=0 totalMs=89
2026-09-06T19:36:32.8576863+08:00 pid=71532 tid=1 word-undo-begin name=VisualTeX Insert MathType OLE Numbered Display Formula recording=False level=0
2026-09-06T19:36:32.8576863+08:00 pid=71532 tid=1 word-undo-started name=VisualTeX Insert MathType OLE Numbered Display Formula recording=True level=1
2026-09-06T19:36:32.8606859+08:00 pid=71532 tid=1 mathtype-insert-perf stage=resolve-insertion numbered=True inline=False deltaMs=3 totalMs=3
2026-09-06T19:36:32.8606859+08:00 pid=71532 tid=1 mathtype-insert-perf stage=clear-incomplete-number-row numbered=True inline=False deltaMs=0 totalMs=3
2026-09-06T19:36:32.8616863+08:00 pid=71532 tid=1 mathtype-insert-perf stage=number-template-heading-state numbered=True inline=False deltaMs=1 totalMs=4
2026-09-06T19:36:32.8626859+08:00 pid=71532 tid=1 mathtype-insert-perf stage=prepare-display-row numbered=True inline=False deltaMs=0 totalMs=4
2026-09-06T19:36:32.8689510+08:00 pid=71532 tid=1 mathtype-insert-perf stage=build-flat-opc numbered=True inline=False deltaMs=6 totalMs=10
2026-09-06T19:36:32.8689510+08:00 pid=71532 tid=1 mathtype-insert-perf stage=pre-insert-bookkeeping numbered=True inline=False deltaMs=1 totalMs=11
2026-09-06T19:36:32.9059506+08:00 pid=71532 tid=1 mathtype-insert-perf stage=insert-flat-opc numbered=True inline=False deltaMs=37 totalMs=48
2026-09-06T19:36:32.9059506+08:00 pid=71532 tid=1 mathtype-insert-perf stage=resolve-new-shape numbered=True inline=False deltaMs=0 totalMs=48
2026-09-06T19:36:32.9399506+08:00 pid=71532 tid=1 mathtype-insert-perf stage=set-shape-geometry numbered=True inline=False deltaMs=34 totalMs=82
2026-09-06T19:36:32.9399506+08:00 pid=71532 tid=1 mathtype-insert-perf stage=repair-inline-paragraph numbered=True inline=False deltaMs=0 totalMs=82
2026-09-06T19:36:32.9409506+08:00 pid=71532 tid=1 mathtype-insert-perf stage=refresh-native-shape numbered=True inline=False deltaMs=0 totalMs=82
2026-09-06T19:36:32.9629507+08:00 pid=71532 tid=1 mathtype-insert-perf stage=complete numbered=True inline=False deltaMs=23 totalMs=105
2026-09-06T19:36:32.9639504+08:00 pid=71532 tid=1 word-undo-end recording=False level=0
2026-09-06T19:36:32.9849516+08:00 pid=71532 tid=1 word-undo-begin name=VisualTeX Insert MathType OLE Numbered Display Formula recording=False level=0
2026-09-06T19:36:32.9859505+08:00 pid=71532 tid=1 word-undo-started name=VisualTeX Insert MathType OLE Numbered Display Formula recording=True level=1
2026-09-06T19:36:32.9889506+08:00 pid=71532 tid=1 mathtype-insert-perf stage=resolve-insertion numbered=True inline=False deltaMs=3 totalMs=3
2026-09-06T19:36:32.9889506+08:00 pid=71532 tid=1 mathtype-insert-perf stage=clear-incomplete-number-row numbered=True inline=False deltaMs=0 totalMs=3
2026-09-06T19:36:32.9899506+08:00 pid=71532 tid=1 mathtype-insert-perf stage=number-template-heading-state numbered=True inline=False deltaMs=1 totalMs=4
2026-09-06T19:36:32.9909515+08:00 pid=71532 tid=1 mathtype-insert-perf stage=prepare-display-row numbered=True inline=False deltaMs=1 totalMs=5
2026-09-06T19:36:32.9969513+08:00 pid=71532 tid=1 mathtype-insert-perf stage=build-flat-opc numbered=True inline=False deltaMs=6 totalMs=11
2026-09-06T19:36:32.9969513+08:00 pid=71532 tid=1 mathtype-insert-perf stage=pre-insert-bookkeeping numbered=True inline=False deltaMs=0 totalMs=11
2026-09-06T19:36:33.0367908+08:00 pid=71532 tid=1 mathtype-insert-perf stage=insert-flat-opc numbered=True inline=False deltaMs=40 totalMs=51
2026-09-06T19:36:33.0377912+08:00 pid=71532 tid=1 mathtype-insert-perf stage=resolve-new-shape numbered=True inline=False deltaMs=1 totalMs=52
2026-09-06T19:36:33.0750597+08:00 pid=71532 tid=1 mathtype-insert-perf stage=set-shape-geometry numbered=True inline=False deltaMs=38 totalMs=90
2026-09-06T19:36:33.0750597+08:00 pid=71532 tid=1 mathtype-insert-perf stage=repair-inline-paragraph numbered=True inline=False deltaMs=0 totalMs=90
2026-09-06T19:36:33.0760599+08:00 pid=71532 tid=1 mathtype-insert-perf stage=refresh-native-shape numbered=True inline=False deltaMs=0 totalMs=90
2026-09-06T19:36:33.1062579+08:00 pid=71532 tid=1 mathtype-insert-perf stage=complete numbered=True inline=False deltaMs=31 totalMs=121
2026-09-06T19:36:33.1062579+08:00 pid=71532 tid=1 word-undo-end recording=False level=0
2026-09-06T19:36:33.1759538+08:00 pid=71532 tid=1 word-undo-begin name=VisualTeX Insert MathType OLE Numbered Display Formula recording=False level=0
2026-09-06T19:36:33.1759538+08:00 pid=71532 tid=1 word-undo-started name=VisualTeX Insert MathType OLE Numbered Display Formula recording=True level=1
2026-09-06T19:36:33.1809537+08:00 pid=71532 tid=1 mathtype-insert-perf stage=resolve-insertion numbered=True inline=False deltaMs=4 totalMs=4
2026-09-06T19:36:33.1809537+08:00 pid=71532 tid=1 mathtype-insert-perf stage=clear-incomplete-number-row numbered=True inline=False deltaMs=0 totalMs=4
2026-09-06T19:36:33.1819534+08:00 pid=71532 tid=1 mathtype-insert-perf stage=number-template-heading-state numbered=True inline=False deltaMs=1 totalMs=5
2026-09-06T19:36:33.1829537+08:00 pid=71532 tid=1 mathtype-insert-perf stage=prepare-display-row numbered=True inline=False deltaMs=1 totalMs=6
2026-09-06T19:36:33.1889538+08:00 pid=71532 tid=1 mathtype-insert-perf stage=build-flat-opc numbered=True inline=False deltaMs=6 totalMs=12
2026-09-06T19:36:33.1889538+08:00 pid=71532 tid=1 mathtype-insert-perf stage=pre-insert-bookkeeping numbered=True inline=False deltaMs=0 totalMs=12
2026-09-06T19:36:33.2281094+08:00 pid=71532 tid=1 mathtype-insert-perf stage=insert-flat-opc numbered=True inline=False deltaMs=39 totalMs=51
2026-09-06T19:36:33.2281094+08:00 pid=71532 tid=1 mathtype-insert-perf stage=resolve-new-shape numbered=True inline=False deltaMs=1 totalMs=52
2026-09-06T19:36:33.2491094+08:00 pid=71532 tid=1 mathtype-insert-perf stage=set-shape-geometry numbered=True inline=False deltaMs=20 totalMs=72
2026-09-06T19:36:33.2491094+08:00 pid=71532 tid=1 mathtype-insert-perf stage=repair-inline-paragraph numbered=True inline=False deltaMs=1 totalMs=73
2026-09-06T19:36:33.2501094+08:00 pid=71532 tid=1 mathtype-insert-perf stage=refresh-native-shape numbered=True inline=False deltaMs=0 totalMs=73
2026-09-06T19:36:33.2701211+08:00 pid=71532 tid=1 mathtype-insert-perf stage=complete numbered=True inline=False deltaMs=20 totalMs=93
2026-09-06T19:36:33.2701211+08:00 pid=71532 tid=1 word-undo-end recording=False level=0
2026-09-06T19:36:33.3026885+08:00 pid=71532 tid=1 word-undo-begin name=VisualTeX Insert MathType OLE Numbered Display Formula recording=False level=0
2026-09-06T19:36:33.3036883+08:00 pid=71532 tid=1 word-undo-started name=VisualTeX Insert MathType OLE Numbered Display Formula recording=True level=1
2026-09-06T19:36:33.3066892+08:00 pid=71532 tid=1 mathtype-insert-perf stage=resolve-insertion numbered=True inline=False deltaMs=4 totalMs=4
2026-09-06T19:36:33.3076891+08:00 pid=71532 tid=1 mathtype-insert-perf stage=clear-incomplete-number-row numbered=True inline=False deltaMs=0 totalMs=4
2026-09-06T19:36:33.3086887+08:00 pid=71532 tid=1 mathtype-insert-perf stage=number-template-heading-state numbered=True inline=False deltaMs=2 totalMs=6
2026-09-06T19:36:33.3096885+08:00 pid=71532 tid=1 mathtype-insert-perf stage=prepare-display-row numbered=True inline=False deltaMs=0 totalMs=6
2026-09-06T19:36:33.3156893+08:00 pid=71532 tid=1 mathtype-insert-perf stage=build-flat-opc numbered=True inline=False deltaMs=7 totalMs=13
2026-09-06T19:36:33.3166887+08:00 pid=71532 tid=1 mathtype-insert-perf stage=pre-insert-bookkeeping numbered=True inline=False deltaMs=0 totalMs=13
2026-09-06T19:36:33.3516885+08:00 pid=71532 tid=1 mathtype-insert-perf stage=insert-flat-opc numbered=True inline=False deltaMs=36 totalMs=49
2026-09-06T19:36:33.3526913+08:00 pid=71532 tid=1 mathtype-insert-perf stage=resolve-new-shape numbered=True inline=False deltaMs=0 totalMs=49
2026-09-06T19:36:33.3761415+08:00 pid=71532 tid=1 mathtype-insert-perf stage=set-shape-geometry numbered=True inline=False deltaMs=23 totalMs=72
2026-09-06T19:36:33.3761415+08:00 pid=71532 tid=1 mathtype-insert-perf stage=repair-inline-paragraph numbered=True inline=False deltaMs=1 totalMs=73
2026-09-06T19:36:33.3761415+08:00 pid=71532 tid=1 mathtype-insert-perf stage=refresh-native-shape numbered=True inline=False deltaMs=0 totalMs=73
2026-09-06T19:36:33.3960576+08:00 pid=71532 tid=1 mathtype-insert-perf stage=complete numbered=True inline=False deltaMs=20 totalMs=93
2026-09-06T19:36:33.3960576+08:00 pid=71532 tid=1 word-undo-end recording=False level=0
2026-09-06T19:36:33.4290637+08:00 pid=71532 tid=1 word-undo-begin name=VisualTeX Insert MathType OLE Numbered Display Formula recording=False level=0
2026-09-06T19:36:33.4290637+08:00 pid=71532 tid=1 word-undo-started name=VisualTeX Insert MathType OLE Numbered Display Formula recording=True level=1
2026-09-06T19:36:33.4329067+08:00 pid=71532 tid=1 mathtype-insert-perf stage=resolve-insertion numbered=True inline=False deltaMs=4 totalMs=4
2026-09-06T19:36:33.4329067+08:00 pid=71532 tid=1 mathtype-insert-perf stage=clear-incomplete-number-row numbered=True inline=False deltaMs=0 totalMs=4
2026-09-06T19:36:33.4339065+08:00 pid=71532 tid=1 mathtype-insert-perf stage=number-template-heading-state numbered=True inline=False deltaMs=1 totalMs=5
2026-09-06T19:36:33.4349063+08:00 pid=71532 tid=1 mathtype-insert-perf stage=prepare-display-row numbered=True inline=False deltaMs=0 totalMs=5
2026-09-06T19:36:33.4419065+08:00 pid=71532 tid=1 mathtype-insert-perf stage=build-flat-opc numbered=True inline=False deltaMs=7 totalMs=12
2026-09-06T19:36:33.4419065+08:00 pid=71532 tid=1 mathtype-insert-perf stage=pre-insert-bookkeeping numbered=True inline=False deltaMs=0 totalMs=12
2026-09-06T19:36:33.4790537+08:00 pid=71532 tid=1 mathtype-insert-perf stage=insert-flat-opc numbered=True inline=False deltaMs=38 totalMs=50
2026-09-06T19:36:33.4795758+08:00 pid=71532 tid=1 mathtype-insert-perf stage=resolve-new-shape numbered=True inline=False deltaMs=0 totalMs=50
2026-09-06T19:36:33.5125139+08:00 pid=71532 tid=1 mathtype-insert-perf stage=set-shape-geometry numbered=True inline=False deltaMs=33 totalMs=83
2026-09-06T19:36:33.5125139+08:00 pid=71532 tid=1 mathtype-insert-perf stage=repair-inline-paragraph numbered=True inline=False deltaMs=0 totalMs=83
2026-09-06T19:36:33.5125139+08:00 pid=71532 tid=1 mathtype-insert-perf stage=refresh-native-shape numbered=True inline=False deltaMs=1 totalMs=84
2026-09-06T19:36:33.5353584+08:00 pid=71532 tid=1 mathtype-insert-perf stage=complete numbered=True inline=False deltaMs=22 totalMs=106
2026-09-06T19:36:33.5353584+08:00 pid=71532 tid=1 word-undo-end recording=False level=0
2026-09-06T19:36:33.6003586+08:00 pid=71532 tid=1 bulk-import-ole-identities-finalized repaired=0
2026-09-06T19:36:33.6013585+08:00 pid=71532 tid=1 word-undo-end recording=False level=0
2026-09-06T19:36:33.6013585+08:00 pid=71532 tid=24 bulk-import bulk-insert-complete blocks=15 formulas=6 elapsedMs=969
2026-09-06T19:36:33.6013585+08:00 pid=71532 tid=24 bulk-import bulk-import-complete blocks=15 formulas=6 elapsedMs=12228
2026-09-06T19:36:33.6023584+08:00 pid=71532 tid=24 bulk-import bulk-operation-gate-released
2026-09-06T19:36:33.6353591+08:00 pid=71532 tid=27 office-session-finalization-complete sessions=7 completed=True
2026-09-06T19:36:48.6201875+08:00 pid=71532 tid=1 word-undo-begin name=VisualTeX Update MathType OLE Formula recording=False level=0
2026-09-06T19:36:48.6211881+08:00 pid=71532 tid=1 word-undo-started name=VisualTeX Update MathType OLE Formula recording=True level=1
2026-09-06T19:36:48.6211881+08:00 pid=71532 tid=1 mathtype-replace-stage stage=resolve-source formulaId=eeb2e7d6-5262-47cd-99fb-454ccdf445b8
2026-09-06T19:36:48.6261876+08:00 pid=71532 tid=1 mathtype-replace-numbering source=True:right target=True:right changed=False
2026-09-06T19:36:48.6261876+08:00 pid=71532 tid=1 mathtype-replace-stage stage=read-source-flat-opc formulaId=eeb2e7d6-5262-47cd-99fb-454ccdf445b8
2026-09-06T19:36:48.6486015+08:00 pid=71532 tid=1 mathtype-replace-stage stage=read-source-flat-opc-complete formulaId=eeb2e7d6-5262-47cd-99fb-454ccdf445b8
2026-09-06T19:36:48.6486015+08:00 pid=71532 tid=1 mathtype-replace-stage stage=rewrite-cfb formulaId=eeb2e7d6-5262-47cd-99fb-454ccdf445b8
2026-09-06T19:36:48.8008831+08:00 pid=71532 tid=1 mathtype-replace-native-preview formulaId=eeb2e7d6-5262-47cd-99fb-454ccdf445b8 sourceWord=171.05x33.1@-14 sourceNative=171x33@-14 rewrittenNative=171x33@-14 scale=1x1.003 target=171.05x33.1@-14
2026-09-06T19:36:48.8008831+08:00 pid=71532 tid=1 mathtype-replace-stage stage=rewrite-flat-opc formulaId=eeb2e7d6-5262-47cd-99fb-454ccdf445b8
2026-09-06T19:36:48.8088840+08:00 pid=71532 tid=1 mathtype-replace-stage stage=rewrite-flat-opc-complete formulaId=eeb2e7d6-5262-47cd-99fb-454ccdf445b8
2026-09-06T19:36:48.8118829+08:00 pid=71532 tid=1 mathtype-replace-stage stage=delete-source formulaId=eeb2e7d6-5262-47cd-99fb-454ccdf445b8
2026-09-06T19:36:48.8148830+08:00 pid=71532 tid=1 mathtype-replace-stage stage=insert-rewritten-flat-opc formulaId=eeb2e7d6-5262-47cd-99fb-454ccdf445b8
2026-09-06T19:36:48.8607213+08:00 pid=71532 tid=1 mathtype-replace-stage stage=insert-rewritten-flat-opc-complete formulaId=eeb2e7d6-5262-47cd-99fb-454ccdf445b8
2026-09-06T19:36:48.8717216+08:00 pid=71532 tid=1 mathtype-replace-stage stage=validate-replacement formulaId=eeb2e7d6-5262-47cd-99fb-454ccdf445b8
2026-09-06T19:36:48.8917272+08:00 pid=71532 tid=1 mathtype-replace-stage stage=complete formulaId=eeb2e7d6-5262-47cd-99fb-454ccdf445b8
2026-09-06T19:36:48.9179740+08:00 pid=71532 tid=1 word-undo-end recording=False level=0
2026-09-06T19:36:48.9219719+08:00 pid=71532 tid=10 ribbon-session-operation-released sessionId=3c0e744f-da31-41da-86f0-8c75cd5d0daf
2026-09-06T19:40:18.9582050+08:00 pid=71532 tid=27 ribbon-session-operation-released sessionId=0f4d7e17-8cf2-40ce-a0d6-a7112e606149
2026-09-06T19:40:29.1477068+08:00 pid=71532 tid=12 left-down x=947 y=400 wordForeground=True
2026-09-06T19:40:30.3222691+08:00 pid=71532 tid=1 word-undo-begin name=VisualTeX Set Equation Number Format recording=False level=0
2026-09-06T19:40:30.3222691+08:00 pid=71532 tid=1 word-undo-started name=VisualTeX Set Equation Number Format recording=True level=1
2026-09-06T19:40:30.3533965+08:00 pid=71532 tid=1 mathtype-heading-scope-state chapter=1 section=1 heading=379:395 formula=402
2026-09-06T19:40:31.3280881+08:00 pid=71532 tid=1 word-undo-end recording=False level=0
2026-09-06T19:40:38.8019143+08:00 pid=71532 tid=12 left-down x=1133 y=750 wordForeground=True
2026-09-06T19:40:40.9156090+08:00 pid=71532 tid=1 word-undo-begin name=VisualTeX Insert Equation Reference recording=False level=0
2026-09-06T19:40:40.9166118+08:00 pid=71532 tid=1 word-undo-started name=VisualTeX Insert Equation Reference recording=True level=1
2026-09-06T19:40:40.9710957+08:00 pid=71532 tid=1 word-undo-end recording=True level=1
2026-09-06T19:40:40.9710957+08:00 pid=71532 tid=1 reference-insertion-complete target=MathType 公式 (1.1-1)
2026-09-06T19:40:51.4797020+08:00 pid=71532 tid=1 format-conversion-start sourceMode=mathTypeOle targetMode=wordOmml wholeDocument=True
2026-09-06T19:40:51.5347028+08:00 pid=71532 tid=1 format-conversion-plan-bulk-ole-snapshot count=6 elapsedMs=54
2026-09-06T19:40:51.5357018+08:00 pid=71532 tid=1 format-conversion-plan-perf stage=shape-access source=mathTypeOle index=1/6 deltaMs=0 totalMs=0
2026-09-06T19:40:51.5357018+08:00 pid=71532 tid=1 format-conversion-plan-perf stage=identify-mathtype source=mathTypeOle index=1/6 deltaMs=0 totalMs=0
2026-09-06T19:40:51.5397021+08:00 pid=71532 tid=1 format-conversion-plan-perf stage=read-mathml-bulk source=mathTypeOle index=1/6 deltaMs=3 totalMs=3
2026-09-06T19:40:51.5417020+08:00 pid=71532 tid=1 format-conversion-plan-perf stage=read-metadata source=mathTypeOle index=1/6 deltaMs=2 totalMs=5
2026-09-06T19:40:51.5417020+08:00 pid=71532 tid=1 format-conversion-plan-perf stage=number-position source=mathTypeOle index=1/6 deltaMs=1 totalMs=6
2026-09-06T19:40:51.5417020+08:00 pid=71532 tid=1 format-conversion-plan-perf stage=shape-range source=mathTypeOle index=1/6 deltaMs=0 totalMs=6
2026-09-06T19:40:51.5607027+08:00 pid=71532 tid=1 format-conversion-plan-perf stage=target-added source=mathTypeOle index=1/6 deltaMs=18 totalMs=24
2026-09-06T19:40:51.5607027+08:00 pid=71532 tid=1 format-conversion-plan-perf stage=shape-access source=mathTypeOle index=2/6 deltaMs=0 totalMs=0
2026-09-06T19:40:51.5617018+08:00 pid=71532 tid=1 format-conversion-plan-perf stage=identify-mathtype source=mathTypeOle index=2/6 deltaMs=0 totalMs=0
2026-09-06T19:40:51.5757028+08:00 pid=71532 tid=1 format-conversion-plan-perf stage=read-mathml-bulk source=mathTypeOle index=2/6 deltaMs=14 totalMs=14
2026-09-06T19:40:51.5777042+08:00 pid=71532 tid=1 format-conversion-plan-perf stage=read-metadata source=mathTypeOle index=2/6 deltaMs=3 totalMs=17
2026-09-06T19:40:51.5787047+08:00 pid=71532 tid=1 format-conversion-plan-perf stage=number-position source=mathTypeOle index=2/6 deltaMs=0 totalMs=17
2026-09-06T19:40:51.5787047+08:00 pid=71532 tid=1 format-conversion-plan-perf stage=shape-range source=mathTypeOle index=2/6 deltaMs=1 totalMs=18
2026-09-06T19:40:51.5977046+08:00 pid=71532 tid=1 format-conversion-plan-perf stage=target-added source=mathTypeOle index=2/6 deltaMs=18 totalMs=36
2026-09-06T19:40:51.5977046+08:00 pid=71532 tid=1 format-conversion-plan-perf stage=shape-access source=mathTypeOle index=3/6 deltaMs=0 totalMs=0
2026-09-06T19:40:51.5987040+08:00 pid=71532 tid=1 format-conversion-plan-perf stage=identify-mathtype source=mathTypeOle index=3/6 deltaMs=0 totalMs=0
2026-09-06T19:40:51.6027047+08:00 pid=71532 tid=1 format-conversion-plan-perf stage=read-mathml-bulk source=mathTypeOle index=3/6 deltaMs=4 totalMs=4
2026-09-06T19:40:51.6047048+08:00 pid=71532 tid=1 format-conversion-plan-perf stage=read-metadata source=mathTypeOle index=3/6 deltaMs=2 totalMs=6
2026-09-06T19:40:51.6057044+08:00 pid=71532 tid=1 format-conversion-plan-perf stage=number-position source=mathTypeOle index=3/6 deltaMs=1 totalMs=7
2026-09-06T19:40:51.6057044+08:00 pid=71532 tid=1 format-conversion-plan-perf stage=shape-range source=mathTypeOle index=3/6 deltaMs=0 totalMs=7
2026-09-06T19:40:51.6242642+08:00 pid=71532 tid=1 format-conversion-plan-perf stage=target-added source=mathTypeOle index=3/6 deltaMs=19 totalMs=26
2026-09-06T19:40:51.6252633+08:00 pid=71532 tid=1 format-conversion-plan-perf stage=shape-access source=mathTypeOle index=4/6 deltaMs=0 totalMs=0
2026-09-06T19:40:51.6252633+08:00 pid=71532 tid=1 format-conversion-plan-perf stage=identify-mathtype source=mathTypeOle index=4/6 deltaMs=0 totalMs=0
2026-09-06T19:40:51.6282648+08:00 pid=71532 tid=1 format-conversion-plan-perf stage=read-mathml-bulk source=mathTypeOle index=4/6 deltaMs=3 totalMs=3
2026-09-06T19:40:51.6302630+08:00 pid=71532 tid=1 format-conversion-plan-perf stage=read-metadata source=mathTypeOle index=4/6 deltaMs=2 totalMs=5
2026-09-06T19:40:51.6312625+08:00 pid=71532 tid=1 format-conversion-plan-perf stage=number-position source=mathTypeOle index=4/6 deltaMs=1 totalMs=6
2026-09-06T19:40:51.6312625+08:00 pid=71532 tid=1 format-conversion-plan-perf stage=shape-range source=mathTypeOle index=4/6 deltaMs=0 totalMs=6
2026-09-06T19:40:51.6492636+08:00 pid=71532 tid=1 format-conversion-plan-perf stage=target-added source=mathTypeOle index=4/6 deltaMs=18 totalMs=24
2026-09-06T19:40:51.6502628+08:00 pid=71532 tid=1 format-conversion-plan-perf stage=shape-access source=mathTypeOle index=5/6 deltaMs=0 totalMs=0
2026-09-06T19:40:51.6502628+08:00 pid=71532 tid=1 format-conversion-plan-perf stage=identify-mathtype source=mathTypeOle index=5/6 deltaMs=0 totalMs=0
2026-09-06T19:40:51.6542628+08:00 pid=71532 tid=1 format-conversion-plan-perf stage=read-mathml-bulk source=mathTypeOle index=5/6 deltaMs=3 totalMs=3
2026-09-06T19:40:51.6562625+08:00 pid=71532 tid=1 format-conversion-plan-perf stage=read-metadata source=mathTypeOle index=5/6 deltaMs=3 totalMs=6
2026-09-06T19:40:51.6572631+08:00 pid=71532 tid=1 format-conversion-plan-perf stage=number-position source=mathTypeOle index=5/6 deltaMs=1 totalMs=7
2026-09-06T19:40:51.6572631+08:00 pid=71532 tid=1 format-conversion-plan-perf stage=shape-range source=mathTypeOle index=5/6 deltaMs=0 totalMs=7
2026-09-06T19:40:51.6779415+08:00 pid=71532 tid=1 format-conversion-plan-perf stage=target-added source=mathTypeOle index=5/6 deltaMs=20 totalMs=27
2026-09-06T19:40:51.6789424+08:00 pid=71532 tid=1 format-conversion-plan-perf stage=shape-access source=mathTypeOle index=6/6 deltaMs=0 totalMs=0
2026-09-06T19:40:51.6789424+08:00 pid=71532 tid=1 format-conversion-plan-perf stage=identify-mathtype source=mathTypeOle index=6/6 deltaMs=0 totalMs=0
2026-09-06T19:40:51.6829402+08:00 pid=71532 tid=1 format-conversion-plan-perf stage=read-mathml-bulk source=mathTypeOle index=6/6 deltaMs=3 totalMs=3
2026-09-06T19:40:51.6849404+08:00 pid=71532 tid=1 format-conversion-plan-perf stage=read-metadata source=mathTypeOle index=6/6 deltaMs=3 totalMs=6
2026-09-06T19:40:51.6849404+08:00 pid=71532 tid=1 format-conversion-plan-perf stage=number-position source=mathTypeOle index=6/6 deltaMs=0 totalMs=6
2026-09-06T19:40:51.6859402+08:00 pid=71532 tid=1 format-conversion-plan-perf stage=shape-range source=mathTypeOle index=6/6 deltaMs=1 totalMs=7
2026-09-06T19:40:51.7019414+08:00 pid=71532 tid=1 format-conversion-plan-perf stage=target-added source=mathTypeOle index=6/6 deltaMs=16 totalMs=23
2026-09-06T19:40:51.7029404+08:00 pid=71532 tid=1 format-conversion-plan sourceMode=mathTypeOle targetMode=wordOmml targets=6
2026-09-06T19:40:55.1981607+08:00 pid=71532 tid=1 format-conversion-render-bypass sourceMode=mathTypeOle targetMode=wordOmml targets=6 reason=source-mathml-ready
2026-09-06T19:40:55.1991524+08:00 pid=71532 tid=1 format-conversion-word-apply-start sourceMode=mathTypeOle targetMode=wordOmml targets=6
2026-09-06T19:40:55.2011526+08:00 pid=71532 tid=1 format-conversion-runtime assembly=C:\Users\pojian_liao\AppData\Local\VisualTeX\office\remediation-builds\6EF02523AE3D2905EB83E155D14F50F4ED648E0D4D32BEB0451A2209D5955988\VisualTeX.WordVsto.dll source=mathTypeOle target=wordOmml targetIsVisualTeX=False targetIsMathType=False
2026-09-06T19:40:55.2111614+08:00 pid=71532 tid=1 format-conversion-reference-aliases-captured sourceMode=mathTypeOle formulaId=3eedc0cd-33b1-42bc-adec-e0557e5cf840 aliases=ZEqnNum100835
2026-09-06T19:40:55.4008321+08:00 pid=71532 tid=1 format-conversion-omml-batch-source-created formulas=6 elapsedMs=170
2026-09-06T19:40:56.1944501+08:00 pid=71532 tid=1 word-undo-begin name=VisualTeX Convert Formula Format recording=False level=0
2026-09-06T19:40:56.1954474+08:00 pid=71532 tid=1 word-undo-started name=VisualTeX Convert Formula Format recording=True level=1
2026-09-06T19:40:56.1964490+08:00 pid=71532 tid=1 format-conversion-undo-state stage=before-preferences document=文档10 recording=True level=1
2026-09-06T19:40:56.2437051+08:00 pid=71532 tid=1 format-conversion-transaction-start targets=6
2026-09-06T19:40:56.2448262+08:00 pid=71532 tid=1 format-conversion-undo-state stage=after-preferences document=文档10 recording=True level=1
2026-09-06T19:40:56.2472091+08:00 pid=71532 tid=1 format-conversion-block-omml-groups groups=1 formulas=2
2026-09-06T19:40:56.2477188+08:00 pid=71532 tid=1 format-conversion-mathtype-source-identity-bound formulaId=bd53e508-e582-44b4-afee-005c8979e164 bookmark=VTFCI_00b21e50b8b0482ba96f5a602fed2c6b range=1233:1259
2026-09-06T19:40:56.2494497+08:00 pid=71532 tid=1 format-conversion-undo-state stage=before-source-delete document=文档10 recording=True level=1
2026-09-06T19:40:56.2528411+08:00 pid=71532 tid=1 format-conversion-mathtype-paragraph-atomically-replaced formulaId=bd53e508-e582-44b4-afee-005c8979e164 range=1232:1232 start=1232
2026-09-06T19:40:56.2538419+08:00 pid=71532 tid=1 format-conversion-perf stage=delete-source-host formulaId=bd53e508-e582-44b4-afee-005c8979e164 numbered=True deltaMs=6 totalMs=6
2026-09-06T19:40:56.2538419+08:00 pid=71532 tid=1 format-conversion-undo-state stage=after-source-delete document=文档10 recording=True level=1
2026-09-06T19:40:56.2538419+08:00 pid=71532 tid=1 format-conversion-forward-source-check stage=delete-source formulaId=bd53e508-e582-44b4-afee-005c8979e164 bookmarkMissing=True present=False
2026-09-06T19:40:56.2708412+08:00 pid=71532 tid=1 word-undo-begin name=VisualTeX Insert Word OMML Display Formula recording=True level=1
2026-09-06T19:40:56.3098404+08:00 pid=71532 tid=1 format-conversion-subperf [perf] InsertOmml.detach-mathtype-style: +39ms (39ms total)
2026-09-06T19:40:56.3108423+08:00 pid=71532 tid=1 format-conversion-subperf [perf] InsertOmml.insert-native-omml: +0ms (39ms total)
2026-09-06T19:40:56.3344081+08:00 pid=71532 tid=1 format-conversion-subperf [perf] InsertOmml.post-reconcile-layout: +25ms (64ms total)
2026-09-06T19:40:56.3344081+08:00 pid=71532 tid=1 format-conversion-subperf [perf] InsertOmml.final-fingerprint: +0ms (64ms total)
2026-09-06T19:40:56.3354074+08:00 pid=71532 tid=1 format-conversion-subperf [perf] InsertOmml.final-anchor: +0ms (64ms total)
2026-09-06T19:40:56.3364087+08:00 pid=71532 tid=1 format-conversion-subperf [perf] InsertOmml.final-metadata: +2ms (66ms total)
2026-09-06T19:40:56.3374084+08:00 pid=71532 tid=1 format-conversion-perf stage=insert-target formulaId=bd53e508-e582-44b4-afee-005c8979e164 numbered=True deltaMs=83 totalMs=89
2026-09-06T19:40:56.3374084+08:00 pid=71532 tid=1 format-conversion-undo-state stage=after-target-insert document=文档10 recording=True level=1
2026-09-06T19:40:56.3374084+08:00 pid=71532 tid=1 format-conversion-forward-source-check stage=insert-target formulaId=bd53e508-e582-44b4-afee-005c8979e164 bookmarkMissing=True present=False
2026-09-06T19:40:56.3763887+08:00 pid=71532 tid=1 format-conversion-target-stable formulaId=bd53e508-e582-44b4-afee-005c8979e164 targetMode=wordOmml count=1 elapsedMs=38
2026-09-06T19:40:56.3763887+08:00 pid=71532 tid=1 format-conversion-forward-source-check stage=post-transaction formulaId=bd53e508-e582-44b4-afee-005c8979e164 bookmarkMissing=True present=False
2026-09-06T19:40:56.3763887+08:00 pid=71532 tid=1 format-conversion-perf stage=verify-target formulaId=bd53e508-e582-44b4-afee-005c8979e164 numbered=True deltaMs=40 totalMs=129
2026-09-06T19:40:56.3773888+08:00 pid=71532 tid=1 format-conversion-mathtype-source-identity-bound formulaId=b332d7b3-bcd3-4cf6-ab29-733d7ad02682 bookmark=VTFCI_f25155d0f4da461f84e16b7276dbc749 range=980:1006
2026-09-06T19:40:56.3783888+08:00 pid=71532 tid=1 format-conversion-undo-state stage=before-source-delete document=文档10 recording=True level=1
2026-09-06T19:40:56.3823896+08:00 pid=71532 tid=1 format-conversion-mathtype-paragraph-atomically-replaced formulaId=b332d7b3-bcd3-4cf6-ab29-733d7ad02682 range=979:979 start=979
2026-09-06T19:40:56.3823896+08:00 pid=71532 tid=1 format-conversion-perf stage=delete-source-host formulaId=b332d7b3-bcd3-4cf6-ab29-733d7ad02682 numbered=True deltaMs=5 totalMs=5
2026-09-06T19:40:56.3823896+08:00 pid=71532 tid=1 format-conversion-undo-state stage=after-source-delete document=文档10 recording=True level=1
2026-09-06T19:40:56.3823896+08:00 pid=71532 tid=1 format-conversion-forward-source-check stage=delete-source formulaId=b332d7b3-bcd3-4cf6-ab29-733d7ad02682 bookmarkMissing=True present=False
2026-09-06T19:40:56.3863900+08:00 pid=71532 tid=1 word-undo-begin name=VisualTeX Insert Word OMML Display Formula recording=True level=1
2026-09-06T19:40:56.4429747+08:00 pid=71532 tid=1 format-conversion-subperf [perf] InsertOmml.detach-mathtype-style: +56ms (56ms total)
2026-09-06T19:40:56.4429747+08:00 pid=71532 tid=1 format-conversion-subperf [perf] InsertOmml.insert-native-omml: +0ms (56ms total)
2026-09-06T19:40:56.4829745+08:00 pid=71532 tid=1 format-conversion-subperf [perf] InsertOmml.post-reconcile-layout: +40ms (96ms total)
2026-09-06T19:40:56.4829745+08:00 pid=71532 tid=1 format-conversion-subperf [perf] InsertOmml.final-fingerprint: +0ms (96ms total)
2026-09-06T19:40:56.4829745+08:00 pid=71532 tid=1 format-conversion-subperf [perf] InsertOmml.final-anchor: +0ms (96ms total)
2026-09-06T19:40:56.4839738+08:00 pid=71532 tid=1 format-conversion-subperf [perf] InsertOmml.final-metadata: +2ms (98ms total)
2026-09-06T19:40:56.4849752+08:00 pid=71532 tid=1 format-conversion-perf stage=insert-target formulaId=b332d7b3-bcd3-4cf6-ab29-733d7ad02682 numbered=True deltaMs=103 totalMs=108
2026-09-06T19:40:56.4849752+08:00 pid=71532 tid=1 format-conversion-undo-state stage=after-target-insert document=文档10 recording=True level=1
2026-09-06T19:40:56.4849752+08:00 pid=71532 tid=1 format-conversion-forward-source-check stage=insert-target formulaId=b332d7b3-bcd3-4cf6-ab29-733d7ad02682 bookmarkMissing=True present=False
2026-09-06T19:40:56.5182303+08:00 pid=71532 tid=1 format-conversion-target-stable formulaId=b332d7b3-bcd3-4cf6-ab29-733d7ad02682 targetMode=wordOmml count=2 elapsedMs=32
2026-09-06T19:40:56.5182303+08:00 pid=71532 tid=1 format-conversion-forward-source-check stage=post-transaction formulaId=b332d7b3-bcd3-4cf6-ab29-733d7ad02682 bookmarkMissing=True present=False
2026-09-06T19:40:56.5182303+08:00 pid=71532 tid=1 format-conversion-perf stage=verify-target formulaId=b332d7b3-bcd3-4cf6-ab29-733d7ad02682 numbered=True deltaMs=33 totalMs=141
2026-09-06T19:40:56.5192290+08:00 pid=71532 tid=1 format-conversion-mathtype-source-identity-bound formulaId=3eedc0cd-33b1-42bc-adec-e0557e5cf840 bookmark=VTFCI_97c30a89317e43e085964f896e3bc725 range=737:763
2026-09-06T19:40:56.5202292+08:00 pid=71532 tid=1 format-conversion-undo-state stage=before-source-delete document=文档10 recording=True level=1
2026-09-06T19:40:56.5252293+08:00 pid=71532 tid=1 format-conversion-mathtype-paragraph-atomically-replaced formulaId=3eedc0cd-33b1-42bc-adec-e0557e5cf840 range=736:736 start=736
2026-09-06T19:40:56.5262286+08:00 pid=71532 tid=1 format-conversion-perf stage=delete-source-host formulaId=3eedc0cd-33b1-42bc-adec-e0557e5cf840 numbered=True deltaMs=7 totalMs=7
2026-09-06T19:40:56.5262286+08:00 pid=71532 tid=1 format-conversion-undo-state stage=after-source-delete document=文档10 recording=True level=1
2026-09-06T19:40:56.5262286+08:00 pid=71532 tid=1 format-conversion-forward-source-check stage=delete-source formulaId=3eedc0cd-33b1-42bc-adec-e0557e5cf840 bookmarkMissing=True present=False
2026-09-06T19:40:56.5352283+08:00 pid=71532 tid=1 word-undo-begin name=VisualTeX Insert Word OMML Display Formula recording=True level=1
2026-09-06T19:40:56.5921976+08:00 pid=71532 tid=1 format-conversion-subperf [perf] InsertOmml.detach-mathtype-style: +57ms (57ms total)
2026-09-06T19:40:56.5931972+08:00 pid=71532 tid=1 format-conversion-subperf [perf] InsertOmml.insert-native-omml: +0ms (57ms total)
2026-09-06T19:40:56.6224494+08:00 pid=71532 tid=1 format-conversion-subperf [perf] InsertOmml.post-reconcile-layout: +29ms (86ms total)
2026-09-06T19:40:56.6224494+08:00 pid=71532 tid=1 format-conversion-subperf [perf] InsertOmml.final-fingerprint: +1ms (87ms total)
2026-09-06T19:40:56.6229788+08:00 pid=71532 tid=1 format-conversion-subperf [perf] InsertOmml.final-anchor: +0ms (87ms total)
2026-09-06T19:40:56.6240296+08:00 pid=71532 tid=1 format-conversion-subperf [perf] InsertOmml.final-metadata: +1ms (88ms total)
2026-09-06T19:40:56.6245585+08:00 pid=71532 tid=1 format-conversion-perf stage=insert-target formulaId=3eedc0cd-33b1-42bc-adec-e0557e5cf840 numbered=True deltaMs=98 totalMs=105
2026-09-06T19:40:56.6245585+08:00 pid=71532 tid=1 format-conversion-undo-state stage=after-target-insert document=文档10 recording=True level=1
2026-09-06T19:40:56.6250902+08:00 pid=71532 tid=1 format-conversion-forward-source-check stage=insert-target formulaId=3eedc0cd-33b1-42bc-adec-e0557e5cf840 bookmarkMissing=True present=False
2026-09-06T19:40:56.6582092+08:00 pid=71532 tid=1 format-conversion-target-stable formulaId=3eedc0cd-33b1-42bc-adec-e0557e5cf840 targetMode=wordOmml count=3 elapsedMs=32
2026-09-06T19:40:56.6582092+08:00 pid=71532 tid=1 format-conversion-forward-source-check stage=post-transaction formulaId=3eedc0cd-33b1-42bc-adec-e0557e5cf840 bookmarkMissing=True present=False
2026-09-06T19:40:56.6582092+08:00 pid=71532 tid=1 format-conversion-perf stage=verify-target formulaId=3eedc0cd-33b1-42bc-adec-e0557e5cf840 numbered=True deltaMs=34 totalMs=139
2026-09-06T19:40:57.1094074+08:00 pid=71532 tid=1 format-conversion-block-omml-group-complete count=2 range=81:551 sourceCount=3->1 targetCount=3->5
2026-09-06T19:40:57.1099166+08:00 pid=71532 tid=1 format-conversion-mathtype-source-identity-bound formulaId=0e915f3e-24b6-414e-8f1b-e4fb852fa113 bookmark=VTFCI_473c4631979d40e8bf18ee9577d19905 range=54:80
2026-09-06T19:40:57.1109220+08:00 pid=71532 tid=1 format-conversion-undo-state stage=before-source-delete document=文档10 recording=False level=0
2026-09-06T19:40:57.1441186+08:00 pid=71532 tid=1 format-conversion-perf stage=delete-source-host formulaId=0e915f3e-24b6-414e-8f1b-e4fb852fa113 numbered=False deltaMs=34 totalMs=34
2026-09-06T19:40:57.1451190+08:00 pid=71532 tid=1 format-conversion-undo-state stage=after-source-delete document=文档10 recording=False level=0
2026-09-06T19:40:57.1451190+08:00 pid=71532 tid=1 format-conversion-forward-source-check stage=delete-source formulaId=0e915f3e-24b6-414e-8f1b-e4fb852fa113 bookmarkMissing=True present=False
2026-09-06T19:40:57.1451190+08:00 pid=71532 tid=1 word-undo-begin name=VisualTeX Insert Word OMML Inline Formula recording=False level=0
2026-09-06T19:40:57.1461189+08:00 pid=71532 tid=1 word-undo-started name=VisualTeX Insert Word OMML Inline Formula recording=True level=1
2026-09-06T19:40:57.1994430+08:00 pid=71532 tid=1 format-conversion-subperf [perf] InsertOmml.insert-native-omml: +53ms (53ms total)
2026-09-06T19:40:57.4173715+08:00 pid=71532 tid=1 format-conversion-subperf [perf] InsertOmml.post-reconcile-layout: +219ms (272ms total)
2026-09-06T19:40:57.4173715+08:00 pid=71532 tid=1 format-conversion-subperf [perf] InsertOmml.final-fingerprint: +0ms (272ms total)
2026-09-06T19:40:57.4183710+08:00 pid=71532 tid=1 format-conversion-subperf [perf] InsertOmml.final-anchor: +0ms (272ms total)
2026-09-06T19:40:57.4193715+08:00 pid=71532 tid=1 format-conversion-subperf [perf] InsertOmml.final-metadata: +1ms (273ms total)
2026-09-06T19:40:57.4193715+08:00 pid=71532 tid=1 word-undo-end recording=False level=0
2026-09-06T19:40:57.4193715+08:00 pid=71532 tid=1 format-conversion-perf stage=insert-target formulaId=0e915f3e-24b6-414e-8f1b-e4fb852fa113 numbered=False deltaMs=276 totalMs=310
2026-09-06T19:40:57.4193715+08:00 pid=71532 tid=1 format-conversion-undo-state stage=after-target-insert document=文档10 recording=False level=0
2026-09-06T19:40:57.4203740+08:00 pid=71532 tid=1 format-conversion-forward-source-check stage=insert-target formulaId=0e915f3e-24b6-414e-8f1b-e4fb852fa113 bookmarkMissing=True present=False
2026-09-06T19:40:57.4541053+08:00 pid=71532 tid=1 format-conversion-target-stable formulaId=0e915f3e-24b6-414e-8f1b-e4fb852fa113 targetMode=wordOmml count=6 elapsedMs=34
2026-09-06T19:40:57.4541053+08:00 pid=71532 tid=1 format-conversion-forward-source-check stage=post-transaction formulaId=0e915f3e-24b6-414e-8f1b-e4fb852fa113 bookmarkMissing=True present=False
2026-09-06T19:40:57.4551056+08:00 pid=71532 tid=1 format-conversion-perf stage=verify-target formulaId=0e915f3e-24b6-414e-8f1b-e4fb852fa113 numbered=False deltaMs=35 totalMs=345
2026-09-06T19:40:57.4551056+08:00 pid=71532 tid=1 format-conversion-finalize-perf stage=source-residual-check sourceMode=mathTypeOle targetMode=wordOmml deltaMs=0 totalMs=0
2026-09-06T19:40:57.4551056+08:00 pid=71532 tid=1 format-conversion-finalize-perf stage=target-count-check sourceMode=mathTypeOle targetMode=wordOmml deltaMs=0 totalMs=0
2026-09-06T19:40:57.4561120+08:00 pid=71532 tid=1 format-conversion-undo-state stage=before-source-window-close-commit document=文档10 recording=False level=0
2026-09-06T19:40:57.4561120+08:00 pid=71532 tid=1 format-conversion-undo-state stage=after-source-window-close-commit document=文档10 recording=False level=0
2026-09-06T19:40:57.6978044+08:00 pid=71532 tid=1 word-undo-begin name=VisualTeX Finalize Formula Conversion recording=False level=0
2026-09-06T19:40:57.6988040+08:00 pid=71532 tid=1 word-undo-started name=VisualTeX Finalize Formula Conversion recording=True level=1
2026-09-06T19:40:57.7793669+08:00 pid=71532 tid=1 word-xml-incomplete-export document=文档10 attempt=1 maths=0/6 oles=0/0
2026-09-06T19:40:57.8444328+08:00 pid=71532 tid=1 format-conversion-omml-identities-before-numbering count=6
2026-09-06T19:40:57.8444328+08:00 pid=71532 tid=1 format-conversion-number-format-restored format=heading2-dash
2026-09-06T19:41:04.8183653+08:00 pid=71532 tid=1 format-conversion-numbering-direct-table-complete targetMode=wordOmml built=5 removedBlankParagraphs=5
2026-09-06T19:41:04.8193654+08:00 pid=71532 tid=1 format-conversion-adjacent-ole-identities-rebound count=0
2026-09-06T19:41:04.8353650+08:00 pid=71532 tid=1 format-conversion-numbering-table-rows-grouped boundaries=1 formulas=5
2026-09-06T19:41:04.8591336+08:00 pid=71532 tid=1 format-conversion-reference-aliases-restored sourceMode=mathTypeOle targetMode=wordOmml aliases=1 refreshedReferences=0 restoredFormatting=1
2026-09-06T19:41:04.8686169+08:00 pid=71532 tid=1 format-conversion-finalize-perf stage=numbering-reconcile sourceMode=mathTypeOle targetMode=wordOmml deltaMs=7413 totalMs=7413
2026-09-06T19:41:04.9387774+08:00 pid=71532 tid=1 format-conversion-omml-fingerprints-finalized count=6
2026-09-06T19:41:04.9397770+08:00 pid=71532 tid=1 format-conversion-finalize-perf stage=omml-fingerprint-refresh sourceMode=mathTypeOle targetMode=wordOmml deltaMs=71 totalMs=7484
2026-09-06T19:41:04.9397770+08:00 pid=71532 tid=1 format-conversion-transaction-completed targets=6
2026-09-06T19:41:04.9407772+08:00 pid=71532 tid=1 format-conversion-word-apply-finished sourceMode=mathTypeOle targetMode=wordOmml converted=6 failed=0
2026-09-06T19:41:04.9407772+08:00 pid=71532 tid=1 format-conversion-complete source=MathType target=OMML converted=6 failed=0
2026-09-06T19:41:22.5389552+08:00 pid=71532 tid=25 ribbon-session-operation-released sessionId=9ba9b0a8-f5c0-4653-8675-71f0cae124b7
2026-09-06T19:42:52.8363694+08:00 pid=71532 tid=12 left-down x=278 y=626 wordForeground=True
2026-09-06T19:42:53.0442797+08:00 pid=71532 tid=12 left-down x=278 y=626 wordForeground=True
2026-09-06T19:42:53.0452790+08:00 pid=71532 tid=12 double-click elapsedMs=207.418 withinX=True withinY=True nativeOleTarget=False suppressSecondDown=False dispatchCallback=True
2026-09-06T19:42:53.1484309+08:00 pid=71532 tid=30 callback-begin interceptedNativeOle=False x=278 y=626
2026-09-06T19:42:53.1494340+08:00 pid=71532 tid=30 addin-callback-received interceptedNativeOle=False x=278 y=626
2026-09-06T19:42:53.1494340+08:00 pid=71532 tid=30 callback-end
2026-09-06T19:42:53.1514314+08:00 pid=71532 tid=1 addin-coordinate-selection formulaId=<null> objectMode=<null>
2026-09-06T19:45:07.8865310+08:00 pid=71532 tid=12 left-down x=1776 y=1270 wordForeground=False
2026-09-06T19:45:10.7407927+08:00 pid=71532 tid=1 word-undo-begin name=VisualTeX Convert or Update Word OMML Formula recording=False level=0
2026-09-06T19:45:10.7418012+08:00 pid=71532 tid=1 word-undo-started name=VisualTeX Convert or Update Word OMML Formula recording=True level=1
2026-09-06T19:45:10.7457985+08:00 pid=71532 tid=1 format-conversion-subperf [perf] ReplaceOmml.locate-target: +5ms (5ms total)
2026-09-06T19:45:10.8720591+08:00 pid=71532 tid=1 format-conversion-subperf [perf] ReplaceOmml.source-range-resolve: +126ms (131ms total)
2026-09-06T19:45:10.8930592+08:00 pid=71532 tid=1 format-conversion-subperf [perf] ReplaceOmml.rollback-capture: +21ms (152ms total)
2026-09-06T19:45:13.1797375+08:00 pid=71532 tid=1 format-conversion-subperf [perf] ReplaceOmml.direct-host-health: +2287ms (2439ms total)
2026-09-06T19:45:13.1807358+08:00 pid=71532 tid=1 format-conversion-subperf [perf] ReplaceOmml.direct-content-prep: +1ms (2440ms total)
2026-09-06T19:45:13.1817371+08:00 pid=71532 tid=1 format-conversion-subperf [perf] ReplaceOmml.resolve-source: +1ms (2441ms total)
2026-09-06T19:45:13.2137366+08:00 pid=71532 tid=1 format-conversion-subperf [perf] ReplaceOmml.insert-native-omml: +32ms (2473ms total)
2026-09-06T19:45:13.2307348+08:00 pid=71532 tid=1 format-conversion-subperf [perf] ReplaceOmml.validate-native-omml: +17ms (2490ms total)
2026-09-06T19:45:13.3208541+08:00 pid=71532 tid=1 format-conversion-subperf [perf] ReplaceOmml.stamp-fingerprint: +90ms (2580ms total)
2026-09-06T19:45:13.3638531+08:00 pid=71532 tid=1 format-conversion-subperf [perf] ReplaceOmml.wrap-formula-anchor: +43ms (2623ms total)
2026-09-06T19:45:13.3638531+08:00 pid=71532 tid=1 format-conversion-subperf [perf] ReplaceOmml.protect-source-metadata: +0ms (2623ms total)
2026-09-06T19:45:13.3638531+08:00 pid=71532 tid=1 format-conversion-subperf [perf] ReplaceOmml.reconcile: +0ms (2623ms total)
2026-09-06T19:45:13.4178518+08:00 pid=71532 tid=1 format-conversion-subperf [perf] ReplaceOmml.final-identity-resolve: +54ms (2677ms total)
2026-09-06T19:45:13.4548519+08:00 pid=71532 tid=1 format-conversion-subperf [perf] ReplaceOmml.final-identity-fingerprint: +37ms (2714ms total)
2026-09-06T19:45:13.4548519+08:00 pid=71532 tid=1 format-conversion-subperf [perf] ReplaceOmml.final-identity-anchor: +0ms (2714ms total)
2026-09-06T19:45:13.4568542+08:00 pid=71532 tid=1 format-conversion-subperf [perf] ReplaceOmml.final-identity-metadata: +2ms (2716ms total)
2026-09-06T19:45:13.4568542+08:00 pid=71532 tid=1 format-conversion-subperf [perf] ReplaceOmml.finalize-identity: +0ms (2716ms total)
2026-09-06T19:45:13.4568542+08:00 pid=71532 tid=1 format-conversion-subperf [perf] ReplaceOmml.prepare-result: +0ms (2716ms total)
2026-09-06T19:45:13.4868543+08:00 pid=71532 tid=1 format-conversion-subperf [perf] ReplaceOmml.restore-view: +30ms (2746ms total)
2026-09-06T19:45:13.4878528+08:00 pid=71532 tid=1 format-conversion-subperf [perf] ReplaceOmml.restore-screen-updating: +1ms (2747ms total)
2026-09-06T19:45:13.4878528+08:00 pid=71532 tid=1 word-undo-end recording=False level=0
2026-09-06T19:45:13.4878528+08:00 pid=71532 tid=1 format-conversion-subperf [perf] ReplaceOmml.end-undo: +0ms (2747ms total)
2026-09-06T19:45:13.4878528+08:00 pid=71532 tid=1 format-conversion-subperf [perf] ReplaceOmml.release-rcws: +0ms (2747ms total)
2026-09-06T19:45:13.4918552+08:00 pid=71532 tid=25 ribbon-session-operation-released sessionId=5b2606f2-293c-4f5c-a1ea-5ec3ebe0bb77
2026-09-06T19:45:24.6378675+08:00 pid=71532 tid=1 format-conversion-start sourceMode=wordOmml targetMode=nativeOle wholeDocument=True
2026-09-06T19:45:26.3085485+08:00 pid=71532 tid=1 format-conversion-plan sourceMode=wordOmml targetMode=nativeOle targets=6
2026-09-06T19:45:29.2403304+08:00 pid=71532 tid=1 bulk-import converter-create display=inline mode=nativeOle latex=\sqrt{E-u\left( x\right) }=\frac{1}{f\left( \omega \right) v_{ph}\left( \omega ,x\right) }
2026-09-06T19:45:29.2453299+08:00 pid=71532 tid=15 bulk-import converter-created sessionId=6e2c8682-55d8-4eb7-bf2f-b249f9092cba
2026-09-06T19:45:29.2463339+08:00 pid=71532 tid=15 bulk-import converter-create display=block mode=nativeOle latex=\left\{ \begin{matrix}\frac{\mathrm{d}}{\mathrm{d}\omega }\left( \omega f\left( \omega \right) \right) =0 \\ \frac{\omega f\left( \omega \right) }{2}\frac{\mathrm{d}E\left( \omega \right) }{\mathrm{d}\omega }=\sqrt{\frac{m}{2}}\end{matrix}\right.
2026-09-06T19:45:29.2493324+08:00 pid=71532 tid=10 bulk-import converter-created sessionId=da2d22a4-8e6a-4aec-a8c3-c2fbc6f1c8d9
2026-09-06T19:45:29.2493324+08:00 pid=71532 tid=10 bulk-import converter-create display=block mode=nativeOle latex=\sqrt{\frac{m}{2\left( E\left( \omega \right) -U\right) }}=\frac{\mathrm{d}}{\mathrm{d}\omega }\left( \omega \cdot f\left( \omega \right) \sqrt{\left( E\left( \omega \right) -U\right) }\right)
2026-09-06T19:45:29.2533324+08:00 pid=71532 tid=15 bulk-import converter-created sessionId=e5cd5085-234a-4ccc-8d62-fe0a9c25740f
2026-09-06T19:45:29.2533324+08:00 pid=71532 tid=15 bulk-import converter-create display=block mode=nativeOle latex=E=mc^{2}
2026-09-06T19:45:29.2573324+08:00 pid=71532 tid=10 bulk-import converter-created sessionId=7e288a19-028a-4f12-a45b-7a714a77d20e
2026-09-06T19:45:29.2583301+08:00 pid=71532 tid=10 bulk-import converter-create display=block mode=nativeOle latex=\frac{\partial }{\partial t}\psi^{\ast}\left( \vec{r}\right) \psi \left( \vec{r}\right) =\frac{i\hbar }{2m}\nabla \cdot \left[ \psi^{\ast}\left( \vec{r}\right) \nabla \psi \left( \vec{r}\right) -\psi \left( \vec{r}\right) \nabla \psi^{\ast}\left( r\right) \right]
2026-09-06T19:45:29.2613324+08:00 pid=71532 tid=15 bulk-import converter-created sessionId=158f95ee-a610-4a8d-8623-861808948131
2026-09-06T19:45:29.2613324+08:00 pid=71532 tid=15 bulk-import converter-create display=block mode=nativeOle latex=\frac{\partial }{\partial t}\rho \left( \vec{r},t\right) +\nabla \cdot \vec{j}=0
2026-09-06T19:45:29.2643309+08:00 pid=71532 tid=10 bulk-import converter-created sessionId=b8fca949-de69-48f8-8cc0-6ef7aacdb2a6
2026-09-06T19:45:29.2643309+08:00 pid=71532 tid=10 format-conversion-render-start sourceMode=wordOmml targetMode=nativeOle sessions=6
2026-09-06T19:45:29.6756341+08:00 pid=71532 tid=10 format-conversion-rendered sourceMode=wordOmml targetMode=nativeOle sessionId=6e2c8682-55d8-4eb7-bf2f-b249f9092cba status=committing
2026-09-06T19:45:29.7842187+08:00 pid=71532 tid=15 format-conversion-rendered sourceMode=wordOmml targetMode=nativeOle sessionId=da2d22a4-8e6a-4aec-a8c3-c2fbc6f1c8d9 status=committing
2026-09-06T19:45:29.8862185+08:00 pid=71532 tid=10 format-conversion-rendered sourceMode=wordOmml targetMode=nativeOle sessionId=e5cd5085-234a-4ccc-8d62-fe0a9c25740f status=committing
2026-09-06T19:45:29.9815277+08:00 pid=71532 tid=15 format-conversion-rendered sourceMode=wordOmml targetMode=nativeOle sessionId=7e288a19-028a-4f12-a45b-7a714a77d20e status=committing
2026-09-06T19:45:30.0881717+08:00 pid=71532 tid=10 format-conversion-rendered sourceMode=wordOmml targetMode=nativeOle sessionId=158f95ee-a610-4a8d-8623-861808948131 status=committing
2026-09-06T19:45:30.1855706+08:00 pid=71532 tid=15 format-conversion-rendered sourceMode=wordOmml targetMode=nativeOle sessionId=b8fca949-de69-48f8-8cc0-6ef7aacdb2a6 status=committing
2026-09-06T19:45:30.1865705+08:00 pid=71532 tid=15 format-conversion-word-apply-start sourceMode=wordOmml targetMode=nativeOle targets=6
2026-09-06T19:45:31.0385668+08:00 pid=71532 tid=1 format-conversion-runtime assembly=C:\Users\pojian_liao\AppData\Local\VisualTeX\office\remediation-builds\6EF02523AE3D2905EB83E155D14F50F4ED648E0D4D32BEB0451A2209D5955988\VisualTeX.WordVsto.dll source=wordOmml target=nativeOle targetIsVisualTeX=True targetIsMathType=False
2026-09-06T19:45:31.0828424+08:00 pid=71532 tid=1 format-conversion-reference-aliases-captured sourceMode=wordOmml formulaId=93899e72-9cbd-4f2e-b5dd-9e3eb143c8ac aliases=ZEqnNum100835
2026-09-06T19:45:31.1834335+08:00 pid=71532 tid=1 format-conversion-reference-counts-fast-path source=wordOmml formulas=5
2026-09-06T19:45:33.3777823+08:00 pid=71532 tid=1 word-undo-begin name=VisualTeX Convert Formula Format recording=False level=0
2026-09-06T19:45:33.3777823+08:00 pid=71532 tid=1 word-undo-started name=VisualTeX Convert Formula Format recording=True level=1
2026-09-06T19:45:33.3777823+08:00 pid=71532 tid=1 format-conversion-undo-state stage=before-preferences document=文档10 recording=True level=1
2026-09-06T19:45:33.3787837+08:00 pid=71532 tid=1 format-conversion-transaction-start targets=6
2026-09-06T19:45:33.3787837+08:00 pid=71532 tid=1 format-conversion-undo-state stage=after-preferences document=文档10 recording=True level=1
2026-09-06T19:45:33.3787837+08:00 pid=71532 tid=1 format-conversion-undo-state stage=before-source-delete document=文档10 recording=True level=1
2026-09-06T19:45:33.7594349+08:00 pid=71532 tid=1 format-conversion-direct-numbered-omml-delete formulaId=3df487b9-b05b-4c21-a488-76bfb85d5217 start=786
2026-09-06T19:45:33.7594349+08:00 pid=71532 tid=1 format-conversion-perf stage=delete-source-host formulaId=3df487b9-b05b-4c21-a488-76bfb85d5217 numbered=True deltaMs=381 totalMs=381
2026-09-06T19:45:33.7594349+08:00 pid=71532 tid=1 format-conversion-undo-state stage=after-source-delete document=文档10 recording=False level=0
2026-09-06T19:45:33.7604347+08:00 pid=71532 tid=1 word-undo-begin name=VisualTeX Insert Native OLE Display Formula recording=False level=0
2026-09-06T19:45:33.7604347+08:00 pid=71532 tid=1 word-undo-started name=VisualTeX Insert Native OLE Display Formula recording=True level=1
2026-09-06T19:45:33.9620875+08:00 pid=71532 tid=1 word-undo-end recording=True level=1
2026-09-06T19:45:33.9620875+08:00 pid=71532 tid=1 format-conversion-perf stage=insert-target formulaId=3df487b9-b05b-4c21-a488-76bfb85d5217 numbered=True deltaMs=202 totalMs=583
2026-09-06T19:45:33.9620875+08:00 pid=71532 tid=1 format-conversion-undo-state stage=after-target-insert document=文档10 recording=False level=0
2026-09-06T19:45:33.9630897+08:00 pid=71532 tid=1 format-conversion-bookmarked-visualtex-target-stable sourceFormulaId=3df487b9-b05b-4c21-a488-76bfb85d5217 formulaId=bcc8d271-623d-412c-be5b-ab95e45bd344 localAnchorRepair=False elapsedMs=0
2026-09-06T19:45:33.9640905+08:00 pid=71532 tid=1 format-conversion-direct-managed-omml-metadata-deleted formulaId=3df487b9-b05b-4c21-a488-76bfb85d5217 numbered=True
2026-09-06T19:45:33.9640905+08:00 pid=71532 tid=1 format-conversion-perf stage=verify-target formulaId=3df487b9-b05b-4c21-a488-76bfb85d5217 numbered=True deltaMs=2 totalMs=585
2026-09-06T19:45:33.9640905+08:00 pid=71532 tid=1 format-conversion-undo-state stage=before-source-delete document=文档10 recording=False level=0
2026-09-06T19:45:34.2497404+08:00 pid=71532 tid=1 format-conversion-direct-numbered-omml-delete formulaId=ea9fa1d2-d41d-47b7-9bf1-7df7974ffe03 start=613
2026-09-06T19:45:34.2497404+08:00 pid=71532 tid=1 format-conversion-perf stage=delete-source-host formulaId=ea9fa1d2-d41d-47b7-9bf1-7df7974ffe03 numbered=True deltaMs=285 totalMs=285
2026-09-06T19:45:34.2497404+08:00 pid=71532 tid=1 format-conversion-undo-state stage=after-source-delete document=文档10 recording=False level=0
2026-09-06T19:45:34.2507446+08:00 pid=71532 tid=1 word-undo-begin name=VisualTeX Insert Native OLE Display Formula recording=False level=0
2026-09-06T19:45:34.2507446+08:00 pid=71532 tid=1 word-undo-started name=VisualTeX Insert Native OLE Display Formula recording=True level=1
2026-09-06T19:45:34.3847426+08:00 pid=71532 tid=1 word-undo-end recording=True level=1
2026-09-06T19:45:34.3857425+08:00 pid=71532 tid=1 format-conversion-perf stage=insert-target formulaId=ea9fa1d2-d41d-47b7-9bf1-7df7974ffe03 numbered=True deltaMs=136 totalMs=421
2026-09-06T19:45:34.3857425+08:00 pid=71532 tid=1 format-conversion-undo-state stage=after-target-insert document=文档10 recording=False level=0
2026-09-06T19:45:34.3867414+08:00 pid=71532 tid=1 format-conversion-bookmarked-visualtex-target-stable sourceFormulaId=ea9fa1d2-d41d-47b7-9bf1-7df7974ffe03 formulaId=59b30ebb-6ee5-4d61-86ed-00b686c564fd localAnchorRepair=False elapsedMs=0
2026-09-06T19:45:34.3877402+08:00 pid=71532 tid=1 format-conversion-direct-managed-omml-metadata-deleted formulaId=ea9fa1d2-d41d-47b7-9bf1-7df7974ffe03 numbered=True
2026-09-06T19:45:34.3877402+08:00 pid=71532 tid=1 format-conversion-perf stage=verify-target formulaId=ea9fa1d2-d41d-47b7-9bf1-7df7974ffe03 numbered=True deltaMs=2 totalMs=423
2026-09-06T19:45:34.3877402+08:00 pid=71532 tid=1 format-conversion-undo-state stage=before-source-delete document=文档10 recording=False level=0
2026-09-06T19:45:34.6367442+08:00 pid=71532 tid=1 format-conversion-direct-numbered-omml-delete formulaId=93899e72-9cbd-4f2e-b5dd-9e3eb143c8ac start=526
2026-09-06T19:45:34.6367442+08:00 pid=71532 tid=1 format-conversion-perf stage=delete-source-host formulaId=93899e72-9cbd-4f2e-b5dd-9e3eb143c8ac numbered=True deltaMs=249 totalMs=249
2026-09-06T19:45:34.6377444+08:00 pid=71532 tid=1 format-conversion-undo-state stage=after-source-delete document=文档10 recording=False level=0
2026-09-06T19:45:34.6387451+08:00 pid=71532 tid=1 word-undo-begin name=VisualTeX Insert Native OLE Display Formula recording=False level=0
2026-09-06T19:45:34.6387451+08:00 pid=71532 tid=1 word-undo-started name=VisualTeX Insert Native OLE Display Formula recording=True level=1
2026-09-06T19:45:34.7836066+08:00 pid=71532 tid=1 word-undo-end recording=True level=1
2026-09-06T19:45:34.7836066+08:00 pid=71532 tid=1 format-conversion-perf stage=insert-target formulaId=93899e72-9cbd-4f2e-b5dd-9e3eb143c8ac numbered=True deltaMs=147 totalMs=396
2026-09-06T19:45:34.7836066+08:00 pid=71532 tid=1 format-conversion-undo-state stage=after-target-insert document=文档10 recording=False level=0
2026-09-06T19:45:34.7846046+08:00 pid=71532 tid=1 format-conversion-bookmarked-visualtex-target-stable sourceFormulaId=93899e72-9cbd-4f2e-b5dd-9e3eb143c8ac formulaId=f8c9c149-5c30-4864-9d50-6fae348e58fa localAnchorRepair=False elapsedMs=0
2026-09-06T19:45:34.7856045+08:00 pid=71532 tid=1 format-conversion-direct-managed-omml-metadata-deleted formulaId=93899e72-9cbd-4f2e-b5dd-9e3eb143c8ac numbered=True
2026-09-06T19:45:34.7856045+08:00 pid=71532 tid=1 format-conversion-perf stage=verify-target formulaId=93899e72-9cbd-4f2e-b5dd-9e3eb143c8ac numbered=True deltaMs=1 totalMs=397
2026-09-06T19:45:34.7856045+08:00 pid=71532 tid=1 format-conversion-undo-state stage=before-source-delete document=文档10 recording=False level=0
2026-09-06T19:45:35.1574841+08:00 pid=71532 tid=1 format-conversion-direct-numbered-omml-delete formulaId=b7480102-3c7d-4951-a385-581a868ee5e8 start=221
2026-09-06T19:45:35.1574841+08:00 pid=71532 tid=1 format-conversion-perf stage=delete-source-host formulaId=b7480102-3c7d-4951-a385-581a868ee5e8 numbered=True deltaMs=372 totalMs=372
2026-09-06T19:45:35.1594856+08:00 pid=71532 tid=1 format-conversion-undo-state stage=after-source-delete document=文档10 recording=False level=0
2026-09-06T19:45:35.1614869+08:00 pid=71532 tid=1 word-undo-begin name=VisualTeX Insert Native OLE Display Formula recording=False level=0
2026-09-06T19:45:35.1624874+08:00 pid=71532 tid=1 word-undo-started name=VisualTeX Insert Native OLE Display Formula recording=True level=1
2026-09-06T19:45:35.2962970+08:00 pid=71532 tid=1 word-undo-end recording=True level=1
2026-09-06T19:45:35.2962970+08:00 pid=71532 tid=1 format-conversion-perf stage=insert-target formulaId=b7480102-3c7d-4951-a385-581a868ee5e8 numbered=True deltaMs=138 totalMs=510
2026-09-06T19:45:35.2962970+08:00 pid=71532 tid=1 format-conversion-undo-state stage=after-target-insert document=文档10 recording=False level=0
2026-09-06T19:45:35.2972972+08:00 pid=71532 tid=1 format-conversion-bookmarked-visualtex-target-stable sourceFormulaId=b7480102-3c7d-4951-a385-581a868ee5e8 formulaId=40157c7c-2d5a-4027-9b1d-e4e7c2c3c35f localAnchorRepair=False elapsedMs=0
2026-09-06T19:45:35.2972972+08:00 pid=71532 tid=1 format-conversion-direct-managed-omml-metadata-deleted formulaId=b7480102-3c7d-4951-a385-581a868ee5e8 numbered=True
2026-09-06T19:45:35.2972972+08:00 pid=71532 tid=1 format-conversion-perf stage=verify-target formulaId=b7480102-3c7d-4951-a385-581a868ee5e8 numbered=True deltaMs=2 totalMs=512
2026-09-06T19:45:35.2982971+08:00 pid=71532 tid=1 format-conversion-undo-state stage=before-source-delete document=文档10 recording=False level=0
2026-09-06T19:45:35.4740260+08:00 pid=71532 tid=1 format-conversion-direct-numbered-omml-delete formulaId=7c5017d1-1d59-4e83-ba10-b97a34e338d0 start=93
2026-09-06T19:45:35.4740260+08:00 pid=71532 tid=1 format-conversion-perf stage=delete-source-host formulaId=7c5017d1-1d59-4e83-ba10-b97a34e338d0 numbered=True deltaMs=175 totalMs=175
2026-09-06T19:45:35.4740260+08:00 pid=71532 tid=1 format-conversion-undo-state stage=after-source-delete document=文档10 recording=False level=0
2026-09-06T19:45:35.4750255+08:00 pid=71532 tid=1 word-undo-begin name=VisualTeX Insert Native OLE Display Formula recording=False level=0
2026-09-06T19:45:35.4750255+08:00 pid=71532 tid=1 word-undo-started name=VisualTeX Insert Native OLE Display Formula recording=True level=1
2026-09-06T19:45:35.5530985+08:00 pid=71532 tid=1 word-undo-end recording=True level=1
2026-09-06T19:45:35.5540963+08:00 pid=71532 tid=1 format-conversion-perf stage=insert-target formulaId=7c5017d1-1d59-4e83-ba10-b97a34e338d0 numbered=True deltaMs=80 totalMs=255
2026-09-06T19:45:35.5540963+08:00 pid=71532 tid=1 format-conversion-undo-state stage=after-target-insert document=文档10 recording=False level=0
2026-09-06T19:45:35.5590987+08:00 pid=71532 tid=1 format-conversion-bookmarked-visualtex-target-stable sourceFormulaId=7c5017d1-1d59-4e83-ba10-b97a34e338d0 formulaId=e0af4ed1-fb4d-4203-a69a-ec4367cba1bc localAnchorRepair=False elapsedMs=4
2026-09-06T19:45:35.5600992+08:00 pid=71532 tid=1 format-conversion-direct-managed-omml-metadata-deleted formulaId=7c5017d1-1d59-4e83-ba10-b97a34e338d0 numbered=True
2026-09-06T19:45:35.5600992+08:00 pid=71532 tid=1 format-conversion-perf stage=verify-target formulaId=7c5017d1-1d59-4e83-ba10-b97a34e338d0 numbered=True deltaMs=7 totalMs=262
2026-09-06T19:45:35.5610987+08:00 pid=71532 tid=1 format-conversion-undo-state stage=before-source-delete document=文档10 recording=False level=0
2026-09-06T19:45:35.6000960+08:00 pid=71532 tid=1 format-conversion-perf stage=delete-source-host formulaId=71f2f552-7e9f-42b8-8d89-c491091b90f9 numbered=False deltaMs=39 totalMs=39
2026-09-06T19:45:35.6000960+08:00 pid=71532 tid=1 format-conversion-undo-state stage=after-source-delete document=文档10 recording=False level=0
2026-09-06T19:45:35.6000960+08:00 pid=71532 tid=1 word-undo-begin name=VisualTeX Insert Native OLE Inline Formula recording=False level=0
2026-09-06T19:45:35.6010991+08:00 pid=71532 tid=1 word-undo-started name=VisualTeX Insert Native OLE Inline Formula recording=True level=1
2026-09-06T19:45:35.6650967+08:00 pid=71532 tid=1 word-undo-end recording=True level=1
2026-09-06T19:45:35.6650967+08:00 pid=71532 tid=1 format-conversion-perf stage=insert-target formulaId=71f2f552-7e9f-42b8-8d89-c491091b90f9 numbered=False deltaMs=65 totalMs=104
2026-09-06T19:45:35.6650967+08:00 pid=71532 tid=1 format-conversion-undo-state stage=after-target-insert document=文档10 recording=False level=0
2026-09-06T19:45:35.6660961+08:00 pid=71532 tid=1 format-conversion-bookmarked-visualtex-target-stable sourceFormulaId=71f2f552-7e9f-42b8-8d89-c491091b90f9 formulaId=87a9891d-415e-4c2c-90a7-103ca593b859 localAnchorRepair=False elapsedMs=0
2026-09-06T19:45:35.6660961+08:00 pid=71532 tid=1 format-conversion-perf stage=verify-target formulaId=71f2f552-7e9f-42b8-8d89-c491091b90f9 numbered=False deltaMs=1 totalMs=105
2026-09-06T19:45:35.6660961+08:00 pid=71532 tid=1 format-conversion-finalize-perf stage=source-residual-check sourceMode=wordOmml targetMode=nativeOle deltaMs=0 totalMs=0
2026-09-06T19:45:35.6680980+08:00 pid=71532 tid=1 format-conversion-finalize-perf stage=target-count-check sourceMode=wordOmml targetMode=nativeOle deltaMs=1 totalMs=1
2026-09-06T19:45:35.6690963+08:00 pid=71532 tid=1 format-conversion-visualtex-numbering-inventory formulaId=87a9891d-415e-4c2c-90a7-103ca593b859 range=54:88 paragraph=42:89 numbered=False
2026-09-06T19:45:35.6690963+08:00 pid=71532 tid=1 format-conversion-visualtex-numbering-inventory formulaId=e0af4ed1-fb4d-4203-a69a-ec4367cba1bc range=89:123 paragraph=89:124 numbered=True
2026-09-06T19:45:35.6700960+08:00 pid=71532 tid=1 format-conversion-visualtex-numbering-inventory formulaId=40157c7c-2d5a-4027-9b1d-e4e7c2c3c35f range=125:159 paragraph=125:160 numbered=True
2026-09-06T19:45:35.6710960+08:00 pid=71532 tid=1 format-conversion-visualtex-numbering-inventory formulaId=f8c9c149-5c30-4864-9d50-6fae348e58fa range=345:379 paragraph=345:380 numbered=True
2026-09-06T19:45:35.6710960+08:00 pid=71532 tid=1 format-conversion-visualtex-numbering-inventory formulaId=59b30ebb-6ee5-4d61-86ed-00b686c564fd range=388:422 paragraph=388:423 numbered=True
2026-09-06T19:45:35.6720963+08:00 pid=71532 tid=1 format-conversion-visualtex-numbering-inventory formulaId=bcc8d271-623d-412c-be5b-ab95e45bd344 range=441:475 paragraph=441:476 numbered=True
2026-09-06T19:45:35.6730963+08:00 pid=71532 tid=1 format-conversion-visualtex-numbering-before-scaffold formulaId=bcc8d271-623d-412c-be5b-ab95e45bd344 frozenRange=visualtex-word-vsto-range:441:475 liveRange=441:475 paragraph=441:476
2026-09-06T19:45:35.7646011+08:00 pid=71532 tid=1 format-conversion-visualtex-numbering-before-scaffold formulaId=59b30ebb-6ee5-4d61-86ed-00b686c564fd frozenRange=visualtex-word-vsto-range:388:422 liveRange=388:422 paragraph=388:423
2026-09-06T19:45:35.8616012+08:00 pid=71532 tid=1 format-conversion-visualtex-numbering-before-scaffold formulaId=f8c9c149-5c30-4864-9d50-6fae348e58fa frozenRange=visualtex-word-vsto-range:345:379 liveRange=345:379 paragraph=345:380
2026-09-06T19:45:35.9656024+08:00 pid=71532 tid=1 format-conversion-visualtex-numbering-before-scaffold formulaId=40157c7c-2d5a-4027-9b1d-e4e7c2c3c35f frozenRange=visualtex-word-vsto-range:125:159 liveRange=125:159 paragraph=125:160
2026-09-06T19:45:36.0746342+08:00 pid=71532 tid=1 format-conversion-visualtex-numbering-before-scaffold formulaId=e0af4ed1-fb4d-4203-a69a-ec4367cba1bc frozenRange=visualtex-word-vsto-range:89:123 liveRange=89:123 paragraph=89:124
2026-09-06T19:45:36.1866964+08:00 pid=71532 tid=1 format-conversion-visualtex-numbering-before-scaffold formulaId=87a9891d-415e-4c2c-90a7-103ca593b859 frozenRange=visualtex-word-vsto-range:54:88 liveRange=54:88 paragraph=42:89
2026-09-06T19:45:36.7213537+08:00 pid=71532 tid=1 format-conversion-numbering-visualtex-batch built=5 finalized=5
2026-09-06T19:45:36.7486770+08:00 pid=71532 tid=1 format-conversion-reference-aliases-restored sourceMode=wordOmml targetMode=nativeOle aliases=1 refreshedReferences=0 restoredFormatting=1
2026-09-06T19:45:36.7616747+08:00 pid=71532 tid=1 format-conversion-finalize-perf stage=numbering-reconcile sourceMode=wordOmml targetMode=nativeOle deltaMs=1093 totalMs=1094
2026-09-06T19:45:36.7776749+08:00 pid=71532 tid=1 format-conversion-finalize-perf stage=omml-fingerprint-refresh sourceMode=wordOmml targetMode=nativeOle deltaMs=16 totalMs=1110
2026-09-06T19:45:36.7826745+08:00 pid=71532 tid=1 format-conversion-transaction-completed targets=6
2026-09-06T19:45:36.7846773+08:00 pid=71532 tid=17 format-conversion-word-apply-finished sourceMode=wordOmml targetMode=nativeOle converted=6 failed=0
2026-09-06T19:45:36.7846773+08:00 pid=71532 tid=17 format-conversion-session-cleanup-start sessions=6
2026-09-06T19:45:36.7856774+08:00 pid=71532 tid=17 format-conversion-complete source=OMML target=VisualTeX converted=6 failed=0
2026-09-06T19:45:36.7876758+08:00 pid=71532 tid=10 format-conversion-session-cleanup-complete sessions=6
2026-09-06T19:45:50.4342284+08:00 pid=71532 tid=30 ribbon-session-operation-released sessionId=dda89a5d-3fa2-45d4-92a3-db27bc3eeec2
2026-09-06T19:46:04.5481151+08:00 pid=71532 tid=12 left-down x=1776 y=1270 wordForeground=False
2026-09-06T19:46:07.7645073+08:00 pid=71532 tid=1 word-undo-begin name=VisualTeX Convert or Update Native OLE Formula recording=False level=0
2026-09-06T19:46:07.7645073+08:00 pid=71532 tid=1 word-undo-started name=VisualTeX Convert or Update Native OLE Formula recording=True level=1
2026-09-06T19:46:07.7655080+08:00 pid=71532 tid=1 format-conversion-subperf [perf] ReplaceOle.locate-target: +1ms (1ms total)
2026-09-06T19:46:07.7795092+08:00 pid=71532 tid=1 format-conversion-subperf [perf] ReplaceOle.update-native-object: +14ms (15ms total)
2026-09-06T19:46:07.7995094+08:00 pid=71532 tid=1 format-conversion-subperf [perf] ReplaceOle.configure: +20ms (35ms total)
2026-09-06T19:46:07.9110364+08:00 pid=71532 tid=1 format-conversion-subperf [perf] ReplaceOle.reconcile: +111ms (146ms total)
2026-09-06T19:46:07.9110364+08:00 pid=71532 tid=1 format-conversion-subperf [perf] ReplaceOle.selection: +1ms (147ms total)
2026-09-06T19:46:07.9160363+08:00 pid=71532 tid=1 word-undo-end recording=True level=1
2026-09-06T19:46:07.9200392+08:00 pid=71532 tid=30 ribbon-session-operation-released sessionId=89b639ff-5880-4c95-bceb-5df2ab7887e6
2026-09-06T19:46:17.9961219+08:00 pid=71532 tid=1 format-conversion-start sourceMode=nativeOle targetMode=mathTypeOle wholeDocument=True
2026-09-06T19:46:17.9971222+08:00 pid=71532 tid=1 format-conversion-plan-perf stage=shape-access source=nativeOle index=1/6 deltaMs=0 totalMs=0
2026-09-06T19:46:17.9981224+08:00 pid=71532 tid=1 format-conversion-plan-perf stage=shape-range source=nativeOle index=1/6 deltaMs=0 totalMs=0
2026-09-06T19:46:18.0208518+08:00 pid=71532 tid=1 format-conversion-plan-perf stage=target-added source=nativeOle index=1/6 deltaMs=23 totalMs=23
2026-09-06T19:46:18.0228524+08:00 pid=71532 tid=1 format-conversion-plan-perf stage=shape-access source=nativeOle index=2/6 deltaMs=0 totalMs=0
2026-09-06T19:46:18.0238538+08:00 pid=71532 tid=1 format-conversion-plan-perf stage=shape-range source=nativeOle index=2/6 deltaMs=1 totalMs=1
2026-09-06T19:46:18.0298508+08:00 pid=71532 tid=1 format-conversion-plan-perf stage=target-added source=nativeOle index=2/6 deltaMs=6 totalMs=7
2026-09-06T19:46:18.0298508+08:00 pid=71532 tid=1 format-conversion-plan-perf stage=shape-access source=nativeOle index=3/6 deltaMs=0 totalMs=0
2026-09-06T19:46:18.0308536+08:00 pid=71532 tid=1 format-conversion-plan-perf stage=shape-range source=nativeOle index=3/6 deltaMs=0 totalMs=0
2026-09-06T19:46:18.0378507+08:00 pid=71532 tid=1 format-conversion-plan-perf stage=target-added source=nativeOle index=3/6 deltaMs=7 totalMs=7
2026-09-06T19:46:18.0388525+08:00 pid=71532 tid=1 format-conversion-plan-perf stage=shape-access source=nativeOle index=4/6 deltaMs=0 totalMs=0
2026-09-06T19:46:18.0388525+08:00 pid=71532 tid=1 format-conversion-plan-perf stage=shape-range source=nativeOle index=4/6 deltaMs=0 totalMs=0
2026-09-06T19:46:18.0448509+08:00 pid=71532 tid=1 format-conversion-plan-perf stage=target-added source=nativeOle index=4/6 deltaMs=5 totalMs=5
2026-09-06T19:46:18.0448509+08:00 pid=71532 tid=1 format-conversion-plan-perf stage=shape-access source=nativeOle index=5/6 deltaMs=0 totalMs=0
2026-09-06T19:46:18.0458512+08:00 pid=71532 tid=1 format-conversion-plan-perf stage=shape-range source=nativeOle index=5/6 deltaMs=0 totalMs=0
2026-09-06T19:46:18.0504419+08:00 pid=71532 tid=1 format-conversion-plan-perf stage=target-added source=nativeOle index=5/6 deltaMs=5 totalMs=5
2026-09-06T19:46:18.0514494+08:00 pid=71532 tid=1 format-conversion-plan-perf stage=shape-access source=nativeOle index=6/6 deltaMs=0 totalMs=0
2026-09-06T19:46:18.0514494+08:00 pid=71532 tid=1 format-conversion-plan-perf stage=shape-range source=nativeOle index=6/6 deltaMs=0 totalMs=0
2026-09-06T19:46:18.0564454+08:00 pid=71532 tid=1 format-conversion-plan-perf stage=target-added source=nativeOle index=6/6 deltaMs=5 totalMs=5
2026-09-06T19:46:18.0564454+08:00 pid=71532 tid=1 format-conversion-plan sourceMode=nativeOle targetMode=mathTypeOle targets=6
2026-09-06T19:46:21.5426818+08:00 pid=71532 tid=1 bulk-import converter-create display=inline mode=mathTypeOle latex=\sqrt{E-u\left( x\right) }=\frac{1}{f\left( \omega \right) v_{ph}\left( \omega ,x\right) }
2026-09-06T19:46:21.5476837+08:00 pid=71532 tid=20 bulk-import converter-created sessionId=637a1242-f423-4ff1-a848-baca86f86a00
2026-09-06T19:46:21.5476837+08:00 pid=71532 tid=20 bulk-import converter-create display=block mode=mathTypeOle latex=\left\{ \begin{matrix}\frac{\mathrm{d}}{\mathrm{d}\omega }\left( \omega f\left( \omega \right) \right) =0 \\ \frac{\omega f\left( \omega \right) }{2}\frac{\mathrm{d}E\left( \omega \right) }{\mathrm{d}\omega }=\sqrt{\frac{m}{2}}\end{matrix}\right.
2026-09-06T19:46:21.5516852+08:00 pid=71532 tid=30 bulk-import converter-created sessionId=495adc74-dfe2-4674-9530-d2ff3339d101
2026-09-06T19:46:21.5516852+08:00 pid=71532 tid=30 bulk-import converter-create display=block mode=mathTypeOle latex=\sqrt{\frac{m}{2\left( E\left( \omega \right) -U\right) }}=\frac{\mathrm{d}}{\mathrm{d}\omega }\left( \omega \cdot f\left( \omega \right) \sqrt{\left( E\left( \omega \right) -U\right) }\right)
2026-09-06T19:46:21.5546836+08:00 pid=71532 tid=20 bulk-import converter-created sessionId=415cb468-3f91-427c-93a0-57544baaa95c
2026-09-06T19:46:21.5556847+08:00 pid=71532 tid=20 bulk-import converter-create display=block mode=mathTypeOle latex=a^2+b^2=c^2
2026-09-06T19:46:21.5596876+08:00 pid=71532 tid=30 bulk-import converter-created sessionId=811bae4f-76d3-4fbc-9466-2aadb74d2b9d
2026-09-06T19:46:21.5596876+08:00 pid=71532 tid=30 bulk-import converter-create display=block mode=mathTypeOle latex=\frac{\partial }{\partial t}\psi^{\ast}\left( \vec{r}\right) \psi \left( \vec{r}\right) =\frac{i\hbar }{2m}\nabla \cdot \left[ \psi^{\ast}\left( \vec{r}\right) \nabla \psi \left( \vec{r}\right) -\psi \left( \vec{r}\right) \nabla \psi^{\ast}\left( r\right) \right]
2026-09-06T19:46:21.5626836+08:00 pid=71532 tid=20 bulk-import converter-created sessionId=58c0b307-14a5-48a1-8d85-a98256ec34ee
2026-09-06T19:46:21.5626836+08:00 pid=71532 tid=20 bulk-import converter-create display=block mode=mathTypeOle latex=\frac{\partial }{\partial t}\rho \left( \vec{r},t\right) +\nabla \cdot \vec{j}=0
2026-09-06T19:46:21.5656861+08:00 pid=71532 tid=30 bulk-import converter-created sessionId=3fc30858-a175-4b4e-9ee8-1df304edf2ce
2026-09-06T19:46:21.5666847+08:00 pid=71532 tid=30 format-conversion-render-start sourceMode=nativeOle targetMode=mathTypeOle sessions=6
2026-09-06T19:46:21.6093234+08:00 pid=71532 tid=30 format-conversion-rendered sourceMode=nativeOle targetMode=mathTypeOle sessionId=637a1242-f423-4ff1-a848-baca86f86a00 status=committing
2026-09-06T19:46:21.6349499+08:00 pid=71532 tid=10 format-conversion-rendered sourceMode=nativeOle targetMode=mathTypeOle sessionId=495adc74-dfe2-4674-9530-d2ff3339d101 status=committing
2026-09-06T19:46:21.6829486+08:00 pid=71532 tid=10 format-conversion-rendered sourceMode=nativeOle targetMode=mathTypeOle sessionId=415cb468-3f91-427c-93a0-57544baaa95c status=committing
2026-09-06T19:46:21.6939464+08:00 pid=71532 tid=30 format-conversion-rendered sourceMode=nativeOle targetMode=mathTypeOle sessionId=811bae4f-76d3-4fbc-9466-2aadb74d2b9d status=committing
2026-09-06T19:46:21.7085717+08:00 pid=71532 tid=10 format-conversion-rendered sourceMode=nativeOle targetMode=mathTypeOle sessionId=58c0b307-14a5-48a1-8d85-a98256ec34ee status=committing
2026-09-06T19:46:21.7205717+08:00 pid=71532 tid=30 format-conversion-rendered sourceMode=nativeOle targetMode=mathTypeOle sessionId=3fc30858-a175-4b4e-9ee8-1df304edf2ce status=committing
2026-09-06T19:46:22.7005429+08:00 pid=71532 tid=30 format-conversion-native-preview-batch-complete formulas=6 elapsedMs=979
2026-09-06T19:46:22.7005429+08:00 pid=71532 tid=30 format-conversion-word-apply-start sourceMode=nativeOle targetMode=mathTypeOle targets=6
2026-09-06T19:46:22.7431027+08:00 pid=71532 tid=1 format-conversion-runtime assembly=C:\Users\pojian_liao\AppData\Local\VisualTeX\office\remediation-builds\6EF02523AE3D2905EB83E155D14F50F4ED648E0D4D32BEB0451A2209D5955988\VisualTeX.WordVsto.dll source=nativeOle target=mathTypeOle targetIsVisualTeX=False targetIsMathType=True
2026-09-06T19:46:23.0356599+08:00 pid=71532 tid=1 format-conversion-reference-aliases-captured sourceMode=nativeOle formulaId=f8c9c149-5c30-4864-9d50-6fae348e58fa aliases=ZEqnNum100835
2026-09-06T19:46:23.1060465+08:00 pid=71532 tid=1 format-conversion-heading-scope-cache format=heading2-dash formulas=5 scopes=2
2026-09-06T19:46:23.1857419+08:00 pid=71532 tid=1 format-conversion-reference-counts-fast-path source=nativeOle formulas=5
2026-09-06T19:46:30.7853549+08:00 pid=71532 tid=1 word-undo-begin name=VisualTeX Convert Formula Format recording=False level=0
2026-09-06T19:46:30.7863535+08:00 pid=71532 tid=1 word-undo-started name=VisualTeX Convert Formula Format recording=True level=1
2026-09-06T19:46:30.7873552+08:00 pid=71532 tid=1 format-conversion-undo-state stage=before-preferences document=文档10 recording=True level=1
2026-09-06T19:46:30.7883552+08:00 pid=71532 tid=1 format-conversion-transaction-start targets=6
2026-09-06T19:46:30.7893569+08:00 pid=71532 tid=1 format-conversion-undo-state stage=after-preferences document=文档10 recording=True level=1
2026-09-06T19:46:30.7903550+08:00 pid=71532 tid=1 format-conversion-undo-state stage=before-source-delete document=文档10 recording=True level=1
2026-09-06T19:46:30.8703555+08:00 pid=71532 tid=1 formula-to-latex-visualtex-paragraph-replaced formulaId=bcc8d271-623d-412c-be5b-ab95e45bd344 range=933:1017
2026-09-06T19:46:30.8763543+08:00 pid=71532 tid=1 format-conversion-perf stage=delete-source-host formulaId=bcc8d271-623d-412c-be5b-ab95e45bd344 numbered=True deltaMs=85 totalMs=85
2026-09-06T19:46:30.8763543+08:00 pid=71532 tid=1 format-conversion-undo-state stage=after-source-delete document=文档10 recording=True level=1
2026-09-06T19:46:30.8983547+08:00 pid=71532 tid=1 word-undo-begin name=VisualTeX Insert MathType OLE Numbered Display Formula recording=True level=1
2026-09-06T19:46:30.9063541+08:00 pid=71532 tid=1 mathtype-insert-perf stage=resolve-insertion numbered=True inline=False deltaMs=8 totalMs=8
2026-09-06T19:46:30.9073549+08:00 pid=71532 tid=1 mathtype-insert-perf stage=clear-incomplete-number-row numbered=True inline=False deltaMs=0 totalMs=8
2026-09-06T19:46:30.9073549+08:00 pid=71532 tid=1 mathtype-insert-perf stage=number-template-heading-state numbered=True inline=False deltaMs=1 totalMs=9
2026-09-06T19:46:30.9083560+08:00 pid=71532 tid=1 mathtype-insert-perf stage=prepare-display-row numbered=True inline=False deltaMs=0 totalMs=9
2026-09-06T19:46:30.9153526+08:00 pid=71532 tid=1 mathtype-insert-perf stage=build-flat-opc numbered=True inline=False deltaMs=7 totalMs=16
2026-09-06T19:46:30.9153526+08:00 pid=71532 tid=1 mathtype-insert-perf stage=pre-insert-bookkeeping numbered=True inline=False deltaMs=1 totalMs=17
2026-09-06T19:46:30.9563531+08:00 pid=71532 tid=1 mathtype-insert-perf stage=insert-flat-opc numbered=True inline=False deltaMs=41 totalMs=58
2026-09-06T19:46:30.9573568+08:00 pid=71532 tid=1 mathtype-insert-perf stage=resolve-new-shape numbered=True inline=False deltaMs=0 totalMs=58
2026-09-06T19:46:30.9583538+08:00 pid=71532 tid=1 mathtype-insert-perf stage=set-shape-geometry numbered=True inline=False deltaMs=2 totalMs=60
2026-09-06T19:46:30.9583538+08:00 pid=71532 tid=1 mathtype-insert-perf stage=repair-inline-paragraph numbered=True inline=False deltaMs=0 totalMs=60
2026-09-06T19:46:30.9593550+08:00 pid=71532 tid=1 mathtype-insert-perf stage=refresh-native-shape numbered=True inline=False deltaMs=0 totalMs=60
2026-09-06T19:46:30.9693555+08:00 pid=71532 tid=1 mathtype-insert-perf stage=bind-created-object-identity numbered=True inline=False deltaMs=10 totalMs=70
2026-09-06T19:46:30.9693555+08:00 pid=71532 tid=1 mathtype-insert-perf stage=complete numbered=True inline=False deltaMs=0 totalMs=70
2026-09-06T19:46:30.9693555+08:00 pid=71532 tid=1 format-conversion-perf stage=insert-target formulaId=bcc8d271-623d-412c-be5b-ab95e45bd344 numbered=True deltaMs=94 totalMs=179
2026-09-06T19:46:30.9693555+08:00 pid=71532 tid=1 format-conversion-undo-state stage=after-target-insert document=文档10 recording=True level=1
2026-09-06T19:46:30.9703550+08:00 pid=71532 tid=1 format-conversion-bookmarked-target-stable formulaId=bcc8d271-623d-412c-be5b-ab95e45bd344 bookmark=VTMT_6385166850e94270a065f198f13771c0 range=934:960 elapsedMs=0
2026-09-06T19:46:30.9703550+08:00 pid=71532 tid=1 format-conversion-perf stage=verify-target formulaId=bcc8d271-623d-412c-be5b-ab95e45bd344 numbered=True deltaMs=1 totalMs=180
2026-09-06T19:46:30.9713545+08:00 pid=71532 tid=1 format-conversion-undo-state stage=before-source-delete document=文档10 recording=True level=1
2026-09-06T19:46:31.0244731+08:00 pid=71532 tid=1 formula-to-latex-visualtex-paragraph-replaced formulaId=59b30ebb-6ee5-4d61-86ed-00b686c564fd range=757:1024
2026-09-06T19:46:31.0304737+08:00 pid=71532 tid=1 format-conversion-perf stage=delete-source-host formulaId=59b30ebb-6ee5-4d61-86ed-00b686c564fd numbered=True deltaMs=58 totalMs=58
2026-09-06T19:46:31.0304737+08:00 pid=71532 tid=1 format-conversion-undo-state stage=after-source-delete document=文档10 recording=True level=1
2026-09-06T19:46:31.0524839+08:00 pid=71532 tid=1 word-undo-begin name=VisualTeX Insert MathType OLE Numbered Display Formula recording=True level=1
2026-09-06T19:46:31.0600821+08:00 pid=71532 tid=1 mathtype-insert-perf stage=resolve-insertion numbered=True inline=False deltaMs=6 totalMs=6
2026-09-06T19:46:31.0600821+08:00 pid=71532 tid=1 mathtype-insert-perf stage=clear-incomplete-number-row numbered=True inline=False deltaMs=1 totalMs=7
2026-09-06T19:46:31.0600821+08:00 pid=71532 tid=1 mathtype-insert-perf stage=number-template-heading-state numbered=True inline=False deltaMs=0 totalMs=7
2026-09-06T19:46:31.0610815+08:00 pid=71532 tid=1 mathtype-insert-perf stage=prepare-display-row numbered=True inline=False deltaMs=1 totalMs=8
2026-09-06T19:46:31.0670799+08:00 pid=71532 tid=1 mathtype-insert-perf stage=build-flat-opc numbered=True inline=False deltaMs=5 totalMs=13
2026-09-06T19:46:31.0670799+08:00 pid=71532 tid=1 mathtype-insert-perf stage=pre-insert-bookkeeping numbered=True inline=False deltaMs=1 totalMs=14
2026-09-06T19:46:31.1036806+08:00 pid=71532 tid=1 mathtype-insert-perf stage=insert-flat-opc numbered=True inline=False deltaMs=36 totalMs=50
2026-09-06T19:46:31.1036806+08:00 pid=71532 tid=1 mathtype-insert-perf stage=resolve-new-shape numbered=True inline=False deltaMs=0 totalMs=50
2026-09-06T19:46:31.1046886+08:00 pid=71532 tid=1 mathtype-insert-perf stage=set-shape-geometry numbered=True inline=False deltaMs=2 totalMs=52
2026-09-06T19:46:31.1046886+08:00 pid=71532 tid=1 mathtype-insert-perf stage=repair-inline-paragraph numbered=True inline=False deltaMs=0 totalMs=52
2026-09-06T19:46:31.1056891+08:00 pid=71532 tid=1 mathtype-insert-perf stage=refresh-native-shape numbered=True inline=False deltaMs=0 totalMs=52
2026-09-06T19:46:31.1146886+08:00 pid=71532 tid=1 mathtype-insert-perf stage=bind-created-object-identity numbered=True inline=False deltaMs=9 totalMs=61
2026-09-06T19:46:31.1146886+08:00 pid=71532 tid=1 mathtype-insert-perf stage=complete numbered=True inline=False deltaMs=0 totalMs=61
2026-09-06T19:46:31.1146886+08:00 pid=71532 tid=1 format-conversion-perf stage=insert-target formulaId=59b30ebb-6ee5-4d61-86ed-00b686c564fd numbered=True deltaMs=85 totalMs=143
2026-09-06T19:46:31.1146886+08:00 pid=71532 tid=1 format-conversion-undo-state stage=after-target-insert document=文档10 recording=True level=1
2026-09-06T19:46:31.1156887+08:00 pid=71532 tid=1 format-conversion-bookmarked-target-stable formulaId=59b30ebb-6ee5-4d61-86ed-00b686c564fd bookmark=VTMT_03e9a43ad66049dca42ca49bbfbde56a range=758:784 elapsedMs=0
2026-09-06T19:46:31.1166885+08:00 pid=71532 tid=1 format-conversion-perf stage=verify-target formulaId=59b30ebb-6ee5-4d61-86ed-00b686c564fd numbered=True deltaMs=2 totalMs=145
2026-09-06T19:46:31.1166885+08:00 pid=71532 tid=1 format-conversion-undo-state stage=before-source-delete document=文档10 recording=True level=1
2026-09-06T19:46:31.1696888+08:00 pid=71532 tid=1 formula-to-latex-visualtex-paragraph-replaced formulaId=f8c9c149-5c30-4864-9d50-6fae348e58fa range=591:606
2026-09-06T19:46:31.1746893+08:00 pid=71532 tid=1 format-conversion-perf stage=delete-source-host formulaId=f8c9c149-5c30-4864-9d50-6fae348e58fa numbered=True deltaMs=57 totalMs=57
2026-09-06T19:46:31.1756886+08:00 pid=71532 tid=1 format-conversion-undo-state stage=after-source-delete document=文档10 recording=True level=1
2026-09-06T19:46:31.1966880+08:00 pid=71532 tid=1 word-undo-begin name=VisualTeX Insert MathType OLE Numbered Display Formula recording=True level=1
2026-09-06T19:46:31.2036887+08:00 pid=71532 tid=1 mathtype-insert-perf stage=resolve-insertion numbered=True inline=False deltaMs=6 totalMs=6
2026-09-06T19:46:31.2036887+08:00 pid=71532 tid=1 mathtype-insert-perf stage=clear-incomplete-number-row numbered=True inline=False deltaMs=0 totalMs=6
2026-09-06T19:46:31.2036887+08:00 pid=71532 tid=1 mathtype-insert-perf stage=number-template-heading-state numbered=True inline=False deltaMs=1 totalMs=7
2026-09-06T19:46:31.2046902+08:00 pid=71532 tid=1 mathtype-insert-perf stage=prepare-display-row numbered=True inline=False deltaMs=0 totalMs=7
2026-09-06T19:46:31.2096882+08:00 pid=71532 tid=1 mathtype-insert-perf stage=build-flat-opc numbered=True inline=False deltaMs=6 totalMs=13
2026-09-06T19:46:31.2106884+08:00 pid=71532 tid=1 mathtype-insert-perf stage=pre-insert-bookkeeping numbered=True inline=False deltaMs=0 totalMs=13
2026-09-06T19:46:31.2467289+08:00 pid=71532 tid=1 mathtype-insert-perf stage=insert-flat-opc numbered=True inline=False deltaMs=36 totalMs=49
2026-09-06T19:46:31.2477300+08:00 pid=71532 tid=1 mathtype-insert-perf stage=resolve-new-shape numbered=True inline=False deltaMs=1 totalMs=50
2026-09-06T19:46:31.2487315+08:00 pid=71532 tid=1 mathtype-insert-perf stage=set-shape-geometry numbered=True inline=False deltaMs=1 totalMs=51
2026-09-06T19:46:31.2487315+08:00 pid=71532 tid=1 mathtype-insert-perf stage=repair-inline-paragraph numbered=True inline=False deltaMs=0 totalMs=51
2026-09-06T19:46:31.2487315+08:00 pid=71532 tid=1 mathtype-insert-perf stage=refresh-native-shape numbered=True inline=False deltaMs=0 totalMs=51
2026-09-06T19:46:31.2567284+08:00 pid=71532 tid=1 mathtype-insert-perf stage=bind-created-object-identity numbered=True inline=False deltaMs=8 totalMs=59
2026-09-06T19:46:31.2567284+08:00 pid=71532 tid=1 mathtype-insert-perf stage=complete numbered=True inline=False deltaMs=0 totalMs=59
2026-09-06T19:46:31.2567284+08:00 pid=71532 tid=1 format-conversion-perf stage=insert-target formulaId=f8c9c149-5c30-4864-9d50-6fae348e58fa numbered=True deltaMs=83 totalMs=140
2026-09-06T19:46:31.2577342+08:00 pid=71532 tid=1 format-conversion-undo-state stage=after-target-insert document=文档10 recording=True level=1
2026-09-06T19:46:31.2587430+08:00 pid=71532 tid=1 format-conversion-bookmarked-target-stable formulaId=f8c9c149-5c30-4864-9d50-6fae348e58fa bookmark=VTMT_192a1847c9714a148de3f9ea7cd8d4b9 range=592:618 elapsedMs=0
2026-09-06T19:46:31.2597435+08:00 pid=71532 tid=1 format-conversion-perf stage=verify-target formulaId=f8c9c149-5c30-4864-9d50-6fae348e58fa numbered=True deltaMs=2 totalMs=142
2026-09-06T19:46:31.2597435+08:00 pid=71532 tid=1 format-conversion-undo-state stage=before-source-delete document=文档10 recording=True level=1
2026-09-06T19:46:31.3077410+08:00 pid=71532 tid=1 formula-to-latex-visualtex-paragraph-replaced formulaId=40157c7c-2d5a-4027-9b1d-e4e7c2c3c35f range=248:444
2026-09-06T19:46:31.3147426+08:00 pid=71532 tid=1 format-conversion-perf stage=delete-source-host formulaId=40157c7c-2d5a-4027-9b1d-e4e7c2c3c35f numbered=True deltaMs=54 totalMs=54
2026-09-06T19:46:31.3147426+08:00 pid=71532 tid=1 format-conversion-undo-state stage=after-source-delete document=文档10 recording=True level=1
2026-09-06T19:46:31.3357411+08:00 pid=71532 tid=1 word-undo-begin name=VisualTeX Insert MathType OLE Numbered Display Formula recording=True level=1
2026-09-06T19:46:31.3427402+08:00 pid=71532 tid=1 mathtype-insert-perf stage=resolve-insertion numbered=True inline=False deltaMs=6 totalMs=6
2026-09-06T19:46:31.3437419+08:00 pid=71532 tid=1 mathtype-insert-perf stage=clear-incomplete-number-row numbered=True inline=False deltaMs=1 totalMs=7
2026-09-06T19:46:31.3437419+08:00 pid=71532 tid=1 mathtype-insert-perf stage=number-template-heading-state numbered=True inline=False deltaMs=0 totalMs=7
2026-09-06T19:46:31.3447573+08:00 pid=71532 tid=1 mathtype-insert-perf stage=prepare-display-row numbered=True inline=False deltaMs=1 totalMs=8
2026-09-06T19:46:31.3507403+08:00 pid=71532 tid=1 mathtype-insert-perf stage=build-flat-opc numbered=True inline=False deltaMs=6 totalMs=14
2026-09-06T19:46:31.3507403+08:00 pid=71532 tid=1 mathtype-insert-perf stage=pre-insert-bookkeeping numbered=True inline=False deltaMs=0 totalMs=14
2026-09-06T19:46:31.3867398+08:00 pid=71532 tid=1 mathtype-insert-perf stage=insert-flat-opc numbered=True inline=False deltaMs=36 totalMs=50
2026-09-06T19:46:31.3867398+08:00 pid=71532 tid=1 mathtype-insert-perf stage=resolve-new-shape numbered=True inline=False deltaMs=0 totalMs=50
2026-09-06T19:46:31.3877418+08:00 pid=71532 tid=1 mathtype-insert-perf stage=set-shape-geometry numbered=True inline=False deltaMs=1 totalMs=51
2026-09-06T19:46:31.3887427+08:00 pid=71532 tid=1 mathtype-insert-perf stage=repair-inline-paragraph numbered=True inline=False deltaMs=1 totalMs=52
2026-09-06T19:46:31.3887427+08:00 pid=71532 tid=1 mathtype-insert-perf stage=refresh-native-shape numbered=True inline=False deltaMs=0 totalMs=52
2026-09-06T19:46:31.3977415+08:00 pid=71532 tid=1 mathtype-insert-perf stage=bind-created-object-identity numbered=True inline=False deltaMs=9 totalMs=61
2026-09-06T19:46:31.3977415+08:00 pid=71532 tid=1 mathtype-insert-perf stage=complete numbered=True inline=False deltaMs=0 totalMs=61
2026-09-06T19:46:31.3977415+08:00 pid=71532 tid=1 format-conversion-perf stage=insert-target formulaId=40157c7c-2d5a-4027-9b1d-e4e7c2c3c35f numbered=True deltaMs=84 totalMs=138
2026-09-06T19:46:31.3977415+08:00 pid=71532 tid=1 format-conversion-undo-state stage=after-target-insert document=文档10 recording=True level=1
2026-09-06T19:46:31.3997413+08:00 pid=71532 tid=1 format-conversion-bookmarked-target-stable formulaId=40157c7c-2d5a-4027-9b1d-e4e7c2c3c35f bookmark=VTMT_e9ed22e552474169bbda0e45013f90d7 range=249:275 elapsedMs=0
2026-09-06T19:46:31.4007415+08:00 pid=71532 tid=1 format-conversion-perf stage=verify-target formulaId=40157c7c-2d5a-4027-9b1d-e4e7c2c3c35f numbered=True deltaMs=3 totalMs=141
2026-09-06T19:46:31.4017425+08:00 pid=71532 tid=1 format-conversion-undo-state stage=before-source-delete document=文档10 recording=True level=1
2026-09-06T19:46:31.4537480+08:00 pid=71532 tid=1 formula-to-latex-visualtex-paragraph-replaced formulaId=e0af4ed1-fb4d-4203-a69a-ec4367cba1bc range=89:339
2026-09-06T19:46:31.4607481+08:00 pid=71532 tid=1 format-conversion-perf stage=delete-source-host formulaId=e0af4ed1-fb4d-4203-a69a-ec4367cba1bc numbered=True deltaMs=59 totalMs=59
2026-09-06T19:46:31.4607481+08:00 pid=71532 tid=1 format-conversion-undo-state stage=after-source-delete document=文档10 recording=True level=1
2026-09-06T19:46:31.4837478+08:00 pid=71532 tid=1 word-undo-begin name=VisualTeX Insert MathType OLE Numbered Display Formula recording=True level=1
2026-09-06T19:46:31.4897491+08:00 pid=71532 tid=1 mathtype-insert-perf stage=resolve-insertion numbered=True inline=False deltaMs=6 totalMs=6
2026-09-06T19:46:31.4907490+08:00 pid=71532 tid=1 mathtype-insert-perf stage=clear-incomplete-number-row numbered=True inline=False deltaMs=0 totalMs=6
2026-09-06T19:46:31.4907490+08:00 pid=71532 tid=1 mathtype-insert-perf stage=number-template-heading-state numbered=True inline=False deltaMs=1 totalMs=7
2026-09-06T19:46:31.4917510+08:00 pid=71532 tid=1 mathtype-insert-perf stage=prepare-display-row numbered=True inline=False deltaMs=0 totalMs=7
2026-09-06T19:46:31.4967478+08:00 pid=71532 tid=1 mathtype-insert-perf stage=build-flat-opc numbered=True inline=False deltaMs=6 totalMs=13
2026-09-06T19:46:31.4967478+08:00 pid=71532 tid=1 mathtype-insert-perf stage=pre-insert-bookkeeping numbered=True inline=False deltaMs=0 totalMs=13
2026-09-06T19:46:31.5339872+08:00 pid=71532 tid=1 mathtype-insert-perf stage=insert-flat-opc numbered=True inline=False deltaMs=36 totalMs=49
2026-09-06T19:46:31.5339872+08:00 pid=71532 tid=1 mathtype-insert-perf stage=resolve-new-shape numbered=True inline=False deltaMs=1 totalMs=50
2026-09-06T19:46:31.5359866+08:00 pid=71532 tid=1 mathtype-insert-perf stage=set-shape-geometry numbered=True inline=False deltaMs=1 totalMs=51
2026-09-06T19:46:31.5359866+08:00 pid=71532 tid=1 mathtype-insert-perf stage=repair-inline-paragraph numbered=True inline=False deltaMs=1 totalMs=52
2026-09-06T19:46:31.5359866+08:00 pid=71532 tid=1 mathtype-insert-perf stage=refresh-native-shape numbered=True inline=False deltaMs=0 totalMs=52
2026-09-06T19:46:31.5439858+08:00 pid=71532 tid=1 mathtype-insert-perf stage=bind-created-object-identity numbered=True inline=False deltaMs=8 totalMs=60
2026-09-06T19:46:31.5439858+08:00 pid=71532 tid=1 mathtype-insert-perf stage=complete numbered=True inline=False deltaMs=0 totalMs=60
2026-09-06T19:46:31.5439858+08:00 pid=71532 tid=1 format-conversion-perf stage=insert-target formulaId=e0af4ed1-fb4d-4203-a69a-ec4367cba1bc numbered=True deltaMs=84 totalMs=143
2026-09-06T19:46:31.5449863+08:00 pid=71532 tid=1 format-conversion-undo-state stage=after-target-insert document=文档10 recording=True level=1
2026-09-06T19:46:31.5469857+08:00 pid=71532 tid=1 format-conversion-bookmarked-target-stable formulaId=e0af4ed1-fb4d-4203-a69a-ec4367cba1bc bookmark=VTMT_725bfff4bb4e45269020bda3c1d5e2ea range=90:116 elapsedMs=0
2026-09-06T19:46:31.5489998+08:00 pid=71532 tid=1 format-conversion-perf stage=verify-target formulaId=e0af4ed1-fb4d-4203-a69a-ec4367cba1bc numbered=True deltaMs=4 totalMs=147
2026-09-06T19:46:31.5489998+08:00 pid=71532 tid=1 format-conversion-undo-state stage=before-source-delete document=文档10 recording=True level=1
2026-09-06T19:46:31.5770132+08:00 pid=71532 tid=1 format-conversion-perf stage=delete-source-host formulaId=87a9891d-415e-4c2c-90a7-103ca593b859 numbered=False deltaMs=28 totalMs=28
2026-09-06T19:46:31.5780145+08:00 pid=71532 tid=1 format-conversion-undo-state stage=after-source-delete document=文档10 recording=True level=1
2026-09-06T19:46:31.6020161+08:00 pid=71532 tid=1 word-undo-begin name=VisualTeX Insert MathType OLE Inline Formula recording=True level=1
2026-09-06T19:46:31.6070121+08:00 pid=71532 tid=1 mathtype-insert-perf stage=resolve-insertion numbered=False inline=True deltaMs=5 totalMs=5
2026-09-06T19:46:31.6126164+08:00 pid=71532 tid=1 mathtype-insert-perf stage=build-flat-opc numbered=False inline=True deltaMs=5 totalMs=10
2026-09-06T19:46:31.6126164+08:00 pid=71532 tid=1 mathtype-insert-perf stage=pre-insert-bookkeeping numbered=False inline=True deltaMs=1 totalMs=11
2026-09-06T19:46:31.6489540+08:00 pid=71532 tid=1 mathtype-insert-perf stage=insert-flat-opc numbered=False inline=True deltaMs=36 totalMs=47
2026-09-06T19:46:31.6499534+08:00 pid=71532 tid=1 mathtype-insert-perf stage=resolve-new-shape numbered=False inline=True deltaMs=1 totalMs=48
2026-09-06T19:46:31.6519553+08:00 pid=71532 tid=1 mathtype-insert-perf stage=set-shape-geometry numbered=False inline=True deltaMs=2 totalMs=50
2026-09-06T19:46:31.6569537+08:00 pid=71532 tid=1 mathtype-insert-perf stage=repair-inline-paragraph numbered=False inline=True deltaMs=5 totalMs=55
2026-09-06T19:46:31.6579551+08:00 pid=71532 tid=1 mathtype-insert-perf stage=refresh-native-shape numbered=False inline=True deltaMs=1 totalMs=56
2026-09-06T19:46:31.6589549+08:00 pid=71532 tid=1 mathtype-insert-perf stage=set-native-baseline numbered=False inline=True deltaMs=1 totalMs=57
2026-09-06T19:46:31.6599569+08:00 pid=71532 tid=1 mathtype-insert-perf stage=restore-typing-baseline numbered=False inline=True deltaMs=1 totalMs=58
2026-09-06T19:46:31.6609561+08:00 pid=71532 tid=1 mathtype-insert-perf stage=bind-created-object-identity numbered=False inline=True deltaMs=1 totalMs=59
2026-09-06T19:46:31.6609561+08:00 pid=71532 tid=1 mathtype-insert-perf stage=complete numbered=False inline=True deltaMs=0 totalMs=59
2026-09-06T19:46:31.6619557+08:00 pid=71532 tid=1 format-conversion-perf stage=insert-target formulaId=87a9891d-415e-4c2c-90a7-103ca593b859 numbered=False deltaMs=84 totalMs=112
2026-09-06T19:46:31.6619557+08:00 pid=71532 tid=1 format-conversion-undo-state stage=after-target-insert document=文档10 recording=True level=1
2026-09-06T19:46:31.6639575+08:00 pid=71532 tid=1 format-conversion-bookmarked-target-stable formulaId=87a9891d-415e-4c2c-90a7-103ca593b859 bookmark=VTMT_06bc35fd4d824d51b709cb6b218e7667 range=54:80 elapsedMs=0
2026-09-06T19:46:31.6659536+08:00 pid=71532 tid=1 format-conversion-perf stage=verify-target formulaId=87a9891d-415e-4c2c-90a7-103ca593b859 numbered=False deltaMs=4 totalMs=116
2026-09-06T19:46:31.6736136+08:00 pid=71532 tid=1 format-conversion-finalize-perf stage=source-residual-check sourceMode=nativeOle targetMode=mathTypeOle deltaMs=6 totalMs=6
2026-09-06T19:46:31.6756235+08:00 pid=71532 tid=1 format-conversion-finalize-perf stage=target-count-check sourceMode=nativeOle targetMode=mathTypeOle deltaMs=2 totalMs=8
2026-09-06T19:46:31.8617053+08:00 pid=71532 tid=1 format-conversion-reference-aliases-restored sourceMode=nativeOle targetMode=mathTypeOle aliases=1 refreshedReferences=0 restoredFormatting=1
2026-09-06T19:46:31.8820646+08:00 pid=71532 tid=1 format-conversion-finalize-perf stage=numbering-reconcile sourceMode=nativeOle targetMode=mathTypeOle deltaMs=207 totalMs=215
2026-09-06T19:46:31.8840639+08:00 pid=71532 tid=1 format-conversion-finalize-perf stage=omml-fingerprint-refresh sourceMode=nativeOle targetMode=mathTypeOle deltaMs=2 totalMs=217
2026-09-06T19:46:31.8880626+08:00 pid=71532 tid=1 format-conversion-transaction-completed targets=6
2026-09-06T19:46:31.8890665+08:00 pid=71532 tid=11 format-conversion-word-apply-finished sourceMode=nativeOle targetMode=mathTypeOle converted=6 failed=0
2026-09-06T19:46:31.8890665+08:00 pid=71532 tid=11 format-conversion-session-cleanup-start sessions=6
2026-09-06T19:46:31.8900653+08:00 pid=71532 tid=11 format-conversion-complete source=VisualTeX target=MathType converted=6 failed=0
2026-09-06T19:46:31.8930655+08:00 pid=71532 tid=30 format-conversion-session-cleanup-complete sessions=6
2026-09-06T19:46:46.2664751+08:00 pid=71532 tid=12 left-down x=1776 y=1270 wordForeground=False
2026-09-06T19:46:49.4196332+08:00 pid=71532 tid=1 word-undo-begin name=VisualTeX Update MathType OLE Formula recording=False level=0
2026-09-06T19:46:49.4196332+08:00 pid=71532 tid=1 word-undo-started name=VisualTeX Update MathType OLE Formula recording=True level=1
2026-09-06T19:46:49.4196332+08:00 pid=71532 tid=1 mathtype-replace-stage stage=resolve-source formulaId=7c2579dc-ae32-4693-a04d-339f8186ca14
2026-09-06T19:46:49.4216253+08:00 pid=71532 tid=1 mathtype-replace-numbering source=True:right target=True:right changed=False
2026-09-06T19:46:49.4216253+08:00 pid=71532 tid=1 mathtype-replace-stage stage=read-source-flat-opc formulaId=7c2579dc-ae32-4693-a04d-339f8186ca14
2026-09-06T19:46:49.4436236+08:00 pid=71532 tid=1 mathtype-replace-stage stage=read-source-flat-opc-complete formulaId=7c2579dc-ae32-4693-a04d-339f8186ca14
2026-09-06T19:46:49.4436236+08:00 pid=71532 tid=1 mathtype-replace-stage stage=rewrite-cfb formulaId=7c2579dc-ae32-4693-a04d-339f8186ca14
2026-09-06T19:46:49.6114090+08:00 pid=71532 tid=1 mathtype-replace-native-preview formulaId=7c2579dc-ae32-4693-a04d-339f8186ca14 sourceWord=52.05x15@-3 sourceNative=52x15@-3 rewrittenNative=38x15@-3 scale=1.001x1 target=38.037x15@-3
2026-09-06T19:46:49.6114090+08:00 pid=71532 tid=1 mathtype-replace-stage stage=rewrite-flat-opc formulaId=7c2579dc-ae32-4693-a04d-339f8186ca14
2026-09-06T19:46:49.6154077+08:00 pid=71532 tid=1 mathtype-replace-stage stage=rewrite-flat-opc-complete formulaId=7c2579dc-ae32-4693-a04d-339f8186ca14
2026-09-06T19:46:49.6184078+08:00 pid=71532 tid=1 mathtype-replace-stage stage=delete-source formulaId=7c2579dc-ae32-4693-a04d-339f8186ca14
2026-09-06T19:46:49.6264088+08:00 pid=71532 tid=1 mathtype-replace-stage stage=insert-rewritten-flat-opc formulaId=7c2579dc-ae32-4693-a04d-339f8186ca14
2026-09-06T19:46:49.6754086+08:00 pid=71532 tid=1 mathtype-replace-stage stage=insert-rewritten-flat-opc-complete formulaId=7c2579dc-ae32-4693-a04d-339f8186ca14
2026-09-06T19:46:49.6834081+08:00 pid=71532 tid=1 mathtype-replace-stage stage=validate-replacement formulaId=7c2579dc-ae32-4693-a04d-339f8186ca14
2026-09-06T19:46:49.7122695+08:00 pid=71532 tid=1 mathtype-replace-stage stage=complete formulaId=7c2579dc-ae32-4693-a04d-339f8186ca14
2026-09-06T19:46:49.7302659+08:00 pid=71532 tid=1 word-undo-end recording=False level=0
2026-09-06T19:46:49.7352670+08:00 pid=71532 tid=15 ribbon-session-operation-released sessionId=ae0770bc-d328-4f95-94f8-e88775c346ea
2026-09-06T19:46:59.2899191+08:00 pid=71532 tid=1 format-conversion-start sourceMode=mathTypeOle targetMode=wordOmml wholeDocument=True
2026-09-06T19:46:59.3344034+08:00 pid=71532 tid=1 format-conversion-plan-bulk-ole-snapshot count=6 elapsedMs=43
2026-09-06T19:46:59.3344034+08:00 pid=71532 tid=1 format-conversion-plan-perf stage=shape-access source=mathTypeOle index=1/6 deltaMs=0 totalMs=0
2026-09-06T19:46:59.3354033+08:00 pid=71532 tid=1 format-conversion-plan-perf stage=identify-mathtype source=mathTypeOle index=1/6 deltaMs=0 totalMs=0
2026-09-06T19:46:59.3399676+08:00 pid=71532 tid=1 format-conversion-plan-perf stage=read-mathml-bulk source=mathTypeOle index=1/6 deltaMs=4 totalMs=4
2026-09-06T19:46:59.3420693+08:00 pid=71532 tid=1 format-conversion-plan-perf stage=read-metadata source=mathTypeOle index=1/6 deltaMs=2 totalMs=6
2026-09-06T19:46:59.3425748+08:00 pid=71532 tid=1 format-conversion-plan-perf stage=number-position source=mathTypeOle index=1/6 deltaMs=1 totalMs=7
2026-09-06T19:46:59.3426758+08:00 pid=71532 tid=1 format-conversion-plan-perf stage=shape-range source=mathTypeOle index=1/6 deltaMs=0 totalMs=7
2026-09-06T19:46:59.3479429+08:00 pid=71532 tid=1 format-conversion-plan-perf stage=target-added source=mathTypeOle index=1/6 deltaMs=5 totalMs=12
2026-09-06T19:46:59.3479429+08:00 pid=71532 tid=1 format-conversion-plan-perf stage=shape-access source=mathTypeOle index=2/6 deltaMs=0 totalMs=0
2026-09-06T19:46:59.3479429+08:00 pid=71532 tid=1 format-conversion-plan-perf stage=identify-mathtype source=mathTypeOle index=2/6 deltaMs=0 totalMs=0
2026-09-06T19:46:59.3509492+08:00 pid=71532 tid=1 format-conversion-plan-perf stage=read-mathml-bulk source=mathTypeOle index=2/6 deltaMs=3 totalMs=3
2026-09-06T19:46:59.3529490+08:00 pid=71532 tid=1 format-conversion-plan-perf stage=read-metadata source=mathTypeOle index=2/6 deltaMs=2 totalMs=5
2026-09-06T19:46:59.3539515+08:00 pid=71532 tid=1 format-conversion-plan-perf stage=number-position source=mathTypeOle index=2/6 deltaMs=0 totalMs=5
2026-09-06T19:46:59.3539515+08:00 pid=71532 tid=1 format-conversion-plan-perf stage=shape-range source=mathTypeOle index=2/6 deltaMs=1 totalMs=6
2026-09-06T19:46:59.3559494+08:00 pid=71532 tid=1 format-conversion-plan-perf stage=target-added source=mathTypeOle index=2/6 deltaMs=2 totalMs=8
2026-09-06T19:46:59.3569489+08:00 pid=71532 tid=1 format-conversion-plan-perf stage=shape-access source=mathTypeOle index=3/6 deltaMs=0 totalMs=0
2026-09-06T19:46:59.3569489+08:00 pid=71532 tid=1 format-conversion-plan-perf stage=identify-mathtype source=mathTypeOle index=3/6 deltaMs=0 totalMs=0
2026-09-06T19:46:59.3599515+08:00 pid=71532 tid=1 format-conversion-plan-perf stage=read-mathml-bulk source=mathTypeOle index=3/6 deltaMs=3 totalMs=3
2026-09-06T19:46:59.3619490+08:00 pid=71532 tid=1 format-conversion-plan-perf stage=read-metadata source=mathTypeOle index=3/6 deltaMs=1 totalMs=4
2026-09-06T19:46:59.3619490+08:00 pid=71532 tid=1 format-conversion-plan-perf stage=number-position source=mathTypeOle index=3/6 deltaMs=1 totalMs=5
2026-09-06T19:46:59.3629490+08:00 pid=71532 tid=1 format-conversion-plan-perf stage=shape-range source=mathTypeOle index=3/6 deltaMs=0 totalMs=5
2026-09-06T19:46:59.3669490+08:00 pid=71532 tid=1 format-conversion-plan-perf stage=target-added source=mathTypeOle index=3/6 deltaMs=4 totalMs=9
2026-09-06T19:46:59.3669490+08:00 pid=71532 tid=1 format-conversion-plan-perf stage=shape-access source=mathTypeOle index=4/6 deltaMs=0 totalMs=0
2026-09-06T19:46:59.3679490+08:00 pid=71532 tid=1 format-conversion-plan-perf stage=identify-mathtype source=mathTypeOle index=4/6 deltaMs=0 totalMs=0
2026-09-06T19:46:59.3699514+08:00 pid=71532 tid=1 format-conversion-plan-perf stage=read-mathml-bulk source=mathTypeOle index=4/6 deltaMs=2 totalMs=2
2026-09-06T19:46:59.3719489+08:00 pid=71532 tid=1 format-conversion-plan-perf stage=read-metadata source=mathTypeOle index=4/6 deltaMs=2 totalMs=4
2026-09-06T19:46:59.3729491+08:00 pid=71532 tid=1 format-conversion-plan-perf stage=number-position source=mathTypeOle index=4/6 deltaMs=1 totalMs=5
2026-09-06T19:46:59.3729491+08:00 pid=71532 tid=1 format-conversion-plan-perf stage=shape-range source=mathTypeOle index=4/6 deltaMs=0 totalMs=5
2026-09-06T19:46:59.3759493+08:00 pid=71532 tid=1 format-conversion-plan-perf stage=target-added source=mathTypeOle index=4/6 deltaMs=3 totalMs=8
2026-09-06T19:46:59.3759493+08:00 pid=71532 tid=1 format-conversion-plan-perf stage=shape-access source=mathTypeOle index=5/6 deltaMs=0 totalMs=0
2026-09-06T19:46:59.3769490+08:00 pid=71532 tid=1 format-conversion-plan-perf stage=identify-mathtype source=mathTypeOle index=5/6 deltaMs=0 totalMs=0
2026-09-06T19:46:59.3879490+08:00 pid=71532 tid=1 format-conversion-plan-perf stage=read-mathml-bulk source=mathTypeOle index=5/6 deltaMs=12 totalMs=12
2026-09-06T19:46:59.3907078+08:00 pid=71532 tid=1 format-conversion-plan-perf stage=read-metadata source=mathTypeOle index=5/6 deltaMs=2 totalMs=14
2026-09-06T19:46:59.3912131+08:00 pid=71532 tid=1 format-conversion-plan-perf stage=number-position source=mathTypeOle index=5/6 deltaMs=1 totalMs=15
2026-09-06T19:46:59.3912131+08:00 pid=71532 tid=1 format-conversion-plan-perf stage=shape-range source=mathTypeOle index=5/6 deltaMs=0 totalMs=15
2026-09-06T19:46:59.3942211+08:00 pid=71532 tid=1 format-conversion-plan-perf stage=target-added source=mathTypeOle index=5/6 deltaMs=2 totalMs=17
2026-09-06T19:46:59.3948210+08:00 pid=71532 tid=1 format-conversion-plan-perf stage=shape-access source=mathTypeOle index=6/6 deltaMs=0 totalMs=0
2026-09-06T19:46:59.3953265+08:00 pid=71532 tid=1 format-conversion-plan-perf stage=identify-mathtype source=mathTypeOle index=6/6 deltaMs=0 totalMs=0
2026-09-06T19:46:59.3973327+08:00 pid=71532 tid=1 format-conversion-plan-perf stage=read-mathml-bulk source=mathTypeOle index=6/6 deltaMs=3 totalMs=3
2026-09-06T19:46:59.3993330+08:00 pid=71532 tid=1 format-conversion-plan-perf stage=read-metadata source=mathTypeOle index=6/6 deltaMs=1 totalMs=4
2026-09-06T19:46:59.4003330+08:00 pid=71532 tid=1 format-conversion-plan-perf stage=number-position source=mathTypeOle index=6/6 deltaMs=1 totalMs=5
2026-09-06T19:46:59.4003330+08:00 pid=71532 tid=1 format-conversion-plan-perf stage=shape-range source=mathTypeOle index=6/6 deltaMs=0 totalMs=5
2026-09-06T19:46:59.4033351+08:00 pid=71532 tid=1 format-conversion-plan-perf stage=target-added source=mathTypeOle index=6/6 deltaMs=3 totalMs=8
2026-09-06T19:46:59.4033351+08:00 pid=71532 tid=1 format-conversion-plan sourceMode=mathTypeOle targetMode=wordOmml targets=6
2026-09-06T19:47:02.8693586+08:00 pid=71532 tid=1 format-conversion-render-bypass sourceMode=mathTypeOle targetMode=wordOmml targets=6 reason=source-mathml-ready
2026-09-06T19:47:02.8693586+08:00 pid=71532 tid=1 format-conversion-word-apply-start sourceMode=mathTypeOle targetMode=wordOmml targets=6
2026-09-06T19:47:02.8726653+08:00 pid=71532 tid=1 format-conversion-runtime assembly=C:\Users\pojian_liao\AppData\Local\VisualTeX\office\remediation-builds\6EF02523AE3D2905EB83E155D14F50F4ED648E0D4D32BEB0451A2209D5955988\VisualTeX.WordVsto.dll source=mathTypeOle target=wordOmml targetIsVisualTeX=False targetIsMathType=False
2026-09-06T19:47:02.8946652+08:00 pid=71532 tid=1 format-conversion-reference-aliases-captured sourceMode=mathTypeOle formulaId=b8321a43-66fd-4f68-bcde-897ad15c8411 aliases=ZEqnNum100835
2026-09-06T19:47:03.0671747+08:00 pid=71532 tid=1 format-conversion-omml-batch-source-created formulas=6 elapsedMs=163
2026-09-06T19:47:10.7010517+08:00 pid=71532 tid=1 word-undo-begin name=VisualTeX Convert Formula Format recording=False level=0
2026-09-06T19:47:10.7010517+08:00 pid=71532 tid=1 word-undo-started name=VisualTeX Convert Formula Format recording=True level=1
2026-09-06T19:47:10.7020547+08:00 pid=71532 tid=1 format-conversion-undo-state stage=before-preferences document=文档10 recording=True level=1
2026-09-06T19:47:10.7020547+08:00 pid=71532 tid=1 format-conversion-transaction-start targets=6
2026-09-06T19:47:10.7020547+08:00 pid=71532 tid=1 format-conversion-undo-state stage=after-preferences document=文档10 recording=True level=1
2026-09-06T19:47:10.7063053+08:00 pid=71532 tid=1 format-conversion-mathtype-source-identity-bound formulaId=62b54fe9-b423-4ac5-b8d6-cf006776ad8f bookmark=VTFCI_99c14818841c4c688d86d3e04ce23f8f range=1235:1261
2026-09-06T19:47:10.7083020+08:00 pid=71532 tid=1 format-conversion-undo-state stage=before-source-delete document=文档10 recording=True level=1
2026-09-06T19:47:10.7133017+08:00 pid=71532 tid=1 format-conversion-mathtype-paragraph-atomically-replaced formulaId=62b54fe9-b423-4ac5-b8d6-cf006776ad8f range=1234:1234 start=1234
2026-09-06T19:47:10.7133017+08:00 pid=71532 tid=1 format-conversion-perf stage=delete-source-host formulaId=62b54fe9-b423-4ac5-b8d6-cf006776ad8f numbered=True deltaMs=7 totalMs=7
2026-09-06T19:47:10.7133017+08:00 pid=71532 tid=1 format-conversion-undo-state stage=after-source-delete document=文档10 recording=True level=1
2026-09-06T19:47:10.7133017+08:00 pid=71532 tid=1 format-conversion-forward-source-check stage=delete-source formulaId=62b54fe9-b423-4ac5-b8d6-cf006776ad8f bookmarkMissing=True present=False
2026-09-06T19:47:10.7303122+08:00 pid=71532 tid=1 word-undo-begin name=VisualTeX Insert Word OMML Display Formula recording=True level=1
2026-09-06T19:47:10.7709732+08:00 pid=71532 tid=1 format-conversion-subperf [perf] InsertOmml.detach-mathtype-style: +40ms (40ms total)
2026-09-06T19:47:10.7709732+08:00 pid=71532 tid=1 format-conversion-subperf [perf] InsertOmml.insert-native-omml: +0ms (40ms total)
2026-09-06T19:47:10.7949742+08:00 pid=71532 tid=1 format-conversion-subperf [perf] InsertOmml.post-reconcile-layout: +24ms (64ms total)
2026-09-06T19:47:10.7959731+08:00 pid=71532 tid=1 format-conversion-subperf [perf] InsertOmml.final-fingerprint: +1ms (65ms total)
2026-09-06T19:47:10.7959731+08:00 pid=71532 tid=1 format-conversion-subperf [perf] InsertOmml.final-anchor: +0ms (65ms total)
2026-09-06T19:47:10.7979760+08:00 pid=71532 tid=1 format-conversion-subperf [perf] InsertOmml.final-metadata: +1ms (66ms total)
2026-09-06T19:47:10.7989764+08:00 pid=71532 tid=1 format-conversion-perf stage=insert-target formulaId=62b54fe9-b423-4ac5-b8d6-cf006776ad8f numbered=True deltaMs=86 totalMs=93
2026-09-06T19:47:10.7999747+08:00 pid=71532 tid=1 format-conversion-undo-state stage=after-target-insert document=文档10 recording=True level=1
2026-09-06T19:47:10.7999747+08:00 pid=71532 tid=1 format-conversion-forward-source-check stage=insert-target formulaId=62b54fe9-b423-4ac5-b8d6-cf006776ad8f bookmarkMissing=True present=False
2026-09-06T19:47:10.8442360+08:00 pid=71532 tid=1 format-conversion-target-stable formulaId=62b54fe9-b423-4ac5-b8d6-cf006776ad8f targetMode=wordOmml count=1 elapsedMs=44
2026-09-06T19:47:10.8452359+08:00 pid=71532 tid=1 format-conversion-forward-source-check stage=post-transaction formulaId=62b54fe9-b423-4ac5-b8d6-cf006776ad8f bookmarkMissing=True present=False
2026-09-06T19:47:10.8452359+08:00 pid=71532 tid=1 format-conversion-perf stage=verify-target formulaId=62b54fe9-b423-4ac5-b8d6-cf006776ad8f numbered=True deltaMs=46 totalMs=139
2026-09-06T19:47:10.8462365+08:00 pid=71532 tid=1 format-conversion-mathtype-source-identity-bound formulaId=e4194bd6-baf6-4b06-9347-44e074079701 bookmark=VTFCI_606a780de64e4861ab27c51b7130fc2c range=982:1008
2026-09-06T19:47:10.8472358+08:00 pid=71532 tid=1 format-conversion-undo-state stage=before-source-delete document=文档10 recording=True level=1
2026-09-06T19:47:10.8532336+08:00 pid=71532 tid=1 format-conversion-mathtype-paragraph-atomically-replaced formulaId=e4194bd6-baf6-4b06-9347-44e074079701 range=981:981 start=981
2026-09-06T19:47:10.8532336+08:00 pid=71532 tid=1 format-conversion-perf stage=delete-source-host formulaId=e4194bd6-baf6-4b06-9347-44e074079701 numbered=True deltaMs=7 totalMs=7
2026-09-06T19:47:10.8532336+08:00 pid=71532 tid=1 format-conversion-undo-state stage=after-source-delete document=文档10 recording=True level=1
2026-09-06T19:47:10.8532336+08:00 pid=71532 tid=1 format-conversion-forward-source-check stage=delete-source formulaId=e4194bd6-baf6-4b06-9347-44e074079701 bookmarkMissing=True present=False
2026-09-06T19:47:10.8572335+08:00 pid=71532 tid=1 word-undo-begin name=VisualTeX Insert Word OMML Display Formula recording=True level=1
2026-09-06T19:47:10.9098135+08:00 pid=71532 tid=1 format-conversion-subperf [perf] InsertOmml.detach-mathtype-style: +52ms (52ms total)
2026-09-06T19:47:10.9098135+08:00 pid=71532 tid=1 format-conversion-subperf [perf] InsertOmml.insert-native-omml: +0ms (52ms total)
2026-09-06T19:47:10.9437651+08:00 pid=71532 tid=1 format-conversion-subperf [perf] InsertOmml.post-reconcile-layout: +34ms (86ms total)
2026-09-06T19:47:10.9447664+08:00 pid=71532 tid=1 format-conversion-subperf [perf] InsertOmml.final-fingerprint: +1ms (87ms total)
2026-09-06T19:47:10.9447664+08:00 pid=71532 tid=1 format-conversion-subperf [perf] InsertOmml.final-anchor: +0ms (87ms total)
2026-09-06T19:47:10.9457645+08:00 pid=71532 tid=1 format-conversion-subperf [perf] InsertOmml.final-metadata: +2ms (89ms total)
2026-09-06T19:47:10.9477637+08:00 pid=71532 tid=1 format-conversion-perf stage=insert-target formulaId=e4194bd6-baf6-4b06-9347-44e074079701 numbered=True deltaMs=95 totalMs=102
2026-09-06T19:47:10.9477637+08:00 pid=71532 tid=1 format-conversion-undo-state stage=after-target-insert document=文档10 recording=True level=1
2026-09-06T19:47:10.9487661+08:00 pid=71532 tid=1 format-conversion-forward-source-check stage=insert-target formulaId=e4194bd6-baf6-4b06-9347-44e074079701 bookmarkMissing=True present=False
2026-09-06T19:47:10.9857632+08:00 pid=71532 tid=1 format-conversion-target-stable formulaId=e4194bd6-baf6-4b06-9347-44e074079701 targetMode=wordOmml count=2 elapsedMs=37
2026-09-06T19:47:10.9857632+08:00 pid=71532 tid=1 format-conversion-forward-source-check stage=post-transaction formulaId=e4194bd6-baf6-4b06-9347-44e074079701 bookmarkMissing=True present=False
2026-09-06T19:47:10.9867646+08:00 pid=71532 tid=1 format-conversion-perf stage=verify-target formulaId=e4194bd6-baf6-4b06-9347-44e074079701 numbered=True deltaMs=39 totalMs=141
2026-09-06T19:47:10.9867646+08:00 pid=71532 tid=1 format-conversion-mathtype-source-identity-bound formulaId=b8321a43-66fd-4f68-bcde-897ad15c8411 bookmark=VTFCI_0ee622e54a2b47aaa01792f7b0e353ae range=739:765
2026-09-06T19:47:10.9887626+08:00 pid=71532 tid=1 format-conversion-undo-state stage=before-source-delete document=文档10 recording=True level=1
2026-09-06T19:47:10.9937635+08:00 pid=71532 tid=1 format-conversion-mathtype-paragraph-atomically-replaced formulaId=b8321a43-66fd-4f68-bcde-897ad15c8411 range=738:738 start=738
2026-09-06T19:47:10.9947644+08:00 pid=71532 tid=1 format-conversion-perf stage=delete-source-host formulaId=b8321a43-66fd-4f68-bcde-897ad15c8411 numbered=True deltaMs=8 totalMs=8
2026-09-06T19:47:10.9947644+08:00 pid=71532 tid=1 format-conversion-undo-state stage=after-source-delete document=文档10 recording=True level=1
2026-09-06T19:47:10.9947644+08:00 pid=71532 tid=1 format-conversion-forward-source-check stage=delete-source formulaId=b8321a43-66fd-4f68-bcde-897ad15c8411 bookmarkMissing=True present=False
2026-09-06T19:47:11.0017624+08:00 pid=71532 tid=1 word-undo-begin name=VisualTeX Insert Word OMML Display Formula recording=True level=1
2026-09-06T19:47:11.0440683+08:00 pid=71532 tid=1 format-conversion-subperf [perf] InsertOmml.detach-mathtype-style: +42ms (42ms total)
2026-09-06T19:47:11.0450649+08:00 pid=71532 tid=1 format-conversion-subperf [perf] InsertOmml.insert-native-omml: +0ms (42ms total)
2026-09-06T19:47:11.0715073+08:00 pid=71532 tid=1 format-conversion-subperf [perf] InsertOmml.post-reconcile-layout: +26ms (68ms total)
2026-09-06T19:47:11.0715073+08:00 pid=71532 tid=1 format-conversion-subperf [perf] InsertOmml.final-fingerprint: +1ms (69ms total)
2026-09-06T19:47:11.0715073+08:00 pid=71532 tid=1 format-conversion-subperf [perf] InsertOmml.final-anchor: +0ms (69ms total)
2026-09-06T19:47:11.0725098+08:00 pid=71532 tid=1 format-conversion-subperf [perf] InsertOmml.final-metadata: +1ms (70ms total)
2026-09-06T19:47:11.0725098+08:00 pid=71532 tid=1 format-conversion-perf stage=insert-target formulaId=b8321a43-66fd-4f68-bcde-897ad15c8411 numbered=True deltaMs=78 totalMs=86
2026-09-06T19:47:11.0735091+08:00 pid=71532 tid=1 format-conversion-undo-state stage=after-target-insert document=文档10 recording=True level=1
2026-09-06T19:47:11.0735091+08:00 pid=71532 tid=1 format-conversion-forward-source-check stage=insert-target formulaId=b8321a43-66fd-4f68-bcde-897ad15c8411 bookmarkMissing=True present=False
2026-09-06T19:47:11.1083496+08:00 pid=71532 tid=1 format-conversion-target-stable formulaId=b8321a43-66fd-4f68-bcde-897ad15c8411 targetMode=wordOmml count=3 elapsedMs=34
2026-09-06T19:47:11.1088637+08:00 pid=71532 tid=1 format-conversion-forward-source-check stage=post-transaction formulaId=b8321a43-66fd-4f68-bcde-897ad15c8411 bookmarkMissing=True present=False
2026-09-06T19:47:11.1088637+08:00 pid=71532 tid=1 format-conversion-perf stage=verify-target formulaId=b8321a43-66fd-4f68-bcde-897ad15c8411 numbered=True deltaMs=36 totalMs=122
2026-09-06T19:47:11.1099148+08:00 pid=71532 tid=1 format-conversion-mathtype-source-identity-bound formulaId=7fe01b50-34f3-4ee1-a18a-10188384ab46 bookmark=VTFCI_3bc880b0b82f40d5bd599bd88a339b8d range=319:345
2026-09-06T19:47:11.1109814+08:00 pid=71532 tid=1 format-conversion-undo-state stage=before-source-delete document=文档10 recording=True level=1
2026-09-06T19:47:11.1162047+08:00 pid=71532 tid=1 format-conversion-mathtype-paragraph-atomically-replaced formulaId=7fe01b50-34f3-4ee1-a18a-10188384ab46 range=318:318 start=318
2026-09-06T19:47:11.1167223+08:00 pid=71532 tid=1 format-conversion-perf stage=delete-source-host formulaId=7fe01b50-34f3-4ee1-a18a-10188384ab46 numbered=True deltaMs=7 totalMs=7
2026-09-06T19:47:11.1167223+08:00 pid=71532 tid=1 format-conversion-undo-state stage=after-source-delete document=文档10 recording=True level=1
2026-09-06T19:47:11.1167223+08:00 pid=71532 tid=1 format-conversion-forward-source-check stage=delete-source formulaId=7fe01b50-34f3-4ee1-a18a-10188384ab46 bookmarkMissing=True present=False
2026-09-06T19:47:11.1328840+08:00 pid=71532 tid=1 word-undo-begin name=VisualTeX Insert Word OMML Display Formula recording=True level=1
2026-09-06T19:47:11.1794679+08:00 pid=71532 tid=1 format-conversion-subperf [perf] InsertOmml.detach-mathtype-style: +47ms (47ms total)
2026-09-06T19:47:11.1804674+08:00 pid=71532 tid=1 format-conversion-subperf [perf] InsertOmml.insert-native-omml: +0ms (47ms total)
2026-09-06T19:47:11.2104700+08:00 pid=71532 tid=1 format-conversion-subperf [perf] InsertOmml.post-reconcile-layout: +31ms (78ms total)
2026-09-06T19:47:11.2114686+08:00 pid=71532 tid=1 format-conversion-subperf [perf] InsertOmml.final-fingerprint: +0ms (78ms total)
2026-09-06T19:47:11.2114686+08:00 pid=71532 tid=1 format-conversion-subperf [perf] InsertOmml.final-anchor: +0ms (78ms total)
2026-09-06T19:47:11.2124687+08:00 pid=71532 tid=1 format-conversion-subperf [perf] InsertOmml.final-metadata: +1ms (79ms total)
2026-09-06T19:47:11.2124687+08:00 pid=71532 tid=1 format-conversion-perf stage=insert-target formulaId=7fe01b50-34f3-4ee1-a18a-10188384ab46 numbered=True deltaMs=96 totalMs=103
2026-09-06T19:47:11.2124687+08:00 pid=71532 tid=1 format-conversion-undo-state stage=after-target-insert document=文档10 recording=True level=1
2026-09-06T19:47:11.2134702+08:00 pid=71532 tid=1 format-conversion-forward-source-check stage=insert-target formulaId=7fe01b50-34f3-4ee1-a18a-10188384ab46 bookmarkMissing=True present=False
2026-09-06T19:47:11.2484684+08:00 pid=71532 tid=1 format-conversion-target-stable formulaId=7fe01b50-34f3-4ee1-a18a-10188384ab46 targetMode=wordOmml count=4 elapsedMs=35
2026-09-06T19:47:11.2484684+08:00 pid=71532 tid=1 format-conversion-forward-source-check stage=post-transaction formulaId=7fe01b50-34f3-4ee1-a18a-10188384ab46 bookmarkMissing=True present=False
2026-09-06T19:47:11.2494721+08:00 pid=71532 tid=1 format-conversion-perf stage=verify-target formulaId=7fe01b50-34f3-4ee1-a18a-10188384ab46 numbered=True deltaMs=37 totalMs=140
2026-09-06T19:47:11.2494721+08:00 pid=71532 tid=1 format-conversion-mathtype-source-identity-bound formulaId=2e142e43-d244-49c7-8c71-a56a625eaeaa bookmark=VTFCI_71e68a45c63446cc890aff35a6fb26d6 range=83:109
2026-09-06T19:47:11.2504688+08:00 pid=71532 tid=1 format-conversion-undo-state stage=before-source-delete document=文档10 recording=True level=1
2026-09-06T19:47:11.2564706+08:00 pid=71532 tid=1 format-conversion-mathtype-paragraph-atomically-replaced formulaId=2e142e43-d244-49c7-8c71-a56a625eaeaa range=82:82 start=82
2026-09-06T19:47:11.2564706+08:00 pid=71532 tid=1 format-conversion-perf stage=delete-source-host formulaId=2e142e43-d244-49c7-8c71-a56a625eaeaa numbered=True deltaMs=7 totalMs=7
2026-09-06T19:47:11.2571117+08:00 pid=71532 tid=1 format-conversion-undo-state stage=after-source-delete document=文档10 recording=True level=1
2026-09-06T19:47:11.2571117+08:00 pid=71532 tid=1 format-conversion-forward-source-check stage=delete-source formulaId=2e142e43-d244-49c7-8c71-a56a625eaeaa bookmarkMissing=True present=False
2026-09-06T19:47:11.2723865+08:00 pid=71532 tid=1 word-undo-begin name=VisualTeX Insert Word OMML Display Formula recording=True level=1
2026-09-06T19:47:11.3231318+08:00 pid=71532 tid=1 format-conversion-subperf [perf] InsertOmml.detach-mathtype-style: +50ms (50ms total)
2026-09-06T19:47:11.3231318+08:00 pid=71532 tid=1 format-conversion-subperf [perf] InsertOmml.insert-native-omml: +0ms (50ms total)
2026-09-06T19:47:11.3607414+08:00 pid=71532 tid=1 format-conversion-subperf [perf] InsertOmml.post-reconcile-layout: +37ms (87ms total)
2026-09-06T19:47:11.3607414+08:00 pid=71532 tid=1 format-conversion-subperf [perf] InsertOmml.final-fingerprint: +1ms (88ms total)
2026-09-06T19:47:11.3607414+08:00 pid=71532 tid=1 format-conversion-subperf [perf] InsertOmml.final-anchor: +0ms (88ms total)
2026-09-06T19:47:11.3627394+08:00 pid=71532 tid=1 format-conversion-subperf [perf] InsertOmml.final-metadata: +1ms (89ms total)
2026-09-06T19:47:11.3637402+08:00 pid=71532 tid=1 format-conversion-perf stage=insert-target formulaId=2e142e43-d244-49c7-8c71-a56a625eaeaa numbered=True deltaMs=107 totalMs=114
2026-09-06T19:47:11.3637402+08:00 pid=71532 tid=1 format-conversion-undo-state stage=after-target-insert document=文档10 recording=True level=1
2026-09-06T19:47:11.3647394+08:00 pid=71532 tid=1 format-conversion-forward-source-check stage=insert-target formulaId=2e142e43-d244-49c7-8c71-a56a625eaeaa bookmarkMissing=True present=False
2026-09-06T19:47:11.4035865+08:00 pid=71532 tid=1 format-conversion-target-stable formulaId=2e142e43-d244-49c7-8c71-a56a625eaeaa targetMode=wordOmml count=5 elapsedMs=38
2026-09-06T19:47:11.4035865+08:00 pid=71532 tid=1 format-conversion-forward-source-check stage=post-transaction formulaId=2e142e43-d244-49c7-8c71-a56a625eaeaa bookmarkMissing=True present=False
2026-09-06T19:47:11.4035865+08:00 pid=71532 tid=1 format-conversion-perf stage=verify-target formulaId=2e142e43-d244-49c7-8c71-a56a625eaeaa numbered=True deltaMs=40 totalMs=154
2026-09-06T19:47:11.4045862+08:00 pid=71532 tid=1 format-conversion-mathtype-source-identity-bound formulaId=a4041921-487b-4ad9-998a-0d18cd9ad82f bookmark=VTFCI_b492105170ac453ea0f7ce391885ca99 range=54:80
2026-09-06T19:47:11.4055868+08:00 pid=71532 tid=1 format-conversion-undo-state stage=before-source-delete document=文档10 recording=True level=1
2026-09-06T19:47:11.4393683+08:00 pid=71532 tid=1 format-conversion-perf stage=delete-source-host formulaId=a4041921-487b-4ad9-998a-0d18cd9ad82f numbered=False deltaMs=35 totalMs=35
2026-09-06T19:47:11.4393683+08:00 pid=71532 tid=1 format-conversion-undo-state stage=after-source-delete document=文档10 recording=True level=1
2026-09-06T19:47:11.4403673+08:00 pid=71532 tid=1 format-conversion-forward-source-check stage=delete-source formulaId=a4041921-487b-4ad9-998a-0d18cd9ad82f bookmarkMissing=True present=False
2026-09-06T19:47:11.4403673+08:00 pid=71532 tid=1 word-undo-begin name=VisualTeX Insert Word OMML Inline Formula recording=True level=1
2026-09-06T19:47:11.5019956+08:00 pid=71532 tid=1 format-conversion-subperf [perf] InsertOmml.insert-native-omml: +61ms (61ms total)
2026-09-06T19:47:11.9318853+08:00 pid=71532 tid=1 format-conversion-subperf [perf] InsertOmml.post-reconcile-layout: +430ms (491ms total)
2026-09-06T19:47:11.9328854+08:00 pid=71532 tid=1 format-conversion-subperf [perf] InsertOmml.final-fingerprint: +1ms (492ms total)
2026-09-06T19:47:11.9328854+08:00 pid=71532 tid=1 format-conversion-subperf [perf] InsertOmml.final-anchor: +0ms (492ms total)
2026-09-06T19:47:11.9338860+08:00 pid=71532 tid=1 format-conversion-subperf [perf] InsertOmml.final-metadata: +1ms (493ms total)
2026-09-06T19:47:11.9348866+08:00 pid=71532 tid=1 format-conversion-perf stage=insert-target formulaId=a4041921-487b-4ad9-998a-0d18cd9ad82f numbered=False deltaMs=495 totalMs=530
2026-09-06T19:47:11.9348866+08:00 pid=71532 tid=1 format-conversion-undo-state stage=after-target-insert document=文档10 recording=False level=0
2026-09-06T19:47:11.9348866+08:00 pid=71532 tid=1 format-conversion-forward-source-check stage=insert-target formulaId=a4041921-487b-4ad9-998a-0d18cd9ad82f bookmarkMissing=True present=False
2026-09-06T19:47:11.9668851+08:00 pid=71532 tid=1 format-conversion-target-stable formulaId=a4041921-487b-4ad9-998a-0d18cd9ad82f targetMode=wordOmml count=6 elapsedMs=31
2026-09-06T19:47:11.9668851+08:00 pid=71532 tid=1 format-conversion-forward-source-check stage=post-transaction formulaId=a4041921-487b-4ad9-998a-0d18cd9ad82f bookmarkMissing=True present=False
2026-09-06T19:47:11.9668851+08:00 pid=71532 tid=1 format-conversion-perf stage=verify-target formulaId=a4041921-487b-4ad9-998a-0d18cd9ad82f numbered=False deltaMs=33 totalMs=563
2026-09-06T19:47:11.9678878+08:00 pid=71532 tid=1 format-conversion-finalize-perf stage=source-residual-check sourceMode=mathTypeOle targetMode=wordOmml deltaMs=0 totalMs=0
2026-09-06T19:47:11.9678878+08:00 pid=71532 tid=1 format-conversion-finalize-perf stage=target-count-check sourceMode=mathTypeOle targetMode=wordOmml deltaMs=0 totalMs=0
2026-09-06T19:47:11.9688854+08:00 pid=71532 tid=1 format-conversion-undo-state stage=before-source-window-close-commit document=文档10 recording=False level=0
2026-09-06T19:47:11.9688854+08:00 pid=71532 tid=1 format-conversion-undo-state stage=after-source-window-close-commit document=文档10 recording=False level=0
2026-09-06T19:47:12.2740308+08:00 pid=71532 tid=1 word-undo-begin name=VisualTeX Finalize Formula Conversion recording=False level=0
2026-09-06T19:47:12.2740308+08:00 pid=71532 tid=1 word-undo-started name=VisualTeX Finalize Formula Conversion recording=True level=1
2026-09-06T19:47:12.3542834+08:00 pid=71532 tid=1 word-xml-incomplete-export document=文档10 attempt=1 maths=0/6 oles=0/0
2026-09-06T19:47:12.4122832+08:00 pid=71532 tid=1 format-conversion-omml-identities-before-numbering count=6
2026-09-06T19:47:12.4122832+08:00 pid=71532 tid=1 format-conversion-number-format-restored format=heading2-dash
2026-09-06T19:47:19.1864293+08:00 pid=71532 tid=1 format-conversion-numbering-direct-table-complete targetMode=wordOmml built=5 removedBlankParagraphs=6
2026-09-06T19:47:19.1864293+08:00 pid=71532 tid=1 format-conversion-adjacent-ole-identities-rebound count=0
2026-09-06T19:47:19.2034289+08:00 pid=71532 tid=1 format-conversion-numbering-table-rows-grouped boundaries=1 formulas=5
2026-09-06T19:47:19.2414307+08:00 pid=71532 tid=1 format-conversion-reference-aliases-restored sourceMode=mathTypeOle targetMode=wordOmml aliases=1 refreshedReferences=0 restoredFormatting=1
2026-09-06T19:47:19.2504306+08:00 pid=71532 tid=1 format-conversion-finalize-perf stage=numbering-reconcile sourceMode=mathTypeOle targetMode=wordOmml deltaMs=7282 totalMs=7282
2026-09-06T19:47:19.3205566+08:00 pid=71532 tid=1 format-conversion-omml-fingerprints-finalized count=6
2026-09-06T19:47:19.3205566+08:00 pid=71532 tid=1 format-conversion-finalize-perf stage=omml-fingerprint-refresh sourceMode=mathTypeOle targetMode=wordOmml deltaMs=70 totalMs=7352
2026-09-06T19:47:19.3215562+08:00 pid=71532 tid=1 format-conversion-transaction-completed targets=6
2026-09-06T19:47:19.3215562+08:00 pid=71532 tid=1 format-conversion-word-apply-finished sourceMode=mathTypeOle targetMode=wordOmml converted=6 failed=0
2026-09-06T19:47:19.3215562+08:00 pid=71532 tid=1 format-conversion-complete source=MathType target=OMML converted=6 failed=0
2026-09-06T19:50:59.0829247+08:00 pid=71532 tid=12 left-down x=2410 y=1634 wordForeground=True
2026-09-06T19:50:59.8604085+08:00 pid=71532 tid=12 left-down x=2326 y=1582 wordForeground=False
2026-09-06T19:51:02.0066697+08:00 pid=71532 tid=12 left-down x=3524 y=944 wordForeground=False
2026-09-06T19:51:05.0150880+08:00 pid=71532 tid=12 left-down x=2509 y=1260 wordForeground=False
2026-09-06T19:51:07.5631186+08:00 pid=71532 tid=1 omml-xml-incomplete-export formulaId= attempt=1 range=54:92
2026-09-06T19:51:07.5787909+08:00 pid=71532 tid=1 omml-xml-incomplete-export formulaId= attempt=2 range=54:92
2026-09-06T19:51:07.6501589+08:00 pid=71532 tid=1 omml-xml-incomplete-export formulaId= attempt=1 range=54:92
2026-09-06T19:51:07.6670694+08:00 pid=71532 tid=1 omml-xml-incomplete-export formulaId= attempt=2 range=54:92
2026-09-06T19:51:07.6910754+08:00 pid=71532 tid=1 omml-xml-incomplete-export formulaId= attempt=1 range=54:92
2026-09-06T19:51:07.7057685+08:00 pid=71532 tid=1 omml-xml-incomplete-export formulaId= attempt=2 range=54:92
2026-09-06T19:51:07.7293793+08:00 pid=71532 tid=1 omml-xml-incomplete-export formulaId= attempt=1 range=54:92
2026-09-06T19:51:07.7473794+08:00 pid=71532 tid=1 omml-xml-incomplete-export formulaId= attempt=2 range=54:92
2026-09-06T19:51:07.7770069+08:00 pid=71532 tid=1 omml-xml-incomplete-export formulaId= attempt=1 range=54:92
2026-09-06T19:51:07.7933146+08:00 pid=71532 tid=1 omml-xml-incomplete-export formulaId= attempt=2 range=54:92
2026-09-06T19:51:11.2323209+08:00 pid=71532 tid=12 left-down x=3563 y=923 wordForeground=True
2026-09-06T19:51:19.0691859+08:00 pid=71532 tid=12 left-down x=981 y=262 wordForeground=True
2026-09-06T19:51:19.4654204+08:00 pid=71532 tid=1 word-undo-begin name=VisualTeX Set Equation Number Format recording=False level=0
2026-09-06T19:51:19.4654204+08:00 pid=71532 tid=1 word-undo-started name=VisualTeX Set Equation Number Format recording=True level=1
2026-09-06T19:51:19.4842096+08:00 pid=71532 tid=1 word-undo-end recording=False level=0
2026-09-06T19:51:27.0450807+08:00 pid=71532 tid=12 left-down x=1317 y=747 wordForeground=False
2026-09-06T19:51:28.9768442+08:00 pid=71532 tid=12 left-down x=1602 y=747 wordForeground=False
2026-09-06T19:51:32.4701913+08:00 pid=71532 tid=1 word-undo-begin name=VisualTeX Insert Native OLE Display Formula recording=False level=0
2026-09-06T19:51:32.4711900+08:00 pid=71532 tid=1 word-undo-started name=VisualTeX Insert Native OLE Display Formula recording=True level=1
2026-09-06T19:51:32.6184280+08:00 pid=71532 tid=1 word-undo-end recording=True level=1
2026-09-06T19:51:32.6224278+08:00 pid=71532 tid=30 ribbon-session-operation-released sessionId=c0afbbd6-8702-4046-bbde-0b2124a46b27
2026-09-06T19:51:40.2193144+08:00 pid=71532 tid=1 bulk-import bulk-import-start
2026-09-06T19:51:40.2352160+08:00 pid=71532 tid=6 bulk-import bulk-import-ui-created sessionId=2cf68ca5-0297-4f31-a8dc-32a7fc3a31c7
2026-09-06T19:51:40.2437294+08:00 pid=71532 tid=6 bulk-import bulk-import-ui-opened sessionId=2cf68ca5-0297-4f31-a8dc-32a7fc3a31c7
2026-09-06T19:51:44.0758843+08:00 pid=71532 tid=12 left-down x=1382 y=1120 wordForeground=False
2026-09-06T19:51:46.2052129+08:00 pid=71532 tid=12 left-down x=2332 y=460 wordForeground=False
2026-09-06T19:51:48.2171462+08:00 pid=71532 tid=12 left-down x=2492 y=460 wordForeground=False
2026-09-06T19:51:50.7350416+08:00 pid=71532 tid=26 bulk-import bulk-import-ui-finished sessionId=2cf68ca5-0297-4f31-a8dc-32a7fc3a31c7 status=committing error=<null>
2026-09-06T19:51:50.7380404+08:00 pid=71532 tid=26 bulk-import parsed blocks=15 formulas=6 mode=Ole fontSizePt=10.5
2026-09-06T19:51:50.7496113+08:00 pid=71532 tid=26 bulk-import render-prepare index=1/6 display=inline latex=\sqrt{E-u\left(x\right)}=\frac{1}{f\left(\omega\right)v_{ph}\left(\omega,x\right)}
2026-09-06T19:51:50.7506233+08:00 pid=71532 tid=26 bulk-import converter-create display=inline mode=nativeOle latex=\sqrt{E-u\left(x\right)}=\frac{1}{f\left(\omega\right)v_{ph}\left(\omega,x\right)}
2026-09-06T19:51:50.7546095+08:00 pid=71532 tid=6 bulk-import converter-created sessionId=d672a0bf-ccc8-44c3-876f-4eaf34b5e2d3
2026-09-06T19:51:50.7556110+08:00 pid=71532 tid=6 bulk-import render-prepare index=2/6 display=block latex=\begin{cases}\frac{\mathrm{d}}{\mathrm{d}\omega}\left(\omega f\left(\omega\right)\right)=0 \\ \frac{\omega f\left(\omega\right)}{2}\frac{\mathrm{d}E\left(\omega\right)}{\mathrm{d}\omega}=\sqrt{\frac{m}{2}} \end{cases}
2026-09-06T19:51:50.7566110+08:00 pid=71532 tid=6 bulk-import converter-create display=block mode=nativeOle latex=\begin{cases}\frac{\mathrm{d}}{\mathrm{d}\omega}\left(\omega f\left(\omega\right)\right)=0 \\ \frac{\omega f\left(\omega\right)}{2}\frac{\mathrm{d}E\left(\omega\right)}{\mathrm{d}\omega}=\sqrt{\frac{m}{2}} \end{cases}
2026-09-06T19:51:50.7596111+08:00 pid=71532 tid=26 bulk-import converter-created sessionId=6c847cbd-3ef2-408a-8108-bfe5b81b6f92
2026-09-06T19:51:50.7606112+08:00 pid=71532 tid=26 bulk-import render-prepare index=3/6 display=block latex=\sqrt{\frac{m}{2\left(E\left(\omega\right)-U\right)}}=\frac{\mathrm{d}}{\mathrm{d}\omega}\left(\omega\cdot f\left(\omega\right)\sqrt{\left(E\left(\omega\right)-U\right)}\right)
2026-09-06T19:51:50.7617190+08:00 pid=71532 tid=26 bulk-import converter-create display=block mode=nativeOle latex=\sqrt{\frac{m}{2\left(E\left(\omega\right)-U\right)}}=\frac{\mathrm{d}}{\mathrm{d}\omega}\left(\omega\cdot f\left(\omega\right)\sqrt{\left(E\left(\omega\right)-U\right)}\right)
2026-09-06T19:51:50.7662323+08:00 pid=71532 tid=6 bulk-import converter-created sessionId=9c14d552-2a2b-4636-91c1-11e1c016baa1
2026-09-06T19:51:50.7662323+08:00 pid=71532 tid=6 bulk-import render-prepare index=4/6 display=block latex=i\hbar \frac{\partial}{\partial t}\psi(\mathbf{r},t) = \left[ -\frac{\hbar^2}{2m}\nabla^2 + V(\mathbf{r},t) \right]\psi(\mathbf{r},t)
2026-09-06T19:51:50.7672322+08:00 pid=71532 tid=6 bulk-import converter-create display=block mode=nativeOle latex=i\hbar \frac{\partial}{\partial t}\psi(\mathbf{r},t) = \left[ -\frac{\hbar^2}{2m}\nabla^2 + V(\mathbf{r},t) \right]\psi(\mathbf{r},t)
2026-09-06T19:51:50.7712328+08:00 pid=71532 tid=26 bulk-import converter-created sessionId=0590ce71-efa4-4ed5-8df2-2e5827fe0235
2026-09-06T19:51:50.7712328+08:00 pid=71532 tid=26 bulk-import render-prepare index=5/6 display=block latex=\frac{\partial}{\partial t}\psi ^*\left( \vec{r} \right) \psi \left( \vec{r} \right) =\frac{i\hbar}{2m}\nabla \cdot \left[ \psi ^*\left( \vec{r} \right) \nabla \psi \left( \vec{r} \right) -\psi \left( \vec{r} \right) \nabla \psi ^*\left( r \right) \right]
2026-09-06T19:51:50.7722326+08:00 pid=71532 tid=26 bulk-import converter-create display=block mode=nativeOle latex=\frac{\partial}{\partial t}\psi ^*\left( \vec{r} \right) \psi \left( \vec{r} \right) =\frac{i\hbar}{2m}\nabla \cdot \left[ \psi ^*\left( \vec{r} \right) \nabla \psi \left( \vec{r} \right) -\psi \left( \vec{r} \right) \nabla \psi ^*\left( r \right) \right]
2026-09-06T19:51:50.7752325+08:00 pid=71532 tid=6 bulk-import converter-created sessionId=c6430dff-e99d-48aa-bb9e-d4fb4e379430
2026-09-06T19:51:50.7762400+08:00 pid=71532 tid=6 bulk-import render-prepare index=6/6 display=block latex=\frac{\partial}{\partial t}\rho \left( \vec{r},t \right) +\nabla \cdot \vec{j}=0
2026-09-06T19:51:50.7762400+08:00 pid=71532 tid=6 bulk-import converter-create display=block mode=nativeOle latex=\frac{\partial}{\partial t}\rho \left( \vec{r},t \right) +\nabla \cdot \vec{j}=0
2026-09-06T19:51:50.7802340+08:00 pid=71532 tid=26 bulk-import converter-created sessionId=46094e88-f2cf-4fff-8f27-a1645c1243cc
2026-09-06T19:51:50.7802340+08:00 pid=71532 tid=26 bulk-import render-batch-start unique=6 total=6
2026-09-06T19:51:50.9360088+08:00 pid=71532 tid=6 bulk-import render-batch-item sessionId=d672a0bf-ccc8-44c3-876f-4eaf34b5e2d3 status=committing display=inline
2026-09-06T19:51:51.0478502+08:00 pid=71532 tid=26 bulk-import render-batch-item sessionId=6c847cbd-3ef2-408a-8108-bfe5b81b6f92 status=committing display=block
2026-09-06T19:51:51.1533677+08:00 pid=71532 tid=6 bulk-import render-batch-item sessionId=9c14d552-2a2b-4636-91c1-11e1c016baa1 status=committing display=block
2026-09-06T19:51:51.2571860+08:00 pid=71532 tid=26 bulk-import render-batch-item sessionId=0590ce71-efa4-4ed5-8df2-2e5827fe0235 status=committing display=block
2026-09-06T19:51:51.3628586+08:00 pid=71532 tid=6 bulk-import render-batch-item sessionId=c6430dff-e99d-48aa-bb9e-d4fb4e379430 status=committing display=block
2026-09-06T19:51:51.4611383+08:00 pid=71532 tid=26 bulk-import render-batch-item sessionId=46094e88-f2cf-4fff-8f27-a1645c1243cc status=committing display=block
2026-09-06T19:51:51.4621449+08:00 pid=71532 tid=26 bulk-import render-batch-complete unique=6 elapsedMs=680
2026-09-06T19:51:51.4914482+08:00 pid=71532 tid=1 word-undo-begin name=VisualTeX 批量导入 recording=False level=0
2026-09-06T19:51:51.4924486+08:00 pid=71532 tid=1 word-undo-started name=VisualTeX 批量导入 recording=True level=1
2026-09-06T19:51:52.0562295+08:00 pid=71532 tid=1 format-conversion-visualtex-numbering-inventory formulaId=8291bc40-85e2-4db4-a61b-e7fea6a4770e range=215:249 paragraph=203:250 numbered=False
2026-09-06T19:51:52.0582298+08:00 pid=71532 tid=1 format-conversion-visualtex-numbering-inventory formulaId=0f349f42-5463-4e0f-a4dd-a563ddf5a814 range=250:284 paragraph=250:285 numbered=True
2026-09-06T19:51:52.0592292+08:00 pid=71532 tid=1 format-conversion-visualtex-numbering-inventory formulaId=b595e5b9-40e0-4dee-96d9-41963d9eec5c range=285:319 paragraph=285:320 numbered=True
2026-09-06T19:51:52.0602290+08:00 pid=71532 tid=1 format-conversion-visualtex-numbering-inventory formulaId=df0a1523-c9c7-49b8-8b8e-a0c6530419ba range=349:383 paragraph=349:384 numbered=True
2026-09-06T19:51:52.0602290+08:00 pid=71532 tid=1 format-conversion-visualtex-numbering-inventory formulaId=dcdcf6c9-3a55-43b1-ba5a-0e31f475bfa5 range=392:426 paragraph=392:427 numbered=True
2026-09-06T19:51:52.0612289+08:00 pid=71532 tid=1 format-conversion-visualtex-numbering-inventory formulaId=b96b1c9f-0020-454d-845d-bb4a3e94c64a range=445:479 paragraph=445:480 numbered=True
2026-09-06T19:51:52.0622304+08:00 pid=71532 tid=1 format-conversion-visualtex-numbering-before-scaffold formulaId=b96b1c9f-0020-454d-845d-bb4a3e94c64a frozenRange=visualtex-word-vsto-range:445:479 liveRange=445:479 paragraph=445:480
2026-09-06T19:51:52.1500683+08:00 pid=71532 tid=1 format-conversion-visualtex-numbering-before-scaffold formulaId=dcdcf6c9-3a55-43b1-ba5a-0e31f475bfa5 frozenRange=visualtex-word-vsto-range:392:426 liveRange=392:426 paragraph=392:427
2026-09-06T19:51:52.2503372+08:00 pid=71532 tid=1 format-conversion-visualtex-numbering-before-scaffold formulaId=df0a1523-c9c7-49b8-8b8e-a0c6530419ba frozenRange=visualtex-word-vsto-range:349:383 liveRange=349:383 paragraph=349:384
2026-09-06T19:51:52.3443454+08:00 pid=71532 tid=1 format-conversion-visualtex-numbering-before-scaffold formulaId=b595e5b9-40e0-4dee-96d9-41963d9eec5c frozenRange=visualtex-word-vsto-range:285:319 liveRange=285:319 paragraph=285:320
2026-09-06T19:51:52.4469103+08:00 pid=71532 tid=1 format-conversion-visualtex-numbering-before-scaffold formulaId=0f349f42-5463-4e0f-a4dd-a563ddf5a814 frozenRange=visualtex-word-vsto-range:250:284 liveRange=250:284 paragraph=250:285
2026-09-06T19:51:52.5670217+08:00 pid=71532 tid=1 format-conversion-visualtex-numbering-before-scaffold formulaId=8291bc40-85e2-4db4-a61b-e7fea6a4770e frozenRange=visualtex-word-vsto-range:215:249 liveRange=215:249 paragraph=203:250
2026-09-06T19:51:52.9087908+08:00 pid=71532 tid=1 bulk-import-ole-identities-finalized repaired=0
2026-09-06T19:51:52.9097905+08:00 pid=71532 tid=1 word-undo-end recording=False level=0
2026-09-06T19:51:52.9097905+08:00 pid=71532 tid=10 bulk-import bulk-insert-complete blocks=15 formulas=6 elapsedMs=1448
2026-09-06T19:51:52.9107905+08:00 pid=71532 tid=10 bulk-import bulk-import-complete blocks=15 formulas=6 elapsedMs=12691
2026-09-06T19:51:52.9107905+08:00 pid=71532 tid=10 bulk-import bulk-operation-gate-released
2026-09-06T19:51:52.9467907+08:00 pid=71532 tid=24 office-session-finalization-complete sessions=7 completed=True
2026-09-06T19:52:06.6609817+08:00 pid=71532 tid=14 ribbon-session-operation-released sessionId=67ee189f-8732-4f05-ae4e-a1d1b7aea7e7
2026-09-06T19:52:22.5344217+08:00 pid=71532 tid=12 left-down x=1776 y=1270 wordForeground=False
2026-09-06T19:52:25.7574982+08:00 pid=71532 tid=1 word-undo-begin name=VisualTeX Convert or Update Native OLE Formula recording=False level=0
2026-09-06T19:52:25.7584996+08:00 pid=71532 tid=1 word-undo-started name=VisualTeX Convert or Update Native OLE Formula recording=True level=1
2026-09-06T19:52:25.7594994+08:00 pid=71532 tid=1 format-conversion-subperf [perf] ReplaceOle.locate-target: +1ms (1ms total)
2026-09-06T19:52:25.7741185+08:00 pid=71532 tid=1 format-conversion-subperf [perf] ReplaceOle.update-native-object: +15ms (16ms total)
2026-09-06T19:52:25.7941184+08:00 pid=71532 tid=1 format-conversion-subperf [perf] ReplaceOle.configure: +20ms (36ms total)
2026-09-06T19:52:26.0636508+08:00 pid=71532 tid=1 format-conversion-subperf [perf] ReplaceOle.reconcile: +270ms (306ms total)
2026-09-06T19:52:26.0646507+08:00 pid=71532 tid=1 format-conversion-subperf [perf] ReplaceOle.selection: +0ms (306ms total)
2026-09-06T19:52:26.0736508+08:00 pid=71532 tid=1 word-undo-end recording=True level=1
2026-09-06T19:52:26.0790028+08:00 pid=71532 tid=27 ribbon-session-operation-released sessionId=dcb10dd6-c4bd-4752-bde9-a551d111f51c
2026-09-06T19:52:34.2927307+08:00 pid=71532 tid=12 left-down x=1167 y=784 wordForeground=True
2026-09-06T19:52:35.7121876+08:00 pid=71532 tid=1 word-undo-begin name=VisualTeX Insert Equation Reference recording=False level=0
2026-09-06T19:52:35.7121876+08:00 pid=71532 tid=1 word-undo-started name=VisualTeX Insert Equation Reference recording=True level=1
2026-09-06T19:52:35.7860563+08:00 pid=71532 tid=1 word-undo-end recording=True level=1
2026-09-06T19:52:35.7870572+08:00 pid=71532 tid=1 reference-insertion-complete target=VisualTeX 公式 (3)
2026-09-06T19:52:47.3162022+08:00 pid=71532 tid=1 format-conversion-start sourceMode=nativeOle targetMode=wordOmml wholeDocument=True
2026-09-06T19:52:47.3172023+08:00 pid=71532 tid=1 format-conversion-plan-perf stage=shape-access source=nativeOle index=1/7 deltaMs=0 totalMs=0
2026-09-06T19:52:47.3182029+08:00 pid=71532 tid=1 format-conversion-plan-perf stage=shape-range source=nativeOle index=1/7 deltaMs=0 totalMs=0
2026-09-06T19:52:47.3447980+08:00 pid=71532 tid=1 format-conversion-plan-perf stage=target-added source=nativeOle index=1/7 deltaMs=27 totalMs=27
2026-09-06T19:52:47.3457987+08:00 pid=71532 tid=1 format-conversion-plan-perf stage=shape-access source=nativeOle index=2/7 deltaMs=0 totalMs=0
2026-09-06T19:52:47.3467982+08:00 pid=71532 tid=1 format-conversion-plan-perf stage=shape-range source=nativeOle index=2/7 deltaMs=0 totalMs=0
2026-09-06T19:52:47.3607970+08:00 pid=71532 tid=1 format-conversion-plan-perf stage=target-added source=nativeOle index=2/7 deltaMs=15 totalMs=15
2026-09-06T19:52:47.3617972+08:00 pid=71532 tid=1 format-conversion-plan-perf stage=shape-access source=nativeOle index=3/7 deltaMs=0 totalMs=0
2026-09-06T19:52:47.3617972+08:00 pid=71532 tid=1 format-conversion-plan-perf stage=shape-range source=nativeOle index=3/7 deltaMs=0 totalMs=0
2026-09-06T19:52:47.3887969+08:00 pid=71532 tid=1 format-conversion-plan-perf stage=target-added source=nativeOle index=3/7 deltaMs=26 totalMs=26
2026-09-06T19:52:47.3887969+08:00 pid=71532 tid=1 format-conversion-plan-perf stage=shape-access source=nativeOle index=4/7 deltaMs=0 totalMs=0
2026-09-06T19:52:47.3897968+08:00 pid=71532 tid=1 format-conversion-plan-perf stage=shape-range source=nativeOle index=4/7 deltaMs=0 totalMs=0
2026-09-06T19:52:47.4132785+08:00 pid=71532 tid=1 format-conversion-plan-perf stage=target-added source=nativeOle index=4/7 deltaMs=23 totalMs=23
2026-09-06T19:52:47.4132785+08:00 pid=71532 tid=1 format-conversion-plan-perf stage=shape-access source=nativeOle index=5/7 deltaMs=0 totalMs=0
2026-09-06T19:52:47.4142756+08:00 pid=71532 tid=1 format-conversion-plan-perf stage=shape-range source=nativeOle index=5/7 deltaMs=0 totalMs=0
2026-09-06T19:52:47.4398654+08:00 pid=71532 tid=1 format-conversion-plan-perf stage=target-added source=nativeOle index=5/7 deltaMs=26 totalMs=26
2026-09-06T19:52:47.4408661+08:00 pid=71532 tid=1 format-conversion-plan-perf stage=shape-access source=nativeOle index=6/7 deltaMs=0 totalMs=0
2026-09-06T19:52:47.4408661+08:00 pid=71532 tid=1 format-conversion-plan-perf stage=shape-range source=nativeOle index=6/7 deltaMs=0 totalMs=0
2026-09-06T19:52:47.4658661+08:00 pid=71532 tid=1 format-conversion-plan-perf stage=target-added source=nativeOle index=6/7 deltaMs=25 totalMs=25
2026-09-06T19:52:47.4678670+08:00 pid=71532 tid=1 format-conversion-plan-perf stage=shape-access source=nativeOle index=7/7 deltaMs=0 totalMs=0
2026-09-06T19:52:47.4678670+08:00 pid=71532 tid=1 format-conversion-plan-perf stage=shape-range source=nativeOle index=7/7 deltaMs=0 totalMs=0
2026-09-06T19:52:47.4938676+08:00 pid=71532 tid=1 format-conversion-plan-perf stage=target-added source=nativeOle index=7/7 deltaMs=26 totalMs=26
2026-09-06T19:52:47.4948663+08:00 pid=71532 tid=1 format-conversion-plan sourceMode=nativeOle targetMode=wordOmml targets=7
2026-09-06T19:52:51.0856274+08:00 pid=71532 tid=1 bulk-import converter-create display=block mode=wordOmml latex=a^2+b^2=c^2
2026-09-06T19:52:51.0911839+08:00 pid=71532 tid=28 bulk-import converter-created sessionId=c5b51ee9-a50d-4a7c-9920-76397553e4e2
2026-09-06T19:52:51.0921853+08:00 pid=71532 tid=28 bulk-import converter-create display=inline mode=wordOmml latex=\sqrt{E-u\left(x\right)}=\frac{1}{f\left(\omega\right)v_{ph}\left(\omega,x\right)}
2026-09-06T19:52:51.0961842+08:00 pid=71532 tid=9 bulk-import converter-created sessionId=3fd135ff-61e7-4980-9e02-303795451c6c
2026-09-06T19:52:51.0961842+08:00 pid=71532 tid=9 bulk-import converter-create display=block mode=wordOmml latex=\begin{cases}\frac{\mathrm{d}}{\mathrm{d}\omega}\left(\omega f\left(\omega\right)\right)=0 \\ \frac{\omega f\left(\omega\right)}{2}\frac{\mathrm{d}E\left(\omega\right)}{\mathrm{d}\omega}=\sqrt{\frac{m}{2}} \end{cases}
2026-09-06T19:52:51.1011893+08:00 pid=71532 tid=28 bulk-import converter-created sessionId=4fb5b4ab-a450-4eb0-ba3f-efab7aef6730
2026-09-06T19:52:51.1021838+08:00 pid=71532 tid=28 bulk-import converter-create display=block mode=wordOmml latex=E=mc^2
2026-09-06T19:52:51.1058193+08:00 pid=71532 tid=9 bulk-import converter-created sessionId=672ad13f-b2ff-4def-8f39-b39244ab5e4a
2026-09-06T19:52:51.1068339+08:00 pid=71532 tid=9 bulk-import converter-create display=block mode=wordOmml latex=i\hbar \frac{\partial}{\partial t}\psi(\mathbf{r},t) = \left[ -\frac{\hbar^2}{2m}\nabla^2 + V(\mathbf{r},t) \right]\psi(\mathbf{r},t)
2026-09-06T19:52:51.1098298+08:00 pid=71532 tid=28 bulk-import converter-created sessionId=2fde1e27-d007-461a-95e3-afc64205bc91
2026-09-06T19:52:51.1108272+08:00 pid=71532 tid=28 bulk-import converter-create display=block mode=wordOmml latex=\frac{\partial}{\partial t}\psi ^*\left( \vec{r} \right) \psi \left( \vec{r} \right) =\frac{i\hbar}{2m}\nabla \cdot \left[ \psi ^*\left( \vec{r} \right) \nabla \psi \left( \vec{r} \right) -\psi \left( \vec{r} \right) \nabla \psi ^*\left( r \right) \right]
2026-09-06T19:52:51.1138270+08:00 pid=71532 tid=9 bulk-import converter-created sessionId=68ec3ab6-f544-43b2-b2ed-dd09f2f12a68
2026-09-06T19:52:51.1138270+08:00 pid=71532 tid=9 bulk-import converter-create display=block mode=wordOmml latex=\frac{\partial}{\partial t}\rho \left( \vec{r},t \right) +\nabla \cdot \vec{j}=0
2026-09-06T19:52:51.1178277+08:00 pid=71532 tid=28 bulk-import converter-created sessionId=694152d0-0492-42ce-9a4a-a9d69943225a
2026-09-06T19:52:51.1188279+08:00 pid=71532 tid=28 format-conversion-render-start sourceMode=nativeOle targetMode=wordOmml sessions=7
2026-09-06T19:52:51.1528281+08:00 pid=71532 tid=9 format-conversion-rendered sourceMode=nativeOle targetMode=wordOmml sessionId=c5b51ee9-a50d-4a7c-9920-76397553e4e2 status=committing
2026-09-06T19:52:51.1538283+08:00 pid=71532 tid=28 format-conversion-rendered sourceMode=nativeOle targetMode=wordOmml sessionId=3fd135ff-61e7-4980-9e02-303795451c6c status=committing
2026-09-06T19:52:51.1547138+08:00 pid=71532 tid=9 format-conversion-rendered sourceMode=nativeOle targetMode=wordOmml sessionId=4fb5b4ab-a450-4eb0-ba3f-efab7aef6730 status=committing
2026-09-06T19:52:51.1577238+08:00 pid=71532 tid=28 format-conversion-rendered sourceMode=nativeOle targetMode=wordOmml sessionId=672ad13f-b2ff-4def-8f39-b39244ab5e4a status=committing
2026-09-06T19:52:51.1647226+08:00 pid=71532 tid=9 format-conversion-rendered sourceMode=nativeOle targetMode=wordOmml sessionId=2fde1e27-d007-461a-95e3-afc64205bc91 status=committing
2026-09-06T19:52:51.1997224+08:00 pid=71532 tid=9 format-conversion-rendered sourceMode=nativeOle targetMode=wordOmml sessionId=68ec3ab6-f544-43b2-b2ed-dd09f2f12a68 status=committing
2026-09-06T19:52:51.2007236+08:00 pid=71532 tid=28 format-conversion-rendered sourceMode=nativeOle targetMode=wordOmml sessionId=694152d0-0492-42ce-9a4a-a9d69943225a status=committing
2026-09-06T19:52:51.2007236+08:00 pid=71532 tid=28 format-conversion-word-apply-start sourceMode=nativeOle targetMode=wordOmml targets=7
2026-09-06T19:52:51.2567218+08:00 pid=71532 tid=1 format-conversion-runtime assembly=C:\Users\pojian_liao\AppData\Local\VisualTeX\office\remediation-builds\6EF02523AE3D2905EB83E155D14F50F4ED648E0D4D32BEB0451A2209D5955988\VisualTeX.WordVsto.dll source=nativeOle target=wordOmml targetIsVisualTeX=False targetIsMathType=False
2026-09-06T19:52:51.2857238+08:00 pid=71532 tid=1 format-conversion-reference-aliases-captured sourceMode=nativeOle formulaId=b595e5b9-40e0-4dee-96d9-41963d9eec5c aliases=VTEqNum_b595e5b940e04dee96d941963d9eec5c
2026-09-06T19:52:51.5276782+08:00 pid=71532 tid=1 format-conversion-omml-batch-source-created formulas=7 elapsedMs=207
2026-09-06T19:52:51.6269230+08:00 pid=71532 tid=1 format-conversion-reference-counts-fast-path source=nativeOle formulas=6
2026-09-06T19:52:51.8830484+08:00 pid=71532 tid=1 word-undo-begin name=VisualTeX Convert Formula Format recording=False level=0
2026-09-06T19:52:51.8840498+08:00 pid=71532 tid=1 word-undo-started name=VisualTeX Convert Formula Format recording=True level=1
2026-09-06T19:52:51.8840498+08:00 pid=71532 tid=1 format-conversion-undo-state stage=before-preferences document=文档13 recording=True level=1
2026-09-06T19:52:51.8840498+08:00 pid=71532 tid=1 format-conversion-transaction-start targets=7
2026-09-06T19:52:51.8850472+08:00 pid=71532 tid=1 format-conversion-undo-state stage=after-preferences document=文档13 recording=True level=1
2026-09-06T19:52:51.8860471+08:00 pid=71532 tid=1 format-conversion-undo-state stage=before-source-delete document=文档13 recording=True level=1
2026-09-06T19:52:51.9282838+08:00 pid=71532 tid=1 formula-to-latex-visualtex-paragraph-replaced formulaId=b96b1c9f-0020-454d-845d-bb4a3e94c64a range=945:1029
2026-09-06T19:52:51.9312830+08:00 pid=71532 tid=1 format-conversion-perf stage=delete-source-host formulaId=b96b1c9f-0020-454d-845d-bb4a3e94c64a numbered=True deltaMs=46 totalMs=46
2026-09-06T19:52:51.9312830+08:00 pid=71532 tid=1 format-conversion-undo-state stage=after-source-delete document=文档13 recording=True level=1
2026-09-06T19:52:51.9442837+08:00 pid=71532 tid=1 word-undo-begin name=VisualTeX Insert Word OMML Display Formula recording=True level=1
2026-09-06T19:52:51.9602831+08:00 pid=71532 tid=1 format-conversion-subperf [perf] InsertOmml.insert-native-omml: +16ms (16ms total)
2026-09-06T19:52:51.9862816+08:00 pid=71532 tid=1 format-conversion-subperf [perf] InsertOmml.post-reconcile-layout: +26ms (42ms total)
2026-09-06T19:52:51.9872814+08:00 pid=71532 tid=1 format-conversion-subperf [perf] InsertOmml.final-fingerprint: +0ms (42ms total)
2026-09-06T19:52:51.9872814+08:00 pid=71532 tid=1 format-conversion-subperf [perf] InsertOmml.final-anchor: +1ms (43ms total)
2026-09-06T19:52:51.9892822+08:00 pid=71532 tid=1 format-conversion-subperf [perf] InsertOmml.final-metadata: +1ms (44ms total)
2026-09-06T19:52:51.9902819+08:00 pid=71532 tid=1 format-conversion-perf stage=insert-target formulaId=b96b1c9f-0020-454d-845d-bb4a3e94c64a numbered=True deltaMs=59 totalMs=105
2026-09-06T19:52:51.9912860+08:00 pid=71532 tid=1 format-conversion-undo-state stage=after-target-insert document=文档13 recording=True level=1
2026-09-06T19:52:52.0350908+08:00 pid=71532 tid=1 format-conversion-target-stable formulaId=b96b1c9f-0020-454d-845d-bb4a3e94c64a targetMode=wordOmml count=1 elapsedMs=42
2026-09-06T19:52:52.0356096+08:00 pid=71532 tid=1 format-conversion-perf stage=verify-target formulaId=b96b1c9f-0020-454d-845d-bb4a3e94c64a numbered=True deltaMs=45 totalMs=150
2026-09-06T19:52:52.0371863+08:00 pid=71532 tid=1 format-conversion-undo-state stage=before-source-delete document=文档13 recording=True level=1
2026-09-06T19:52:52.2513000+08:00 pid=71532 tid=1 formula-to-latex-visualtex-paragraph-replaced formulaId=dcdcf6c9-3a55-43b1-ba5a-0e31f475bfa5 range=767:1026
2026-09-06T19:52:52.2670764+08:00 pid=71532 tid=1 format-conversion-perf stage=delete-source-host formulaId=dcdcf6c9-3a55-43b1-ba5a-0e31f475bfa5 numbered=True deltaMs=231 totalMs=231
2026-09-06T19:52:52.2680792+08:00 pid=71532 tid=1 format-conversion-undo-state stage=after-source-delete document=文档13 recording=True level=1
2026-09-06T19:52:52.2690800+08:00 pid=71532 tid=1 word-undo-begin name=VisualTeX Insert Word OMML Display Formula recording=True level=1
2026-09-06T19:52:52.2870770+08:00 pid=71532 tid=1 format-conversion-subperf [perf] InsertOmml.insert-native-omml: +18ms (18ms total)
2026-09-06T19:52:52.3268659+08:00 pid=71532 tid=1 format-conversion-subperf [perf] InsertOmml.post-reconcile-layout: +40ms (58ms total)
2026-09-06T19:52:52.3278666+08:00 pid=71532 tid=1 format-conversion-subperf [perf] InsertOmml.final-fingerprint: +0ms (58ms total)
2026-09-06T19:52:52.3278666+08:00 pid=71532 tid=1 format-conversion-subperf [perf] InsertOmml.final-anchor: +1ms (59ms total)
2026-09-06T19:52:52.3288664+08:00 pid=71532 tid=1 format-conversion-subperf [perf] InsertOmml.final-metadata: +1ms (60ms total)
2026-09-06T19:52:52.3298663+08:00 pid=71532 tid=1 format-conversion-perf stage=insert-target formulaId=dcdcf6c9-3a55-43b1-ba5a-0e31f475bfa5 numbered=True deltaMs=62 totalMs=293
2026-09-06T19:52:52.3298663+08:00 pid=71532 tid=1 format-conversion-undo-state stage=after-target-insert document=文档13 recording=True level=1
2026-09-06T19:52:52.3638666+08:00 pid=71532 tid=1 format-conversion-target-stable formulaId=dcdcf6c9-3a55-43b1-ba5a-0e31f475bfa5 targetMode=wordOmml count=2 elapsedMs=33
2026-09-06T19:52:52.3638666+08:00 pid=71532 tid=1 format-conversion-perf stage=verify-target formulaId=dcdcf6c9-3a55-43b1-ba5a-0e31f475bfa5 numbered=True deltaMs=35 totalMs=328
2026-09-06T19:52:52.3658663+08:00 pid=71532 tid=1 format-conversion-undo-state stage=before-source-delete document=文档13 recording=True level=1
2026-09-06T19:52:52.6088493+08:00 pid=71532 tid=1 formula-to-latex-visualtex-paragraph-replaced formulaId=df0a1523-c9c7-49b8-8b8e-a0c6530419ba range=599:736
2026-09-06T19:52:52.6274509+08:00 pid=71532 tid=1 format-conversion-perf stage=delete-source-host formulaId=df0a1523-c9c7-49b8-8b8e-a0c6530419ba numbered=True deltaMs=262 totalMs=262
2026-09-06T19:52:52.6274509+08:00 pid=71532 tid=1 format-conversion-undo-state stage=after-source-delete document=文档13 recording=True level=1
2026-09-06T19:52:52.6284500+08:00 pid=71532 tid=1 word-undo-begin name=VisualTeX Insert Word OMML Display Formula recording=True level=1
2026-09-06T19:52:52.6484506+08:00 pid=71532 tid=1 format-conversion-subperf [perf] InsertOmml.insert-native-omml: +20ms (20ms total)
2026-09-06T19:52:52.6901110+08:00 pid=71532 tid=1 format-conversion-subperf [perf] InsertOmml.post-reconcile-layout: +41ms (61ms total)
2026-09-06T19:52:52.6901110+08:00 pid=71532 tid=1 format-conversion-subperf [perf] InsertOmml.final-fingerprint: +0ms (61ms total)
2026-09-06T19:52:52.6901110+08:00 pid=71532 tid=1 format-conversion-subperf [perf] InsertOmml.final-anchor: +0ms (61ms total)
2026-09-06T19:52:52.6911112+08:00 pid=71532 tid=1 format-conversion-subperf [perf] InsertOmml.final-metadata: +2ms (63ms total)
2026-09-06T19:52:52.6921103+08:00 pid=71532 tid=1 format-conversion-perf stage=insert-target formulaId=df0a1523-c9c7-49b8-8b8e-a0c6530419ba numbered=True deltaMs=65 totalMs=327
2026-09-06T19:52:52.6921103+08:00 pid=71532 tid=1 format-conversion-undo-state stage=after-target-insert document=文档13 recording=True level=1
2026-09-06T19:52:52.7267332+08:00 pid=71532 tid=1 format-conversion-target-stable formulaId=df0a1523-c9c7-49b8-8b8e-a0c6530419ba targetMode=wordOmml count=3 elapsedMs=34
2026-09-06T19:52:52.7277338+08:00 pid=71532 tid=1 format-conversion-perf stage=verify-target formulaId=df0a1523-c9c7-49b8-8b8e-a0c6530419ba numbered=True deltaMs=35 totalMs=362
2026-09-06T19:52:52.7297340+08:00 pid=71532 tid=1 format-conversion-undo-state stage=before-source-delete document=文档13 recording=True level=1
2026-09-06T19:52:52.9645801+08:00 pid=71532 tid=1 formula-to-latex-visualtex-paragraph-replaced formulaId=b595e5b9-40e0-4dee-96d9-41963d9eec5c range=410:420
2026-09-06T19:52:52.9755794+08:00 pid=71532 tid=1 format-conversion-perf stage=delete-source-host formulaId=b595e5b9-40e0-4dee-96d9-41963d9eec5c numbered=True deltaMs=247 totalMs=247
2026-09-06T19:52:52.9755794+08:00 pid=71532 tid=1 format-conversion-undo-state stage=after-source-delete document=文档13 recording=True level=1
2026-09-06T19:52:52.9765793+08:00 pid=71532 tid=1 word-undo-begin name=VisualTeX Insert Word OMML Display Formula recording=True level=1
2026-09-06T19:52:52.9955794+08:00 pid=71532 tid=1 format-conversion-subperf [perf] InsertOmml.insert-native-omml: +19ms (19ms total)
2026-09-06T19:52:53.0305795+08:00 pid=71532 tid=1 format-conversion-subperf [perf] InsertOmml.post-reconcile-layout: +35ms (54ms total)
2026-09-06T19:52:53.0315786+08:00 pid=71532 tid=1 format-conversion-subperf [perf] InsertOmml.final-fingerprint: +0ms (54ms total)
2026-09-06T19:52:53.0315786+08:00 pid=71532 tid=1 format-conversion-subperf [perf] InsertOmml.final-anchor: +1ms (55ms total)
2026-09-06T19:52:53.0325806+08:00 pid=71532 tid=1 format-conversion-subperf [perf] InsertOmml.final-metadata: +1ms (56ms total)
2026-09-06T19:52:53.0325806+08:00 pid=71532 tid=1 format-conversion-perf stage=insert-target formulaId=b595e5b9-40e0-4dee-96d9-41963d9eec5c numbered=True deltaMs=58 totalMs=305
2026-09-06T19:52:53.0335813+08:00 pid=71532 tid=1 format-conversion-undo-state stage=after-target-insert document=文档13 recording=True level=1
2026-09-06T19:52:53.0735811+08:00 pid=71532 tid=1 format-conversion-target-stable formulaId=b595e5b9-40e0-4dee-96d9-41963d9eec5c targetMode=wordOmml count=4 elapsedMs=39
2026-09-06T19:52:53.0735811+08:00 pid=71532 tid=1 format-conversion-perf stage=verify-target formulaId=b595e5b9-40e0-4dee-96d9-41963d9eec5c numbered=True deltaMs=40 totalMs=345
2026-09-06T19:52:53.0745808+08:00 pid=71532 tid=1 format-conversion-undo-state stage=before-source-delete document=文档13 recording=True level=1
2026-09-06T19:52:53.2474131+08:00 pid=71532 tid=1 formula-to-latex-visualtex-paragraph-replaced formulaId=0f349f42-5463-4e0f-a4dd-a563ddf5a814 range=250:471
2026-09-06T19:52:53.2650053+08:00 pid=71532 tid=1 format-conversion-perf stage=delete-source-host formulaId=0f349f42-5463-4e0f-a4dd-a563ddf5a814 numbered=True deltaMs=191 totalMs=191
2026-09-06T19:52:53.2660052+08:00 pid=71532 tid=1 format-conversion-undo-state stage=after-source-delete document=文档13 recording=True level=1
2026-09-06T19:52:53.2670077+08:00 pid=71532 tid=1 word-undo-begin name=VisualTeX Insert Word OMML Display Formula recording=True level=1
2026-09-06T19:52:53.2950089+08:00 pid=71532 tid=1 format-conversion-subperf [perf] InsertOmml.insert-native-omml: +28ms (28ms total)
2026-09-06T19:52:53.3495765+08:00 pid=71532 tid=1 format-conversion-subperf [perf] InsertOmml.post-reconcile-layout: +55ms (83ms total)
2026-09-06T19:52:53.3505760+08:00 pid=71532 tid=1 format-conversion-subperf [perf] InsertOmml.final-fingerprint: +0ms (83ms total)
2026-09-06T19:52:53.3505760+08:00 pid=71532 tid=1 format-conversion-subperf [perf] InsertOmml.final-anchor: +0ms (83ms total)
2026-09-06T19:52:53.3515762+08:00 pid=71532 tid=1 format-conversion-subperf [perf] InsertOmml.final-metadata: +1ms (84ms total)
2026-09-06T19:52:53.3525768+08:00 pid=71532 tid=1 format-conversion-perf stage=insert-target formulaId=0f349f42-5463-4e0f-a4dd-a563ddf5a814 numbered=True deltaMs=87 totalMs=278
2026-09-06T19:52:53.3525768+08:00 pid=71532 tid=1 format-conversion-undo-state stage=after-target-insert document=文档13 recording=True level=1
2026-09-06T19:52:53.3835742+08:00 pid=71532 tid=1 format-conversion-target-stable formulaId=0f349f42-5463-4e0f-a4dd-a563ddf5a814 targetMode=wordOmml count=5 elapsedMs=29
2026-09-06T19:52:53.3845760+08:00 pid=71532 tid=1 format-conversion-perf stage=verify-target formulaId=0f349f42-5463-4e0f-a4dd-a563ddf5a814 numbered=True deltaMs=32 totalMs=310
2026-09-06T19:52:53.3855748+08:00 pid=71532 tid=1 format-conversion-undo-state stage=before-source-delete document=文档13 recording=True level=1
2026-09-06T19:52:53.4625756+08:00 pid=71532 tid=1 format-conversion-perf stage=delete-source-host formulaId=8291bc40-85e2-4db4-a61b-e7fea6a4770e numbered=False deltaMs=77 totalMs=77
2026-09-06T19:52:53.4635742+08:00 pid=71532 tid=1 format-conversion-undo-state stage=after-source-delete document=文档13 recording=True level=1
2026-09-06T19:52:53.4645748+08:00 pid=71532 tid=1 word-undo-begin name=VisualTeX Insert Word OMML Inline Formula recording=True level=1
2026-09-06T19:52:53.5265761+08:00 pid=71532 tid=1 format-conversion-subperf [perf] InsertOmml.insert-native-omml: +61ms (61ms total)
2026-09-06T19:52:53.8032994+08:00 pid=71532 tid=1 format-conversion-subperf [perf] InsertOmml.post-reconcile-layout: +277ms (338ms total)
2026-09-06T19:52:53.8032994+08:00 pid=71532 tid=1 format-conversion-subperf [perf] InsertOmml.final-fingerprint: +1ms (339ms total)
2026-09-06T19:52:53.8042955+08:00 pid=71532 tid=1 format-conversion-subperf [perf] InsertOmml.final-anchor: +0ms (339ms total)
2026-09-06T19:52:53.8052966+08:00 pid=71532 tid=1 format-conversion-subperf [perf] InsertOmml.final-metadata: +1ms (340ms total)
2026-09-06T19:52:53.8052966+08:00 pid=71532 tid=1 format-conversion-perf stage=insert-target formulaId=8291bc40-85e2-4db4-a61b-e7fea6a4770e numbered=False deltaMs=343 totalMs=420
2026-09-06T19:52:53.8062955+08:00 pid=71532 tid=1 format-conversion-undo-state stage=after-target-insert document=文档13 recording=False level=0
2026-09-06T19:52:53.8405527+08:00 pid=71532 tid=1 format-conversion-target-stable formulaId=8291bc40-85e2-4db4-a61b-e7fea6a4770e targetMode=wordOmml count=6 elapsedMs=34
2026-09-06T19:52:53.8415539+08:00 pid=71532 tid=1 format-conversion-perf stage=verify-target formulaId=8291bc40-85e2-4db4-a61b-e7fea6a4770e numbered=False deltaMs=36 totalMs=456
2026-09-06T19:52:53.8415539+08:00 pid=71532 tid=1 format-conversion-undo-state stage=before-source-delete document=文档13 recording=False level=0
2026-09-06T19:52:54.0652400+08:00 pid=71532 tid=1 formula-to-latex-visualtex-paragraph-replaced formulaId=adf5e81f-2044-4d3d-a45a-3d3aca6b81f5 range=0:15
2026-09-06T19:52:54.0782395+08:00 pid=71532 tid=1 format-conversion-perf stage=delete-source-host formulaId=adf5e81f-2044-4d3d-a45a-3d3aca6b81f5 numbered=True deltaMs=237 totalMs=237
2026-09-06T19:52:54.0792393+08:00 pid=71532 tid=1 format-conversion-undo-state stage=after-source-delete document=文档13 recording=False level=0
2026-09-06T19:52:54.0822400+08:00 pid=71532 tid=1 word-undo-begin name=VisualTeX Insert Word OMML Display Formula recording=False level=0
2026-09-06T19:52:54.0822400+08:00 pid=71532 tid=1 word-undo-started name=VisualTeX Insert Word OMML Display Formula recording=True level=1
2026-09-06T19:52:54.1184453+08:00 pid=71532 tid=1 format-conversion-subperf [perf] InsertOmml.insert-native-omml: +36ms (36ms total)
2026-09-06T19:52:54.1604454+08:00 pid=71532 tid=1 format-conversion-subperf [perf] InsertOmml.post-reconcile-layout: +42ms (78ms total)
2026-09-06T19:52:54.1604454+08:00 pid=71532 tid=1 format-conversion-subperf [perf] InsertOmml.final-fingerprint: +0ms (78ms total)
2026-09-06T19:52:54.1614452+08:00 pid=71532 tid=1 format-conversion-subperf [perf] InsertOmml.final-anchor: +1ms (79ms total)
2026-09-06T19:52:54.1634447+08:00 pid=71532 tid=1 format-conversion-subperf [perf] InsertOmml.final-metadata: +2ms (81ms total)
2026-09-06T19:52:54.1644454+08:00 pid=71532 tid=1 word-undo-end recording=True level=1
2026-09-06T19:52:54.1654462+08:00 pid=71532 tid=1 format-conversion-perf stage=insert-target formulaId=adf5e81f-2044-4d3d-a45a-3d3aca6b81f5 numbered=True deltaMs=86 totalMs=323
2026-09-06T19:52:54.1654462+08:00 pid=71532 tid=1 format-conversion-undo-state stage=after-target-insert document=文档13 recording=False level=0
2026-09-06T19:52:54.2034431+08:00 pid=71532 tid=1 format-conversion-target-stable formulaId=adf5e81f-2044-4d3d-a45a-3d3aca6b81f5 targetMode=wordOmml count=7 elapsedMs=36
2026-09-06T19:52:54.2044454+08:00 pid=71532 tid=1 format-conversion-perf stage=verify-target formulaId=adf5e81f-2044-4d3d-a45a-3d3aca6b81f5 numbered=True deltaMs=39 totalMs=362
2026-09-06T19:52:54.2054444+08:00 pid=71532 tid=1 format-conversion-finalize-perf stage=source-residual-check sourceMode=nativeOle targetMode=wordOmml deltaMs=0 totalMs=0
2026-09-06T19:52:54.2054444+08:00 pid=71532 tid=1 format-conversion-finalize-perf stage=target-count-check sourceMode=nativeOle targetMode=wordOmml deltaMs=1 totalMs=1
2026-09-06T19:52:54.2054444+08:00 pid=71532 tid=1 format-conversion-undo-state stage=before-source-window-close-commit document=文档13 recording=False level=0
2026-09-06T19:52:54.2064445+08:00 pid=71532 tid=1 format-conversion-undo-state stage=after-source-window-close-commit document=文档13 recording=False level=0
2026-09-06T19:52:54.5287135+08:00 pid=71532 tid=1 word-undo-begin name=VisualTeX Finalize Formula Conversion recording=False level=0
2026-09-06T19:52:54.5297155+08:00 pid=71532 tid=1 word-undo-started name=VisualTeX Finalize Formula Conversion recording=True level=1
2026-09-06T19:52:54.6317133+08:00 pid=71532 tid=1 word-xml-incomplete-export document=文档13 attempt=1 maths=0/7 oles=0/0
2026-09-06T19:52:54.8082446+08:00 pid=71532 tid=1 format-conversion-omml-identities-before-numbering count=7
2026-09-06T19:52:54.8082446+08:00 pid=71532 tid=1 format-conversion-number-format-restored format=continuous
2026-09-06T19:52:59.8582982+08:00 pid=71532 tid=1 omml-xml-incomplete-export formulaId= attempt=1 range=116:175
2026-09-06T19:53:03.7379047+08:00 pid=71532 tid=1 format-conversion-numbering-direct-table-complete targetMode=wordOmml built=6 removedBlankParagraphs=6
2026-09-06T19:53:03.7389063+08:00 pid=71532 tid=1 format-conversion-adjacent-ole-identities-rebound count=0
2026-09-06T19:53:03.7972627+08:00 pid=71532 tid=1 format-conversion-numbering-table-rows-grouped boundaries=1 formulas=6
2026-09-06T19:53:03.8638480+08:00 pid=71532 tid=1 format-conversion-reference-aliases-restored sourceMode=nativeOle targetMode=wordOmml aliases=1 refreshedReferences=1 restoredFormatting=1
2026-09-06T19:53:03.8788486+08:00 pid=71532 tid=1 format-conversion-finalize-perf stage=numbering-reconcile sourceMode=nativeOle targetMode=wordOmml deltaMs=9673 totalMs=9674
2026-09-06T19:53:04.0008474+08:00 pid=71532 tid=1 format-conversion-omml-fingerprints-finalized count=7
2026-09-06T19:53:04.0018477+08:00 pid=71532 tid=1 format-conversion-finalize-perf stage=omml-fingerprint-refresh sourceMode=nativeOle targetMode=wordOmml deltaMs=123 totalMs=9797
2026-09-06T19:53:04.0028477+08:00 pid=71532 tid=1 format-conversion-transaction-completed targets=7
2026-09-06T19:53:04.0028477+08:00 pid=71532 tid=23 format-conversion-word-apply-finished sourceMode=nativeOle targetMode=wordOmml converted=7 failed=0
2026-09-06T19:53:04.0028477+08:00 pid=71532 tid=23 format-conversion-session-cleanup-start sessions=7
2026-09-06T19:53:04.0038482+08:00 pid=71532 tid=23 format-conversion-complete source=VisualTeX target=OMML converted=7 failed=0
2026-09-06T19:53:04.0068474+08:00 pid=71532 tid=9 format-conversion-session-cleanup-complete sessions=7
2026-09-06T19:54:12.4699900+08:00 pid=71532 tid=24 ribbon-session-operation-released sessionId=61ad0b63-f112-400e-ab79-762e2c1f54b6
2026-09-06T19:54:30.5139498+08:00 pid=71532 tid=12 left-down x=1776 y=1270 wordForeground=False
2026-09-06T19:54:33.6583067+08:00 pid=71532 tid=1 word-undo-begin name=VisualTeX Convert or Update Word OMML Formula recording=False level=0
2026-09-06T19:54:33.6603563+08:00 pid=71532 tid=1 word-undo-started name=VisualTeX Convert or Update Word OMML Formula recording=True level=1
2026-09-06T19:54:33.6643116+08:00 pid=71532 tid=1 format-conversion-subperf [perf] ReplaceOmml.locate-target: +6ms (6ms total)
2026-09-06T19:54:33.8199975+08:00 pid=71532 tid=1 format-conversion-subperf [perf] ReplaceOmml.source-range-resolve: +155ms (161ms total)
2026-09-06T19:54:33.8421874+08:00 pid=71532 tid=1 format-conversion-subperf [perf] ReplaceOmml.rollback-capture: +23ms (184ms total)
2026-09-06T19:54:34.6424732+08:00 pid=71532 tid=1 format-conversion-subperf [perf] ReplaceOmml.direct-host-health: +800ms (984ms total)
2026-09-06T19:54:34.6434708+08:00 pid=71532 tid=1 format-conversion-subperf [perf] ReplaceOmml.direct-content-prep: +1ms (985ms total)
2026-09-06T19:54:34.6444707+08:00 pid=71532 tid=1 format-conversion-subperf [perf] ReplaceOmml.resolve-source: +2ms (987ms total)
2026-09-06T19:54:34.6790892+08:00 pid=71532 tid=1 format-conversion-subperf [perf] ReplaceOmml.insert-native-omml: +34ms (1021ms total)
2026-09-06T19:54:34.7009591+08:00 pid=71532 tid=1 format-conversion-subperf [perf] ReplaceOmml.validate-native-omml: +21ms (1042ms total)
2026-09-06T19:54:34.7945877+08:00 pid=71532 tid=1 format-conversion-subperf [perf] ReplaceOmml.stamp-fingerprint: +94ms (1136ms total)
2026-09-06T19:54:34.8430374+08:00 pid=71532 tid=1 format-conversion-subperf [perf] ReplaceOmml.wrap-formula-anchor: +49ms (1185ms total)
2026-09-06T19:54:34.8435434+08:00 pid=71532 tid=1 format-conversion-subperf [perf] ReplaceOmml.protect-source-metadata: +0ms (1185ms total)
2026-09-06T19:54:34.8435434+08:00 pid=71532 tid=1 format-conversion-subperf [perf] ReplaceOmml.reconcile: +0ms (1185ms total)
2026-09-06T19:54:34.9054939+08:00 pid=71532 tid=1 format-conversion-subperf [perf] ReplaceOmml.final-identity-resolve: +63ms (1248ms total)
2026-09-06T19:54:34.9424943+08:00 pid=71532 tid=1 format-conversion-subperf [perf] ReplaceOmml.final-identity-fingerprint: +36ms (1284ms total)
2026-09-06T19:54:34.9424943+08:00 pid=71532 tid=1 format-conversion-subperf [perf] ReplaceOmml.final-identity-anchor: +0ms (1284ms total)
2026-09-06T19:54:34.9444945+08:00 pid=71532 tid=1 format-conversion-subperf [perf] ReplaceOmml.final-identity-metadata: +2ms (1286ms total)
2026-09-06T19:54:34.9444945+08:00 pid=71532 tid=1 format-conversion-subperf [perf] ReplaceOmml.finalize-identity: +1ms (1287ms total)
2026-09-06T19:54:34.9454942+08:00 pid=71532 tid=1 format-conversion-subperf [perf] ReplaceOmml.prepare-result: +0ms (1287ms total)
2026-09-06T19:54:34.9804965+08:00 pid=71532 tid=1 format-conversion-subperf [perf] ReplaceOmml.restore-view: +35ms (1322ms total)
2026-09-06T19:54:34.9814965+08:00 pid=71532 tid=1 format-conversion-subperf [perf] ReplaceOmml.restore-screen-updating: +2ms (1324ms total)
2026-09-06T19:54:34.9824965+08:00 pid=71532 tid=1 word-undo-end recording=False level=0
2026-09-06T19:54:34.9824965+08:00 pid=71532 tid=1 format-conversion-subperf [perf] ReplaceOmml.end-undo: +1ms (1325ms total)
2026-09-06T19:54:34.9834966+08:00 pid=71532 tid=1 format-conversion-subperf [perf] ReplaceOmml.release-rcws: +0ms (1325ms total)
2026-09-06T19:54:34.9874968+08:00 pid=71532 tid=27 ribbon-session-operation-released sessionId=9cf64f91-0e44-4498-b82d-6d5fe37168d3
2026-09-06T19:54:49.2765593+08:00 pid=71532 tid=12 left-down x=981 y=434 wordForeground=True
2026-09-06T19:54:50.2952352+08:00 pid=71532 tid=1 word-undo-begin name=VisualTeX Set Equation Number Format recording=False level=0
2026-09-06T19:54:50.2952352+08:00 pid=71532 tid=1 word-undo-started name=VisualTeX Set Equation Number Format recording=True level=1
2026-09-06T19:54:51.8632464+08:00 pid=71532 tid=1 word-undo-end recording=False level=0
2026-09-06T19:55:07.2725409+08:00 pid=71532 tid=1 format-conversion-start sourceMode=wordOmml targetMode=mathTypeOle wholeDocument=True
2026-09-06T19:55:09.7895400+08:00 pid=71532 tid=1 format-conversion-plan sourceMode=wordOmml targetMode=mathTypeOle targets=7
2026-09-06T19:55:13.3349183+08:00 pid=71532 tid=1 format-conversion-render-bypass sourceMode=wordOmml targetMode=mathTypeOle targets=7 reason=source-mathml-ready
2026-09-06T19:55:13.7373758+08:00 pid=71532 tid=1 format-conversion-native-preview-batch-complete formulas=7 elapsedMs=401
2026-09-06T19:55:13.7373758+08:00 pid=71532 tid=1 format-conversion-word-apply-start sourceMode=wordOmml targetMode=mathTypeOle targets=7
2026-09-06T19:55:14.9898872+08:00 pid=71532 tid=1 format-conversion-runtime assembly=C:\Users\pojian_liao\AppData\Local\VisualTeX\office\remediation-builds\6EF02523AE3D2905EB83E155D14F50F4ED648E0D4D32BEB0451A2209D5955988\VisualTeX.WordVsto.dll source=wordOmml target=mathTypeOle targetIsVisualTeX=False targetIsMathType=True
2026-09-06T19:55:15.0274938+08:00 pid=71532 tid=1 format-conversion-reference-aliases-captured sourceMode=wordOmml formulaId=88f0c982-e7cf-4a69-9550-2988baeb31f2 aliases=VTEqNum_b595e5b940e04dee96d941963d9eec5c
2026-09-06T19:55:15.1297968+08:00 pid=71532 tid=1 format-conversion-heading-scope-cache format=heading2-dash formulas=6 scopes=2
2026-09-06T19:55:16.2700718+08:00 pid=71532 tid=1 word-undo-begin name=VisualTeX Convert Formula Format recording=False level=0
2026-09-06T19:55:16.2700718+08:00 pid=71532 tid=1 word-undo-started name=VisualTeX Convert Formula Format recording=True level=1
2026-09-06T19:55:16.2700718+08:00 pid=71532 tid=1 format-conversion-undo-state stage=before-preferences document=文档13 recording=True level=1
2026-09-06T19:55:16.2700718+08:00 pid=71532 tid=1 format-conversion-transaction-start targets=7
2026-09-06T19:55:16.2700718+08:00 pid=71532 tid=1 format-conversion-undo-state stage=after-preferences document=文档13 recording=True level=1
2026-09-06T19:55:16.2710740+08:00 pid=71532 tid=1 format-conversion-undo-state stage=before-source-delete document=文档13 recording=True level=1
2026-09-06T19:55:16.6943436+08:00 pid=71532 tid=1 format-conversion-direct-numbered-omml-delete formulaId=f0ab9ee7-51bd-4408-bb6a-5f998ef95203 start=704
2026-09-06T19:55:16.6943436+08:00 pid=71532 tid=1 format-conversion-perf stage=delete-source-host formulaId=f0ab9ee7-51bd-4408-bb6a-5f998ef95203 numbered=True deltaMs=423 totalMs=423
2026-09-06T19:55:16.6943436+08:00 pid=71532 tid=1 format-conversion-undo-state stage=after-source-delete document=文档13 recording=False level=0
2026-09-06T19:55:16.7170261+08:00 pid=71532 tid=1 word-undo-begin name=VisualTeX Insert MathType OLE Numbered Display Formula recording=False level=0
2026-09-06T19:55:16.7170261+08:00 pid=71532 tid=1 word-undo-started name=VisualTeX Insert MathType OLE Numbered Display Formula recording=True level=1
2026-09-06T19:55:16.7580275+08:00 pid=71532 tid=1 mathtype-insert-perf stage=resolve-insertion numbered=True inline=False deltaMs=41 totalMs=41
2026-09-06T19:55:16.7590265+08:00 pid=71532 tid=1 mathtype-insert-perf stage=clear-incomplete-number-row numbered=True inline=False deltaMs=1 totalMs=42
2026-09-06T19:55:16.7600264+08:00 pid=71532 tid=1 mathtype-heading-scope-state chapter=1 section=1 heading=405:421 formula=704
2026-09-06T19:55:17.0875980+08:00 pid=71532 tid=1 mathtype-insert-perf stage=number-template-heading-state numbered=True inline=False deltaMs=328 totalMs=370
2026-09-06T19:55:17.0886002+08:00 pid=71532 tid=1 mathtype-insert-perf stage=prepare-display-row numbered=True inline=False deltaMs=1 totalMs=371
2026-09-06T19:55:17.0945996+08:00 pid=71532 tid=1 mathtype-insert-perf stage=build-flat-opc numbered=True inline=False deltaMs=7 totalMs=378
2026-09-06T19:55:17.0955992+08:00 pid=71532 tid=1 mathtype-insert-perf stage=pre-insert-bookkeeping numbered=True inline=False deltaMs=0 totalMs=378
2026-09-06T19:55:17.1408720+08:00 pid=71532 tid=1 mathtype-insert-perf stage=insert-flat-opc numbered=True inline=False deltaMs=46 totalMs=424
2026-09-06T19:55:17.1418738+08:00 pid=71532 tid=1 mathtype-insert-perf stage=resolve-new-shape numbered=True inline=False deltaMs=0 totalMs=424
2026-09-06T19:55:17.1428726+08:00 pid=71532 tid=1 mathtype-insert-perf stage=set-shape-geometry numbered=True inline=False deltaMs=2 totalMs=426
2026-09-06T19:55:17.1428726+08:00 pid=71532 tid=1 mathtype-insert-perf stage=repair-inline-paragraph numbered=True inline=False deltaMs=0 totalMs=426
2026-09-06T19:55:17.1438741+08:00 pid=71532 tid=1 mathtype-insert-perf stage=refresh-native-shape numbered=True inline=False deltaMs=1 totalMs=427
2026-09-06T19:55:17.2151972+08:00 pid=71532 tid=1 mathtype-insert-perf stage=bind-created-object-identity numbered=True inline=False deltaMs=70 totalMs=497
2026-09-06T19:55:17.2151972+08:00 pid=71532 tid=1 mathtype-insert-perf stage=complete numbered=True inline=False deltaMs=1 totalMs=498
2026-09-06T19:55:17.2151972+08:00 pid=71532 tid=1 word-undo-end recording=False level=0
2026-09-06T19:55:17.2151972+08:00 pid=71532 tid=1 format-conversion-perf stage=insert-target formulaId=f0ab9ee7-51bd-4408-bb6a-5f998ef95203 numbered=True deltaMs=522 totalMs=945
2026-09-06T19:55:17.2161963+08:00 pid=71532 tid=1 format-conversion-undo-state stage=after-target-insert document=文档13 recording=False level=0
2026-09-06T19:55:17.2161963+08:00 pid=71532 tid=1 format-conversion-bookmarked-target-stable formulaId=f0ab9ee7-51bd-4408-bb6a-5f998ef95203 bookmark=VTMT_00da7ba1073e480880ee89d4c4e266ca range=861:887 elapsedMs=0
2026-09-06T19:55:17.2171957+08:00 pid=71532 tid=1 format-conversion-direct-managed-omml-metadata-deleted formulaId=f0ab9ee7-51bd-4408-bb6a-5f998ef95203 numbered=True
2026-09-06T19:55:17.2171957+08:00 pid=71532 tid=1 format-conversion-perf stage=verify-target formulaId=f0ab9ee7-51bd-4408-bb6a-5f998ef95203 numbered=True deltaMs=1 totalMs=946
2026-09-06T19:55:17.2171957+08:00 pid=71532 tid=1 format-conversion-undo-state stage=before-source-delete document=文档13 recording=False level=0
2026-09-06T19:55:17.8418390+08:00 pid=71532 tid=1 format-conversion-direct-numbered-omml-delete formulaId=698713df-bc4d-42a8-a22a-2a188cd3586b start=705
2026-09-06T19:55:17.8428383+08:00 pid=71532 tid=1 format-conversion-perf stage=delete-source-host formulaId=698713df-bc4d-42a8-a22a-2a188cd3586b numbered=True deltaMs=624 totalMs=624
2026-09-06T19:55:17.8428383+08:00 pid=71532 tid=1 format-conversion-undo-state stage=after-source-delete document=文档13 recording=False level=0
2026-09-06T19:55:17.8939719+08:00 pid=71532 tid=1 word-undo-begin name=VisualTeX Insert MathType OLE Numbered Display Formula recording=False level=0
2026-09-06T19:55:17.8939719+08:00 pid=71532 tid=1 word-undo-started name=VisualTeX Insert MathType OLE Numbered Display Formula recording=True level=1
2026-09-06T19:55:17.9432488+08:00 pid=71532 tid=1 mathtype-insert-perf stage=resolve-insertion numbered=True inline=False deltaMs=49 totalMs=49
2026-09-06T19:55:17.9432488+08:00 pid=71532 tid=1 mathtype-insert-perf stage=clear-incomplete-number-row numbered=True inline=False deltaMs=1 totalMs=50
2026-09-06T19:55:17.9442477+08:00 pid=71532 tid=1 mathtype-insert-perf stage=number-template-heading-state numbered=True inline=False deltaMs=0 totalMs=50
2026-09-06T19:55:17.9442477+08:00 pid=71532 tid=1 mathtype-insert-perf stage=prepare-display-row numbered=True inline=False deltaMs=1 totalMs=51
2026-09-06T19:55:17.9512473+08:00 pid=71532 tid=1 mathtype-insert-perf stage=build-flat-opc numbered=True inline=False deltaMs=6 totalMs=57
2026-09-06T19:55:17.9512473+08:00 pid=71532 tid=1 mathtype-insert-perf stage=pre-insert-bookkeeping numbered=True inline=False deltaMs=0 totalMs=57
2026-09-06T19:55:17.9922471+08:00 pid=71532 tid=1 mathtype-insert-perf stage=insert-flat-opc numbered=True inline=False deltaMs=42 totalMs=99
2026-09-06T19:55:17.9932464+08:00 pid=71532 tid=1 mathtype-insert-perf stage=resolve-new-shape numbered=True inline=False deltaMs=0 totalMs=99
2026-09-06T19:55:17.9952465+08:00 pid=71532 tid=1 mathtype-insert-perf stage=set-shape-geometry numbered=True inline=False deltaMs=2 totalMs=101
2026-09-06T19:55:17.9952465+08:00 pid=71532 tid=1 mathtype-insert-perf stage=repair-inline-paragraph numbered=True inline=False deltaMs=0 totalMs=101
2026-09-06T19:55:17.9962475+08:00 pid=71532 tid=1 mathtype-insert-perf stage=refresh-native-shape numbered=True inline=False deltaMs=1 totalMs=102
2026-09-06T19:55:18.0322489+08:00 pid=71532 tid=1 mathtype-insert-perf stage=bind-created-object-identity numbered=True inline=False deltaMs=36 totalMs=138
2026-09-06T19:55:18.0322489+08:00 pid=71532 tid=1 mathtype-insert-perf stage=complete numbered=True inline=False deltaMs=0 totalMs=138
2026-09-06T19:55:18.0322489+08:00 pid=71532 tid=1 word-undo-end recording=True level=1
2026-09-06T19:55:18.0332468+08:00 pid=71532 tid=1 format-conversion-perf stage=insert-target formulaId=698713df-bc4d-42a8-a22a-2a188cd3586b numbered=True deltaMs=191 totalMs=815
2026-09-06T19:55:18.0332468+08:00 pid=71532 tid=1 format-conversion-undo-state stage=after-target-insert document=文档13 recording=False level=0
2026-09-06T19:55:18.0352477+08:00 pid=71532 tid=1 format-conversion-bookmarked-target-stable formulaId=698713df-bc4d-42a8-a22a-2a188cd3586b bookmark=VTMT_8af57edb8f6d4592aa31266db270cbef range=706:732 elapsedMs=1
2026-09-06T19:55:18.0372511+08:00 pid=71532 tid=1 format-conversion-direct-managed-omml-metadata-deleted formulaId=698713df-bc4d-42a8-a22a-2a188cd3586b numbered=True
2026-09-06T19:55:18.0372511+08:00 pid=71532 tid=1 format-conversion-perf stage=verify-target formulaId=698713df-bc4d-42a8-a22a-2a188cd3586b numbered=True deltaMs=4 totalMs=819
2026-09-06T19:55:18.0392544+08:00 pid=71532 tid=1 format-conversion-undo-state stage=before-source-delete document=文档13 recording=False level=0
2026-09-06T19:55:18.5663961+08:00 pid=71532 tid=1 format-conversion-direct-numbered-omml-delete formulaId=df1b26a9-59d8-4e49-925a-222be55887fa start=584
2026-09-06T19:55:18.5663961+08:00 pid=71532 tid=1 format-conversion-perf stage=delete-source-host formulaId=df1b26a9-59d8-4e49-925a-222be55887fa numbered=True deltaMs=527 totalMs=527
2026-09-06T19:55:18.5663961+08:00 pid=71532 tid=1 format-conversion-undo-state stage=after-source-delete document=文档13 recording=False level=0
2026-09-06T19:55:18.6143956+08:00 pid=71532 tid=1 word-undo-begin name=VisualTeX Insert MathType OLE Numbered Display Formula recording=False level=0
2026-09-06T19:55:18.6143956+08:00 pid=71532 tid=1 word-undo-started name=VisualTeX Insert MathType OLE Numbered Display Formula recording=True level=1
2026-09-06T19:55:18.6543957+08:00 pid=71532 tid=1 mathtype-insert-perf stage=resolve-insertion numbered=True inline=False deltaMs=40 totalMs=40
2026-09-06T19:55:18.6543957+08:00 pid=71532 tid=1 mathtype-insert-perf stage=clear-incomplete-number-row numbered=True inline=False deltaMs=0 totalMs=40
2026-09-06T19:55:18.6553953+08:00 pid=71532 tid=1 mathtype-insert-perf stage=number-template-heading-state numbered=True inline=False deltaMs=1 totalMs=41
2026-09-06T19:55:18.6563959+08:00 pid=71532 tid=1 mathtype-insert-perf stage=prepare-display-row numbered=True inline=False deltaMs=1 totalMs=42
2026-09-06T19:55:18.6623956+08:00 pid=71532 tid=1 mathtype-insert-perf stage=build-flat-opc numbered=True inline=False deltaMs=6 totalMs=48
2026-09-06T19:55:18.6633966+08:00 pid=71532 tid=1 mathtype-insert-perf stage=pre-insert-bookkeeping numbered=True inline=False deltaMs=1 totalMs=49
2026-09-06T19:55:18.7053953+08:00 pid=71532 tid=1 mathtype-insert-perf stage=insert-flat-opc numbered=True inline=False deltaMs=42 totalMs=91
2026-09-06T19:55:18.7053953+08:00 pid=71532 tid=1 mathtype-insert-perf stage=resolve-new-shape numbered=True inline=False deltaMs=0 totalMs=91
2026-09-06T19:55:18.7073966+08:00 pid=71532 tid=1 mathtype-insert-perf stage=set-shape-geometry numbered=True inline=False deltaMs=2 totalMs=93
2026-09-06T19:55:18.7073966+08:00 pid=71532 tid=1 mathtype-insert-perf stage=repair-inline-paragraph numbered=True inline=False deltaMs=0 totalMs=93
2026-09-06T19:55:18.7083980+08:00 pid=71532 tid=1 mathtype-insert-perf stage=refresh-native-shape numbered=True inline=False deltaMs=0 totalMs=93
2026-09-06T19:55:18.7389754+08:00 pid=71532 tid=1 mathtype-insert-perf stage=bind-created-object-identity numbered=True inline=False deltaMs=31 totalMs=124
2026-09-06T19:55:18.7389754+08:00 pid=71532 tid=1 mathtype-insert-perf stage=complete numbered=True inline=False deltaMs=1 totalMs=125
2026-09-06T19:55:18.7389754+08:00 pid=71532 tid=1 word-undo-end recording=True level=1
2026-09-06T19:55:18.7399766+08:00 pid=71532 tid=1 format-conversion-perf stage=insert-target formulaId=df1b26a9-59d8-4e49-925a-222be55887fa numbered=True deltaMs=173 totalMs=700
2026-09-06T19:55:18.7399766+08:00 pid=71532 tid=1 format-conversion-undo-state stage=after-target-insert document=文档13 recording=False level=0
2026-09-06T19:55:18.7399766+08:00 pid=71532 tid=1 format-conversion-bookmarked-target-stable formulaId=df1b26a9-59d8-4e49-925a-222be55887fa bookmark=VTMT_ea6ec7bc1b2b49a788ac8e064ef738f9 range=585:611 elapsedMs=0
2026-09-06T19:55:18.7419779+08:00 pid=71532 tid=1 format-conversion-direct-managed-omml-metadata-deleted formulaId=df1b26a9-59d8-4e49-925a-222be55887fa numbered=True
2026-09-06T19:55:18.7419779+08:00 pid=71532 tid=1 format-conversion-perf stage=verify-target formulaId=df1b26a9-59d8-4e49-925a-222be55887fa numbered=True deltaMs=3 totalMs=703
2026-09-06T19:55:18.7429756+08:00 pid=71532 tid=1 format-conversion-undo-state stage=before-source-delete document=文档13 recording=False level=0
2026-09-06T19:55:19.3039453+08:00 pid=71532 tid=1 format-conversion-direct-numbered-omml-delete formulaId=88f0c982-e7cf-4a69-9550-2988baeb31f2 start=312
2026-09-06T19:55:19.3039453+08:00 pid=71532 tid=1 format-conversion-perf stage=delete-source-host formulaId=88f0c982-e7cf-4a69-9550-2988baeb31f2 numbered=True deltaMs=561 totalMs=561
2026-09-06T19:55:19.3039453+08:00 pid=71532 tid=1 format-conversion-undo-state stage=after-source-delete document=文档13 recording=False level=0
2026-09-06T19:55:19.3499170+08:00 pid=71532 tid=1 word-undo-begin name=VisualTeX Insert MathType OLE Numbered Display Formula recording=False level=0
2026-09-06T19:55:19.3504425+08:00 pid=71532 tid=1 word-undo-started name=VisualTeX Insert MathType OLE Numbered Display Formula recording=True level=1
2026-09-06T19:55:19.3813647+08:00 pid=71532 tid=1 mathtype-insert-perf stage=resolve-insertion numbered=True inline=False deltaMs=32 totalMs=32
2026-09-06T19:55:19.3813647+08:00 pid=71532 tid=1 mathtype-insert-perf stage=clear-incomplete-number-row numbered=True inline=False deltaMs=0 totalMs=32
2026-09-06T19:55:19.3813647+08:00 pid=71532 tid=1 mathtype-insert-perf stage=number-template-heading-state numbered=True inline=False deltaMs=1 totalMs=33
2026-09-06T19:55:19.3823652+08:00 pid=71532 tid=1 mathtype-insert-perf stage=prepare-display-row numbered=True inline=False deltaMs=0 totalMs=33
2026-09-06T19:55:19.3889648+08:00 pid=71532 tid=1 mathtype-insert-perf stage=build-flat-opc numbered=True inline=False deltaMs=7 totalMs=40
2026-09-06T19:55:19.3889648+08:00 pid=71532 tid=1 mathtype-insert-perf stage=pre-insert-bookkeeping numbered=True inline=False deltaMs=0 totalMs=40
2026-09-06T19:55:19.4299706+08:00 pid=71532 tid=1 mathtype-insert-perf stage=insert-flat-opc numbered=True inline=False deltaMs=41 totalMs=81
2026-09-06T19:55:19.4309707+08:00 pid=71532 tid=1 mathtype-insert-perf stage=resolve-new-shape numbered=True inline=False deltaMs=0 totalMs=81
2026-09-06T19:55:19.4319732+08:00 pid=71532 tid=1 mathtype-insert-perf stage=set-shape-geometry numbered=True inline=False deltaMs=2 totalMs=83
2026-09-06T19:55:19.4319732+08:00 pid=71532 tid=1 mathtype-insert-perf stage=repair-inline-paragraph numbered=True inline=False deltaMs=0 totalMs=83
2026-09-06T19:55:19.4319732+08:00 pid=71532 tid=1 mathtype-insert-perf stage=refresh-native-shape numbered=True inline=False deltaMs=0 totalMs=83
2026-09-06T19:55:19.4579703+08:00 pid=71532 tid=1 mathtype-insert-perf stage=bind-created-object-identity numbered=True inline=False deltaMs=26 totalMs=109
2026-09-06T19:55:19.4589703+08:00 pid=71532 tid=1 mathtype-insert-perf stage=complete numbered=True inline=False deltaMs=1 totalMs=110
2026-09-06T19:55:19.4589703+08:00 pid=71532 tid=1 word-undo-end recording=True level=1
2026-09-06T19:55:19.4589703+08:00 pid=71532 tid=1 format-conversion-perf stage=insert-target formulaId=88f0c982-e7cf-4a69-9550-2988baeb31f2 numbered=True deltaMs=155 totalMs=716
2026-09-06T19:55:19.4599723+08:00 pid=71532 tid=1 format-conversion-undo-state stage=after-target-insert document=文档13 recording=False level=0
2026-09-06T19:55:19.4599723+08:00 pid=71532 tid=1 format-conversion-bookmarked-target-stable formulaId=88f0c982-e7cf-4a69-9550-2988baeb31f2 bookmark=VTMT_1f4dbc4ef9d547128e6590331c3060cf range=313:339 elapsedMs=0
2026-09-06T19:55:19.4609708+08:00 pid=71532 tid=1 format-conversion-direct-managed-omml-metadata-deleted formulaId=88f0c982-e7cf-4a69-9550-2988baeb31f2 numbered=True
2026-09-06T19:55:19.4609708+08:00 pid=71532 tid=1 format-conversion-perf stage=verify-target formulaId=88f0c982-e7cf-4a69-9550-2988baeb31f2 numbered=True deltaMs=1 totalMs=717
2026-09-06T19:55:19.4609708+08:00 pid=71532 tid=1 format-conversion-undo-state stage=before-source-delete document=文档13 recording=False level=0
2026-09-06T19:55:19.8373459+08:00 pid=71532 tid=1 format-conversion-direct-numbered-omml-delete formulaId=ee2486eb-95b3-469f-9556-447965f69d6f start=184
2026-09-06T19:55:19.8373459+08:00 pid=71532 tid=1 format-conversion-perf stage=delete-source-host formulaId=ee2486eb-95b3-469f-9556-447965f69d6f numbered=True deltaMs=376 totalMs=376
2026-09-06T19:55:19.8383459+08:00 pid=71532 tid=1 format-conversion-undo-state stage=after-source-delete document=文档13 recording=False level=0
2026-09-06T19:55:19.8785569+08:00 pid=71532 tid=1 word-undo-begin name=VisualTeX Insert MathType OLE Numbered Display Formula recording=False level=0
2026-09-06T19:55:19.8785569+08:00 pid=71532 tid=1 word-undo-started name=VisualTeX Insert MathType OLE Numbered Display Formula recording=True level=1
2026-09-06T19:55:19.9095553+08:00 pid=71532 tid=1 mathtype-insert-perf stage=resolve-insertion numbered=True inline=False deltaMs=31 totalMs=31
2026-09-06T19:55:19.9095553+08:00 pid=71532 tid=1 mathtype-insert-perf stage=clear-incomplete-number-row numbered=True inline=False deltaMs=0 totalMs=31
2026-09-06T19:55:19.9105562+08:00 pid=71532 tid=1 mathtype-insert-perf stage=number-template-heading-state numbered=True inline=False deltaMs=1 totalMs=32
2026-09-06T19:55:19.9115556+08:00 pid=71532 tid=1 mathtype-insert-perf stage=prepare-display-row numbered=True inline=False deltaMs=1 totalMs=33
2026-09-06T19:55:19.9185554+08:00 pid=71532 tid=1 mathtype-insert-perf stage=build-flat-opc numbered=True inline=False deltaMs=6 totalMs=39
2026-09-06T19:55:19.9185554+08:00 pid=71532 tid=1 mathtype-insert-perf stage=pre-insert-bookkeeping numbered=True inline=False deltaMs=1 totalMs=40
2026-09-06T19:55:19.9605576+08:00 pid=71532 tid=1 mathtype-insert-perf stage=insert-flat-opc numbered=True inline=False deltaMs=42 totalMs=82
2026-09-06T19:55:19.9615553+08:00 pid=71532 tid=1 mathtype-insert-perf stage=resolve-new-shape numbered=True inline=False deltaMs=1 totalMs=83
2026-09-06T19:55:19.9625573+08:00 pid=71532 tid=1 mathtype-insert-perf stage=set-shape-geometry numbered=True inline=False deltaMs=1 totalMs=84
2026-09-06T19:55:19.9625573+08:00 pid=71532 tid=1 mathtype-insert-perf stage=repair-inline-paragraph numbered=True inline=False deltaMs=0 totalMs=84
2026-09-06T19:55:19.9635558+08:00 pid=71532 tid=1 mathtype-insert-perf stage=refresh-native-shape numbered=True inline=False deltaMs=1 totalMs=85
2026-09-06T19:55:19.9826211+08:00 pid=71532 tid=1 mathtype-insert-perf stage=bind-created-object-identity numbered=True inline=False deltaMs=19 totalMs=104
2026-09-06T19:55:19.9826211+08:00 pid=71532 tid=1 mathtype-insert-perf stage=complete numbered=True inline=False deltaMs=0 totalMs=104
2026-09-06T19:55:19.9836272+08:00 pid=71532 tid=1 word-undo-end recording=True level=1
2026-09-06T19:55:19.9836272+08:00 pid=71532 tid=1 format-conversion-perf stage=insert-target formulaId=ee2486eb-95b3-469f-9556-447965f69d6f numbered=True deltaMs=146 totalMs=522
2026-09-06T19:55:19.9836272+08:00 pid=71532 tid=1 format-conversion-undo-state stage=after-target-insert document=文档13 recording=False level=0
2026-09-06T19:55:19.9836272+08:00 pid=71532 tid=1 format-conversion-bookmarked-target-stable formulaId=ee2486eb-95b3-469f-9556-447965f69d6f bookmark=VTMT_221575649f7f417c81a98b6ab170d913 range=185:211 elapsedMs=0
2026-09-06T19:55:19.9846285+08:00 pid=71532 tid=1 format-conversion-direct-managed-omml-metadata-deleted formulaId=ee2486eb-95b3-469f-9556-447965f69d6f numbered=True
2026-09-06T19:55:19.9846285+08:00 pid=71532 tid=1 format-conversion-perf stage=verify-target formulaId=ee2486eb-95b3-469f-9556-447965f69d6f numbered=True deltaMs=1 totalMs=523
2026-09-06T19:55:19.9856275+08:00 pid=71532 tid=1 format-conversion-undo-state stage=before-source-delete document=文档13 recording=False level=0
2026-09-06T19:55:20.0456271+08:00 pid=71532 tid=1 format-conversion-perf stage=delete-source-host formulaId=66f3940e-e4c1-4cd5-afbb-f848f28af9ba numbered=False deltaMs=60 totalMs=60
2026-09-06T19:55:20.0466268+08:00 pid=71532 tid=1 format-conversion-undo-state stage=after-source-delete document=文档13 recording=False level=0
2026-09-06T19:55:20.0671999+08:00 pid=71532 tid=1 word-undo-begin name=VisualTeX Insert MathType OLE Inline Formula recording=False level=0
2026-09-06T19:55:20.0671999+08:00 pid=71532 tid=1 word-undo-started name=VisualTeX Insert MathType OLE Inline Formula recording=True level=1
2026-09-06T19:55:20.0827369+08:00 pid=71532 tid=1 mathtype-insert-perf stage=resolve-insertion numbered=False inline=True deltaMs=15 totalMs=15
2026-09-06T19:55:20.0887370+08:00 pid=71532 tid=1 mathtype-insert-perf stage=build-flat-opc numbered=False inline=True deltaMs=6 totalMs=21
2026-09-06T19:55:20.0897394+08:00 pid=71532 tid=1 mathtype-insert-perf stage=pre-insert-bookkeeping numbered=False inline=True deltaMs=1 totalMs=22
2026-09-06T19:55:20.1278512+08:00 pid=71532 tid=1 mathtype-insert-perf stage=insert-flat-opc numbered=False inline=True deltaMs=38 totalMs=60
2026-09-06T19:55:20.1288509+08:00 pid=71532 tid=1 mathtype-insert-perf stage=resolve-new-shape numbered=False inline=True deltaMs=1 totalMs=61
2026-09-06T19:55:20.1298503+08:00 pid=71532 tid=1 mathtype-insert-perf stage=set-shape-geometry numbered=False inline=True deltaMs=1 totalMs=62
2026-09-06T19:55:20.1308499+08:00 pid=71532 tid=1 mathtype-insert-perf stage=repair-inline-paragraph numbered=False inline=True deltaMs=1 totalMs=63
2026-09-06T19:55:20.1308499+08:00 pid=71532 tid=1 mathtype-insert-perf stage=refresh-native-shape numbered=False inline=True deltaMs=0 totalMs=63
2026-09-06T19:55:20.1318525+08:00 pid=71532 tid=1 mathtype-insert-perf stage=set-native-baseline numbered=False inline=True deltaMs=1 totalMs=64
2026-09-06T19:55:20.1338497+08:00 pid=71532 tid=1 mathtype-insert-perf stage=restore-typing-baseline numbered=False inline=True deltaMs=2 totalMs=66
2026-09-06T19:55:20.1338497+08:00 pid=71532 tid=1 mathtype-insert-perf stage=bind-created-object-identity numbered=False inline=True deltaMs=1 totalMs=67
2026-09-06T19:55:20.1348497+08:00 pid=71532 tid=1 mathtype-insert-perf stage=complete numbered=False inline=True deltaMs=0 totalMs=67
2026-09-06T19:55:20.1348497+08:00 pid=71532 tid=1 word-undo-end recording=True level=1
2026-09-06T19:55:20.1348497+08:00 pid=71532 tid=1 format-conversion-perf stage=insert-target formulaId=66f3940e-e4c1-4cd5-afbb-f848f28af9ba numbered=False deltaMs=89 totalMs=149
2026-09-06T19:55:20.1348497+08:00 pid=71532 tid=1 format-conversion-undo-state stage=after-target-insert document=文档13 recording=False level=0
2026-09-06T19:55:20.1348497+08:00 pid=71532 tid=1 format-conversion-bookmarked-target-stable formulaId=66f3940e-e4c1-4cd5-afbb-f848f28af9ba bookmark=VTMT_2362ab2cc34c41ca94a7876639957e9b range=145:171 elapsedMs=0
2026-09-06T19:55:20.1358508+08:00 pid=71532 tid=1 format-conversion-perf stage=verify-target formulaId=66f3940e-e4c1-4cd5-afbb-f848f28af9ba numbered=False deltaMs=1 totalMs=150
2026-09-06T19:55:20.1358508+08:00 pid=71532 tid=1 format-conversion-undo-state stage=before-source-delete document=文档13 recording=False level=0
2026-09-06T19:55:20.2735355+08:00 pid=71532 tid=1 format-conversion-direct-numbered-omml-delete formulaId=2f8f53e0-965a-4e82-a88b-c2bc7a4ba215 start=0
2026-09-06T19:55:20.2745346+08:00 pid=71532 tid=1 format-conversion-perf stage=delete-source-host formulaId=2f8f53e0-965a-4e82-a88b-c2bc7a4ba215 numbered=True deltaMs=138 totalMs=138
2026-09-06T19:55:20.2745346+08:00 pid=71532 tid=1 format-conversion-undo-state stage=after-source-delete document=文档13 recording=False level=0
2026-09-06T19:55:20.2945431+08:00 pid=71532 tid=1 word-undo-begin name=VisualTeX Insert MathType OLE Numbered Display Formula recording=False level=0
2026-09-06T19:55:20.2955426+08:00 pid=71532 tid=1 word-undo-started name=VisualTeX Insert MathType OLE Numbered Display Formula recording=True level=1
2026-09-06T19:55:20.2985442+08:00 pid=71532 tid=1 mathtype-insert-perf stage=resolve-insertion numbered=True inline=False deltaMs=3 totalMs=3
2026-09-06T19:55:20.2995423+08:00 pid=71532 tid=1 mathtype-insert-perf stage=clear-incomplete-number-row numbered=True inline=False deltaMs=1 totalMs=4
2026-09-06T19:55:20.2995423+08:00 pid=71532 tid=1 mathtype-insert-perf stage=number-template-heading-state numbered=True inline=False deltaMs=0 totalMs=4
2026-09-06T19:55:20.3005417+08:00 pid=71532 tid=1 mathtype-insert-perf stage=prepare-display-row numbered=True inline=False deltaMs=1 totalMs=5
2026-09-06T19:55:20.3055416+08:00 pid=71532 tid=1 mathtype-insert-perf stage=build-flat-opc numbered=True inline=False deltaMs=5 totalMs=10
2026-09-06T19:55:20.3065422+08:00 pid=71532 tid=1 mathtype-insert-perf stage=pre-insert-bookkeeping numbered=True inline=False deltaMs=1 totalMs=11
2026-09-06T19:55:20.3431167+08:00 pid=71532 tid=1 mathtype-insert-perf stage=insert-flat-opc numbered=True inline=False deltaMs=37 totalMs=48
2026-09-06T19:55:20.3441194+08:00 pid=71532 tid=1 mathtype-insert-perf stage=resolve-new-shape numbered=True inline=False deltaMs=1 totalMs=49
2026-09-06T19:55:20.3451170+08:00 pid=71532 tid=1 mathtype-insert-perf stage=set-shape-geometry numbered=True inline=False deltaMs=1 totalMs=50
2026-09-06T19:55:20.3451170+08:00 pid=71532 tid=1 mathtype-insert-perf stage=repair-inline-paragraph numbered=True inline=False deltaMs=0 totalMs=50
2026-09-06T19:55:20.3461168+08:00 pid=71532 tid=1 mathtype-insert-perf stage=refresh-native-shape numbered=True inline=False deltaMs=0 totalMs=50
2026-09-06T19:55:20.3521192+08:00 pid=71532 tid=1 mathtype-insert-perf stage=bind-created-object-identity numbered=True inline=False deltaMs=7 totalMs=57
2026-09-06T19:55:20.3531170+08:00 pid=71532 tid=1 mathtype-insert-perf stage=complete numbered=True inline=False deltaMs=0 totalMs=57
2026-09-06T19:55:20.3531170+08:00 pid=71532 tid=1 word-undo-end recording=True level=1
2026-09-06T19:55:20.3531170+08:00 pid=71532 tid=1 format-conversion-perf stage=insert-target formulaId=2f8f53e0-965a-4e82-a88b-c2bc7a4ba215 numbered=True deltaMs=78 totalMs=216
2026-09-06T19:55:20.3531170+08:00 pid=71532 tid=1 format-conversion-undo-state stage=after-target-insert document=文档13 recording=False level=0
2026-09-06T19:55:20.3531170+08:00 pid=71532 tid=1 format-conversion-bookmarked-target-stable formulaId=2f8f53e0-965a-4e82-a88b-c2bc7a4ba215 bookmark=VTMT_123bcabcbeaf4704b03d0e2db55d327f range=1:27 elapsedMs=0
2026-09-06T19:55:20.3541192+08:00 pid=71532 tid=1 format-conversion-direct-managed-omml-metadata-deleted formulaId=2f8f53e0-965a-4e82-a88b-c2bc7a4ba215 numbered=True
2026-09-06T19:55:20.3541192+08:00 pid=71532 tid=1 format-conversion-perf stage=verify-target formulaId=2f8f53e0-965a-4e82-a88b-c2bc7a4ba215 numbered=True deltaMs=1 totalMs=217
2026-09-06T19:55:20.3541192+08:00 pid=71532 tid=1 format-conversion-finalize-perf stage=source-residual-check sourceMode=wordOmml targetMode=mathTypeOle deltaMs=0 totalMs=0
2026-09-06T19:55:20.3571183+08:00 pid=71532 tid=1 format-conversion-finalize-perf stage=target-count-check sourceMode=wordOmml targetMode=mathTypeOle deltaMs=2 totalMs=2
2026-09-06T19:55:20.5743697+08:00 pid=71532 tid=1 format-conversion-reference-aliases-restored sourceMode=wordOmml targetMode=mathTypeOle aliases=1 refreshedReferences=0 restoredFormatting=1
2026-09-06T19:55:20.6029407+08:00 pid=71532 tid=1 format-conversion-finalize-perf stage=numbering-reconcile sourceMode=wordOmml targetMode=mathTypeOle deltaMs=246 totalMs=248
2026-09-06T19:55:20.6049402+08:00 pid=71532 tid=1 format-conversion-finalize-perf stage=omml-fingerprint-refresh sourceMode=wordOmml targetMode=mathTypeOle deltaMs=2 totalMs=250
2026-09-06T19:55:20.6099397+08:00 pid=71532 tid=1 format-conversion-transaction-completed targets=7
2026-09-06T19:55:20.6109410+08:00 pid=71532 tid=1 format-conversion-word-apply-finished sourceMode=wordOmml targetMode=mathTypeOle converted=7 failed=0
2026-09-06T19:55:20.6109410+08:00 pid=71532 tid=1 format-conversion-complete source=OMML target=MathType converted=7 failed=0
2026-09-06T19:55:34.5914766+08:00 pid=71532 tid=27 ribbon-session-operation-released sessionId=61611743-d7d2-4300-8860-d9426cc86c1e
2026-09-06T19:55:50.3636197+08:00 pid=71532 tid=12 left-down x=1776 y=1270 wordForeground=False
2026-09-06T19:55:53.4583617+08:00 pid=71532 tid=1 word-undo-begin name=VisualTeX Update MathType OLE Formula recording=False level=0
2026-09-06T19:55:53.4583617+08:00 pid=71532 tid=1 word-undo-started name=VisualTeX Update MathType OLE Formula recording=True level=1
2026-09-06T19:55:53.4593648+08:00 pid=71532 tid=1 mathtype-replace-stage stage=resolve-source formulaId=2e41ad3b-6b70-46a6-9aa5-200bc15d1891
2026-09-06T19:55:53.4613617+08:00 pid=71532 tid=1 mathtype-replace-numbering source=True:right target=True:right changed=False
2026-09-06T19:55:53.4613617+08:00 pid=71532 tid=1 mathtype-replace-stage stage=read-source-flat-opc formulaId=2e41ad3b-6b70-46a6-9aa5-200bc15d1891
2026-09-06T19:55:53.4899156+08:00 pid=71532 tid=1 mathtype-replace-stage stage=read-source-flat-opc-complete formulaId=2e41ad3b-6b70-46a6-9aa5-200bc15d1891
2026-09-06T19:55:53.4899156+08:00 pid=71532 tid=1 mathtype-replace-stage stage=rewrite-cfb formulaId=2e41ad3b-6b70-46a6-9aa5-200bc15d1891
2026-09-06T19:55:53.6470011+08:00 pid=71532 tid=1 mathtype-replace-native-preview formulaId=2e41ad3b-6b70-46a6-9aa5-200bc15d1891 sourceWord=52.05x15@-3 sourceNative=52x15@-3 rewrittenNative=38x15@-3 scale=1.001x1 target=38.037x15@-3
2026-09-06T19:55:53.6475236+08:00 pid=71532 tid=1 mathtype-replace-stage stage=rewrite-flat-opc formulaId=2e41ad3b-6b70-46a6-9aa5-200bc15d1891
2026-09-06T19:55:53.6516804+08:00 pid=71532 tid=1 mathtype-replace-stage stage=rewrite-flat-opc-complete formulaId=2e41ad3b-6b70-46a6-9aa5-200bc15d1891
2026-09-06T19:55:53.6556921+08:00 pid=71532 tid=1 mathtype-replace-stage stage=delete-source formulaId=2e41ad3b-6b70-46a6-9aa5-200bc15d1891
2026-09-06T19:55:53.6596877+08:00 pid=71532 tid=1 mathtype-replace-stage stage=insert-rewritten-flat-opc formulaId=2e41ad3b-6b70-46a6-9aa5-200bc15d1891
2026-09-06T19:55:53.7102908+08:00 pid=71532 tid=1 mathtype-replace-stage stage=insert-rewritten-flat-opc-complete formulaId=2e41ad3b-6b70-46a6-9aa5-200bc15d1891
2026-09-06T19:55:53.7212913+08:00 pid=71532 tid=1 mathtype-replace-stage stage=validate-replacement formulaId=2e41ad3b-6b70-46a6-9aa5-200bc15d1891
2026-09-06T19:55:53.7582934+08:00 pid=71532 tid=1 mathtype-replace-stage stage=complete formulaId=2e41ad3b-6b70-46a6-9aa5-200bc15d1891
2026-09-06T19:55:53.7822928+08:00 pid=71532 tid=1 word-undo-end recording=False level=0
2026-09-06T19:55:53.7862919+08:00 pid=71532 tid=24 ribbon-session-operation-released sessionId=c6dd647a-8644-4964-92f3-37e8e8db4f95
2026-09-06T19:56:04.8031513+08:00 pid=71532 tid=1 format-conversion-start sourceMode=mathTypeOle targetMode=nativeOle wholeDocument=True
2026-09-06T19:56:04.8496877+08:00 pid=71532 tid=1 format-conversion-plan-bulk-ole-snapshot count=7 elapsedMs=46
2026-09-06T19:56:04.8506876+08:00 pid=71532 tid=1 format-conversion-plan-perf stage=shape-access source=mathTypeOle index=1/7 deltaMs=0 totalMs=0
2026-09-06T19:56:04.8519967+08:00 pid=71532 tid=1 format-conversion-plan-perf stage=identify-mathtype source=mathTypeOle index=1/7 deltaMs=0 totalMs=0
2026-09-06T19:56:04.8545062+08:00 pid=71532 tid=1 format-conversion-plan-perf stage=read-mathml-bulk source=mathTypeOle index=1/7 deltaMs=3 totalMs=3
2026-09-06T19:56:04.8565064+08:00 pid=71532 tid=1 format-conversion-plan-perf stage=read-metadata source=mathTypeOle index=1/7 deltaMs=3 totalMs=6
2026-09-06T19:56:04.8575070+08:00 pid=71532 tid=1 format-conversion-plan-perf stage=number-position source=mathTypeOle index=1/7 deltaMs=0 totalMs=6
2026-09-06T19:56:04.8575070+08:00 pid=71532 tid=1 format-conversion-plan-perf stage=shape-range source=mathTypeOle index=1/7 deltaMs=1 totalMs=7
2026-09-06T19:56:04.8585064+08:00 pid=71532 tid=1 format-conversion-plan-perf stage=target-added source=mathTypeOle index=1/7 deltaMs=0 totalMs=7
2026-09-06T19:56:04.8585064+08:00 pid=71532 tid=1 format-conversion-plan-perf stage=shape-access source=mathTypeOle index=2/7 deltaMs=0 totalMs=0
2026-09-06T19:56:04.8595062+08:00 pid=71532 tid=1 format-conversion-plan-perf stage=identify-mathtype source=mathTypeOle index=2/7 deltaMs=0 totalMs=0
2026-09-06T19:56:04.8625070+08:00 pid=71532 tid=1 format-conversion-plan-perf stage=read-mathml-bulk source=mathTypeOle index=2/7 deltaMs=3 totalMs=3
2026-09-06T19:56:04.8635083+08:00 pid=71532 tid=1 format-conversion-plan-perf stage=read-metadata source=mathTypeOle index=2/7 deltaMs=2 totalMs=5
2026-09-06T19:56:04.8645080+08:00 pid=71532 tid=1 format-conversion-plan-perf stage=number-position source=mathTypeOle index=2/7 deltaMs=0 totalMs=5
2026-09-06T19:56:04.8655085+08:00 pid=71532 tid=1 format-conversion-plan-perf stage=shape-range source=mathTypeOle index=2/7 deltaMs=1 totalMs=6
2026-09-06T19:56:04.8715075+08:00 pid=71532 tid=1 format-conversion-plan-perf stage=target-added source=mathTypeOle index=2/7 deltaMs=6 totalMs=12
2026-09-06T19:56:04.8725061+08:00 pid=71532 tid=1 format-conversion-plan-perf stage=shape-access source=mathTypeOle index=3/7 deltaMs=0 totalMs=0
2026-09-06T19:56:04.8725061+08:00 pid=71532 tid=1 format-conversion-plan-perf stage=identify-mathtype source=mathTypeOle index=3/7 deltaMs=0 totalMs=0
2026-09-06T19:56:04.8855056+08:00 pid=71532 tid=1 format-conversion-plan-perf stage=read-mathml-bulk source=mathTypeOle index=3/7 deltaMs=13 totalMs=13
2026-09-06T19:56:04.8880827+08:00 pid=71532 tid=1 format-conversion-plan-perf stage=read-metadata source=mathTypeOle index=3/7 deltaMs=2 totalMs=15
2026-09-06T19:56:04.8890822+08:00 pid=71532 tid=1 format-conversion-plan-perf stage=number-position source=mathTypeOle index=3/7 deltaMs=1 totalMs=16
2026-09-06T19:56:04.8890822+08:00 pid=71532 tid=1 format-conversion-plan-perf stage=shape-range source=mathTypeOle index=3/7 deltaMs=1 totalMs=17
2026-09-06T19:56:04.8920130+08:00 pid=71532 tid=1 format-conversion-plan-perf stage=target-added source=mathTypeOle index=3/7 deltaMs=2 totalMs=19
2026-09-06T19:56:04.8930130+08:00 pid=71532 tid=1 format-conversion-plan-perf stage=shape-access source=mathTypeOle index=4/7 deltaMs=0 totalMs=0
2026-09-06T19:56:04.8930130+08:00 pid=71532 tid=1 format-conversion-plan-perf stage=identify-mathtype source=mathTypeOle index=4/7 deltaMs=0 totalMs=0
2026-09-06T19:56:04.8960132+08:00 pid=71532 tid=1 format-conversion-plan-perf stage=read-mathml-bulk source=mathTypeOle index=4/7 deltaMs=3 totalMs=3
2026-09-06T19:56:04.8980131+08:00 pid=71532 tid=1 format-conversion-plan-perf stage=read-metadata source=mathTypeOle index=4/7 deltaMs=2 totalMs=5
2026-09-06T19:56:04.8990133+08:00 pid=71532 tid=1 format-conversion-plan-perf stage=number-position source=mathTypeOle index=4/7 deltaMs=1 totalMs=6
2026-09-06T19:56:04.9000132+08:00 pid=71532 tid=1 format-conversion-plan-perf stage=shape-range source=mathTypeOle index=4/7 deltaMs=0 totalMs=6
2026-09-06T19:56:04.9040156+08:00 pid=71532 tid=1 format-conversion-plan-perf stage=target-added source=mathTypeOle index=4/7 deltaMs=5 totalMs=11
2026-09-06T19:56:04.9050131+08:00 pid=71532 tid=1 format-conversion-plan-perf stage=shape-access source=mathTypeOle index=5/7 deltaMs=0 totalMs=0
2026-09-06T19:56:04.9050131+08:00 pid=71532 tid=1 format-conversion-plan-perf stage=identify-mathtype source=mathTypeOle index=5/7 deltaMs=0 totalMs=0
2026-09-06T19:56:04.9179620+08:00 pid=71532 tid=1 format-conversion-plan-perf stage=read-mathml-bulk source=mathTypeOle index=5/7 deltaMs=13 totalMs=13
2026-09-06T19:56:04.9205704+08:00 pid=71532 tid=1 format-conversion-plan-perf stage=read-metadata source=mathTypeOle index=5/7 deltaMs=2 totalMs=15
2026-09-06T19:56:04.9210975+08:00 pid=71532 tid=1 format-conversion-plan-perf stage=number-position source=mathTypeOle index=5/7 deltaMs=1 totalMs=16
2026-09-06T19:56:04.9216190+08:00 pid=71532 tid=1 format-conversion-plan-perf stage=shape-range source=mathTypeOle index=5/7 deltaMs=0 totalMs=16
2026-09-06T19:56:04.9247464+08:00 pid=71532 tid=1 format-conversion-plan-perf stage=target-added source=mathTypeOle index=5/7 deltaMs=3 totalMs=19
2026-09-06T19:56:04.9252501+08:00 pid=71532 tid=1 format-conversion-plan-perf stage=shape-access source=mathTypeOle index=6/7 deltaMs=0 totalMs=0
2026-09-06T19:56:04.9252501+08:00 pid=71532 tid=1 format-conversion-plan-perf stage=identify-mathtype source=mathTypeOle index=6/7 deltaMs=0 totalMs=0
2026-09-06T19:56:04.9392551+08:00 pid=71532 tid=1 format-conversion-plan-perf stage=read-mathml-bulk source=mathTypeOle index=6/7 deltaMs=14 totalMs=14
2026-09-06T19:56:04.9412572+08:00 pid=71532 tid=1 format-conversion-plan-perf stage=read-metadata source=mathTypeOle index=6/7 deltaMs=2 totalMs=16
2026-09-06T19:56:04.9422580+08:00 pid=71532 tid=1 format-conversion-plan-perf stage=number-position source=mathTypeOle index=6/7 deltaMs=1 totalMs=17
2026-09-06T19:56:04.9432556+08:00 pid=71532 tid=1 format-conversion-plan-perf stage=shape-range source=mathTypeOle index=6/7 deltaMs=0 totalMs=17
2026-09-06T19:56:04.9462557+08:00 pid=71532 tid=1 format-conversion-plan-perf stage=target-added source=mathTypeOle index=6/7 deltaMs=3 totalMs=20
2026-09-06T19:56:04.9462557+08:00 pid=71532 tid=1 format-conversion-plan-perf stage=shape-access source=mathTypeOle index=7/7 deltaMs=0 totalMs=0
2026-09-06T19:56:04.9472563+08:00 pid=71532 tid=1 format-conversion-plan-perf stage=identify-mathtype source=mathTypeOle index=7/7 deltaMs=0 totalMs=0
2026-09-06T19:56:04.9593257+08:00 pid=71532 tid=1 format-conversion-plan-perf stage=read-mathml-bulk source=mathTypeOle index=7/7 deltaMs=12 totalMs=12
2026-09-06T19:56:04.9613263+08:00 pid=71532 tid=1 format-conversion-plan-perf stage=read-metadata source=mathTypeOle index=7/7 deltaMs=3 totalMs=15
2026-09-06T19:56:04.9623274+08:00 pid=71532 tid=1 format-conversion-plan-perf stage=number-position source=mathTypeOle index=7/7 deltaMs=0 totalMs=15
2026-09-06T19:56:04.9633266+08:00 pid=71532 tid=1 format-conversion-plan-perf stage=shape-range source=mathTypeOle index=7/7 deltaMs=1 totalMs=16
2026-09-06T19:56:04.9663267+08:00 pid=71532 tid=1 format-conversion-plan-perf stage=target-added source=mathTypeOle index=7/7 deltaMs=3 totalMs=19
2026-09-06T19:56:04.9663267+08:00 pid=71532 tid=1 format-conversion-plan sourceMode=mathTypeOle targetMode=nativeOle targets=7
2026-09-06T19:56:08.4096034+08:00 pid=71532 tid=1 bulk-import converter-create display=block mode=nativeOle latex=a^{2}+b^{2}=c^{2}
2026-09-06T19:56:08.4146139+08:00 pid=71532 tid=9 bulk-import converter-created sessionId=02ca5425-8525-4f25-ad29-aeafdf78a61e
2026-09-06T19:56:08.4156119+08:00 pid=71532 tid=9 bulk-import converter-create display=inline mode=nativeOle latex=\sqrt{E-u(x)}=\frac{1}{f(\omega )v_{ph}(\omega ,x)}
2026-09-06T19:56:08.4206127+08:00 pid=71532 tid=9 bulk-import converter-created sessionId=694ec506-f331-4a99-929e-450e92aa1e84
2026-09-06T19:56:08.4206127+08:00 pid=71532 tid=9 bulk-import converter-create display=block mode=nativeOle latex=\left\{ \begin{matrix}\frac{\mathrm{d}}{\mathrm{d}\omega }(\omega f(\omega ))=0 \\ \frac{\omega f(\omega )}{2}\frac{\mathrm{d}E(\omega )}{\mathrm{d}\omega }=\sqrt{\frac{m}{2}}\end{matrix}\right.
2026-09-06T19:56:08.4256138+08:00 pid=71532 tid=9 bulk-import converter-created sessionId=19e8bcd2-84fc-494f-8863-798501a44efd
2026-09-06T19:56:08.4256138+08:00 pid=71532 tid=9 bulk-import converter-create display=block mode=nativeOle latex=E=mc^{2}
2026-09-06T19:56:08.4316112+08:00 pid=71532 tid=9 bulk-import converter-created sessionId=5bd5afa3-5764-482a-8d7d-a602cfb8b0bb
2026-09-06T19:56:08.4326123+08:00 pid=71532 tid=9 bulk-import converter-create display=block mode=nativeOle latex=i\hbar \frac{\partial }{\partial t}\psi (\mathbf{r},t)=[-\frac{\hbar^{2}}{2m}\nabla^{2}+V(\mathbf{r},t)]\psi (\mathbf{r},t)
2026-09-06T19:56:08.4376131+08:00 pid=71532 tid=9 bulk-import converter-created sessionId=940dd9e9-a08e-430b-8eab-528f32c154be
2026-09-06T19:56:08.4376131+08:00 pid=71532 tid=9 bulk-import converter-create display=block mode=nativeOle latex=\frac{\partial }{\partial t}\psi^{\ast}(\vec{r})\psi (\vec{r})=\frac{i\hbar }{2m}\nabla \cdot [\psi^{\ast}(\vec{r})\nabla \psi (\vec{r})-\psi (\vec{r})\nabla \psi^{\ast}(r)]
2026-09-06T19:56:08.4426150+08:00 pid=71532 tid=9 bulk-import converter-created sessionId=a0011c67-1c22-4719-8e10-7c90b56293da
2026-09-06T19:56:08.4426150+08:00 pid=71532 tid=9 bulk-import converter-create display=block mode=nativeOle latex=\frac{\partial }{\partial t}\rho (\vec{r},t)+\nabla \cdot \vec{j}=0
2026-09-06T19:56:08.4456124+08:00 pid=71532 tid=9 bulk-import converter-created sessionId=43d65dfd-d6aa-4cd1-9326-315f095d5b11
2026-09-06T19:56:08.4456124+08:00 pid=71532 tid=9 format-conversion-render-start sourceMode=mathTypeOle targetMode=nativeOle sessions=7
2026-09-06T19:56:08.5647877+08:00 pid=71532 tid=9 format-conversion-rendered sourceMode=mathTypeOle targetMode=nativeOle sessionId=02ca5425-8525-4f25-ad29-aeafdf78a61e status=committing
2026-09-06T19:56:08.6723123+08:00 pid=71532 tid=27 format-conversion-rendered sourceMode=mathTypeOle targetMode=nativeOle sessionId=694ec506-f331-4a99-929e-450e92aa1e84 status=committing
2026-09-06T19:56:08.7850179+08:00 pid=71532 tid=9 format-conversion-rendered sourceMode=mathTypeOle targetMode=nativeOle sessionId=19e8bcd2-84fc-494f-8863-798501a44efd status=committing
2026-09-06T19:56:08.8787400+08:00 pid=71532 tid=27 format-conversion-rendered sourceMode=mathTypeOle targetMode=nativeOle sessionId=5bd5afa3-5764-482a-8d7d-a602cfb8b0bb status=committing
2026-09-06T19:56:08.9875559+08:00 pid=71532 tid=9 format-conversion-rendered sourceMode=mathTypeOle targetMode=nativeOle sessionId=940dd9e9-a08e-430b-8eab-528f32c154be status=committing
2026-09-06T19:56:09.0927609+08:00 pid=71532 tid=27 format-conversion-rendered sourceMode=mathTypeOle targetMode=nativeOle sessionId=a0011c67-1c22-4719-8e10-7c90b56293da status=committing
2026-09-06T19:56:09.1905058+08:00 pid=71532 tid=9 format-conversion-rendered sourceMode=mathTypeOle targetMode=nativeOle sessionId=43d65dfd-d6aa-4cd1-9326-315f095d5b11 status=committing
2026-09-06T19:56:09.1905058+08:00 pid=71532 tid=9 format-conversion-word-apply-start sourceMode=mathTypeOle targetMode=nativeOle targets=7
2026-09-06T19:56:09.2602405+08:00 pid=71532 tid=1 format-conversion-mathtype-visualtex-atomic-buffer-created
2026-09-06T19:56:09.2607482+08:00 pid=71532 tid=1 format-conversion-runtime assembly=C:\Users\pojian_liao\AppData\Local\VisualTeX\office\remediation-builds\6EF02523AE3D2905EB83E155D14F50F4ED648E0D4D32BEB0451A2209D5955988\VisualTeX.WordVsto.dll source=mathTypeOle target=nativeOle targetIsVisualTeX=True targetIsMathType=False
2026-09-06T19:56:09.2767554+08:00 pid=71532 tid=1 format-conversion-reference-aliases-captured sourceMode=mathTypeOle formulaId=4bdb278c-828e-4ff6-badc-75a9c7fe3196 aliases=VTEqNum_b595e5b940e04dee96d941963d9eec5c
2026-09-06T19:56:11.0420909+08:00 pid=71532 tid=1 word-undo-begin name=VisualTeX Convert Formula Format recording=False level=0
2026-09-06T19:56:11.0430923+08:00 pid=71532 tid=1 word-undo-started name=VisualTeX Convert Formula Format recording=True level=1
2026-09-06T19:56:11.0430923+08:00 pid=71532 tid=1 format-conversion-undo-state stage=before-preferences document=文档13 recording=True level=1
2026-09-06T19:56:11.0440917+08:00 pid=71532 tid=1 format-conversion-transaction-start targets=7
2026-09-06T19:56:11.0440917+08:00 pid=71532 tid=1 format-conversion-undo-state stage=after-preferences document=文档13 recording=True level=1
2026-09-06T19:56:11.0450917+08:00 pid=71532 tid=1 format-conversion-mathtype-source-identity-bound formulaId=60b0f48e-29cf-42a6-a814-01ac38fa9afc bookmark=VTFCI_fca4caf5200b4c1697cfec23dc39bda1 range=1472:1498
2026-09-06T19:56:11.0450917+08:00 pid=71532 tid=1 format-conversion-undo-state stage=before-source-delete document=文档13 recording=True level=1
2026-09-06T19:56:11.0518687+08:00 pid=71532 tid=1 format-conversion-mathtype-visualtex-paragraph-atomically-replaced formulaId=60b0f48e-29cf-42a6-a814-01ac38fa9afc bookmark=VTFCI_fca4caf5200b4c1697cfec23dc39bda1 range=1471:1706 start=1471
2026-09-06T19:56:11.0518687+08:00 pid=71532 tid=1 format-conversion-perf stage=delete-source-host formulaId=60b0f48e-29cf-42a6-a814-01ac38fa9afc numbered=True deltaMs=7 totalMs=7
2026-09-06T19:56:11.0523860+08:00 pid=71532 tid=1 format-conversion-undo-state stage=after-source-delete document=文档13 recording=True level=1
2026-09-06T19:56:11.0523860+08:00 pid=71532 tid=1 format-conversion-forward-source-check stage=delete-source formulaId=60b0f48e-29cf-42a6-a814-01ac38fa9afc bookmarkMissing=True present=False
2026-09-06T19:56:11.0533853+08:00 pid=71532 tid=1 word-undo-begin name=VisualTeX Insert Native OLE Display Formula recording=True level=1
2026-09-06T19:56:11.1325526+08:00 pid=71532 tid=1 format-conversion-perf stage=insert-target formulaId=60b0f48e-29cf-42a6-a814-01ac38fa9afc numbered=True deltaMs=81 totalMs=88
2026-09-06T19:56:11.1325526+08:00 pid=71532 tid=1 format-conversion-undo-state stage=after-target-insert document=文档13 recording=True level=1
2026-09-06T19:56:11.1325526+08:00 pid=71532 tid=1 format-conversion-forward-source-check stage=insert-target formulaId=60b0f48e-29cf-42a6-a814-01ac38fa9afc bookmarkMissing=True present=False
2026-09-06T19:56:11.1335524+08:00 pid=71532 tid=1 format-conversion-bookmarked-visualtex-target-stable sourceFormulaId=60b0f48e-29cf-42a6-a814-01ac38fa9afc formulaId=e412dc17-2ecd-462c-b748-220d43cee8c0 localAnchorRepair=False elapsedMs=0
2026-09-06T19:56:11.1335524+08:00 pid=71532 tid=1 format-conversion-forward-source-check stage=post-transaction formulaId=60b0f48e-29cf-42a6-a814-01ac38fa9afc bookmarkMissing=True present=False
2026-09-06T19:56:11.1345526+08:00 pid=71532 tid=1 format-conversion-perf stage=verify-target formulaId=60b0f48e-29cf-42a6-a814-01ac38fa9afc numbered=True deltaMs=1 totalMs=89
2026-09-06T19:56:11.1345526+08:00 pid=71532 tid=1 format-conversion-mathtype-source-identity-bound formulaId=2130a7f6-a386-4cb8-8dbf-1c246ab80d6d bookmark=VTFCI_9bc25f236f3d4d0f9a0699e7c7061a17 range=1219:1245
2026-09-06T19:56:11.1345526+08:00 pid=71532 tid=1 format-conversion-undo-state stage=before-source-delete document=文档13 recording=True level=1
2026-09-06T19:56:11.1579520+08:00 pid=71532 tid=1 format-conversion-mathtype-visualtex-paragraph-atomically-replaced formulaId=2130a7f6-a386-4cb8-8dbf-1c246ab80d6d bookmark=VTFCI_9bc25f236f3d4d0f9a0699e7c7061a17 range=1218:1453 start=1218
2026-09-06T19:56:11.1579520+08:00 pid=71532 tid=1 format-conversion-perf stage=delete-source-host formulaId=2130a7f6-a386-4cb8-8dbf-1c246ab80d6d numbered=True deltaMs=23 totalMs=23
2026-09-06T19:56:11.1579520+08:00 pid=71532 tid=1 format-conversion-undo-state stage=after-source-delete document=文档13 recording=True level=1
2026-09-06T19:56:11.1579520+08:00 pid=71532 tid=1 format-conversion-forward-source-check stage=delete-source formulaId=2130a7f6-a386-4cb8-8dbf-1c246ab80d6d bookmarkMissing=True present=False
2026-09-06T19:56:11.1589524+08:00 pid=71532 tid=1 word-undo-begin name=VisualTeX Insert Native OLE Display Formula recording=True level=1
2026-09-06T19:56:11.2193085+08:00 pid=71532 tid=1 format-conversion-perf stage=insert-target formulaId=2130a7f6-a386-4cb8-8dbf-1c246ab80d6d numbered=True deltaMs=61 totalMs=84
2026-09-06T19:56:11.2193085+08:00 pid=71532 tid=1 format-conversion-undo-state stage=after-target-insert document=文档13 recording=True level=1
2026-09-06T19:56:11.2203109+08:00 pid=71532 tid=1 format-conversion-forward-source-check stage=insert-target formulaId=2130a7f6-a386-4cb8-8dbf-1c246ab80d6d bookmarkMissing=True present=False
2026-09-06T19:56:11.2203109+08:00 pid=71532 tid=1 format-conversion-bookmarked-visualtex-target-stable sourceFormulaId=2130a7f6-a386-4cb8-8dbf-1c246ab80d6d formulaId=0f51f030-4184-429a-9a7b-9b799600d485 localAnchorRepair=False elapsedMs=0
2026-09-06T19:56:11.2203109+08:00 pid=71532 tid=1 format-conversion-forward-source-check stage=post-transaction formulaId=2130a7f6-a386-4cb8-8dbf-1c246ab80d6d bookmarkMissing=True present=False
2026-09-06T19:56:11.2213089+08:00 pid=71532 tid=1 format-conversion-perf stage=verify-target formulaId=2130a7f6-a386-4cb8-8dbf-1c246ab80d6d numbered=True deltaMs=2 totalMs=86
2026-09-06T19:56:11.2213089+08:00 pid=71532 tid=1 format-conversion-mathtype-source-identity-bound formulaId=60479cbd-2113-43a6-81de-486d6fe4527d bookmark=VTFCI_03eabfca9ef8435483ff153b17450d51 range=976:1002
2026-09-06T19:56:11.2213089+08:00 pid=71532 tid=1 format-conversion-undo-state stage=before-source-delete document=文档13 recording=True level=1
2026-09-06T19:56:11.2434561+08:00 pid=71532 tid=1 format-conversion-mathtype-visualtex-paragraph-atomically-replaced formulaId=60479cbd-2113-43a6-81de-486d6fe4527d bookmark=VTFCI_03eabfca9ef8435483ff153b17450d51 range=975:1210 start=975
2026-09-06T19:56:11.2434561+08:00 pid=71532 tid=1 format-conversion-perf stage=delete-source-host formulaId=60479cbd-2113-43a6-81de-486d6fe4527d numbered=True deltaMs=22 totalMs=22
2026-09-06T19:56:11.2434561+08:00 pid=71532 tid=1 format-conversion-undo-state stage=after-source-delete document=文档13 recording=True level=1
2026-09-06T19:56:11.2444628+08:00 pid=71532 tid=1 format-conversion-forward-source-check stage=delete-source formulaId=60479cbd-2113-43a6-81de-486d6fe4527d bookmarkMissing=True present=False
2026-09-06T19:56:11.2444628+08:00 pid=71532 tid=1 word-undo-begin name=VisualTeX Insert Native OLE Display Formula recording=True level=1
2026-09-06T19:56:11.3038834+08:00 pid=71532 tid=1 format-conversion-perf stage=insert-target formulaId=60479cbd-2113-43a6-81de-486d6fe4527d numbered=True deltaMs=61 totalMs=83
2026-09-06T19:56:11.3048852+08:00 pid=71532 tid=1 format-conversion-undo-state stage=after-target-insert document=文档13 recording=True level=1
2026-09-06T19:56:11.3048852+08:00 pid=71532 tid=1 format-conversion-forward-source-check stage=insert-target formulaId=60479cbd-2113-43a6-81de-486d6fe4527d bookmarkMissing=True present=False
2026-09-06T19:56:11.3048852+08:00 pid=71532 tid=1 format-conversion-bookmarked-visualtex-target-stable sourceFormulaId=60479cbd-2113-43a6-81de-486d6fe4527d formulaId=734b5bd4-8d60-439a-a454-e28afedb4cd8 localAnchorRepair=False elapsedMs=0
2026-09-06T19:56:11.3048852+08:00 pid=71532 tid=1 format-conversion-forward-source-check stage=post-transaction formulaId=60479cbd-2113-43a6-81de-486d6fe4527d bookmarkMissing=True present=False
2026-09-06T19:56:11.3058841+08:00 pid=71532 tid=1 format-conversion-perf stage=verify-target formulaId=60479cbd-2113-43a6-81de-486d6fe4527d numbered=True deltaMs=1 totalMs=84
2026-09-06T19:56:11.3058841+08:00 pid=71532 tid=1 format-conversion-mathtype-source-identity-bound formulaId=4bdb278c-828e-4ff6-badc-75a9c7fe3196 bookmark=VTFCI_3af5121e27884a3f8f3fca96e8fbbc2a range=556:582
2026-09-06T19:56:11.3058841+08:00 pid=71532 tid=1 format-conversion-undo-state stage=before-source-delete document=文档13 recording=True level=1
2026-09-06T19:56:11.3278435+08:00 pid=71532 tid=1 format-conversion-mathtype-visualtex-paragraph-atomically-replaced formulaId=4bdb278c-828e-4ff6-badc-75a9c7fe3196 bookmark=VTFCI_3af5121e27884a3f8f3fca96e8fbbc2a range=555:790 start=555
2026-09-06T19:56:11.3278435+08:00 pid=71532 tid=1 format-conversion-perf stage=delete-source-host formulaId=4bdb278c-828e-4ff6-badc-75a9c7fe3196 numbered=True deltaMs=22 totalMs=22
2026-09-06T19:56:11.3288511+08:00 pid=71532 tid=1 format-conversion-undo-state stage=after-source-delete document=文档13 recording=True level=1
2026-09-06T19:56:11.3288511+08:00 pid=71532 tid=1 format-conversion-forward-source-check stage=delete-source formulaId=4bdb278c-828e-4ff6-badc-75a9c7fe3196 bookmarkMissing=True present=False
2026-09-06T19:56:11.3288511+08:00 pid=71532 tid=1 word-undo-begin name=VisualTeX Insert Native OLE Display Formula recording=True level=1
2026-09-06T19:56:11.3783050+08:00 pid=71532 tid=1 format-conversion-perf stage=insert-target formulaId=4bdb278c-828e-4ff6-badc-75a9c7fe3196 numbered=True deltaMs=50 totalMs=72
2026-09-06T19:56:11.3793043+08:00 pid=71532 tid=1 format-conversion-undo-state stage=after-target-insert document=文档13 recording=True level=1
2026-09-06T19:56:11.3793043+08:00 pid=71532 tid=1 format-conversion-forward-source-check stage=insert-target formulaId=4bdb278c-828e-4ff6-badc-75a9c7fe3196 bookmarkMissing=True present=False
2026-09-06T19:56:11.3793043+08:00 pid=71532 tid=1 format-conversion-bookmarked-visualtex-target-stable sourceFormulaId=4bdb278c-828e-4ff6-badc-75a9c7fe3196 formulaId=9202a231-2f42-4918-85eb-29f4b367cbc5 localAnchorRepair=False elapsedMs=0
2026-09-06T19:56:11.3803042+08:00 pid=71532 tid=1 format-conversion-forward-source-check stage=post-transaction formulaId=4bdb278c-828e-4ff6-badc-75a9c7fe3196 bookmarkMissing=True present=False
2026-09-06T19:56:11.3804407+08:00 pid=71532 tid=1 format-conversion-perf stage=verify-target formulaId=4bdb278c-828e-4ff6-badc-75a9c7fe3196 numbered=True deltaMs=2 totalMs=74
2026-09-06T19:56:11.3992848+08:00 pid=71532 tid=1 format-conversion-mathtype-source-identity-bound formulaId=f8a9502f-3a21-492c-a0fa-b387b4bccc55 bookmark=VTFCI_ed8ae448a7f94b9cb5672e0a6ed29de1 range=320:346
2026-09-06T19:56:11.4002832+08:00 pid=71532 tid=1 format-conversion-undo-state stage=before-source-delete document=文档13 recording=True level=1
2026-09-06T19:56:11.4078294+08:00 pid=71532 tid=1 format-conversion-mathtype-visualtex-paragraph-atomically-replaced formulaId=f8a9502f-3a21-492c-a0fa-b387b4bccc55 bookmark=VTFCI_ed8ae448a7f94b9cb5672e0a6ed29de1 range=319:554 start=319
2026-09-06T19:56:11.4078294+08:00 pid=71532 tid=1 format-conversion-perf stage=delete-source-host formulaId=f8a9502f-3a21-492c-a0fa-b387b4bccc55 numbered=True deltaMs=27 totalMs=27
2026-09-06T19:56:11.4078294+08:00 pid=71532 tid=1 format-conversion-undo-state stage=after-source-delete document=文档13 recording=True level=1
2026-09-06T19:56:11.4078294+08:00 pid=71532 tid=1 format-conversion-forward-source-check stage=delete-source formulaId=f8a9502f-3a21-492c-a0fa-b387b4bccc55 bookmarkMissing=True present=False
2026-09-06T19:56:11.4088290+08:00 pid=71532 tid=1 word-undo-begin name=VisualTeX Insert Native OLE Display Formula recording=True level=1
2026-09-06T19:56:11.4763901+08:00 pid=71532 tid=1 format-conversion-perf stage=insert-target formulaId=f8a9502f-3a21-492c-a0fa-b387b4bccc55 numbered=True deltaMs=68 totalMs=95
2026-09-06T19:56:11.4763901+08:00 pid=71532 tid=1 format-conversion-undo-state stage=after-target-insert document=文档13 recording=True level=1
2026-09-06T19:56:11.4763901+08:00 pid=71532 tid=1 format-conversion-forward-source-check stage=insert-target formulaId=f8a9502f-3a21-492c-a0fa-b387b4bccc55 bookmarkMissing=True present=False
2026-09-06T19:56:11.4773930+08:00 pid=71532 tid=1 format-conversion-bookmarked-visualtex-target-stable sourceFormulaId=f8a9502f-3a21-492c-a0fa-b387b4bccc55 formulaId=8d326e8e-1875-4e6a-8de5-bf0666c25a1c localAnchorRepair=False elapsedMs=0
2026-09-06T19:56:11.4773930+08:00 pid=71532 tid=1 format-conversion-forward-source-check stage=post-transaction formulaId=f8a9502f-3a21-492c-a0fa-b387b4bccc55 bookmarkMissing=True present=False
2026-09-06T19:56:11.4773930+08:00 pid=71532 tid=1 format-conversion-perf stage=verify-target formulaId=f8a9502f-3a21-492c-a0fa-b387b4bccc55 numbered=True deltaMs=2 totalMs=97
2026-09-06T19:56:11.4783924+08:00 pid=71532 tid=1 format-conversion-mathtype-source-identity-bound formulaId=882976a3-2d37-4f5a-b9b7-54ee5972cfd8 bookmark=VTFCI_d58e10691b244606837a4433de5fa01f range=292:318
2026-09-06T19:56:11.4793916+08:00 pid=71532 tid=1 format-conversion-undo-state stage=before-source-delete document=文档13 recording=True level=1
2026-09-06T19:56:11.4873909+08:00 pid=71532 tid=1 format-conversion-perf stage=delete-source-host formulaId=882976a3-2d37-4f5a-b9b7-54ee5972cfd8 numbered=False deltaMs=9 totalMs=9
2026-09-06T19:56:11.4873909+08:00 pid=71532 tid=1 format-conversion-undo-state stage=after-source-delete document=文档13 recording=True level=1
2026-09-06T19:56:11.4873909+08:00 pid=71532 tid=1 format-conversion-forward-source-check stage=delete-source formulaId=882976a3-2d37-4f5a-b9b7-54ee5972cfd8 bookmarkMissing=True present=False
2026-09-06T19:56:11.4883892+08:00 pid=71532 tid=1 word-undo-begin name=VisualTeX Insert Native OLE Inline Formula recording=True level=1
2026-09-06T19:56:11.5690501+08:00 pid=71532 tid=1 format-conversion-perf stage=insert-target formulaId=882976a3-2d37-4f5a-b9b7-54ee5972cfd8 numbered=False deltaMs=82 totalMs=91
2026-09-06T19:56:11.5700590+08:00 pid=71532 tid=1 format-conversion-undo-state stage=after-target-insert document=文档13 recording=True level=1
2026-09-06T19:56:11.5700590+08:00 pid=71532 tid=1 format-conversion-forward-source-check stage=insert-target formulaId=882976a3-2d37-4f5a-b9b7-54ee5972cfd8 bookmarkMissing=True present=False
2026-09-06T19:56:11.5710581+08:00 pid=71532 tid=1 format-conversion-bookmarked-visualtex-target-stable sourceFormulaId=882976a3-2d37-4f5a-b9b7-54ee5972cfd8 formulaId=7ad0f561-7435-4048-9757-10a4a9a68b0f localAnchorRepair=False elapsedMs=1
2026-09-06T19:56:11.5710581+08:00 pid=71532 tid=1 format-conversion-forward-source-check stage=post-transaction formulaId=882976a3-2d37-4f5a-b9b7-54ee5972cfd8 bookmarkMissing=True present=False
2026-09-06T19:56:11.5720600+08:00 pid=71532 tid=1 format-conversion-perf stage=verify-target formulaId=882976a3-2d37-4f5a-b9b7-54ee5972cfd8 numbered=False deltaMs=2 totalMs=93
2026-09-06T19:56:11.6220203+08:00 pid=71532 tid=1 format-conversion-mathtype-source-identity-bound formulaId=8e5f8699-c122-4f13-adcd-1520156ee9a1 bookmark=VTFCI_f72ff47a1c3042a4a8fcd78d81d2bc16 range=1:27
2026-09-06T19:56:11.6220203+08:00 pid=71532 tid=1 format-conversion-undo-state stage=before-source-delete document=文档13 recording=True level=1
2026-09-06T19:56:11.6300212+08:00 pid=71532 tid=1 format-conversion-mathtype-visualtex-paragraph-atomically-replaced formulaId=8e5f8699-c122-4f13-adcd-1520156ee9a1 bookmark=VTFCI_f72ff47a1c3042a4a8fcd78d81d2bc16 range=0:235 start=0
2026-09-06T19:56:11.6300212+08:00 pid=71532 tid=1 format-conversion-perf stage=delete-source-host formulaId=8e5f8699-c122-4f13-adcd-1520156ee9a1 numbered=True deltaMs=58 totalMs=58
2026-09-06T19:56:11.6310205+08:00 pid=71532 tid=1 format-conversion-undo-state stage=after-source-delete document=文档13 recording=True level=1
2026-09-06T19:56:11.6310205+08:00 pid=71532 tid=1 format-conversion-forward-source-check stage=delete-source formulaId=8e5f8699-c122-4f13-adcd-1520156ee9a1 bookmarkMissing=True present=False
2026-09-06T19:56:11.6310205+08:00 pid=71532 tid=1 word-undo-begin name=VisualTeX Insert Native OLE Display Formula recording=True level=1
2026-09-06T19:56:11.6852217+08:00 pid=71532 tid=1 format-conversion-perf stage=insert-target formulaId=8e5f8699-c122-4f13-adcd-1520156ee9a1 numbered=True deltaMs=55 totalMs=113
2026-09-06T19:56:11.6862225+08:00 pid=71532 tid=1 format-conversion-undo-state stage=after-target-insert document=文档13 recording=True level=1
2026-09-06T19:56:11.6862225+08:00 pid=71532 tid=1 format-conversion-forward-source-check stage=insert-target formulaId=8e5f8699-c122-4f13-adcd-1520156ee9a1 bookmarkMissing=True present=False
2026-09-06T19:56:11.6872233+08:00 pid=71532 tid=1 format-conversion-bookmarked-visualtex-target-stable sourceFormulaId=8e5f8699-c122-4f13-adcd-1520156ee9a1 formulaId=573b7d8e-d534-46c4-bf6a-bab9faf51805 localAnchorRepair=False elapsedMs=0
2026-09-06T19:56:11.6872233+08:00 pid=71532 tid=1 format-conversion-forward-source-check stage=post-transaction formulaId=8e5f8699-c122-4f13-adcd-1520156ee9a1 bookmarkMissing=True present=False
2026-09-06T19:56:11.6872233+08:00 pid=71532 tid=1 format-conversion-perf stage=verify-target formulaId=8e5f8699-c122-4f13-adcd-1520156ee9a1 numbered=True deltaMs=2 totalMs=115
2026-09-06T19:56:12.0253459+08:00 pid=71532 tid=1 format-conversion-finalize-perf stage=source-residual-check sourceMode=mathTypeOle targetMode=nativeOle deltaMs=337 totalMs=337
2026-09-06T19:56:12.0270684+08:00 pid=71532 tid=1 format-conversion-finalize-perf stage=target-count-check sourceMode=mathTypeOle targetMode=nativeOle deltaMs=2 totalMs=339
2026-09-06T19:56:12.0280685+08:00 pid=71532 tid=1 format-conversion-visualtex-numbering-inventory formulaId=573b7d8e-d534-46c4-bf6a-bab9faf51805 range=0:34 paragraph=0:35 numbered=True
2026-09-06T19:56:12.0280685+08:00 pid=71532 tid=1 format-conversion-visualtex-numbering-inventory formulaId=7ad0f561-7435-4048-9757-10a4a9a68b0f range=92:126 paragraph=80:128 numbered=False
2026-09-06T19:56:12.0290666+08:00 pid=71532 tid=1 format-conversion-visualtex-numbering-inventory formulaId=8d326e8e-1875-4e6a-8de5-bf0666c25a1c range=128:162 paragraph=128:163 numbered=True
2026-09-06T19:56:12.0300658+08:00 pid=71532 tid=1 format-conversion-visualtex-numbering-inventory formulaId=9202a231-2f42-4918-85eb-29f4b367cbc5 range=164:198 paragraph=164:199 numbered=True
2026-09-06T19:56:12.0310680+08:00 pid=71532 tid=1 format-conversion-visualtex-numbering-inventory formulaId=734b5bd4-8d60-439a-a454-e28afedb4cd8 range=384:418 paragraph=384:419 numbered=True
2026-09-06T19:56:12.0320680+08:00 pid=71532 tid=1 format-conversion-visualtex-numbering-inventory formulaId=0f51f030-4184-429a-9a7b-9b799600d485 range=427:461 paragraph=427:462 numbered=True
2026-09-06T19:56:12.0320680+08:00 pid=71532 tid=1 format-conversion-visualtex-numbering-inventory formulaId=e412dc17-2ecd-462c-b748-220d43cee8c0 range=480:514 paragraph=480:515 numbered=True
2026-09-06T19:56:12.0350658+08:00 pid=71532 tid=1 format-conversion-visualtex-numbering-before-scaffold formulaId=e412dc17-2ecd-462c-b748-220d43cee8c0 frozenRange=visualtex-word-vsto-range:480:514 liveRange=480:514 paragraph=480:515
2026-09-06T19:56:12.1355596+08:00 pid=71532 tid=1 format-conversion-visualtex-numbering-before-scaffold formulaId=0f51f030-4184-429a-9a7b-9b799600d485 frozenRange=visualtex-word-vsto-range:427:461 liveRange=427:461 paragraph=427:462
2026-09-06T19:56:12.2258806+08:00 pid=71532 tid=1 format-conversion-visualtex-numbering-before-scaffold formulaId=734b5bd4-8d60-439a-a454-e28afedb4cd8 frozenRange=visualtex-word-vsto-range:384:418 liveRange=384:418 paragraph=384:419
2026-09-06T19:56:12.3248594+08:00 pid=71532 tid=1 format-conversion-visualtex-numbering-before-scaffold formulaId=9202a231-2f42-4918-85eb-29f4b367cbc5 frozenRange=visualtex-word-vsto-range:164:198 liveRange=164:198 paragraph=164:199
2026-09-06T19:56:12.4297161+08:00 pid=71532 tid=1 format-conversion-visualtex-numbering-before-scaffold formulaId=8d326e8e-1875-4e6a-8de5-bf0666c25a1c frozenRange=visualtex-word-vsto-range:128:162 liveRange=128:162 paragraph=128:163
2026-09-06T19:56:12.5411259+08:00 pid=71532 tid=1 format-conversion-visualtex-numbering-before-scaffold formulaId=7ad0f561-7435-4048-9757-10a4a9a68b0f frozenRange=visualtex-word-vsto-range:92:126 liveRange=92:126 paragraph=80:128
2026-09-06T19:56:12.5450431+08:00 pid=71532 tid=1 format-conversion-visualtex-numbering-before-scaffold formulaId=573b7d8e-d534-46c4-bf6a-bab9faf51805 frozenRange=visualtex-word-vsto-range:0:34 liveRange=0:34 paragraph=0:35
2026-09-06T19:56:13.3326090+08:00 pid=71532 tid=1 format-conversion-numbering-visualtex-batch built=6 finalized=6
2026-09-06T19:56:13.3709493+08:00 pid=71532 tid=1 format-conversion-reference-aliases-restored sourceMode=mathTypeOle targetMode=nativeOle aliases=1 refreshedReferences=1 restoredFormatting=1
2026-09-06T19:56:13.3879468+08:00 pid=71532 tid=1 format-conversion-finalize-perf stage=numbering-reconcile sourceMode=mathTypeOle targetMode=nativeOle deltaMs=1361 totalMs=1700
2026-09-06T19:56:13.3919466+08:00 pid=71532 tid=1 format-conversion-finalize-perf stage=omml-fingerprint-refresh sourceMode=mathTypeOle targetMode=nativeOle deltaMs=4 totalMs=1704
2026-09-06T19:56:13.6847223+08:00 pid=71532 tid=1 format-conversion-transaction-completed targets=7
2026-09-06T19:56:13.7643470+08:00 pid=71532 tid=11 format-conversion-word-apply-finished sourceMode=mathTypeOle targetMode=nativeOle converted=7 failed=0
2026-09-06T19:56:13.7653477+08:00 pid=71532 tid=11 format-conversion-session-cleanup-start sessions=7
2026-09-06T19:56:13.7653477+08:00 pid=71532 tid=11 format-conversion-complete source=MathType target=VisualTeX converted=7 failed=0
2026-09-06T19:56:13.7683475+08:00 pid=71532 tid=9 format-conversion-session-cleanup-complete sessions=7
2026-09-06T20:00:14.7006856+08:00 pid=71532 tid=12 left-down x=314 y=899 wordForeground=True
2026-09-06T20:00:14.9575859+08:00 pid=71532 tid=12 left-down x=314 y=899 wordForeground=True
2026-09-06T20:00:14.9575859+08:00 pid=71532 tid=12 double-click elapsedMs=256.619 withinX=True withinY=True nativeOleTarget=False suppressSecondDown=False dispatchCallback=True
2026-09-06T20:00:15.0589911+08:00 pid=71532 tid=14 callback-begin interceptedNativeOle=False x=314 y=899
2026-09-06T20:00:15.0589911+08:00 pid=71532 tid=14 addin-callback-received interceptedNativeOle=False x=314 y=899
2026-09-06T20:00:15.0589911+08:00 pid=71532 tid=14 callback-end
2026-09-06T20:00:15.0599947+08:00 pid=71532 tid=1 addin-coordinate-selection formulaId=<null> objectMode=<null>
2026-09-06T20:00:32.0552578+08:00 pid=71532 tid=12 left-down x=1015 y=296 wordForeground=True
2026-09-06T20:00:32.4091024+08:00 pid=71532 tid=1 word-undo-begin name=VisualTeX Set Equation Number Format recording=False level=0
2026-09-06T20:00:32.4101034+08:00 pid=71532 tid=1 word-undo-started name=VisualTeX Set Equation Number Format recording=True level=1
2026-09-06T20:00:32.4271023+08:00 pid=71532 tid=1 word-undo-end recording=False level=0
2026-09-06T20:00:36.7074514+08:00 pid=71532 tid=1 bulk-import bulk-import-start
2026-09-06T20:00:36.8060169+08:00 pid=71532 tid=29 bulk-import bulk-import-ui-created sessionId=4f32618e-a9f5-4a8d-87ef-972c7ae5e077
2026-09-06T20:00:36.8120169+08:00 pid=71532 tid=29 bulk-import bulk-import-ui-opened sessionId=4f32618e-a9f5-4a8d-87ef-972c7ae5e077
2026-09-06T20:00:40.5328176+08:00 pid=71532 tid=12 left-down x=1382 y=1120 wordForeground=False
2026-09-06T20:00:43.6480045+08:00 pid=71532 tid=12 left-down x=2492 y=460 wordForeground=False
2026-09-06T20:00:46.1555023+08:00 pid=71532 tid=27 bulk-import bulk-import-ui-finished sessionId=4f32618e-a9f5-4a8d-87ef-972c7ae5e077 status=committing error=<null>
2026-09-06T20:00:46.1585000+08:00 pid=71532 tid=27 bulk-import parsed blocks=1 formulas=1 mode=Omml fontSizePt=10.5
2026-09-06T20:00:46.1695033+08:00 pid=71532 tid=27 bulk-import render-prepare index=1/1 display=block latex=\begin{cases}\frac{\mathrm{d}}{\mathrm{d}\omega}\left(\omega f\left(\omega\right)\right)=0 \\ \frac{\omega f\left(\omega\right)}{2}\frac{\mathrm{d}E\left(\omega\right)}{\mathrm{d}\omega}=\sqrt{\frac{m}{2}} \end{cases}
2026-09-06T20:00:46.1705014+08:00 pid=71532 tid=27 bulk-import converter-create display=block mode=wordOmml latex=\begin{cases}\frac{\mathrm{d}}{\mathrm{d}\omega}\left(\omega f\left(\omega\right)\right)=0 \\ \frac{\omega f\left(\omega\right)}{2}\frac{\mathrm{d}E\left(\omega\right)}{\mathrm{d}\omega}=\sqrt{\frac{m}{2}} \end{cases}
2026-09-06T20:00:46.1745031+08:00 pid=71532 tid=29 bulk-import converter-created sessionId=cbb2ec67-53ac-46de-a846-d1ae5f7ba102
2026-09-06T20:00:46.1745031+08:00 pid=71532 tid=29 bulk-import render-batch-start unique=1 total=1
2026-09-06T20:00:46.2023742+08:00 pid=71532 tid=22 bulk-import render-batch-item sessionId=cbb2ec67-53ac-46de-a846-d1ae5f7ba102 status=committing display=block
2026-09-06T20:00:46.2023742+08:00 pid=71532 tid=22 bulk-import render-batch-complete unique=1 elapsedMs=26
2026-09-06T20:00:46.2313764+08:00 pid=71532 tid=1 word-undo-begin name=VisualTeX 批量导入 recording=False level=0
2026-09-06T20:00:46.2313764+08:00 pid=71532 tid=1 word-undo-started name=VisualTeX 批量导入 recording=True level=1
2026-09-06T20:00:46.6447922+08:00 pid=71532 tid=1 omml-xml-incomplete-export formulaId= attempt=1 range=0:59
2026-09-06T20:00:47.0628713+08:00 pid=71532 tid=1 bulk-import-ole-identities-finalized repaired=0
2026-09-06T20:00:47.0638707+08:00 pid=71532 tid=1 word-undo-end recording=False level=0
2026-09-06T20:00:47.0638707+08:00 pid=71532 tid=15 bulk-import bulk-insert-complete blocks=1 formulas=1 elapsedMs=860
2026-09-06T20:00:47.0638707+08:00 pid=71532 tid=15 bulk-import bulk-import-complete blocks=1 formulas=1 elapsedMs=10356
2026-09-06T20:00:47.0648709+08:00 pid=71532 tid=15 bulk-import bulk-operation-gate-released
2026-09-06T20:00:47.0789897+08:00 pid=71532 tid=22 office-session-finalization-complete sessions=2 completed=True
2026-09-06T20:00:55.2090699+08:00 pid=71532 tid=1 format-conversion-start sourceMode=wordOmml targetMode=mathTypeOle wholeDocument=True
2026-09-06T20:00:55.3836832+08:00 pid=71532 tid=1 format-conversion-plan sourceMode=wordOmml targetMode=mathTypeOle targets=1
2026-09-06T20:00:59.1294851+08:00 pid=71532 tid=1 format-conversion-render-bypass sourceMode=wordOmml targetMode=mathTypeOle targets=1 reason=source-mathml-ready
2026-09-06T20:00:59.2406389+08:00 pid=71532 tid=1 format-conversion-native-preview-batch-complete formulas=1 elapsedMs=110
2026-09-06T20:00:59.2416387+08:00 pid=71532 tid=1 format-conversion-word-apply-start sourceMode=wordOmml targetMode=mathTypeOle targets=1
2026-09-06T20:00:59.3348043+08:00 pid=71532 tid=1 format-conversion-runtime assembly=C:\Users\pojian_liao\AppData\Local\VisualTeX\office\remediation-builds\6EF02523AE3D2905EB83E155D14F50F4ED648E0D4D32BEB0451A2209D5955988\VisualTeX.WordVsto.dll source=wordOmml target=mathTypeOle targetIsVisualTeX=False targetIsMathType=True
2026-09-06T20:00:59.3788044+08:00 pid=71532 tid=1 format-conversion-reference-counts-fast-path source=wordOmml formulas=1
2026-09-06T20:00:59.4310906+08:00 pid=71532 tid=1 word-undo-begin name=VisualTeX Convert Formula Format recording=False level=0
2026-09-06T20:00:59.4320908+08:00 pid=71532 tid=1 word-undo-started name=VisualTeX Convert Formula Format recording=True level=1
2026-09-06T20:00:59.4320908+08:00 pid=71532 tid=1 format-conversion-undo-state stage=before-preferences document=文档20 recording=True level=1
2026-09-06T20:00:59.4320908+08:00 pid=71532 tid=1 format-conversion-transaction-start targets=1
2026-09-06T20:00:59.4320908+08:00 pid=71532 tid=1 format-conversion-undo-state stage=after-preferences document=文档20 recording=True level=1
2026-09-06T20:00:59.4330925+08:00 pid=71532 tid=1 format-conversion-undo-state stage=before-source-delete document=文档20 recording=True level=1
2026-09-06T20:00:59.5981470+08:00 pid=71532 tid=1 format-conversion-direct-numbered-omml-delete formulaId=29e89fe3-822c-4899-97df-78ba0e86fe34 start=1
2026-09-06T20:00:59.5981470+08:00 pid=71532 tid=1 format-conversion-perf stage=delete-source-host formulaId=29e89fe3-822c-4899-97df-78ba0e86fe34 numbered=True deltaMs=165 totalMs=165
2026-09-06T20:00:59.5991481+08:00 pid=71532 tid=1 format-conversion-undo-state stage=after-source-delete document=文档20 recording=False level=0
2026-09-06T20:00:59.6211482+08:00 pid=71532 tid=1 word-undo-begin name=VisualTeX Insert MathType OLE Numbered Display Formula recording=False level=0
2026-09-06T20:00:59.6211482+08:00 pid=71532 tid=1 word-undo-started name=VisualTeX Insert MathType OLE Numbered Display Formula recording=True level=1
2026-09-06T20:00:59.6241497+08:00 pid=71532 tid=1 mathtype-insert-perf stage=resolve-insertion numbered=True inline=False deltaMs=3 totalMs=3
2026-09-06T20:00:59.6251477+08:00 pid=71532 tid=1 mathtype-insert-perf stage=clear-incomplete-number-row numbered=True inline=False deltaMs=0 totalMs=3
2026-09-06T20:00:59.6251477+08:00 pid=71532 tid=1 mathtype-insert-perf stage=number-template-heading-state numbered=True inline=False deltaMs=1 totalMs=4
2026-09-06T20:00:59.6251477+08:00 pid=71532 tid=1 mathtype-insert-perf stage=prepare-display-row numbered=True inline=False deltaMs=0 totalMs=4
2026-09-06T20:00:59.6311466+08:00 pid=71532 tid=1 mathtype-insert-perf stage=build-flat-opc numbered=True inline=False deltaMs=6 totalMs=10
2026-09-06T20:00:59.6311466+08:00 pid=71532 tid=1 mathtype-insert-perf stage=pre-insert-bookkeeping numbered=True inline=False deltaMs=0 totalMs=10
2026-09-06T20:00:59.6701550+08:00 pid=71532 tid=1 mathtype-insert-perf stage=insert-flat-opc numbered=True inline=False deltaMs=39 totalMs=49
2026-09-06T20:00:59.6711563+08:00 pid=71532 tid=1 mathtype-insert-perf stage=resolve-new-shape numbered=True inline=False deltaMs=0 totalMs=49
2026-09-06T20:00:59.6721567+08:00 pid=71532 tid=1 mathtype-insert-perf stage=set-shape-geometry numbered=True inline=False deltaMs=2 totalMs=51
2026-09-06T20:00:59.6721567+08:00 pid=71532 tid=1 mathtype-insert-perf stage=repair-inline-paragraph numbered=True inline=False deltaMs=0 totalMs=51
2026-09-06T20:00:59.6731563+08:00 pid=71532 tid=1 mathtype-insert-perf stage=refresh-native-shape numbered=True inline=False deltaMs=0 totalMs=51
2026-09-06T20:00:59.6941572+08:00 pid=71532 tid=1 mathtype-insert-perf stage=bind-created-object-identity numbered=True inline=False deltaMs=22 totalMs=73
2026-09-06T20:00:59.6951570+08:00 pid=71532 tid=1 mathtype-insert-perf stage=complete numbered=True inline=False deltaMs=0 totalMs=73
2026-09-06T20:00:59.6951570+08:00 pid=71532 tid=1 word-undo-end recording=True level=1
2026-09-06T20:00:59.6951570+08:00 pid=71532 tid=1 format-conversion-perf stage=insert-target formulaId=29e89fe3-822c-4899-97df-78ba0e86fe34 numbered=True deltaMs=97 totalMs=262
2026-09-06T20:00:59.6951570+08:00 pid=71532 tid=1 format-conversion-undo-state stage=after-target-insert document=文档20 recording=False level=0
2026-09-06T20:00:59.6951570+08:00 pid=71532 tid=1 format-conversion-bookmarked-target-stable formulaId=29e89fe3-822c-4899-97df-78ba0e86fe34 bookmark=VTMT_c8f64c76b08b4b138775c19bae0ad6cd range=2:28 elapsedMs=0
2026-09-06T20:00:59.6961570+08:00 pid=71532 tid=1 format-conversion-direct-managed-omml-metadata-deleted formulaId=29e89fe3-822c-4899-97df-78ba0e86fe34 numbered=True
2026-09-06T20:00:59.6961570+08:00 pid=71532 tid=1 format-conversion-perf stage=verify-target formulaId=29e89fe3-822c-4899-97df-78ba0e86fe34 numbered=True deltaMs=1 totalMs=263
2026-09-06T20:00:59.6961570+08:00 pid=71532 tid=1 format-conversion-finalize-perf stage=source-residual-check sourceMode=wordOmml targetMode=mathTypeOle deltaMs=0 totalMs=0
2026-09-06T20:00:59.6970777+08:00 pid=71532 tid=1 format-conversion-finalize-perf stage=target-count-check sourceMode=wordOmml targetMode=mathTypeOle deltaMs=0 totalMs=0
2026-09-06T20:00:59.6970777+08:00 pid=71532 tid=1 format-conversion-numbering-local-mathtype-single finalized=1
2026-09-06T20:00:59.6975952+08:00 pid=71532 tid=1 format-conversion-finalize-perf stage=numbering-reconcile sourceMode=wordOmml targetMode=mathTypeOle deltaMs=1 totalMs=1
2026-09-06T20:00:59.6975952+08:00 pid=71532 tid=1 format-conversion-finalize-perf stage=omml-fingerprint-refresh sourceMode=wordOmml targetMode=mathTypeOle deltaMs=0 totalMs=1
2026-09-06T20:00:59.6985953+08:00 pid=71532 tid=1 format-conversion-transaction-completed targets=1
2026-09-06T20:00:59.6985953+08:00 pid=71532 tid=1 format-conversion-word-apply-finished sourceMode=wordOmml targetMode=mathTypeOle converted=1 failed=0
2026-09-06T20:00:59.6985953+08:00 pid=71532 tid=1 format-conversion-complete source=OMML target=MathType converted=1 failed=0
2026-09-06T20:01:09.1074389+08:00 pid=71532 tid=1 bulk-import bulk-import-start
2026-09-06T20:01:09.1240506+08:00 pid=71532 tid=18 bulk-import bulk-import-ui-created sessionId=d7af78de-afe0-43d2-b524-a5021aa46f56
2026-09-06T20:01:09.1290490+08:00 pid=71532 tid=18 bulk-import bulk-import-ui-opened sessionId=d7af78de-afe0-43d2-b524-a5021aa46f56
2026-09-06T20:01:13.0040113+08:00 pid=71532 tid=12 left-down x=1382 y=1120 wordForeground=False
2026-09-06T20:01:15.1512381+08:00 pid=71532 tid=12 left-down x=2332 y=460 wordForeground=False
2026-09-06T20:01:17.1353160+08:00 pid=71532 tid=12 left-down x=2492 y=460 wordForeground=False
2026-09-06T20:01:19.6737837+08:00 pid=71532 tid=22 bulk-import bulk-import-ui-finished sessionId=d7af78de-afe0-43d2-b524-a5021aa46f56 status=committing error=<null>
2026-09-06T20:01:19.6757834+08:00 pid=71532 tid=22 bulk-import parsed blocks=1 formulas=1 mode=MathType fontSizePt=10.5
2026-09-06T20:01:19.6857824+08:00 pid=71532 tid=5 bulk-import render-prepare index=1/1 display=block latex=\begin{cases}\frac{\mathrm{d}}{\mathrm{d}\omega}\left(\omega f\left(\omega\right)\right)=0 \\ \frac{\omega f\left(\omega\right)}{2}\frac{\mathrm{d}E\left(\omega\right)}{\mathrm{d}\omega}=\sqrt{\frac{m}{2}} \end{cases}
2026-09-06T20:01:19.6857824+08:00 pid=71532 tid=5 bulk-import converter-create display=block mode=mathTypeOle latex=\begin{cases}\frac{\mathrm{d}}{\mathrm{d}\omega}\left(\omega f\left(\omega\right)\right)=0 \\ \frac{\omega f\left(\omega\right)}{2}\frac{\mathrm{d}E\left(\omega\right)}{\mathrm{d}\omega}=\sqrt{\frac{m}{2}} \end{cases}
2026-09-06T20:01:19.6897859+08:00 pid=71532 tid=22 bulk-import converter-created sessionId=fb5bed41-4102-42dc-8796-fe92baaf5a68
2026-09-06T20:01:19.6897859+08:00 pid=71532 tid=22 bulk-import render-batch-start unique=1 total=1
2026-09-06T20:01:19.7366175+08:00 pid=71532 tid=22 bulk-import render-batch-item sessionId=fb5bed41-4102-42dc-8796-fe92baaf5a68 status=committing display=block
2026-09-06T20:01:19.7366175+08:00 pid=71532 tid=22 bulk-import render-batch-complete unique=1 elapsedMs=46
2026-09-06T20:01:19.9111060+08:00 pid=71532 tid=22 bulk-import mathtype-native-preview-batch templates=1 formulas=1 elapsedMs=172
2026-09-06T20:01:19.9441046+08:00 pid=71532 tid=1 word-xml-incomplete-export document=文档20 attempt=1 maths=0/0 oles=0/1
2026-09-06T20:01:19.9921060+08:00 pid=71532 tid=1 word-undo-begin name=VisualTeX 批量导入 recording=False level=0
2026-09-06T20:01:19.9931084+08:00 pid=71532 tid=1 word-undo-started name=VisualTeX 批量导入 recording=True level=1
2026-09-06T20:01:20.0151041+08:00 pid=71532 tid=1 word-undo-begin name=VisualTeX Insert MathType OLE Numbered Display Formula recording=True level=1
2026-09-06T20:01:20.0181041+08:00 pid=71532 tid=1 mathtype-insert-perf stage=resolve-insertion numbered=True inline=False deltaMs=2 totalMs=2
2026-09-06T20:01:20.0181041+08:00 pid=71532 tid=1 mathtype-insert-perf stage=clear-incomplete-number-row numbered=True inline=False deltaMs=1 totalMs=3
2026-09-06T20:01:20.0191042+08:00 pid=71532 tid=1 mathtype-insert-perf stage=number-template-heading-state numbered=True inline=False deltaMs=0 totalMs=3
2026-09-06T20:01:20.0191042+08:00 pid=71532 tid=1 mathtype-insert-perf stage=prepare-display-row numbered=True inline=False deltaMs=1 totalMs=4
2026-09-06T20:01:20.0251072+08:00 pid=71532 tid=1 mathtype-insert-perf stage=build-flat-opc numbered=True inline=False deltaMs=5 totalMs=9
2026-09-06T20:01:20.0251072+08:00 pid=71532 tid=1 mathtype-insert-perf stage=pre-insert-bookkeeping numbered=True inline=False deltaMs=1 totalMs=10
2026-09-06T20:01:20.0686662+08:00 pid=71532 tid=1 mathtype-insert-perf stage=insert-flat-opc numbered=True inline=False deltaMs=43 totalMs=53
2026-09-06T20:01:20.0696661+08:00 pid=71532 tid=1 mathtype-insert-perf stage=resolve-new-shape numbered=True inline=False deltaMs=0 totalMs=53
2026-09-06T20:01:20.0962647+08:00 pid=71532 tid=1 mathtype-insert-perf stage=set-shape-geometry numbered=True inline=False deltaMs=28 totalMs=81
2026-09-06T20:01:20.0972628+08:00 pid=71532 tid=1 mathtype-insert-perf stage=repair-inline-paragraph numbered=True inline=False deltaMs=0 totalMs=81
2026-09-06T20:01:20.0972628+08:00 pid=71532 tid=1 mathtype-insert-perf stage=refresh-native-shape numbered=True inline=False deltaMs=0 totalMs=81
2026-09-06T20:01:20.1138869+08:00 pid=71532 tid=1 mathtype-insert-perf stage=complete numbered=True inline=False deltaMs=17 totalMs=98
2026-09-06T20:01:20.1278865+08:00 pid=71532 tid=1 bulk-import-ole-identities-finalized repaired=0
2026-09-06T20:01:20.1278865+08:00 pid=71532 tid=1 word-undo-end recording=False level=0
2026-09-06T20:01:20.1288864+08:00 pid=71532 tid=17 bulk-import bulk-insert-complete blocks=1 formulas=1 elapsedMs=216
2026-09-06T20:01:20.1288864+08:00 pid=71532 tid=17 bulk-import bulk-import-complete blocks=1 formulas=1 elapsedMs=11020
2026-09-06T20:01:20.1298886+08:00 pid=71532 tid=17 bulk-import bulk-operation-gate-released
2026-09-06T20:01:20.1448890+08:00 pid=71532 tid=22 office-session-finalization-complete sessions=2 completed=True
2026-09-06T20:03:46.8790849+08:00 pid=71532 tid=12 left-down x=3150 y=914 wordForeground=True
2026-09-06T20:07:28.1563598+08:00 pid=71532 tid=12 left-down x=781 y=837 wordForeground=False
2026-09-06T20:07:28.9491528+08:00 pid=71532 tid=12 left-down x=1246 y=904 wordForeground=True
2026-09-06T20:07:31.8892020+08:00 pid=71532 tid=12 left-down x=2652 y=1876 wordForeground=True
2026-09-06T20:18:44.8146018+08:00 pid=71532 tid=12 left-down x=3202 y=1755 wordForeground=True
2026-09-06T20:18:55.3539268+08:00 pid=71532 tid=12 left-down x=1872 y=722 wordForeground=True
2026-09-06T20:19:04.0636362+08:00 pid=71532 tid=12 left-down x=1382 y=1120 wordForeground=False
2026-09-06T20:19:07.2765721+08:00 pid=71532 tid=12 left-down x=2492 y=460 wordForeground=False
2026-09-06T20:19:37.0560963+08:00 pid=71532 tid=12 left-down x=1382 y=1120 wordForeground=False
2026-09-06T20:19:39.3143048+08:00 pid=71532 tid=12 left-down x=2332 y=460 wordForeground=False
2026-09-06T20:19:41.3389719+08:00 pid=71532 tid=12 left-down x=2492 y=460 wordForeground=False
2026-09-06T20:21:07.0268731+08:00 pid=71532 tid=12 left-down x=1776 y=1270 wordForeground=False
2026-09-06T20:21:21.0449966+08:00 pid=71532 tid=12 left-down x=2058 y=1197 wordForeground=True
2026-09-06T20:21:28.9731522+08:00 pid=71532 tid=12 left-down x=1872 y=894 wordForeground=True
2026-09-06T20:23:50.3948875+08:00 pid=71532 tid=12 left-down x=1211 y=1746 wordForeground=True
2026-09-06T20:23:50.6628618+08:00 pid=71532 tid=12 left-down x=1211 y=1746 wordForeground=True
2026-09-06T20:23:50.6638633+08:00 pid=71532 tid=12 double-click elapsedMs=268.149 withinX=True withinY=True nativeOleTarget=False suppressSecondDown=False dispatchCallback=True
2026-09-06T20:23:50.7650169+08:00 pid=71532 tid=14 callback-begin interceptedNativeOle=False x=1211 y=1746
2026-09-06T20:23:50.7650169+08:00 pid=71532 tid=14 addin-callback-received interceptedNativeOle=False x=1211 y=1746
2026-09-06T20:23:50.7650169+08:00 pid=71532 tid=14 callback-end
2026-09-06T20:23:50.7660161+08:00 pid=71532 tid=1 addin-coordinate-selection formulaId=<null> objectMode=<null>
2026-09-06T20:25:37.6028706+08:00 pid=71532 tid=12 left-down x=913 y=194 wordForeground=True
2026-09-06T20:25:46.1715387+08:00 pid=71532 tid=12 left-down x=1382 y=1120 wordForeground=False
2026-09-06T20:25:49.3331157+08:00 pid=71532 tid=12 left-down x=2492 y=460 wordForeground=False
2026-09-06T20:26:38.8600375+08:00 pid=71532 tid=12 left-down x=1776 y=1270 wordForeground=False
2026-09-06T20:26:58.5798826+08:00 pid=71532 tid=12 left-down x=1099 y=692 wordForeground=True
2026-09-06T20:27:06.5353608+08:00 pid=71532 tid=12 left-down x=913 y=366 wordForeground=True
2026-09-06T20:28:01.5479176+08:00 pid=71532 tid=12 left-down x=1776 y=1270 wordForeground=False
2026-09-06T20:30:42.3850877+08:00 pid=71532 tid=12 left-down x=257 y=711 wordForeground=True
2026-09-06T20:30:42.6506789+08:00 pid=71532 tid=12 left-down x=257 y=711 wordForeground=True
2026-09-06T20:30:42.6516769+08:00 pid=71532 tid=12 double-click elapsedMs=265.621 withinX=True withinY=True nativeOleTarget=False suppressSecondDown=False dispatchCallback=True
2026-09-06T20:30:42.7487488+08:00 pid=71532 tid=9 callback-begin interceptedNativeOle=False x=257 y=711
2026-09-06T20:30:42.7487488+08:00 pid=71532 tid=9 addin-callback-received interceptedNativeOle=False x=257 y=711
2026-09-06T20:30:42.7497512+08:00 pid=71532 tid=9 callback-end
2026-09-06T20:30:42.7497512+08:00 pid=71532 tid=1 addin-coordinate-selection formulaId=<null> objectMode=<null>
2026-09-06T20:32:08.8611193+08:00 pid=71532 tid=12 left-down x=1776 y=1270 wordForeground=False
2026-09-06T20:38:36.9026173+08:00 pid=71532 tid=12 left-down x=2327 y=1615 wordForeground=True
2026-09-06T20:38:38.7872531+08:00 pid=71532 tid=12 left-down x=2294 y=1552 wordForeground=False
2026-09-06T20:38:42.4779791+08:00 pid=71532 tid=12 left-down x=3538 y=941 wordForeground=False
2026-09-06T20:38:59.5985892+08:00 pid=71532 tid=12 left-down x=838 y=2134 wordForeground=False
2026-09-06T20:39:02.7844023+08:00 pid=71532 tid=12 left-down x=2513 y=463 wordForeground=False
2026-09-06T20:43:15.4114442+08:00 pid=71532 tid=12 left-down x=1872 y=722 wordForeground=True
2026-09-06T20:43:23.4143856+08:00 pid=71532 tid=12 left-down x=1317 y=747 wordForeground=False
2026-09-06T20:43:26.4377255+08:00 pid=71532 tid=12 left-down x=1792 y=747 wordForeground=False
2026-09-06T20:43:38.4140904+08:00 pid=71532 tid=12 left-down x=2058 y=1197 wordForeground=True
2026-09-06T20:43:52.7493051+08:00 pid=71532 tid=12 left-down x=1382 y=1120 wordForeground=False
2026-09-06T20:43:55.0535188+08:00 pid=71532 tid=12 left-down x=2332 y=460 wordForeground=False
2026-09-06T20:43:57.0891452+08:00 pid=71532 tid=12 left-down x=2492 y=460 wordForeground=False
2026-09-06T20:44:31.9261059+08:00 pid=71532 tid=12 left-down x=1776 y=1270 wordForeground=False
2026-09-06T20:44:43.7755860+08:00 pid=71532 tid=12 left-down x=2058 y=1245 wordForeground=True
2026-09-06T20:44:51.9528012+08:00 pid=71532 tid=12 left-down x=1872 y=894 wordForeground=True
2026-09-06T20:51:58.8045691+08:00 pid=71532 tid=12 left-down x=3322 y=1198 wordForeground=True
2026-09-06T20:54:03.4536305+08:00 pid=71532 tid=12 left-down x=2649 y=1482 wordForeground=False
2026-09-06T20:54:04.5657350+08:00 pid=71532 tid=12 left-down x=1875 y=2003 wordForeground=False
2026-09-06T20:54:05.8129023+08:00 pid=71532 tid=12 left-down x=2514 y=1766 wordForeground=False
2026-09-06T20:54:42.9621195+08:00 pid=71532 tid=12 left-down x=1776 y=1270 wordForeground=False
2026-09-06T20:55:49.0440030+08:00 pid=71532 tid=12 left-down x=1776 y=1270 wordForeground=False
2026-09-06T20:55:55.2525813+08:00 pid=71532 tid=12 left-down x=3287 y=1277 wordForeground=False
2026-09-06T20:57:43.8359692+08:00 pid=71532 tid=12 left-down x=1226 y=1122 wordForeground=True
2026-09-06T20:57:44.1010960+08:00 pid=71532 tid=12 left-down x=1226 y=1122 wordForeground=True
2026-09-06T20:57:44.1021038+08:00 pid=71532 tid=12 double-click elapsedMs=265.601 withinX=True withinY=True nativeOleTarget=False suppressSecondDown=False dispatchCallback=True
2026-09-06T20:57:44.2091060+08:00 pid=71532 tid=8 callback-begin interceptedNativeOle=False x=1226 y=1122
2026-09-06T20:57:44.2091060+08:00 pid=71532 tid=8 addin-callback-received interceptedNativeOle=False x=1226 y=1122
2026-09-06T20:57:44.2091060+08:00 pid=71532 tid=8 callback-end
2026-09-06T20:57:44.2101047+08:00 pid=71532 tid=1 addin-coordinate-selection formulaId=<null> objectMode=<null>
2026-09-06T20:57:48.6383078+08:00 pid=71532 tid=12 left-down x=1967 y=958 wordForeground=True
2026-09-06T20:57:49.7440666+08:00 pid=71532 tid=12 left-down x=3220 y=1476 wordForeground=True
2026-09-06T20:57:52.1465302+08:00 pid=71532 tid=12 left-down x=2352 y=1621 wordForeground=False
2026-09-06T20:57:52.8984845+08:00 pid=71532 tid=12 left-down x=2325 y=1549 wordForeground=False
2026-09-06T20:57:57.2288304+08:00 pid=71532 tid=12 left-down x=3532 y=950 wordForeground=False
2026-09-06T20:58:49.9260395+08:00 pid=71532 tid=12 left-down x=1776 y=1270 wordForeground=False
2026-09-06T20:59:56.6319825+08:00 pid=71532 tid=12 left-down x=3419 y=1293 wordForeground=True
2026-09-06T20:59:58.3390029+08:00 pid=71532 tid=12 left-down x=1526 y=1265 wordForeground=False
2026-09-06T20:59:59.2057454+08:00 pid=71532 tid=12 left-down x=1951 y=1100 wordForeground=True
2026-09-06T21:00:00.9153369+08:00 pid=71532 tid=12 left-down x=1967 y=1302 wordForeground=True
2026-09-06T21:02:26.3700347+08:00 pid=71532 tid=12 left-down x=3305 y=1428 wordForeground=True
2026-09-06T21:02:28.4437105+08:00 pid=71532 tid=12 left-down x=2391 y=1613 wordForeground=False
2026-09-06T21:02:29.2600492+08:00 pid=71532 tid=12 left-down x=2345 y=1578 wordForeground=False
2026-09-06T21:02:31.6151956+08:00 pid=71532 tid=12 left-down x=3555 y=953 wordForeground=False
2026-09-06T21:02:49.2186069+08:00 pid=71532 tid=12 left-down x=1226 y=1122 wordForeground=True
2026-09-06T21:02:49.4940076+08:00 pid=71532 tid=12 left-down x=1226 y=1122 wordForeground=True
2026-09-06T21:02:49.4950075+08:00 pid=71532 tid=12 double-click elapsedMs=275.43 withinX=True withinY=True nativeOleTarget=False suppressSecondDown=False dispatchCallback=True
2026-09-06T21:02:49.5909885+08:00 pid=71532 tid=19 callback-begin interceptedNativeOle=False x=1226 y=1122
2026-09-06T21:02:49.5909885+08:00 pid=71532 tid=19 addin-callback-received interceptedNativeOle=False x=1226 y=1122
2026-09-06T21:02:49.5909885+08:00 pid=71532 tid=19 callback-end
2026-09-06T21:02:49.5919892+08:00 pid=71532 tid=1 addin-coordinate-selection formulaId=<null> objectMode=<null>
2026-09-06T21:04:01.2363639+08:00 pid=71532 tid=12 left-down x=1862 y=913 wordForeground=True
2026-09-06T21:04:02.7771041+08:00 pid=71532 tid=12 left-down x=3251 y=1257 wordForeground=True
2026-09-06T21:04:04.9789862+08:00 pid=71532 tid=12 left-down x=2360 y=1624 wordForeground=False
2026-09-06T21:04:05.7100653+08:00 pid=71532 tid=12 left-down x=2229 y=1506 wordForeground=False
2026-09-06T21:04:06.6728653+08:00 pid=71532 tid=12 left-down x=2296 y=1541 wordForeground=False
2026-09-06T21:04:10.0312670+08:00 pid=71532 tid=12 left-down x=3548 y=938 wordForeground=False
2026-09-06T21:04:11.6438399+08:00 pid=71532 tid=12 left-down x=1498 y=1085 wordForeground=False
2026-09-06T21:04:22.7505439+08:00 pid=71532 tid=12 left-down x=3288 y=1228 wordForeground=True
2026-09-06T21:04:36.5094244+08:00 pid=71532 tid=12 left-down x=1226 y=1122 wordForeground=True
2026-09-06T21:04:36.8050115+08:00 pid=71532 tid=12 left-down x=1226 y=1122 wordForeground=True
2026-09-06T21:04:36.8050115+08:00 pid=71532 tid=12 double-click elapsedMs=295.362 withinX=True withinY=True nativeOleTarget=False suppressSecondDown=False dispatchCallback=True
2026-09-06T21:04:36.9110124+08:00 pid=71532 tid=13 callback-begin interceptedNativeOle=False x=1226 y=1122
2026-09-06T21:04:36.9110124+08:00 pid=71532 tid=13 addin-callback-received interceptedNativeOle=False x=1226 y=1122
2026-09-06T21:04:36.9110124+08:00 pid=71532 tid=13 callback-end
2026-09-06T21:04:36.9120135+08:00 pid=71532 tid=1 addin-coordinate-selection formulaId=<null> objectMode=<null>
2026-09-06T21:05:55.2539120+08:00 pid=71532 tid=12 left-down x=3213 y=1319 wordForeground=True
2026-09-06T21:06:00.6827445+08:00 pid=71532 tid=12 left-down x=1423 y=1125 wordForeground=False
2026-09-06T21:07:41.0807683+08:00 pid=71532 tid=12 left-down x=1872 y=722 wordForeground=True
2026-09-06T21:08:01.8816283+08:00 pid=71532 tid=12 left-down x=2058 y=1197 wordForeground=True
2026-09-06T21:09:13.6018427+08:00 pid=71532 tid=12 left-down x=3259 y=1259 wordForeground=True
2026-09-06T21:09:21.6460128+08:00 pid=71532 tid=12 left-down x=1555 y=1220 wordForeground=False
2026-09-06T21:09:24.3418696+08:00 pid=71532 tid=12 left-down x=1640 y=1276 wordForeground=True
2026-09-06T21:10:05.9868391+08:00 pid=71532 tid=12 left-down x=913 y=194 wordForeground=True
2026-09-06T21:10:24.8597528+08:00 pid=71532 tid=12 left-down x=1099 y=668 wordForeground=True
2026-09-06T21:10:39.3458056+08:00 pid=71532 tid=12 left-down x=1382 y=1120 wordForeground=False
2026-09-06T21:10:42.6307920+08:00 pid=71532 tid=12 left-down x=2492 y=460 wordForeground=False
2026-09-06T21:11:33.5042671+08:00 pid=71532 tid=12 left-down x=1776 y=1270 wordForeground=False
2026-09-06T21:11:46.5508789+08:00 pid=71532 tid=12 left-down x=1099 y=716 wordForeground=True
2026-09-06T21:11:54.7789579+08:00 pid=71532 tid=12 left-down x=913 y=366 wordForeground=True
2026-09-06T21:13:04.2005716+08:00 pid=71532 tid=12 left-down x=3360 y=1425 wordForeground=True
2026-09-06T21:13:12.1995537+08:00 pid=71532 tid=12 left-down x=1336 y=1201 wordForeground=False
2026-09-06T21:13:16.5361444+08:00 pid=71532 tid=12 left-down x=1060 y=1037 wordForeground=True
2026-09-06T21:13:18.3185855+08:00 pid=71532 tid=12 left-down x=1147 y=1380 wordForeground=True
2026-09-06T21:14:16.7990006+08:00 pid=71532 tid=12 left-down x=1776 y=1270 wordForeground=False
2026-09-06T21:14:25.7600285+08:00 pid=71532 tid=12 left-down x=913 y=194 wordForeground=True
2026-09-06T21:14:39.2058039+08:00 pid=71532 tid=12 left-down x=913 y=366 wordForeground=True
2026-09-06T21:15:34.8412336+08:00 pid=71532 tid=12 left-down x=1776 y=1270 wordForeground=False
2026-09-06T21:20:43.8810545+08:00 pid=71532 tid=12 left-down x=257 y=681 wordForeground=True
2026-09-06T21:20:44.1896403+08:00 pid=71532 tid=12 left-down x=257 y=681 wordForeground=True
2026-09-06T21:20:44.1896403+08:00 pid=71532 tid=12 double-click elapsedMs=308.887 withinX=True withinY=True nativeOleTarget=False suppressSecondDown=False dispatchCallback=True
2026-09-06T21:20:44.2822592+08:00 pid=71532 tid=13 callback-begin interceptedNativeOle=False x=257 y=681
2026-09-06T21:20:44.2822592+08:00 pid=71532 tid=13 addin-callback-received interceptedNativeOle=False x=257 y=681
2026-09-06T21:20:44.2822592+08:00 pid=71532 tid=13 callback-end
2026-09-06T21:20:44.2832609+08:00 pid=71532 tid=1 addin-coordinate-selection formulaId=<null> objectMode=<null>
2026-09-06T21:22:57.0547565+08:00 pid=71532 tid=12 left-down x=1872 y=722 wordForeground=True
2026-09-06T21:23:05.6023501+08:00 pid=71532 tid=12 left-down x=1382 y=1120 wordForeground=False
2026-09-06T21:23:08.7825890+08:00 pid=71532 tid=12 left-down x=2492 y=460 wordForeground=False
2026-09-06T21:23:25.3417462+08:00 pid=71532 tid=12 left-down x=3244 y=1386 wordForeground=True
2026-09-06T21:23:39.7101668+08:00 pid=71532 tid=12 left-down x=1500 y=747 wordForeground=False
2026-09-06T21:24:17.0201965+08:00 pid=71532 tid=12 left-down x=1776 y=1270 wordForeground=False
2026-09-06T21:24:29.6437513+08:00 pid=71532 tid=12 left-down x=2058 y=1221 wordForeground=True
2026-09-06T21:24:37.7283084+08:00 pid=71532 tid=12 left-down x=1872 y=894 wordForeground=True
2026-09-06T21:25:47.0617544+08:00 pid=71532 tid=12 left-down x=3420 y=1159 wordForeground=True
2026-09-06T21:28:18.0609901+08:00 pid=71532 tid=12 left-down x=3020 y=1882 wordForeground=False
2026-09-06T21:28:41.0618328+08:00 pid=71532 tid=12 left-down x=2447 y=1622 wordForeground=False
2026-09-06T21:28:41.8565013+08:00 pid=71532 tid=12 left-down x=2351 y=1574 wordForeground=False
2026-09-06T21:28:48.5134742+08:00 pid=71532 tid=12 left-down x=3554 y=941 wordForeground=False
2026-09-06T21:29:06.6031695+08:00 pid=71532 tid=12 left-down x=2759 y=1917 wordForeground=False
2026-09-06T21:30:05.0833950+08:00 pid=71532 tid=12 left-down x=1776 y=1270 wordForeground=False
2026-09-06T21:30:14.2212634+08:00 pid=71532 tid=12 left-down x=1872 y=722 wordForeground=True
2026-09-06T21:30:27.2472980+08:00 pid=71532 tid=12 left-down x=1872 y=894 wordForeground=True
2026-09-06T21:30:58.4930545+08:00 pid=71532 tid=12 left-down x=3287 y=1354 wordForeground=True
2026-09-06T21:31:04.5614785+08:00 pid=71532 tid=12 left-down x=3193 y=1291 wordForeground=True
2026-09-06T21:31:11.9285879+08:00 pid=71532 tid=12 left-down x=3312 y=1360 wordForeground=True
2026-09-06T21:31:18.1476774+08:00 pid=71532 tid=12 left-down x=1776 y=1270 wordForeground=False
2026-09-06T21:31:32.9384751+08:00 pid=71532 tid=12 left-down x=3455 y=1476 wordForeground=True
2026-09-06T21:32:02.0331438+08:00 pid=71532 tid=12 left-down x=1925 y=1563 wordForeground=True
2026-09-06T21:32:03.1567818+08:00 pid=71532 tid=12 left-down x=3428 y=1458 wordForeground=True
2026-09-06T21:32:31.3462517+08:00 pid=71532 tid=12 left-down x=3294 y=1512 wordForeground=True
2026-09-06T21:34:48.5690952+08:00 pid=71532 tid=12 left-down x=3228 y=1368 wordForeground=True
2026-09-06T21:34:54.4597984+08:00 pid=71532 tid=12 left-down x=3061 y=1317 wordForeground=False
2026-09-06T21:35:04.3742116+08:00 pid=71532 tid=12 left-down x=2884 y=1710 wordForeground=False
2026-09-06T21:35:12.7031638+08:00 pid=71532 tid=12 left-down x=2818 y=1889 wordForeground=False
2026-09-06T21:35:23.0902194+08:00 pid=71532 tid=12 left-down x=2446 y=1904 wordForeground=False
2026-09-06T21:35:44.1828805+08:00 pid=71532 tid=12 left-down x=1750 y=2017 wordForeground=False
2026-09-06T21:35:47.7230834+08:00 pid=71532 tid=12 left-down x=2311 y=1771 wordForeground=False
2026-09-06T21:36:02.4673585+08:00 pid=71532 tid=12 left-down x=1216 y=1122 wordForeground=True
2026-09-06T21:36:02.8486516+08:00 pid=71532 tid=12 left-down x=1216 y=1122 wordForeground=True
2026-09-06T21:36:02.8486516+08:00 pid=71532 tid=12 double-click elapsedMs=380.922 withinX=True withinY=True nativeOleTarget=False suppressSecondDown=False dispatchCallback=True
2026-09-06T21:36:02.9536310+08:00 pid=71532 tid=19 callback-begin interceptedNativeOle=False x=1216 y=1122
2026-09-06T21:36:02.9536310+08:00 pid=71532 tid=19 addin-callback-received interceptedNativeOle=False x=1216 y=1122
2026-09-06T21:36:02.9536310+08:00 pid=71532 tid=19 callback-end
2026-09-06T21:36:02.9546309+08:00 pid=71532 tid=1 addin-coordinate-selection formulaId=<null> objectMode=<null>
2026-09-06T21:37:19.4757999+08:00 pid=71532 tid=12 left-down x=3336 y=1372 wordForeground=True
2026-09-06T21:37:25.9561308+08:00 pid=71532 tid=12 left-down x=2405 y=1625 wordForeground=False
2026-09-06T21:37:27.3490467+08:00 pid=71532 tid=12 left-down x=2310 y=1561 wordForeground=False
2026-09-06T21:37:29.7005192+08:00 pid=71532 tid=12 left-down x=3539 y=957 wordForeground=False
2026-09-06T21:37:31.6704077+08:00 pid=71532 tid=12 left-down x=2655 y=1907 wordForeground=False
2026-09-06T21:37:48.1238205+08:00 pid=71532 tid=12 left-down x=1382 y=1120 wordForeground=False
2026-09-06T21:37:51.4279570+08:00 pid=71532 tid=12 left-down x=2492 y=460 wordForeground=False
2026-09-06T21:38:18.4500866+08:00 pid=71532 tid=12 left-down x=1255 y=1032 wordForeground=True
2026-09-06T21:38:24.8265819+08:00 pid=71532 tid=12 left-down x=2693 y=1663 wordForeground=True
2026-09-06T21:38:26.3035599+08:00 pid=71532 tid=12 left-down x=3239 y=1682 wordForeground=False
2026-09-06T21:38:28.3987726+08:00 pid=71532 tid=12 left-down x=3146 y=1684 wordForeground=False
2026-09-06T21:38:45.5294143+08:00 pid=71532 tid=12 left-down x=1151 y=2140 wordForeground=False
2026-09-06T21:39:11.8082078+08:00 pid=71532 tid=12 left-down x=3303 y=1566 wordForeground=False
2026-09-06T21:39:17.5924734+08:00 pid=71532 tid=12 left-down x=3268 y=1483 wordForeground=False
2026-09-06T21:39:20.6354039+08:00 pid=71532 tid=12 left-down x=2801 y=1901 wordForeground=False
2026-09-06T21:39:32.0539007+08:00 pid=71532 tid=12 left-down x=2801 y=1901 wordForeground=True
2026-09-06T21:41:54.3881580+08:00 pid=71532 tid=12 left-down x=1872 y=722 wordForeground=True
2026-09-06T21:42:55.0688147+08:00 pid=71532 tid=12 left-down x=1332 y=734 wordForeground=True
2026-09-06T21:42:56.8140059+08:00 pid=71532 tid=12 left-down x=3277 y=1290 wordForeground=True
2026-09-06T21:44:10.1910308+08:00 pid=71532 tid=12 left-down x=1445 y=832 wordForeground=True
2026-09-06T21:44:10.5476032+08:00 pid=71532 tid=12 left-down x=1445 y=832 wordForeground=True
2026-09-06T21:44:10.5476032+08:00 pid=71532 tid=12 double-click elapsedMs=356.38 withinX=True withinY=True nativeOleTarget=False suppressSecondDown=False dispatchCallback=True
2026-09-06T21:44:10.6526001+08:00 pid=71532 tid=8 callback-begin interceptedNativeOle=False x=1445 y=832
2026-09-06T21:44:10.6526001+08:00 pid=71532 tid=8 addin-callback-received interceptedNativeOle=False x=1445 y=832
2026-09-06T21:44:10.6526001+08:00 pid=71532 tid=8 callback-end
2026-09-06T21:44:10.6536015+08:00 pid=71532 tid=1 addin-coordinate-selection formulaId=<null> objectMode=<null>
2026-09-06T21:44:12.3669653+08:00 pid=71532 tid=12 left-down x=3812 y=9 wordForeground=False
2026-09-06T21:44:14.5939604+08:00 pid=71532 tid=12 left-down x=1517 y=985 wordForeground=True
2026-09-06T21:44:43.1553256+08:00 pid=71532 tid=12 left-down x=1820 y=1993 wordForeground=True
2026-09-06T21:44:45.0797543+08:00 pid=71532 tid=12 left-down x=2265 y=1773 wordForeground=False
2026-09-06T21:45:35.1776329+08:00 pid=71532 tid=12 left-down x=1897 y=1997 wordForeground=False
2026-09-06T21:45:36.7042321+08:00 pid=71532 tid=12 left-down x=2373 y=1907 wordForeground=False
2026-09-06T21:45:37.7930209+08:00 pid=71532 tid=12 left-down x=2372 y=1627 wordForeground=False
2026-09-06T21:45:38.9010749+08:00 pid=71532 tid=12 left-down x=2305 y=1600 wordForeground=False
2026-09-06T21:45:41.3998877+08:00 pid=71532 tid=12 left-down x=3535 y=976 wordForeground=False
2026-09-06T21:45:42.9014233+08:00 pid=71532 tid=12 left-down x=2685 y=1869 wordForeground=False
2026-09-06T21:46:38.0845608+08:00 pid=71532 tid=12 left-down x=1982 y=2015 wordForeground=False
2026-09-06T21:46:45.3555824+08:00 pid=71532 tid=12 left-down x=852 y=2147 wordForeground=False
2026-09-06T21:46:48.8223332+08:00 pid=71532 tid=12 left-down x=2927 y=1203 wordForeground=False
2026-09-06T21:47:00.5953687+08:00 pid=71532 tid=12 left-down x=1718 y=624 wordForeground=False
2026-09-06T21:47:02.7260665+08:00 pid=71532 tid=12 left-down x=2217 y=1462 wordForeground=False
2026-09-06T21:47:32.1867404+08:00 pid=71532 tid=12 left-down x=1235 y=828 wordForeground=True
2026-09-06T21:47:40.1940287+08:00 pid=71532 tid=12 left-down x=1049 y=502 wordForeground=True
2026-09-06T21:47:45.7098527+08:00 pid=71532 tid=12 left-down x=403 y=1089 wordForeground=True
2026-09-06T21:47:46.0910415+08:00 pid=71532 tid=12 left-down x=403 y=1089 wordForeground=True
2026-09-06T21:47:46.0920414+08:00 pid=71532 tid=12 double-click elapsedMs=381.727 withinX=True withinY=True nativeOleTarget=False suppressSecondDown=False dispatchCallback=True
2026-09-06T21:47:46.1862950+08:00 pid=71532 tid=9 callback-begin interceptedNativeOle=False x=403 y=1089
2026-09-06T21:47:46.1862950+08:00 pid=71532 tid=9 addin-callback-received interceptedNativeOle=False x=403 y=1089
2026-09-06T21:47:46.1862950+08:00 pid=71532 tid=9 callback-end
2026-09-06T21:47:46.1872960+08:00 pid=71532 tid=1 addin-coordinate-selection formulaId=<null> objectMode=<null>
2026-09-06T21:47:56.4991737+08:00 pid=71532 tid=12 left-down x=584 y=1013 wordForeground=True
2026-09-06T21:48:00.8295707+08:00 pid=71532 tid=12 left-down x=2608 y=1634 wordForeground=True
2026-09-06T21:48:24.4844696+08:00 pid=71532 tid=12 left-down x=1927 y=1995 wordForeground=False
2026-09-06T21:48:26.8980363+08:00 pid=71532 tid=12 left-down x=2318 y=1897 wordForeground=False
2026-09-06T21:57:13.7396282+08:00 pid=71532 tid=12 left-down x=1938 y=2024 wordForeground=False
2026-09-06T21:57:15.3531420+08:00 pid=71532 tid=12 left-down x=2338 y=1891 wordForeground=False
2026-09-06T21:59:58.9514425+08:00 pid=71532 tid=12 left-down x=2320 y=1675 wordForeground=False
2026-09-06T22:00:03.0319558+08:00 pid=71532 tid=12 left-down x=686 y=2131 wordForeground=False
2026-09-06T22:00:05.6595342+08:00 pid=71532 tid=12 left-down x=1008 y=1231 wordForeground=False
2026-09-06T22:00:06.0885901+08:00 pid=71532 tid=12 left-down x=1008 y=1231 wordForeground=False
2026-09-06T22:00:08.3949959+08:00 pid=71532 tid=12 left-down x=2052 y=1288 wordForeground=False
2026-09-06T22:00:09.0643933+08:00 pid=71532 tid=12 left-down x=2052 y=1288 wordForeground=False
2026-09-06T22:00:10.1212548+08:00 pid=71532 tid=12 left-down x=2052 y=1288 wordForeground=False
