2026-09-06T20:18:23.8248205+08:00 pid=94656 tid=1 word-addin-loaded pid=94656 assembly=C:\Users\pojian_liao\AppData\Local\VisualTeX\office\remediation-builds\CEC11D1427D70158CC31F6FFB0520B5206BC67A6023FA04783FCE4D3E7B912B6\VisualTeX.WordVsto.dll mvid=d36b0c7e-7eb9-4857-a33f-7bfb2a2ae907
2026-09-06T20:18:24.1125582+08:00 pid=94656 tid=1 hook-started handle=0xCF636B
2026-09-06T20:18:24.2920233+08:00 pid=94656 tid=9 mathtype-native-preview-shared-prewarm-complete
2026-09-06T20:18:44.7826021+08:00 pid=94656 tid=11 left-down x=3202 y=1755 wordForeground=True
2026-09-06T20:18:55.3245627+08:00 pid=94656 tid=11 left-down x=1872 y=722 wordForeground=True
2026-09-06T20:19:00.1442515+08:00 pid=94656 tid=1 bulk-import bulk-import-start
2026-09-06T20:19:00.2051215+08:00 pid=94656 tid=6 bulk-import bulk-import-ui-created sessionId=7af5e955-30cb-42e3-b653-f3f60889adfe
2026-09-06T20:19:00.2091187+08:00 pid=94656 tid=6 bulk-import bulk-import-ui-opened sessionId=7af5e955-30cb-42e3-b653-f3f60889adfe
2026-09-06T20:19:04.0344409+08:00 pid=94656 tid=11 left-down x=1382 y=1120 wordForeground=False
2026-09-06T20:19:07.2527831+08:00 pid=94656 tid=11 left-down x=2492 y=460 wordForeground=False
2026-09-06T20:19:09.7655260+08:00 pid=94656 tid=18 bulk-import bulk-import-ui-finished sessionId=7af5e955-30cb-42e3-b653-f3f60889adfe status=committing error=<null>
2026-09-06T20:19:09.7757360+08:00 pid=94656 tid=18 bulk-import parsed blocks=1 formulas=1 mode=Omml fontSizePt=10.5
2026-09-06T20:19:09.7867351+08:00 pid=94656 tid=18 bulk-import render-prepare index=1/1 display=block latex=\begin{cases}\frac{\mathrm{d}}{\mathrm{d}\omega}\left(\omega f\left(\omega\right)\right)=0 \\ \frac{\omega f\left(\omega\right)}{2}\frac{\mathrm{d}E\left(\omega\right)}{\mathrm{d}\omega}=\sqrt{\frac{m}{2}} \end{cases}
2026-09-06T20:19:09.7897360+08:00 pid=94656 tid=18 bulk-import converter-create display=block mode=wordOmml latex=\begin{cases}\frac{\mathrm{d}}{\mathrm{d}\omega}\left(\omega f\left(\omega\right)\right)=0 \\ \frac{\omega f\left(\omega\right)}{2}\frac{\mathrm{d}E\left(\omega\right)}{\mathrm{d}\omega}=\sqrt{\frac{m}{2}} \end{cases}
2026-09-06T20:19:09.7987347+08:00 pid=94656 tid=14 bulk-import converter-created sessionId=ea1e31eb-5f6b-4969-a466-3c81a0429b0f
2026-09-06T20:19:09.7997350+08:00 pid=94656 tid=14 bulk-import render-batch-start unique=1 total=1
2026-09-06T20:19:09.8459219+08:00 pid=94656 tid=18 bulk-import render-batch-item sessionId=ea1e31eb-5f6b-4969-a466-3c81a0429b0f status=committing display=block
2026-09-06T20:19:09.8469216+08:00 pid=94656 tid=18 bulk-import render-batch-complete unique=1 elapsedMs=46
2026-09-06T20:19:09.9068356+08:00 pid=94656 tid=1 word-undo-begin name=VisualTeX 批量导入 recording=False level=0
2026-09-06T20:19:09.9078353+08:00 pid=94656 tid=1 word-undo-started name=VisualTeX 批量导入 recording=True level=1
2026-09-06T20:19:10.5803915+08:00 pid=94656 tid=1 omml-xml-incomplete-export formulaId= attempt=1 range=0:59
2026-09-06T20:19:11.0409055+08:00 pid=94656 tid=1 bulk-import-ole-identities-finalized repaired=0
2026-09-06T20:19:11.0409055+08:00 pid=94656 tid=1 word-undo-end recording=False level=0
2026-09-06T20:19:11.0419045+08:00 pid=94656 tid=16 bulk-import bulk-insert-complete blocks=1 formulas=1 elapsedMs=1193
2026-09-06T20:19:11.0429058+08:00 pid=94656 tid=16 bulk-import bulk-import-complete blocks=1 formulas=1 elapsedMs=10897
2026-09-06T20:19:11.0429058+08:00 pid=94656 tid=16 bulk-import bulk-operation-gate-released
2026-09-06T20:19:11.0635692+08:00 pid=94656 tid=18 office-session-finalization-complete sessions=2 completed=True
2026-09-06T20:19:19.1755765+08:00 pid=94656 tid=1 format-conversion-start sourceMode=wordOmml targetMode=mathTypeOle wholeDocument=True
2026-09-06T20:19:19.3889840+08:00 pid=94656 tid=1 format-conversion-plan sourceMode=wordOmml targetMode=mathTypeOle targets=1
2026-09-06T20:19:22.9557519+08:00 pid=94656 tid=1 format-conversion-render-bypass sourceMode=wordOmml targetMode=mathTypeOle targets=1 reason=source-mathml-ready
2026-09-06T20:19:23.0836857+08:00 pid=94656 tid=1 format-conversion-native-preview-batch-complete formulas=1 elapsedMs=113
2026-09-06T20:19:23.0836857+08:00 pid=94656 tid=1 format-conversion-word-apply-start sourceMode=wordOmml targetMode=mathTypeOle targets=1
2026-09-06T20:19:23.1665570+08:00 pid=94656 tid=1 format-conversion-runtime assembly=C:\Users\pojian_liao\AppData\Local\VisualTeX\office\remediation-builds\CEC11D1427D70158CC31F6FFB0520B5206BC67A6023FA04783FCE4D3E7B912B6\VisualTeX.WordVsto.dll source=wordOmml target=mathTypeOle targetIsVisualTeX=False targetIsMathType=True
2026-09-06T20:19:23.2034984+08:00 pid=94656 tid=1 format-conversion-reference-counts-fast-path source=wordOmml formulas=1
2026-09-06T20:19:23.2492270+08:00 pid=94656 tid=1 word-undo-begin name=VisualTeX Convert Formula Format recording=False level=0
2026-09-06T20:19:23.2502339+08:00 pid=94656 tid=1 word-undo-started name=VisualTeX Convert Formula Format recording=True level=1
2026-09-06T20:19:23.2502339+08:00 pid=94656 tid=1 format-conversion-undo-state stage=before-preferences document=文档8 recording=True level=1
2026-09-06T20:19:23.2512341+08:00 pid=94656 tid=1 format-conversion-transaction-start targets=1
2026-09-06T20:19:23.2512341+08:00 pid=94656 tid=1 format-conversion-undo-state stage=after-preferences document=文档8 recording=True level=1
2026-09-06T20:19:23.2522336+08:00 pid=94656 tid=1 format-conversion-undo-state stage=before-source-delete document=文档8 recording=True level=1
2026-09-06T20:19:23.3918414+08:00 pid=94656 tid=1 format-conversion-direct-numbered-omml-delete formulaId=520ab7ea-4f5a-4392-9a55-7fbc034bdee1 start=1
2026-09-06T20:19:23.3928423+08:00 pid=94656 tid=1 format-conversion-perf stage=delete-source-host formulaId=520ab7ea-4f5a-4392-9a55-7fbc034bdee1 numbered=True deltaMs=141 totalMs=141
2026-09-06T20:19:23.3928423+08:00 pid=94656 tid=1 format-conversion-undo-state stage=after-source-delete document=文档8 recording=False level=0
2026-09-06T20:19:23.4485856+08:00 pid=94656 tid=1 word-undo-begin name=VisualTeX Insert MathType OLE Numbered Display Formula recording=False level=0
2026-09-06T20:19:23.4491139+08:00 pid=94656 tid=1 word-undo-started name=VisualTeX Insert MathType OLE Numbered Display Formula recording=True level=1
2026-09-06T20:19:23.4533375+08:00 pid=94656 tid=1 mathtype-insert-perf stage=resolve-insertion numbered=True inline=False deltaMs=4 totalMs=4
2026-09-06T20:19:23.4549055+08:00 pid=94656 tid=1 mathtype-insert-perf stage=clear-incomplete-number-row numbered=True inline=False deltaMs=2 totalMs=6
2026-09-06T20:19:23.4558971+08:00 pid=94656 tid=1 mathtype-insert-perf stage=number-template-heading-state numbered=True inline=False deltaMs=1 totalMs=7
2026-09-06T20:19:23.4578966+08:00 pid=94656 tid=1 mathtype-insert-perf stage=prepare-display-row numbered=True inline=False deltaMs=2 totalMs=9
2026-09-06T20:19:23.4775135+08:00 pid=94656 tid=1 mathtype-insert-perf stage=build-flat-opc numbered=True inline=False deltaMs=19 totalMs=28
2026-09-06T20:19:23.4775135+08:00 pid=94656 tid=1 mathtype-insert-perf stage=pre-insert-bookkeeping numbered=True inline=False deltaMs=1 totalMs=29
2026-09-06T20:19:23.5162641+08:00 pid=94656 tid=1 mathtype-insert-perf stage=insert-flat-opc numbered=True inline=False deltaMs=38 totalMs=67
2026-09-06T20:19:23.6473170+08:00 pid=94656 tid=1 mathtype-insert-perf stage=resolve-new-shape numbered=True inline=False deltaMs=131 totalMs=198
2026-09-06T20:19:23.6493148+08:00 pid=94656 tid=1 mathtype-insert-perf stage=set-shape-geometry numbered=True inline=False deltaMs=2 totalMs=200
2026-09-06T20:19:23.6493148+08:00 pid=94656 tid=1 mathtype-insert-perf stage=repair-inline-paragraph numbered=True inline=False deltaMs=0 totalMs=200
2026-09-06T20:19:23.6493148+08:00 pid=94656 tid=1 mathtype-insert-perf stage=refresh-native-shape numbered=True inline=False deltaMs=1 totalMs=201
2026-09-06T20:19:23.6769086+08:00 pid=94656 tid=1 mathtype-insert-perf stage=bind-created-object-identity numbered=True inline=False deltaMs=27 totalMs=228
2026-09-06T20:19:23.6769086+08:00 pid=94656 tid=1 mathtype-insert-perf stage=complete numbered=True inline=False deltaMs=0 totalMs=228
2026-09-06T20:19:23.6779084+08:00 pid=94656 tid=1 word-undo-end recording=True level=1
2026-09-06T20:19:23.6779084+08:00 pid=94656 tid=1 format-conversion-perf stage=insert-target formulaId=520ab7ea-4f5a-4392-9a55-7fbc034bdee1 numbered=True deltaMs=285 totalMs=426
2026-09-06T20:19:23.6779084+08:00 pid=94656 tid=1 format-conversion-undo-state stage=after-target-insert document=文档8 recording=False level=0
2026-09-06T20:19:23.6789097+08:00 pid=94656 tid=1 format-conversion-bookmarked-target-stable formulaId=520ab7ea-4f5a-4392-9a55-7fbc034bdee1 bookmark=VTMT_85c46f1eba9246d492c1c7902d818fca range=2:28 elapsedMs=0
2026-09-06T20:19:23.6799086+08:00 pid=94656 tid=1 format-conversion-direct-managed-omml-metadata-deleted formulaId=520ab7ea-4f5a-4392-9a55-7fbc034bdee1 numbered=True
2026-09-06T20:19:23.6799086+08:00 pid=94656 tid=1 format-conversion-perf stage=verify-target formulaId=520ab7ea-4f5a-4392-9a55-7fbc034bdee1 numbered=True deltaMs=2 totalMs=428
2026-09-06T20:19:23.6809089+08:00 pid=94656 tid=1 format-conversion-finalize-perf stage=source-residual-check sourceMode=wordOmml targetMode=mathTypeOle deltaMs=0 totalMs=0
2026-09-06T20:19:23.6809089+08:00 pid=94656 tid=1 format-conversion-finalize-perf stage=target-count-check sourceMode=wordOmml targetMode=mathTypeOle deltaMs=0 totalMs=0
2026-09-06T20:19:23.6809089+08:00 pid=94656 tid=1 format-conversion-numbering-local-mathtype-single finalized=1
2026-09-06T20:19:23.6819092+08:00 pid=94656 tid=1 format-conversion-finalize-perf stage=numbering-reconcile sourceMode=wordOmml targetMode=mathTypeOle deltaMs=1 totalMs=1
2026-09-06T20:19:23.6819092+08:00 pid=94656 tid=1 format-conversion-finalize-perf stage=omml-fingerprint-refresh sourceMode=wordOmml targetMode=mathTypeOle deltaMs=1 totalMs=2
2026-09-06T20:19:23.6829087+08:00 pid=94656 tid=1 format-conversion-transaction-completed targets=1
2026-09-06T20:19:23.6839086+08:00 pid=94656 tid=1 format-conversion-word-apply-finished sourceMode=wordOmml targetMode=mathTypeOle converted=1 failed=0
2026-09-06T20:19:23.6849085+08:00 pid=94656 tid=1 format-conversion-complete source=OMML target=MathType converted=1 failed=0
2026-09-06T20:19:33.1303214+08:00 pid=94656 tid=1 bulk-import bulk-import-start
2026-09-06T20:19:33.1536824+08:00 pid=94656 tid=19 bulk-import bulk-import-ui-created sessionId=4f468153-fb9b-43c9-a596-deb118d86dfe
2026-09-06T20:19:33.1586831+08:00 pid=94656 tid=19 bulk-import bulk-import-ui-opened sessionId=4f468153-fb9b-43c9-a596-deb118d86dfe
2026-09-06T20:19:37.0155084+08:00 pid=94656 tid=11 left-down x=1382 y=1120 wordForeground=False
2026-09-06T20:19:39.2853053+08:00 pid=94656 tid=11 left-down x=2332 y=460 wordForeground=False
2026-09-06T20:19:41.3103951+08:00 pid=94656 tid=11 left-down x=2492 y=460 wordForeground=False
2026-09-06T20:19:43.8395614+08:00 pid=94656 tid=6 bulk-import bulk-import-ui-finished sessionId=4f468153-fb9b-43c9-a596-deb118d86dfe status=committing error=<null>
2026-09-06T20:19:43.8445268+08:00 pid=94656 tid=6 bulk-import parsed blocks=1 formulas=1 mode=MathType fontSizePt=10.5
2026-09-06T20:19:43.8563665+08:00 pid=94656 tid=21 bulk-import render-prepare index=1/1 display=block latex=\begin{cases}\frac{\mathrm{d}}{\mathrm{d}\omega}\left(\omega f\left(\omega\right)\right)=0 \\ \frac{\omega f\left(\omega\right)}{2}\frac{\mathrm{d}E\left(\omega\right)}{\mathrm{d}\omega}=\sqrt{\frac{m}{2}} \end{cases}
2026-09-06T20:19:43.8573656+08:00 pid=94656 tid=21 bulk-import converter-create display=block mode=mathTypeOle latex=\begin{cases}\frac{\mathrm{d}}{\mathrm{d}\omega}\left(\omega f\left(\omega\right)\right)=0 \\ \frac{\omega f\left(\omega\right)}{2}\frac{\mathrm{d}E\left(\omega\right)}{\mathrm{d}\omega}=\sqrt{\frac{m}{2}} \end{cases}
2026-09-06T20:19:43.8603659+08:00 pid=94656 tid=6 bulk-import converter-created sessionId=477267bd-e481-4a81-8dde-595a7978a6cd
2026-09-06T20:19:43.8613674+08:00 pid=94656 tid=6 bulk-import render-batch-start unique=1 total=1
2026-09-06T20:19:43.9432576+08:00 pid=94656 tid=6 bulk-import render-batch-item sessionId=477267bd-e481-4a81-8dde-595a7978a6cd status=committing display=block
2026-09-06T20:19:43.9442584+08:00 pid=94656 tid=6 bulk-import render-batch-complete unique=1 elapsedMs=82
2026-09-06T20:19:44.1365556+08:00 pid=94656 tid=6 bulk-import mathtype-native-preview-batch templates=1 formulas=1 elapsedMs=190
2026-09-06T20:19:44.1912707+08:00 pid=94656 tid=1 word-undo-begin name=VisualTeX 批量导入 recording=False level=0
2026-09-06T20:19:44.1912707+08:00 pid=94656 tid=1 word-undo-started name=VisualTeX 批量导入 recording=True level=1
2026-09-06T20:19:44.2192715+08:00 pid=94656 tid=1 word-undo-begin name=VisualTeX Insert MathType OLE Numbered Display Formula recording=True level=1
2026-09-06T20:19:44.2232722+08:00 pid=94656 tid=1 mathtype-insert-perf stage=resolve-insertion numbered=True inline=False deltaMs=3 totalMs=3
2026-09-06T20:19:44.2232722+08:00 pid=94656 tid=1 mathtype-insert-perf stage=clear-incomplete-number-row numbered=True inline=False deltaMs=0 totalMs=3
2026-09-06T20:19:44.2282723+08:00 pid=94656 tid=1 mathtype-insert-perf stage=number-template-heading-state numbered=True inline=False deltaMs=5 totalMs=8
2026-09-06T20:19:44.2292709+08:00 pid=94656 tid=1 mathtype-insert-perf stage=prepare-display-row numbered=True inline=False deltaMs=1 totalMs=9
2026-09-06T20:19:44.2362711+08:00 pid=94656 tid=1 mathtype-insert-perf stage=build-flat-opc numbered=True inline=False deltaMs=7 totalMs=16
2026-09-06T20:19:44.2362711+08:00 pid=94656 tid=1 mathtype-insert-perf stage=pre-insert-bookkeeping numbered=True inline=False deltaMs=0 totalMs=16
2026-09-06T20:19:44.2750228+08:00 pid=94656 tid=1 mathtype-insert-perf stage=insert-flat-opc numbered=True inline=False deltaMs=39 totalMs=55
2026-09-06T20:19:44.2760231+08:00 pid=94656 tid=1 mathtype-insert-perf stage=resolve-new-shape numbered=True inline=False deltaMs=1 totalMs=56
2026-09-06T20:19:44.3060218+08:00 pid=94656 tid=1 mathtype-insert-perf stage=set-shape-geometry numbered=True inline=False deltaMs=30 totalMs=86
2026-09-06T20:19:44.3060218+08:00 pid=94656 tid=1 mathtype-insert-perf stage=repair-inline-paragraph numbered=True inline=False deltaMs=1 totalMs=87
2026-09-06T20:19:44.3080230+08:00 pid=94656 tid=1 mathtype-insert-perf stage=refresh-native-shape numbered=True inline=False deltaMs=1 totalMs=88
2026-09-06T20:19:44.3256267+08:00 pid=94656 tid=1 mathtype-insert-perf stage=complete numbered=True inline=False deltaMs=18 totalMs=106
2026-09-06T20:19:44.3366265+08:00 pid=94656 tid=1 bulk-import-ole-identities-finalized repaired=0
2026-09-06T20:19:44.3366265+08:00 pid=94656 tid=1 word-undo-end recording=False level=0
2026-09-06T20:19:44.3376266+08:00 pid=94656 tid=20 bulk-import bulk-insert-complete blocks=1 formulas=1 elapsedMs=200
2026-09-06T20:19:44.3376266+08:00 pid=94656 tid=20 bulk-import bulk-import-complete blocks=1 formulas=1 elapsedMs=11206
2026-09-06T20:19:44.3376266+08:00 pid=94656 tid=20 bulk-import bulk-operation-gate-released
2026-09-06T20:19:44.3526077+08:00 pid=94656 tid=6 office-session-finalization-complete sessions=2 completed=True
2026-09-06T20:20:55.2005653+08:00 pid=94656 tid=24 ribbon-session-operation-released sessionId=b52ff250-1e60-4bed-a561-853ae2fc63cb
2026-09-06T20:21:06.9981056+08:00 pid=94656 tid=11 left-down x=1776 y=1270 wordForeground=False
2026-09-06T20:21:10.2654157+08:00 pid=94656 tid=1 word-undo-begin name=VisualTeX Update MathType OLE Formula recording=False level=0
2026-09-06T20:21:10.2654157+08:00 pid=94656 tid=1 word-undo-started name=VisualTeX Update MathType OLE Formula recording=True level=1
2026-09-06T20:21:10.2664156+08:00 pid=94656 tid=1 mathtype-replace-stage stage=resolve-source formulaId=c93f72f1-b9c9-454e-969e-7afcf6d11227
2026-09-06T20:21:10.2714159+08:00 pid=94656 tid=1 mathtype-replace-numbering source=True:right target=True:right changed=False
2026-09-06T20:21:10.2724156+08:00 pid=94656 tid=1 mathtype-replace-stage stage=read-source-flat-opc formulaId=c93f72f1-b9c9-454e-969e-7afcf6d11227
2026-09-06T20:21:10.2904155+08:00 pid=94656 tid=1 mathtype-replace-stage stage=read-source-flat-opc-complete formulaId=c93f72f1-b9c9-454e-969e-7afcf6d11227
2026-09-06T20:21:10.2914165+08:00 pid=94656 tid=1 mathtype-replace-stage stage=rewrite-cfb formulaId=c93f72f1-b9c9-454e-969e-7afcf6d11227
2026-09-06T20:21:10.4468280+08:00 pid=94656 tid=1 mathtype-replace-native-preview formulaId=c93f72f1-b9c9-454e-969e-7afcf6d11227 sourceWord=98x60.95@-28 sourceNative=98x61@-28 rewrittenNative=99x61@-28 scale=1x0.999 target=99x60.95@-28
2026-09-06T20:21:10.4468280+08:00 pid=94656 tid=1 mathtype-replace-stage stage=rewrite-flat-opc formulaId=c93f72f1-b9c9-454e-969e-7afcf6d11227
2026-09-06T20:21:10.4528280+08:00 pid=94656 tid=1 mathtype-replace-stage stage=rewrite-flat-opc-complete formulaId=c93f72f1-b9c9-454e-969e-7afcf6d11227
2026-09-06T20:21:10.4558280+08:00 pid=94656 tid=1 mathtype-replace-stage stage=delete-source formulaId=c93f72f1-b9c9-454e-969e-7afcf6d11227
2026-09-06T20:21:10.4588282+08:00 pid=94656 tid=1 mathtype-replace-stage stage=insert-rewritten-flat-opc formulaId=c93f72f1-b9c9-454e-969e-7afcf6d11227
2026-09-06T20:21:10.5059584+08:00 pid=94656 tid=1 mathtype-replace-stage stage=insert-rewritten-flat-opc-complete formulaId=c93f72f1-b9c9-454e-969e-7afcf6d11227
2026-09-06T20:21:10.5170943+08:00 pid=94656 tid=1 mathtype-replace-stage stage=validate-replacement formulaId=c93f72f1-b9c9-454e-969e-7afcf6d11227
2026-09-06T20:21:10.5490940+08:00 pid=94656 tid=1 mathtype-replace-stage stage=complete formulaId=c93f72f1-b9c9-454e-969e-7afcf6d11227
2026-09-06T20:21:10.5660941+08:00 pid=94656 tid=1 word-undo-end recording=False level=0
2026-09-06T20:21:10.5710942+08:00 pid=94656 tid=23 ribbon-session-operation-released sessionId=15a88101-65de-4d99-b629-8d035f3edb26
2026-09-06T20:21:21.0192500+08:00 pid=94656 tid=11 left-down x=2058 y=1197 wordForeground=True
2026-09-06T20:21:22.5195293+08:00 pid=94656 tid=1 word-undo-begin name=VisualTeX Insert Equation Reference recording=False level=0
2026-09-06T20:21:22.5205294+08:00 pid=94656 tid=1 word-undo-started name=VisualTeX Insert Equation Reference recording=True level=1
2026-09-06T20:21:22.5755280+08:00 pid=94656 tid=1 word-undo-end recording=True level=1
2026-09-06T20:21:22.5755280+08:00 pid=94656 tid=1 reference-insertion-complete target=MathType 公式 (1)
2026-09-06T20:21:28.8819062+08:00 pid=94656 tid=11 left-down x=1872 y=894 wordForeground=True
2026-09-06T20:21:29.4709181+08:00 pid=94656 tid=1 word-undo-begin name=VisualTeX Set Equation Number Format recording=False level=0
2026-09-06T20:21:29.4719180+08:00 pid=94656 tid=1 word-undo-started name=VisualTeX Set Equation Number Format recording=True level=1
2026-09-06T20:21:29.8786926+08:00 pid=94656 tid=1 word-undo-end recording=False level=0
2026-09-06T20:21:37.8485405+08:00 pid=94656 tid=1 format-conversion-start sourceMode=mathTypeOle targetMode=wordOmml wholeDocument=True
2026-09-06T20:21:37.8908160+08:00 pid=94656 tid=1 format-conversion-plan-bulk-ole-snapshot count=2 elapsedMs=41
2026-09-06T20:21:37.8918161+08:00 pid=94656 tid=1 format-conversion-plan-perf stage=shape-access source=mathTypeOle index=1/2 deltaMs=0 totalMs=0
2026-09-06T20:21:37.8918161+08:00 pid=94656 tid=1 format-conversion-plan-perf stage=identify-mathtype source=mathTypeOle index=1/2 deltaMs=0 totalMs=0
2026-09-06T20:21:37.8948153+08:00 pid=94656 tid=1 format-conversion-plan-perf stage=read-mathml-bulk source=mathTypeOle index=1/2 deltaMs=3 totalMs=3
2026-09-06T20:21:37.8968144+08:00 pid=94656 tid=1 format-conversion-plan-perf stage=read-metadata source=mathTypeOle index=1/2 deltaMs=2 totalMs=5
2026-09-06T20:21:37.8968144+08:00 pid=94656 tid=1 format-conversion-plan-perf stage=number-position source=mathTypeOle index=1/2 deltaMs=0 totalMs=5
2026-09-06T20:21:37.8978146+08:00 pid=94656 tid=1 format-conversion-plan-perf stage=shape-range source=mathTypeOle index=1/2 deltaMs=1 totalMs=6
2026-09-06T20:21:37.9128162+08:00 pid=94656 tid=1 format-conversion-plan-perf stage=target-added source=mathTypeOle index=1/2 deltaMs=15 totalMs=21
2026-09-06T20:21:37.9128162+08:00 pid=94656 tid=1 format-conversion-plan-perf stage=shape-access source=mathTypeOle index=2/2 deltaMs=0 totalMs=0
2026-09-06T20:21:37.9138157+08:00 pid=94656 tid=1 format-conversion-plan-perf stage=identify-mathtype source=mathTypeOle index=2/2 deltaMs=0 totalMs=0
2026-09-06T20:21:37.9168159+08:00 pid=94656 tid=1 format-conversion-plan-perf stage=read-mathml-bulk source=mathTypeOle index=2/2 deltaMs=3 totalMs=3
2026-09-06T20:21:37.9188156+08:00 pid=94656 tid=1 format-conversion-plan-perf stage=read-metadata source=mathTypeOle index=2/2 deltaMs=2 totalMs=5
2026-09-06T20:21:37.9188156+08:00 pid=94656 tid=1 format-conversion-plan-perf stage=number-position source=mathTypeOle index=2/2 deltaMs=0 totalMs=5
2026-09-06T20:21:37.9188156+08:00 pid=94656 tid=1 format-conversion-plan-perf stage=shape-range source=mathTypeOle index=2/2 deltaMs=0 totalMs=5
2026-09-06T20:21:37.9508158+08:00 pid=94656 tid=1 format-conversion-plan-perf stage=target-added source=mathTypeOle index=2/2 deltaMs=32 totalMs=37
2026-09-06T20:21:37.9518160+08:00 pid=94656 tid=1 format-conversion-plan sourceMode=mathTypeOle targetMode=wordOmml targets=2
2026-09-06T20:21:41.5580525+08:00 pid=94656 tid=1 format-conversion-render-bypass sourceMode=mathTypeOle targetMode=wordOmml targets=2 reason=source-mathml-ready
2026-09-06T20:21:41.5590508+08:00 pid=94656 tid=1 format-conversion-word-apply-start sourceMode=mathTypeOle targetMode=wordOmml targets=2
2026-09-06T20:21:41.5615680+08:00 pid=94656 tid=1 format-conversion-runtime assembly=C:\Users\pojian_liao\AppData\Local\VisualTeX\office\remediation-builds\CEC11D1427D70158CC31F6FFB0520B5206BC67A6023FA04783FCE4D3E7B912B6\VisualTeX.WordVsto.dll source=mathTypeOle target=wordOmml targetIsVisualTeX=False targetIsMathType=False
2026-09-06T20:21:41.5640810+08:00 pid=94656 tid=1 format-conversion-reference-aliases-captured sourceMode=mathTypeOle formulaId=24abf1b1-247e-4c91-9e14-0b472b52a937 aliases=ZEqnNum100100
2026-09-06T20:21:41.7116167+08:00 pid=94656 tid=1 format-conversion-omml-batch-source-created formulas=2 elapsedMs=138
2026-09-06T20:21:41.8980187+08:00 pid=94656 tid=1 word-undo-begin name=VisualTeX Convert Formula Format recording=False level=0
2026-09-06T20:21:41.8985263+08:00 pid=94656 tid=1 word-undo-started name=VisualTeX Convert Formula Format recording=True level=1
2026-09-06T20:21:41.8985263+08:00 pid=94656 tid=1 format-conversion-undo-state stage=before-preferences document=文档8 recording=True level=1
2026-09-06T20:21:41.8995323+08:00 pid=94656 tid=1 format-conversion-transaction-start targets=2
2026-09-06T20:21:41.8995323+08:00 pid=94656 tid=1 format-conversion-undo-state stage=after-preferences document=文档8 recording=True level=1
2026-09-06T20:21:41.9135317+08:00 pid=94656 tid=1 format-conversion-mathtype-source-identity-bound formulaId=a9b7b0d3-b256-4bad-80b3-c52879cc38e2 bookmark=VTFCI_1481d84442774dcc8991f5574920d3e7 range=239:265
2026-09-06T20:21:41.9135317+08:00 pid=94656 tid=1 format-conversion-undo-state stage=before-source-delete document=文档8 recording=True level=1
2026-09-06T20:21:41.9185318+08:00 pid=94656 tid=1 format-conversion-mathtype-paragraph-atomically-replaced formulaId=a9b7b0d3-b256-4bad-80b3-c52879cc38e2 range=238:238 start=238
2026-09-06T20:21:41.9195320+08:00 pid=94656 tid=1 format-conversion-perf stage=delete-source-host formulaId=a9b7b0d3-b256-4bad-80b3-c52879cc38e2 numbered=True deltaMs=6 totalMs=6
2026-09-06T20:21:41.9195320+08:00 pid=94656 tid=1 format-conversion-undo-state stage=after-source-delete document=文档8 recording=True level=1
2026-09-06T20:21:41.9205319+08:00 pid=94656 tid=1 format-conversion-forward-source-check stage=delete-source formulaId=a9b7b0d3-b256-4bad-80b3-c52879cc38e2 bookmarkMissing=True present=False
2026-09-06T20:21:41.9305342+08:00 pid=94656 tid=1 word-undo-begin name=VisualTeX Insert Word OMML Display Formula recording=True level=1
2026-09-06T20:21:41.9665327+08:00 pid=94656 tid=1 format-conversion-subperf [perf] InsertOmml.detach-mathtype-style: +36ms (36ms total)
2026-09-06T20:21:41.9675319+08:00 pid=94656 tid=1 format-conversion-subperf [perf] InsertOmml.insert-native-omml: +0ms (36ms total)
2026-09-06T20:21:41.9915322+08:00 pid=94656 tid=1 format-conversion-subperf [perf] InsertOmml.post-reconcile-layout: +25ms (61ms total)
2026-09-06T20:21:41.9915322+08:00 pid=94656 tid=1 format-conversion-subperf [perf] InsertOmml.final-fingerprint: +0ms (61ms total)
2026-09-06T20:21:41.9915322+08:00 pid=94656 tid=1 format-conversion-subperf [perf] InsertOmml.final-anchor: +0ms (61ms total)
2026-09-06T20:21:41.9975318+08:00 pid=94656 tid=1 format-conversion-subperf [perf] InsertOmml.final-metadata: +6ms (67ms total)
2026-09-06T20:21:41.9985318+08:00 pid=94656 tid=1 format-conversion-perf stage=insert-target formulaId=a9b7b0d3-b256-4bad-80b3-c52879cc38e2 numbered=True deltaMs=80 totalMs=86
2026-09-06T20:21:41.9985318+08:00 pid=94656 tid=1 format-conversion-undo-state stage=after-target-insert document=文档8 recording=True level=1
2026-09-06T20:21:41.9995318+08:00 pid=94656 tid=1 format-conversion-forward-source-check stage=insert-target formulaId=a9b7b0d3-b256-4bad-80b3-c52879cc38e2 bookmarkMissing=True present=False
2026-09-06T20:21:42.0307858+08:00 pid=94656 tid=1 format-conversion-target-stable formulaId=a9b7b0d3-b256-4bad-80b3-c52879cc38e2 targetMode=wordOmml count=1 elapsedMs=31
2026-09-06T20:21:42.0317862+08:00 pid=94656 tid=1 format-conversion-forward-source-check stage=post-transaction formulaId=a9b7b0d3-b256-4bad-80b3-c52879cc38e2 bookmarkMissing=True present=False
2026-09-06T20:21:42.0317862+08:00 pid=94656 tid=1 format-conversion-perf stage=verify-target formulaId=a9b7b0d3-b256-4bad-80b3-c52879cc38e2 numbered=True deltaMs=33 totalMs=119
2026-09-06T20:21:42.0327858+08:00 pid=94656 tid=1 format-conversion-mathtype-source-identity-bound formulaId=24abf1b1-247e-4c91-9e14-0b472b52a937 bookmark=VTFCI_de0ef2beeb8e4ce58d530aa6c35220ea range=2:28
2026-09-06T20:21:42.0337858+08:00 pid=94656 tid=1 format-conversion-undo-state stage=before-source-delete document=文档8 recording=True level=1
2026-09-06T20:21:42.0377856+08:00 pid=94656 tid=1 format-conversion-mathtype-paragraph-atomically-replaced formulaId=24abf1b1-247e-4c91-9e14-0b472b52a937 range=1:1 start=1
2026-09-06T20:21:42.0377856+08:00 pid=94656 tid=1 format-conversion-perf stage=delete-source-host formulaId=24abf1b1-247e-4c91-9e14-0b472b52a937 numbered=True deltaMs=5 totalMs=5
2026-09-06T20:21:42.0377856+08:00 pid=94656 tid=1 format-conversion-undo-state stage=after-source-delete document=文档8 recording=True level=1
2026-09-06T20:21:42.0377856+08:00 pid=94656 tid=1 format-conversion-forward-source-check stage=delete-source formulaId=24abf1b1-247e-4c91-9e14-0b472b52a937 bookmarkMissing=True present=False
2026-09-06T20:21:42.0427858+08:00 pid=94656 tid=1 word-undo-begin name=VisualTeX Insert Word OMML Display Formula recording=True level=1
2026-09-06T20:21:42.0720038+08:00 pid=94656 tid=1 format-conversion-subperf [perf] InsertOmml.detach-mathtype-style: +28ms (28ms total)
2026-09-06T20:21:42.0720038+08:00 pid=94656 tid=1 format-conversion-subperf [perf] InsertOmml.insert-native-omml: +0ms (28ms total)
2026-09-06T20:21:42.0986801+08:00 pid=94656 tid=1 format-conversion-subperf [perf] InsertOmml.post-reconcile-layout: +27ms (55ms total)
2026-09-06T20:21:42.0996801+08:00 pid=94656 tid=1 format-conversion-subperf [perf] InsertOmml.final-fingerprint: +1ms (56ms total)
2026-09-06T20:21:42.0996801+08:00 pid=94656 tid=1 format-conversion-subperf [perf] InsertOmml.final-anchor: +0ms (56ms total)
2026-09-06T20:21:42.1006823+08:00 pid=94656 tid=1 format-conversion-subperf [perf] InsertOmml.final-metadata: +2ms (58ms total)
2026-09-06T20:21:42.1016802+08:00 pid=94656 tid=1 format-conversion-perf stage=insert-target formulaId=24abf1b1-247e-4c91-9e14-0b472b52a937 numbered=True deltaMs=64 totalMs=69
2026-09-06T20:21:42.1016802+08:00 pid=94656 tid=1 format-conversion-undo-state stage=after-target-insert document=文档8 recording=True level=1
2026-09-06T20:21:42.1016802+08:00 pid=94656 tid=1 format-conversion-forward-source-check stage=insert-target formulaId=24abf1b1-247e-4c91-9e14-0b472b52a937 bookmarkMissing=True present=False
2026-09-06T20:21:42.1392262+08:00 pid=94656 tid=1 format-conversion-target-stable formulaId=24abf1b1-247e-4c91-9e14-0b472b52a937 targetMode=wordOmml count=2 elapsedMs=36
2026-09-06T20:21:42.1392262+08:00 pid=94656 tid=1 format-conversion-forward-source-check stage=post-transaction formulaId=24abf1b1-247e-4c91-9e14-0b472b52a937 bookmarkMissing=True present=False
2026-09-06T20:21:42.1392262+08:00 pid=94656 tid=1 format-conversion-perf stage=verify-target formulaId=24abf1b1-247e-4c91-9e14-0b472b52a937 numbered=True deltaMs=38 totalMs=107
2026-09-06T20:21:42.1402286+08:00 pid=94656 tid=1 format-conversion-finalize-perf stage=source-residual-check sourceMode=mathTypeOle targetMode=wordOmml deltaMs=0 totalMs=0
2026-09-06T20:21:42.1402286+08:00 pid=94656 tid=1 format-conversion-finalize-perf stage=target-count-check sourceMode=mathTypeOle targetMode=wordOmml deltaMs=0 totalMs=0
2026-09-06T20:21:42.1412261+08:00 pid=94656 tid=1 format-conversion-undo-state stage=before-source-window-close-commit document=文档8 recording=True level=1
2026-09-06T20:21:42.1412261+08:00 pid=94656 tid=1 format-conversion-undo-state stage=after-source-window-close-commit document=文档8 recording=False level=0
2026-09-06T20:21:42.3674345+08:00 pid=94656 tid=1 word-undo-begin name=VisualTeX Finalize Formula Conversion recording=False level=0
2026-09-06T20:21:42.3684419+08:00 pid=94656 tid=1 word-undo-started name=VisualTeX Finalize Formula Conversion recording=True level=1
2026-09-06T20:21:42.4324441+08:00 pid=94656 tid=1 word-xml-incomplete-export document=文档8 attempt=1 maths=0/2 oles=0/0
2026-09-06T20:21:42.4815761+08:00 pid=94656 tid=1 format-conversion-omml-identities-before-numbering count=2
2026-09-06T20:21:42.4821093+08:00 pid=94656 tid=1 format-conversion-number-format-restored format=heading2-dash
2026-09-06T20:21:43.9825796+08:00 pid=94656 tid=1 format-conversion-numbering-direct-table-complete targetMode=wordOmml built=2 removedBlankParagraphs=3
2026-09-06T20:21:43.9835778+08:00 pid=94656 tid=1 format-conversion-adjacent-ole-identities-rebound count=0
2026-09-06T20:21:44.0025777+08:00 pid=94656 tid=1 format-conversion-numbering-table-rows-grouped boundaries=1 formulas=2
2026-09-06T20:21:44.0165775+08:00 pid=94656 tid=1 format-conversion-reference-aliases-restored sourceMode=mathTypeOle targetMode=wordOmml aliases=1 refreshedReferences=0 restoredFormatting=1
2026-09-06T20:21:44.0185773+08:00 pid=94656 tid=1 format-conversion-finalize-perf stage=numbering-reconcile sourceMode=mathTypeOle targetMode=wordOmml deltaMs=1878 totalMs=1878
2026-09-06T20:21:44.0661637+08:00 pid=94656 tid=1 format-conversion-omml-fingerprints-finalized count=2
2026-09-06T20:21:44.0661637+08:00 pid=94656 tid=1 format-conversion-finalize-perf stage=omml-fingerprint-refresh sourceMode=mathTypeOle targetMode=wordOmml deltaMs=48 totalMs=1926
2026-09-06T20:21:44.0671635+08:00 pid=94656 tid=1 format-conversion-transaction-completed targets=2
2026-09-06T20:21:44.0671635+08:00 pid=94656 tid=1 format-conversion-word-apply-finished sourceMode=mathTypeOle targetMode=wordOmml converted=2 failed=0
2026-09-06T20:21:44.0681634+08:00 pid=94656 tid=1 format-conversion-complete source=MathType target=OMML converted=2 failed=0
2026-09-06T20:23:50.3677328+08:00 pid=94656 tid=11 left-down x=1211 y=1746 wordForeground=True
2026-09-06T20:23:50.6298633+08:00 pid=94656 tid=11 left-down x=1211 y=1746 wordForeground=True
2026-09-06T20:23:50.6308615+08:00 pid=94656 tid=11 double-click elapsedMs=262.079 withinX=True withinY=True nativeOleTarget=False suppressSecondDown=False dispatchCallback=True
2026-09-06T20:23:50.7344179+08:00 pid=94656 tid=23 callback-begin interceptedNativeOle=False x=1211 y=1746
2026-09-06T20:23:50.7354179+08:00 pid=94656 tid=23 addin-callback-received interceptedNativeOle=False x=1211 y=1746
2026-09-06T20:23:50.7354179+08:00 pid=94656 tid=23 callback-end
2026-09-06T20:23:50.7374210+08:00 pid=94656 tid=1 addin-coordinate-selection formulaId=<null> objectMode=<null>
2026-09-06T20:25:37.5673746+08:00 pid=94656 tid=11 left-down x=913 y=194 wordForeground=True
2026-09-06T20:25:38.0022069+08:00 pid=94656 tid=1 word-undo-begin name=VisualTeX Set Equation Number Format recording=False level=0
2026-09-06T20:25:38.0022069+08:00 pid=94656 tid=1 word-undo-started name=VisualTeX Set Equation Number Format recording=True level=1
2026-09-06T20:25:38.0152078+08:00 pid=94656 tid=1 word-undo-end recording=False level=0
2026-09-06T20:25:42.3079228+08:00 pid=94656 tid=1 bulk-import bulk-import-start
2026-09-06T20:25:42.4077362+08:00 pid=94656 tid=5 bulk-import bulk-import-ui-created sessionId=7f519d4e-b314-40f5-943f-c65fcf147843
2026-09-06T20:25:42.4127368+08:00 pid=94656 tid=5 bulk-import bulk-import-ui-opened sessionId=7f519d4e-b314-40f5-943f-c65fcf147843
2026-09-06T20:25:46.1435344+08:00 pid=94656 tid=11 left-down x=1382 y=1120 wordForeground=False
2026-09-06T20:25:49.3061105+08:00 pid=94656 tid=11 left-down x=2492 y=460 wordForeground=False
2026-09-06T20:25:51.8532427+08:00 pid=94656 tid=5 bulk-import bulk-import-ui-finished sessionId=7f519d4e-b314-40f5-943f-c65fcf147843 status=committing error=<null>
2026-09-06T20:25:51.8572503+08:00 pid=94656 tid=5 bulk-import parsed blocks=15 formulas=6 mode=Omml fontSizePt=10.5
2026-09-06T20:25:51.8692499+08:00 pid=94656 tid=5 bulk-import render-prepare index=1/6 display=inline latex=\sqrt{E-u\left(x\right)}=\frac{1}{f\left(\omega\right)v_{ph}\left(\omega,x\right)}
2026-09-06T20:25:51.8692499+08:00 pid=94656 tid=5 bulk-import converter-create display=inline mode=wordOmml latex=\sqrt{E-u\left(x\right)}=\frac{1}{f\left(\omega\right)v_{ph}\left(\omega,x\right)}
2026-09-06T20:25:51.8732495+08:00 pid=94656 tid=24 bulk-import converter-created sessionId=2e6b1f11-a9d6-4c5d-9f77-2b7cf406b17e
2026-09-06T20:25:51.8742497+08:00 pid=94656 tid=24 bulk-import render-prepare index=2/6 display=block latex=\begin{cases}\frac{\mathrm{d}}{\mathrm{d}\omega}\left(\omega f\left(\omega\right)\right)=0 \\ \frac{\omega f\left(\omega\right)}{2}\frac{\mathrm{d}E\left(\omega\right)}{\mathrm{d}\omega}=\sqrt{\frac{m}{2}} \end{cases}
2026-09-06T20:25:51.8742497+08:00 pid=94656 tid=24 bulk-import converter-create display=block mode=wordOmml latex=\begin{cases}\frac{\mathrm{d}}{\mathrm{d}\omega}\left(\omega f\left(\omega\right)\right)=0 \\ \frac{\omega f\left(\omega\right)}{2}\frac{\mathrm{d}E\left(\omega\right)}{\mathrm{d}\omega}=\sqrt{\frac{m}{2}} \end{cases}
2026-09-06T20:25:51.8772495+08:00 pid=94656 tid=5 bulk-import converter-created sessionId=0adad107-3fd6-47e2-849b-9ee1c56c0fe7
2026-09-06T20:25:51.8782510+08:00 pid=94656 tid=5 bulk-import render-prepare index=3/6 display=block latex=\sqrt{\frac{m}{2\left(E\left(\omega\right)-U\right)}}=\frac{\mathrm{d}}{\mathrm{d}\omega}\left(\omega\cdot f\left(\omega\right)\sqrt{\left(E\left(\omega\right)-U\right)}\right)
2026-09-06T20:25:51.8782510+08:00 pid=94656 tid=5 bulk-import converter-create display=block mode=wordOmml latex=\sqrt{\frac{m}{2\left(E\left(\omega\right)-U\right)}}=\frac{\mathrm{d}}{\mathrm{d}\omega}\left(\omega\cdot f\left(\omega\right)\sqrt{\left(E\left(\omega\right)-U\right)}\right)
2026-09-06T20:25:51.8822518+08:00 pid=94656 tid=24 bulk-import converter-created sessionId=ef99a60f-4c97-4bdd-ae15-68fc8a7aaed2
2026-09-06T20:25:51.8832498+08:00 pid=94656 tid=24 bulk-import render-prepare index=4/6 display=block latex=i\hbar \frac{\partial}{\partial t}\psi(\mathbf{r},t) = \left[ -\frac{\hbar^2}{2m}\nabla^2 + V(\mathbf{r},t) \right]\psi(\mathbf{r},t)
2026-09-06T20:25:51.8832498+08:00 pid=94656 tid=24 bulk-import converter-create display=block mode=wordOmml latex=i\hbar \frac{\partial}{\partial t}\psi(\mathbf{r},t) = \left[ -\frac{\hbar^2}{2m}\nabla^2 + V(\mathbf{r},t) \right]\psi(\mathbf{r},t)
2026-09-06T20:25:51.8872508+08:00 pid=94656 tid=5 bulk-import converter-created sessionId=2749e3f3-0cfa-4840-ae27-816672c042f5
2026-09-06T20:25:51.8872508+08:00 pid=94656 tid=5 bulk-import render-prepare index=5/6 display=block latex=\frac{\partial}{\partial t}\psi ^*\left( \vec{r} \right) \psi \left( \vec{r} \right) =\frac{i\hbar}{2m}\nabla \cdot \left[ \psi ^*\left( \vec{r} \right) \nabla \psi \left( \vec{r} \right) -\psi \left( \vec{r} \right) \nabla \psi ^*\left( r \right) \right]
2026-09-06T20:25:51.8882508+08:00 pid=94656 tid=5 bulk-import converter-create display=block mode=wordOmml latex=\frac{\partial}{\partial t}\psi ^*\left( \vec{r} \right) \psi \left( \vec{r} \right) =\frac{i\hbar}{2m}\nabla \cdot \left[ \psi ^*\left( \vec{r} \right) \nabla \psi \left( \vec{r} \right) -\psi \left( \vec{r} \right) \nabla \psi ^*\left( r \right) \right]
2026-09-06T20:25:51.8922497+08:00 pid=94656 tid=24 bulk-import converter-created sessionId=e68dbade-a468-4bd9-9875-0ec2d1c534f1
2026-09-06T20:25:51.8922497+08:00 pid=94656 tid=24 bulk-import render-prepare index=6/6 display=block latex=\frac{\partial}{\partial t}\rho \left( \vec{r},t \right) +\nabla \cdot \vec{j}=0
2026-09-06T20:25:51.8932508+08:00 pid=94656 tid=24 bulk-import converter-create display=block mode=wordOmml latex=\frac{\partial}{\partial t}\rho \left( \vec{r},t \right) +\nabla \cdot \vec{j}=0
2026-09-06T20:25:51.8962505+08:00 pid=94656 tid=5 bulk-import converter-created sessionId=623c91e2-1768-43a5-8ea9-d0e6fdfe7311
2026-09-06T20:25:51.8972514+08:00 pid=94656 tid=5 bulk-import render-batch-start unique=6 total=6
2026-09-06T20:25:51.9328914+08:00 pid=94656 tid=24 bulk-import render-batch-item sessionId=2e6b1f11-a9d6-4c5d-9f77-2b7cf406b17e status=committing display=inline
2026-09-06T20:25:51.9348904+08:00 pid=94656 tid=5 bulk-import render-batch-item sessionId=0adad107-3fd6-47e2-849b-9ee1c56c0fe7 status=committing display=block
2026-09-06T20:25:51.9358917+08:00 pid=94656 tid=24 bulk-import render-batch-item sessionId=ef99a60f-4c97-4bdd-ae15-68fc8a7aaed2 status=committing display=block
2026-09-06T20:25:51.9378908+08:00 pid=94656 tid=5 bulk-import render-batch-item sessionId=2749e3f3-0cfa-4840-ae27-816672c042f5 status=committing display=block
2026-09-06T20:25:51.9458926+08:00 pid=94656 tid=24 bulk-import render-batch-item sessionId=e68dbade-a468-4bd9-9875-0ec2d1c534f1 status=committing display=block
2026-09-06T20:25:51.9788921+08:00 pid=94656 tid=24 bulk-import render-batch-item sessionId=623c91e2-1768-43a5-8ea9-d0e6fdfe7311 status=committing display=block
2026-09-06T20:25:51.9788921+08:00 pid=94656 tid=24 bulk-import render-batch-complete unique=6 elapsedMs=81
2026-09-06T20:25:52.0237393+08:00 pid=94656 tid=1 word-undo-begin name=VisualTeX 批量导入 recording=False level=0
2026-09-06T20:25:52.0257392+08:00 pid=94656 tid=1 word-undo-started name=VisualTeX 批量导入 recording=True level=1
2026-09-06T20:25:52.9241515+08:00 pid=94656 tid=1 omml-xml-incomplete-export formulaId= attempt=1 range=93:152
2026-09-06T20:25:58.0027617+08:00 pid=94656 tid=1 bulk-import-ole-identities-finalized repaired=0
2026-09-06T20:25:58.0027617+08:00 pid=94656 tid=1 word-undo-end recording=False level=0
2026-09-06T20:25:58.0027617+08:00 pid=94656 tid=9 bulk-import bulk-insert-complete blocks=15 formulas=6 elapsedMs=6021
2026-09-06T20:25:58.0037607+08:00 pid=94656 tid=9 bulk-import bulk-import-complete blocks=15 formulas=6 elapsedMs=15694
2026-09-06T20:25:58.0037607+08:00 pid=94656 tid=9 bulk-import bulk-operation-gate-released
2026-09-06T20:25:58.0335325+08:00 pid=94656 tid=19 office-session-finalization-complete sessions=7 completed=True
2026-09-06T20:26:22.1008420+08:00 pid=94656 tid=25 ribbon-session-operation-released sessionId=de844b06-f7e8-49bd-b478-c38b145e5a7f
2026-09-06T20:26:38.8310384+08:00 pid=94656 tid=11 left-down x=1776 y=1270 wordForeground=False
2026-09-06T20:26:42.0104978+08:00 pid=94656 tid=1 word-undo-begin name=VisualTeX Convert or Update Word OMML Formula recording=False level=0
2026-09-06T20:26:42.0104978+08:00 pid=94656 tid=1 word-undo-started name=VisualTeX Convert or Update Word OMML Formula recording=True level=1
2026-09-06T20:26:42.0114980+08:00 pid=94656 tid=1 format-conversion-subperf [perf] ReplaceOmml.locate-target: +1ms (1ms total)
2026-09-06T20:26:42.1575051+08:00 pid=94656 tid=1 format-conversion-subperf [perf] ReplaceOmml.source-range-resolve: +146ms (147ms total)
2026-09-06T20:26:42.1775028+08:00 pid=94656 tid=1 format-conversion-subperf [perf] ReplaceOmml.rollback-capture: +20ms (167ms total)
2026-09-06T20:26:42.7096105+08:00 pid=94656 tid=1 format-conversion-subperf [perf] ReplaceOmml.direct-host-health: +532ms (699ms total)
2026-09-06T20:26:42.7106103+08:00 pid=94656 tid=1 format-conversion-subperf [perf] ReplaceOmml.direct-content-prep: +1ms (700ms total)
2026-09-06T20:26:42.7106103+08:00 pid=94656 tid=1 format-conversion-subperf [perf] ReplaceOmml.resolve-source: +1ms (701ms total)
2026-09-06T20:26:42.7466104+08:00 pid=94656 tid=1 format-conversion-subperf [perf] ReplaceOmml.insert-native-omml: +35ms (736ms total)
2026-09-06T20:26:42.7656104+08:00 pid=94656 tid=1 format-conversion-subperf [perf] ReplaceOmml.validate-native-omml: +19ms (755ms total)
2026-09-06T20:26:42.8443091+08:00 pid=94656 tid=1 format-conversion-subperf [perf] ReplaceOmml.stamp-fingerprint: +79ms (834ms total)
2026-09-06T20:26:42.9018853+08:00 pid=94656 tid=1 format-conversion-subperf [perf] ReplaceOmml.wrap-formula-anchor: +57ms (891ms total)
2026-09-06T20:26:42.9018853+08:00 pid=94656 tid=1 format-conversion-subperf [perf] ReplaceOmml.protect-source-metadata: +1ms (892ms total)
2026-09-06T20:26:42.9018853+08:00 pid=94656 tid=1 format-conversion-subperf [perf] ReplaceOmml.reconcile: +0ms (892ms total)
2026-09-06T20:26:42.9661506+08:00 pid=94656 tid=1 format-conversion-subperf [perf] ReplaceOmml.final-identity-resolve: +64ms (956ms total)
2026-09-06T20:26:43.0035164+08:00 pid=94656 tid=1 format-conversion-subperf [perf] ReplaceOmml.final-identity-fingerprint: +37ms (993ms total)
2026-09-06T20:26:43.0035164+08:00 pid=94656 tid=1 format-conversion-subperf [perf] ReplaceOmml.final-identity-anchor: +0ms (993ms total)
2026-09-06T20:26:43.0115163+08:00 pid=94656 tid=1 format-conversion-subperf [perf] ReplaceOmml.final-identity-metadata: +8ms (1001ms total)
2026-09-06T20:26:43.0115163+08:00 pid=94656 tid=1 format-conversion-subperf [perf] ReplaceOmml.finalize-identity: +0ms (1001ms total)
2026-09-06T20:26:43.0125164+08:00 pid=94656 tid=1 format-conversion-subperf [perf] ReplaceOmml.prepare-result: +1ms (1002ms total)
2026-09-06T20:26:43.0575160+08:00 pid=94656 tid=1 format-conversion-subperf [perf] ReplaceOmml.restore-view: +45ms (1047ms total)
2026-09-06T20:26:43.0595161+08:00 pid=94656 tid=1 format-conversion-subperf [perf] ReplaceOmml.restore-screen-updating: +2ms (1049ms total)
2026-09-06T20:26:43.0605159+08:00 pid=94656 tid=1 word-undo-end recording=False level=0
2026-09-06T20:26:43.0605159+08:00 pid=94656 tid=1 format-conversion-subperf [perf] ReplaceOmml.end-undo: +2ms (1051ms total)
2026-09-06T20:26:43.0615186+08:00 pid=94656 tid=1 format-conversion-subperf [perf] ReplaceOmml.release-rcws: +0ms (1051ms total)
2026-09-06T20:26:43.0655163+08:00 pid=94656 tid=25 ribbon-session-operation-released sessionId=5e45620b-1ddc-4719-b373-24d3743f4c03
2026-09-06T20:26:58.5478823+08:00 pid=94656 tid=11 left-down x=1099 y=692 wordForeground=True
2026-09-06T20:27:00.3659870+08:00 pid=94656 tid=1 word-undo-begin name=VisualTeX Insert Equation Reference recording=False level=0
2026-09-06T20:27:00.3659870+08:00 pid=94656 tid=1 word-undo-started name=VisualTeX Insert Equation Reference recording=True level=1
2026-09-06T20:27:00.4866900+08:00 pid=94656 tid=1 word-undo-end recording=True level=1
2026-09-06T20:27:00.4866900+08:00 pid=94656 tid=1 reference-insertion-complete target=VisualTeX 公式 (2)
2026-09-06T20:27:06.5073608+08:00 pid=94656 tid=11 left-down x=913 y=366 wordForeground=True
2026-09-06T20:27:07.2546014+08:00 pid=94656 tid=1 word-undo-begin name=VisualTeX Set Equation Number Format recording=False level=0
2026-09-06T20:27:07.2555992+08:00 pid=94656 tid=1 word-undo-started name=VisualTeX Set Equation Number Format recording=True level=1
2026-09-06T20:27:07.9355475+08:00 pid=94656 tid=1 word-undo-end recording=False level=0
2026-09-06T20:27:21.1745898+08:00 pid=94656 tid=1 format-conversion-start sourceMode=wordOmml targetMode=mathTypeOle wholeDocument=True
2026-09-06T20:27:23.2224619+08:00 pid=94656 tid=1 format-conversion-plan sourceMode=wordOmml targetMode=mathTypeOle targets=6
2026-09-06T20:27:25.3447574+08:00 pid=94656 tid=1 format-conversion-render-bypass sourceMode=wordOmml targetMode=mathTypeOle targets=6 reason=source-mathml-ready
2026-09-06T20:27:25.6674173+08:00 pid=94656 tid=1 format-conversion-native-preview-batch-complete formulas=6 elapsedMs=318
2026-09-06T20:27:25.6684171+08:00 pid=94656 tid=1 format-conversion-word-apply-start sourceMode=wordOmml targetMode=mathTypeOle targets=6
2026-09-06T20:27:26.6836910+08:00 pid=94656 tid=1 format-conversion-runtime assembly=C:\Users\pojian_liao\AppData\Local\VisualTeX\office\remediation-builds\CEC11D1427D70158CC31F6FFB0520B5206BC67A6023FA04783FCE4D3E7B912B6\VisualTeX.WordVsto.dll source=wordOmml target=mathTypeOle targetIsVisualTeX=False targetIsMathType=True
2026-09-06T20:27:26.7132752+08:00 pid=94656 tid=1 format-conversion-reference-aliases-captured sourceMode=wordOmml formulaId=b73f44ea-22c4-46ee-a524-12013c0586ef aliases=VTEqNum_b73f44ea22c446eea52412013c0586ef
2026-09-06T20:27:27.0338349+08:00 pid=94656 tid=1 format-conversion-heading-scope-cache format=heading2-dash formulas=5 scopes=2
2026-09-06T20:27:27.1107989+08:00 pid=94656 tid=1 format-conversion-reference-counts-fast-path source=wordOmml formulas=5
2026-09-06T20:27:27.7524871+08:00 pid=94656 tid=1 word-undo-begin name=VisualTeX Convert Formula Format recording=False level=0
2026-09-06T20:27:27.7524871+08:00 pid=94656 tid=1 word-undo-started name=VisualTeX Convert Formula Format recording=True level=1
2026-09-06T20:27:27.7534872+08:00 pid=94656 tid=1 format-conversion-undo-state stage=before-preferences document=文档11 recording=True level=1
2026-09-06T20:27:27.7534872+08:00 pid=94656 tid=1 format-conversion-transaction-start targets=6
2026-09-06T20:27:27.7534872+08:00 pid=94656 tid=1 format-conversion-undo-state stage=after-preferences document=文档11 recording=True level=1
2026-09-06T20:27:27.7534872+08:00 pid=94656 tid=1 format-conversion-undo-state stage=before-source-delete document=文档11 recording=True level=1
2026-09-06T20:27:28.1959026+08:00 pid=94656 tid=1 format-conversion-direct-numbered-omml-delete formulaId=6bedf236-26d5-40cf-a5c2-82be2bb7ce6e start=608
2026-09-06T20:27:28.1959026+08:00 pid=94656 tid=1 format-conversion-perf stage=delete-source-host formulaId=6bedf236-26d5-40cf-a5c2-82be2bb7ce6e numbered=True deltaMs=442 totalMs=442
2026-09-06T20:27:28.1969050+08:00 pid=94656 tid=1 format-conversion-undo-state stage=after-source-delete document=文档11 recording=False level=0
2026-09-06T20:27:28.2219021+08:00 pid=94656 tid=1 word-undo-begin name=VisualTeX Insert MathType OLE Numbered Display Formula recording=False level=0
2026-09-06T20:27:28.2219021+08:00 pid=94656 tid=1 word-undo-started name=VisualTeX Insert MathType OLE Numbered Display Formula recording=True level=1
2026-09-06T20:27:28.2699030+08:00 pid=94656 tid=1 mathtype-insert-perf stage=resolve-insertion numbered=True inline=False deltaMs=47 totalMs=47
2026-09-06T20:27:28.2699030+08:00 pid=94656 tid=1 mathtype-insert-perf stage=clear-incomplete-number-row numbered=True inline=False deltaMs=0 totalMs=47
2026-09-06T20:27:28.2719037+08:00 pid=94656 tid=1 mathtype-heading-scope-state chapter=1 section=1 heading=306:322 formula=608
2026-09-06T20:27:28.5503301+08:00 pid=94656 tid=1 mathtype-insert-perf stage=number-template-heading-state numbered=True inline=False deltaMs=281 totalMs=328
2026-09-06T20:27:28.5513294+08:00 pid=94656 tid=1 mathtype-insert-perf stage=prepare-display-row numbered=True inline=False deltaMs=1 totalMs=329
2026-09-06T20:27:28.5573294+08:00 pid=94656 tid=1 mathtype-insert-perf stage=build-flat-opc numbered=True inline=False deltaMs=6 totalMs=335
2026-09-06T20:27:28.5583301+08:00 pid=94656 tid=1 mathtype-insert-perf stage=pre-insert-bookkeeping numbered=True inline=False deltaMs=1 totalMs=336
2026-09-06T20:27:28.5963297+08:00 pid=94656 tid=1 mathtype-insert-perf stage=insert-flat-opc numbered=True inline=False deltaMs=37 totalMs=373
2026-09-06T20:27:28.5963297+08:00 pid=94656 tid=1 mathtype-insert-perf stage=resolve-new-shape numbered=True inline=False deltaMs=1 totalMs=374
2026-09-06T20:27:28.5973306+08:00 pid=94656 tid=1 mathtype-insert-perf stage=set-shape-geometry numbered=True inline=False deltaMs=1 totalMs=375
2026-09-06T20:27:28.5973306+08:00 pid=94656 tid=1 mathtype-insert-perf stage=repair-inline-paragraph numbered=True inline=False deltaMs=0 totalMs=375
2026-09-06T20:27:28.5983297+08:00 pid=94656 tid=1 mathtype-insert-perf stage=refresh-native-shape numbered=True inline=False deltaMs=1 totalMs=376
2026-09-06T20:27:28.6553237+08:00 pid=94656 tid=1 mathtype-insert-perf stage=bind-created-object-identity numbered=True inline=False deltaMs=57 totalMs=433
2026-09-06T20:27:28.6563239+08:00 pid=94656 tid=1 mathtype-insert-perf stage=complete numbered=True inline=False deltaMs=0 totalMs=433
2026-09-06T20:27:28.6563239+08:00 pid=94656 tid=1 word-undo-end recording=False level=0
2026-09-06T20:27:28.6563239+08:00 pid=94656 tid=1 format-conversion-perf stage=insert-target formulaId=6bedf236-26d5-40cf-a5c2-82be2bb7ce6e numbered=True deltaMs=460 totalMs=902
2026-09-06T20:27:28.6563239+08:00 pid=94656 tid=1 format-conversion-undo-state stage=after-target-insert document=文档11 recording=False level=0
2026-09-06T20:27:28.6563239+08:00 pid=94656 tid=1 format-conversion-bookmarked-target-stable formulaId=6bedf236-26d5-40cf-a5c2-82be2bb7ce6e bookmark=VTMT_c5f9ad5db9434dbe9713cc7483221ac7 range=765:791 elapsedMs=0
2026-09-06T20:27:28.6573248+08:00 pid=94656 tid=1 format-conversion-direct-managed-omml-metadata-deleted formulaId=6bedf236-26d5-40cf-a5c2-82be2bb7ce6e numbered=True
2026-09-06T20:27:28.6573248+08:00 pid=94656 tid=1 format-conversion-perf stage=verify-target formulaId=6bedf236-26d5-40cf-a5c2-82be2bb7ce6e numbered=True deltaMs=1 totalMs=903
2026-09-06T20:27:28.6583239+08:00 pid=94656 tid=1 format-conversion-undo-state stage=before-source-delete document=文档11 recording=False level=0
2026-09-06T20:27:29.1942957+08:00 pid=94656 tid=1 format-conversion-direct-numbered-omml-delete formulaId=c04c8c31-4b9d-42a3-ab3b-2c7e87cff05f start=608
2026-09-06T20:27:29.1952992+08:00 pid=94656 tid=1 format-conversion-perf stage=delete-source-host formulaId=c04c8c31-4b9d-42a3-ab3b-2c7e87cff05f numbered=True deltaMs=537 totalMs=537
2026-09-06T20:27:29.1962977+08:00 pid=94656 tid=1 format-conversion-undo-state stage=after-source-delete document=文档11 recording=False level=0
2026-09-06T20:27:29.2562946+08:00 pid=94656 tid=1 word-undo-begin name=VisualTeX Insert MathType OLE Numbered Display Formula recording=False level=0
2026-09-06T20:27:29.2562946+08:00 pid=94656 tid=1 word-undo-started name=VisualTeX Insert MathType OLE Numbered Display Formula recording=True level=1
2026-09-06T20:27:29.3192943+08:00 pid=94656 tid=1 mathtype-insert-perf stage=resolve-insertion numbered=True inline=False deltaMs=63 totalMs=63
2026-09-06T20:27:29.3192943+08:00 pid=94656 tid=1 mathtype-insert-perf stage=clear-incomplete-number-row numbered=True inline=False deltaMs=0 totalMs=63
2026-09-06T20:27:29.3202950+08:00 pid=94656 tid=1 mathtype-insert-perf stage=number-template-heading-state numbered=True inline=False deltaMs=1 totalMs=64
2026-09-06T20:27:29.3202950+08:00 pid=94656 tid=1 mathtype-insert-perf stage=prepare-display-row numbered=True inline=False deltaMs=0 totalMs=64
2026-09-06T20:27:29.3280018+08:00 pid=94656 tid=1 mathtype-insert-perf stage=build-flat-opc numbered=True inline=False deltaMs=7 totalMs=71
2026-09-06T20:27:29.3280018+08:00 pid=94656 tid=1 mathtype-insert-perf stage=pre-insert-bookkeeping numbered=True inline=False deltaMs=0 totalMs=71
2026-09-06T20:27:29.3670019+08:00 pid=94656 tid=1 mathtype-insert-perf stage=insert-flat-opc numbered=True inline=False deltaMs=39 totalMs=110
2026-09-06T20:27:29.3670019+08:00 pid=94656 tid=1 mathtype-insert-perf stage=resolve-new-shape numbered=True inline=False deltaMs=1 totalMs=111
2026-09-06T20:27:29.3690019+08:00 pid=94656 tid=1 mathtype-insert-perf stage=set-shape-geometry numbered=True inline=False deltaMs=1 totalMs=112
2026-09-06T20:27:29.3690019+08:00 pid=94656 tid=1 mathtype-insert-perf stage=repair-inline-paragraph numbered=True inline=False deltaMs=0 totalMs=112
2026-09-06T20:27:29.3690019+08:00 pid=94656 tid=1 mathtype-insert-perf stage=refresh-native-shape numbered=True inline=False deltaMs=1 totalMs=113
2026-09-06T20:27:29.4000019+08:00 pid=94656 tid=1 mathtype-insert-perf stage=bind-created-object-identity numbered=True inline=False deltaMs=31 totalMs=144
2026-09-06T20:27:29.4010015+08:00 pid=94656 tid=1 mathtype-insert-perf stage=complete numbered=True inline=False deltaMs=0 totalMs=144
2026-09-06T20:27:29.4010015+08:00 pid=94656 tid=1 word-undo-end recording=True level=1
2026-09-06T20:27:29.4010015+08:00 pid=94656 tid=1 format-conversion-perf stage=insert-target formulaId=c04c8c31-4b9d-42a3-ab3b-2c7e87cff05f numbered=True deltaMs=206 totalMs=743
2026-09-06T20:27:29.4020018+08:00 pid=94656 tid=1 format-conversion-undo-state stage=after-target-insert document=文档11 recording=False level=0
2026-09-06T20:27:29.4020018+08:00 pid=94656 tid=1 format-conversion-bookmarked-target-stable formulaId=c04c8c31-4b9d-42a3-ab3b-2c7e87cff05f bookmark=VTMT_b9e68cc943d04d09a6df56cb85c44bab range=609:635 elapsedMs=0
2026-09-06T20:27:29.4030020+08:00 pid=94656 tid=1 format-conversion-direct-managed-omml-metadata-deleted formulaId=c04c8c31-4b9d-42a3-ab3b-2c7e87cff05f numbered=True
2026-09-06T20:27:29.4030020+08:00 pid=94656 tid=1 format-conversion-perf stage=verify-target formulaId=c04c8c31-4b9d-42a3-ab3b-2c7e87cff05f numbered=True deltaMs=2 totalMs=745
2026-09-06T20:27:29.4040019+08:00 pid=94656 tid=1 format-conversion-undo-state stage=before-source-delete document=文档11 recording=False level=0
2026-09-06T20:27:29.8365216+08:00 pid=94656 tid=1 format-conversion-direct-numbered-omml-delete formulaId=5af49c2a-2609-407f-a659-03ceabb9a678 start=486
2026-09-06T20:27:29.8365216+08:00 pid=94656 tid=1 format-conversion-perf stage=delete-source-host formulaId=5af49c2a-2609-407f-a659-03ceabb9a678 numbered=True deltaMs=432 totalMs=432
2026-09-06T20:27:29.8375194+08:00 pid=94656 tid=1 format-conversion-undo-state stage=after-source-delete document=文档11 recording=False level=0
2026-09-06T20:27:29.8821036+08:00 pid=94656 tid=1 word-undo-begin name=VisualTeX Insert MathType OLE Numbered Display Formula recording=False level=0
2026-09-06T20:27:29.8821036+08:00 pid=94656 tid=1 word-undo-started name=VisualTeX Insert MathType OLE Numbered Display Formula recording=True level=1
2026-09-06T20:27:29.9248295+08:00 pid=94656 tid=1 mathtype-insert-perf stage=resolve-insertion numbered=True inline=False deltaMs=43 totalMs=43
2026-09-06T20:27:29.9248295+08:00 pid=94656 tid=1 mathtype-insert-perf stage=clear-incomplete-number-row numbered=True inline=False deltaMs=0 totalMs=43
2026-09-06T20:27:29.9258309+08:00 pid=94656 tid=1 mathtype-insert-perf stage=number-template-heading-state numbered=True inline=False deltaMs=0 totalMs=43
2026-09-06T20:27:29.9258309+08:00 pid=94656 tid=1 mathtype-insert-perf stage=prepare-display-row numbered=True inline=False deltaMs=1 totalMs=44
2026-09-06T20:27:29.9327107+08:00 pid=94656 tid=1 mathtype-insert-perf stage=build-flat-opc numbered=True inline=False deltaMs=6 totalMs=50
2026-09-06T20:27:29.9327107+08:00 pid=94656 tid=1 mathtype-insert-perf stage=pre-insert-bookkeeping numbered=True inline=False deltaMs=1 totalMs=51
2026-09-06T20:27:29.9690596+08:00 pid=94656 tid=1 mathtype-insert-perf stage=insert-flat-opc numbered=True inline=False deltaMs=36 totalMs=87
2026-09-06T20:27:29.9700594+08:00 pid=94656 tid=1 mathtype-insert-perf stage=resolve-new-shape numbered=True inline=False deltaMs=0 totalMs=87
2026-09-06T20:27:29.9700594+08:00 pid=94656 tid=1 mathtype-insert-perf stage=set-shape-geometry numbered=True inline=False deltaMs=1 totalMs=88
2026-09-06T20:27:29.9700594+08:00 pid=94656 tid=1 mathtype-insert-perf stage=repair-inline-paragraph numbered=True inline=False deltaMs=0 totalMs=88
2026-09-06T20:27:29.9710594+08:00 pid=94656 tid=1 mathtype-insert-perf stage=refresh-native-shape numbered=True inline=False deltaMs=1 totalMs=89
2026-09-06T20:27:29.9980594+08:00 pid=94656 tid=1 mathtype-insert-perf stage=bind-created-object-identity numbered=True inline=False deltaMs=27 totalMs=116
2026-09-06T20:27:29.9990589+08:00 pid=94656 tid=1 mathtype-insert-perf stage=complete numbered=True inline=False deltaMs=1 totalMs=117
2026-09-06T20:27:29.9990589+08:00 pid=94656 tid=1 word-undo-end recording=True level=1
2026-09-06T20:27:29.9990589+08:00 pid=94656 tid=1 format-conversion-perf stage=insert-target formulaId=5af49c2a-2609-407f-a659-03ceabb9a678 numbered=True deltaMs=163 totalMs=595
2026-09-06T20:27:30.0000598+08:00 pid=94656 tid=1 format-conversion-undo-state stage=after-target-insert document=文档11 recording=False level=0
2026-09-06T20:27:30.0000598+08:00 pid=94656 tid=1 format-conversion-bookmarked-target-stable formulaId=5af49c2a-2609-407f-a659-03ceabb9a678 bookmark=VTMT_03ec671266054396bf0a452082a24fb5 range=487:513 elapsedMs=0
2026-09-06T20:27:30.0010602+08:00 pid=94656 tid=1 format-conversion-direct-managed-omml-metadata-deleted formulaId=5af49c2a-2609-407f-a659-03ceabb9a678 numbered=True
2026-09-06T20:27:30.0010602+08:00 pid=94656 tid=1 format-conversion-perf stage=verify-target formulaId=5af49c2a-2609-407f-a659-03ceabb9a678 numbered=True deltaMs=2 totalMs=597
2026-09-06T20:27:30.0010602+08:00 pid=94656 tid=1 format-conversion-undo-state stage=before-source-delete document=文档11 recording=False level=0
2026-09-06T20:27:30.5111782+08:00 pid=94656 tid=1 format-conversion-direct-numbered-omml-delete formulaId=b73f44ea-22c4-46ee-a524-12013c0586ef start=222
2026-09-06T20:27:30.5111782+08:00 pid=94656 tid=1 format-conversion-perf stage=delete-source-host formulaId=b73f44ea-22c4-46ee-a524-12013c0586ef numbered=True deltaMs=509 totalMs=509
2026-09-06T20:27:30.5111782+08:00 pid=94656 tid=1 format-conversion-undo-state stage=after-source-delete document=文档11 recording=False level=0
2026-09-06T20:27:30.5515018+08:00 pid=94656 tid=1 word-undo-begin name=VisualTeX Insert MathType OLE Numbered Display Formula recording=False level=0
2026-09-06T20:27:30.5525002+08:00 pid=94656 tid=1 word-undo-started name=VisualTeX Insert MathType OLE Numbered Display Formula recording=True level=1
2026-09-06T20:27:30.5984995+08:00 pid=94656 tid=1 mathtype-insert-perf stage=resolve-insertion numbered=True inline=False deltaMs=46 totalMs=46
2026-09-06T20:27:30.5995000+08:00 pid=94656 tid=1 mathtype-insert-perf stage=clear-incomplete-number-row numbered=True inline=False deltaMs=1 totalMs=47
2026-09-06T20:27:30.5995000+08:00 pid=94656 tid=1 mathtype-insert-perf stage=number-template-heading-state numbered=True inline=False deltaMs=0 totalMs=47
2026-09-06T20:27:30.6004993+08:00 pid=94656 tid=1 mathtype-insert-perf stage=prepare-display-row numbered=True inline=False deltaMs=1 totalMs=48
2026-09-06T20:27:30.6074994+08:00 pid=94656 tid=1 mathtype-insert-perf stage=build-flat-opc numbered=True inline=False deltaMs=7 totalMs=55
2026-09-06T20:27:30.6074994+08:00 pid=94656 tid=1 mathtype-insert-perf stage=pre-insert-bookkeeping numbered=True inline=False deltaMs=0 totalMs=55
2026-09-06T20:27:30.6523800+08:00 pid=94656 tid=1 mathtype-insert-perf stage=insert-flat-opc numbered=True inline=False deltaMs=45 totalMs=100
2026-09-06T20:27:30.6523800+08:00 pid=94656 tid=1 mathtype-insert-perf stage=resolve-new-shape numbered=True inline=False deltaMs=0 totalMs=100
2026-09-06T20:27:30.6533798+08:00 pid=94656 tid=1 mathtype-insert-perf stage=set-shape-geometry numbered=True inline=False deltaMs=1 totalMs=101
2026-09-06T20:27:30.6543789+08:00 pid=94656 tid=1 mathtype-insert-perf stage=repair-inline-paragraph numbered=True inline=False deltaMs=0 totalMs=101
2026-09-06T20:27:30.6543789+08:00 pid=94656 tid=1 mathtype-insert-perf stage=refresh-native-shape numbered=True inline=False deltaMs=1 totalMs=102
2026-09-06T20:27:30.6753800+08:00 pid=94656 tid=1 mathtype-insert-perf stage=bind-created-object-identity numbered=True inline=False deltaMs=21 totalMs=123
2026-09-06T20:27:30.6753800+08:00 pid=94656 tid=1 mathtype-insert-perf stage=complete numbered=True inline=False deltaMs=0 totalMs=123
2026-09-06T20:27:30.6763797+08:00 pid=94656 tid=1 word-undo-end recording=True level=1
2026-09-06T20:27:30.6763797+08:00 pid=94656 tid=1 format-conversion-perf stage=insert-target formulaId=b73f44ea-22c4-46ee-a524-12013c0586ef numbered=True deltaMs=165 totalMs=674
2026-09-06T20:27:30.6763797+08:00 pid=94656 tid=1 format-conversion-undo-state stage=after-target-insert document=文档11 recording=False level=0
2026-09-06T20:27:30.6763797+08:00 pid=94656 tid=1 format-conversion-bookmarked-target-stable formulaId=b73f44ea-22c4-46ee-a524-12013c0586ef bookmark=VTMT_9b56df3038bd4d67ad8ffcbe815c1494 range=223:249 elapsedMs=0
2026-09-06T20:27:30.6773812+08:00 pid=94656 tid=1 format-conversion-direct-managed-omml-metadata-deleted formulaId=b73f44ea-22c4-46ee-a524-12013c0586ef numbered=True
2026-09-06T20:27:30.6773812+08:00 pid=94656 tid=1 format-conversion-perf stage=verify-target formulaId=b73f44ea-22c4-46ee-a524-12013c0586ef numbered=True deltaMs=2 totalMs=676
2026-09-06T20:27:30.6783791+08:00 pid=94656 tid=1 format-conversion-undo-state stage=before-source-delete document=文档11 recording=False level=0
2026-09-06T20:27:30.9619711+08:00 pid=94656 tid=1 format-conversion-direct-numbered-omml-delete formulaId=055997a8-491e-49b9-a877-d96ccd9252ff start=94
2026-09-06T20:27:30.9619711+08:00 pid=94656 tid=1 format-conversion-perf stage=delete-source-host formulaId=055997a8-491e-49b9-a877-d96ccd9252ff numbered=True deltaMs=284 totalMs=284
2026-09-06T20:27:30.9619711+08:00 pid=94656 tid=1 format-conversion-undo-state stage=after-source-delete document=文档11 recording=False level=0
2026-09-06T20:27:30.9879706+08:00 pid=94656 tid=1 word-undo-begin name=VisualTeX Insert MathType OLE Numbered Display Formula recording=False level=0
2026-09-06T20:27:30.9889708+08:00 pid=94656 tid=1 word-undo-started name=VisualTeX Insert MathType OLE Numbered Display Formula recording=True level=1
2026-09-06T20:27:31.0079707+08:00 pid=94656 tid=1 mathtype-insert-perf stage=resolve-insertion numbered=True inline=False deltaMs=19 totalMs=19
2026-09-06T20:27:31.0089708+08:00 pid=94656 tid=1 mathtype-insert-perf stage=clear-incomplete-number-row numbered=True inline=False deltaMs=1 totalMs=20
2026-09-06T20:27:31.0089708+08:00 pid=94656 tid=1 mathtype-insert-perf stage=number-template-heading-state numbered=True inline=False deltaMs=0 totalMs=20
2026-09-06T20:27:31.0099711+08:00 pid=94656 tid=1 mathtype-insert-perf stage=prepare-display-row numbered=True inline=False deltaMs=1 totalMs=21
2026-09-06T20:27:31.0159702+08:00 pid=94656 tid=1 mathtype-insert-perf stage=build-flat-opc numbered=True inline=False deltaMs=6 totalMs=27
2026-09-06T20:27:31.0169711+08:00 pid=94656 tid=1 mathtype-insert-perf stage=pre-insert-bookkeeping numbered=True inline=False deltaMs=1 totalMs=28
2026-09-06T20:27:31.0546470+08:00 pid=94656 tid=1 mathtype-insert-perf stage=insert-flat-opc numbered=True inline=False deltaMs=38 totalMs=66
2026-09-06T20:27:31.0546470+08:00 pid=94656 tid=1 mathtype-insert-perf stage=resolve-new-shape numbered=True inline=False deltaMs=0 totalMs=66
2026-09-06T20:27:31.0556485+08:00 pid=94656 tid=1 mathtype-insert-perf stage=set-shape-geometry numbered=True inline=False deltaMs=1 totalMs=67
2026-09-06T20:27:31.0556485+08:00 pid=94656 tid=1 mathtype-insert-perf stage=repair-inline-paragraph numbered=True inline=False deltaMs=0 totalMs=67
2026-09-06T20:27:31.0566477+08:00 pid=94656 tid=1 mathtype-insert-perf stage=refresh-native-shape numbered=True inline=False deltaMs=1 totalMs=68
2026-09-06T20:27:31.0646488+08:00 pid=94656 tid=1 mathtype-insert-perf stage=bind-created-object-identity numbered=True inline=False deltaMs=7 totalMs=75
2026-09-06T20:27:31.0646488+08:00 pid=94656 tid=1 mathtype-insert-perf stage=complete numbered=True inline=False deltaMs=1 totalMs=76
2026-09-06T20:27:31.0646488+08:00 pid=94656 tid=1 word-undo-end recording=True level=1
2026-09-06T20:27:31.0646488+08:00 pid=94656 tid=1 format-conversion-perf stage=insert-target formulaId=055997a8-491e-49b9-a877-d96ccd9252ff numbered=True deltaMs=103 totalMs=387
2026-09-06T20:27:31.0646488+08:00 pid=94656 tid=1 format-conversion-undo-state stage=after-target-insert document=文档11 recording=False level=0
2026-09-06T20:27:31.0656484+08:00 pid=94656 tid=1 format-conversion-bookmarked-target-stable formulaId=055997a8-491e-49b9-a877-d96ccd9252ff bookmark=VTMT_816a0d1f9b994931b5f391d3a206278b range=95:121 elapsedMs=0
2026-09-06T20:27:31.0656484+08:00 pid=94656 tid=1 format-conversion-direct-managed-omml-metadata-deleted formulaId=055997a8-491e-49b9-a877-d96ccd9252ff numbered=True
2026-09-06T20:27:31.0656484+08:00 pid=94656 tid=1 format-conversion-perf stage=verify-target formulaId=055997a8-491e-49b9-a877-d96ccd9252ff numbered=True deltaMs=1 totalMs=388
2026-09-06T20:27:31.0666477+08:00 pid=94656 tid=1 format-conversion-undo-state stage=before-source-delete document=文档11 recording=False level=0
2026-09-06T20:27:31.1052395+08:00 pid=94656 tid=1 format-conversion-perf stage=delete-source-host formulaId=6e5c1fc0-e99c-44cc-8391-f74d037ecd05 numbered=False deltaMs=38 totalMs=38
2026-09-06T20:27:31.1052395+08:00 pid=94656 tid=1 format-conversion-undo-state stage=after-source-delete document=文档11 recording=False level=0
2026-09-06T20:27:31.1276411+08:00 pid=94656 tid=1 word-undo-begin name=VisualTeX Insert MathType OLE Inline Formula recording=False level=0
2026-09-06T20:27:31.1276411+08:00 pid=94656 tid=1 word-undo-started name=VisualTeX Insert MathType OLE Inline Formula recording=True level=1
2026-09-06T20:27:31.1486411+08:00 pid=94656 tid=1 mathtype-insert-perf stage=resolve-insertion numbered=False inline=True deltaMs=20 totalMs=20
2026-09-06T20:27:31.1556402+08:00 pid=94656 tid=1 mathtype-insert-perf stage=build-flat-opc numbered=False inline=True deltaMs=8 totalMs=28
2026-09-06T20:27:31.1566416+08:00 pid=94656 tid=1 mathtype-insert-perf stage=pre-insert-bookkeeping numbered=False inline=True deltaMs=0 totalMs=28
2026-09-06T20:27:31.1950389+08:00 pid=94656 tid=1 mathtype-insert-perf stage=insert-flat-opc numbered=False inline=True deltaMs=39 totalMs=67
2026-09-06T20:27:31.1950389+08:00 pid=94656 tid=1 mathtype-insert-perf stage=resolve-new-shape numbered=False inline=True deltaMs=0 totalMs=67
2026-09-06T20:27:31.1960384+08:00 pid=94656 tid=1 mathtype-insert-perf stage=set-shape-geometry numbered=False inline=True deltaMs=1 totalMs=68
2026-09-06T20:27:31.1970387+08:00 pid=94656 tid=1 mathtype-insert-perf stage=repair-inline-paragraph numbered=False inline=True deltaMs=1 totalMs=69
2026-09-06T20:27:31.1970387+08:00 pid=94656 tid=1 mathtype-insert-perf stage=refresh-native-shape numbered=False inline=True deltaMs=0 totalMs=69
2026-09-06T20:27:31.1980377+08:00 pid=94656 tid=1 mathtype-insert-perf stage=set-native-baseline numbered=False inline=True deltaMs=1 totalMs=70
2026-09-06T20:27:31.2030393+08:00 pid=94656 tid=1 mathtype-insert-perf stage=restore-typing-baseline numbered=False inline=True deltaMs=5 totalMs=75
2026-09-06T20:27:31.2040379+08:00 pid=94656 tid=1 mathtype-insert-perf stage=bind-created-object-identity numbered=False inline=True deltaMs=0 totalMs=75
2026-09-06T20:27:31.2040379+08:00 pid=94656 tid=1 mathtype-insert-perf stage=complete numbered=False inline=True deltaMs=1 totalMs=76
2026-09-06T20:27:31.2040379+08:00 pid=94656 tid=1 word-undo-end recording=True level=1
2026-09-06T20:27:31.2040379+08:00 pid=94656 tid=1 format-conversion-perf stage=insert-target formulaId=6e5c1fc0-e99c-44cc-8391-f74d037ecd05 numbered=False deltaMs=100 totalMs=138
2026-09-06T20:27:31.2050388+08:00 pid=94656 tid=1 format-conversion-undo-state stage=after-target-insert document=文档11 recording=False level=0
2026-09-06T20:27:31.2050388+08:00 pid=94656 tid=1 format-conversion-bookmarked-target-stable formulaId=6e5c1fc0-e99c-44cc-8391-f74d037ecd05 bookmark=VTMT_5f5904bc722840dd899294f580d85f0a range=54:80 elapsedMs=0
2026-09-06T20:27:31.2050388+08:00 pid=94656 tid=1 format-conversion-perf stage=verify-target formulaId=6e5c1fc0-e99c-44cc-8391-f74d037ecd05 numbered=False deltaMs=0 totalMs=138
2026-09-06T20:27:31.2060389+08:00 pid=94656 tid=1 format-conversion-finalize-perf stage=source-residual-check sourceMode=wordOmml targetMode=mathTypeOle deltaMs=0 totalMs=0
2026-09-06T20:27:31.2080381+08:00 pid=94656 tid=1 format-conversion-finalize-perf stage=target-count-check sourceMode=wordOmml targetMode=mathTypeOle deltaMs=2 totalMs=2
2026-09-06T20:27:31.3455486+08:00 pid=94656 tid=1 format-conversion-reference-aliases-restored sourceMode=wordOmml targetMode=mathTypeOle aliases=1 refreshedReferences=0 restoredFormatting=1
2026-09-06T20:27:31.3639556+08:00 pid=94656 tid=1 format-conversion-finalize-perf stage=numbering-reconcile sourceMode=wordOmml targetMode=mathTypeOle deltaMs=155 totalMs=157
2026-09-06T20:27:31.3659545+08:00 pid=94656 tid=1 format-conversion-finalize-perf stage=omml-fingerprint-refresh sourceMode=wordOmml targetMode=mathTypeOle deltaMs=2 totalMs=159
2026-09-06T20:27:31.3689557+08:00 pid=94656 tid=1 format-conversion-transaction-completed targets=6
2026-09-06T20:27:31.3699545+08:00 pid=94656 tid=1 format-conversion-word-apply-finished sourceMode=wordOmml targetMode=mathTypeOle converted=6 failed=0
2026-09-06T20:27:31.3699545+08:00 pid=94656 tid=1 format-conversion-complete source=OMML target=MathType converted=6 failed=0
2026-09-06T20:27:46.6901491+08:00 pid=94656 tid=29 ribbon-session-operation-released sessionId=5f829a34-fbed-4b7f-854e-4f47fb98220f
2026-09-06T20:28:01.4839074+08:00 pid=94656 tid=11 left-down x=1776 y=1270 wordForeground=False
2026-09-06T20:28:04.7741337+08:00 pid=94656 tid=1 word-undo-begin name=VisualTeX Update MathType OLE Formula recording=False level=0
2026-09-06T20:28:04.7741337+08:00 pid=94656 tid=1 word-undo-started name=VisualTeX Update MathType OLE Formula recording=True level=1
2026-09-06T20:28:04.7741337+08:00 pid=94656 tid=1 mathtype-replace-stage stage=resolve-source formulaId=9bdcfbee-1fe1-43ac-9773-c3e8e6cef2c8
2026-09-06T20:28:04.7771329+08:00 pid=94656 tid=1 mathtype-replace-numbering source=True:right target=True:right changed=False
2026-09-06T20:28:04.7771329+08:00 pid=94656 tid=1 mathtype-replace-stage stage=read-source-flat-opc formulaId=9bdcfbee-1fe1-43ac-9773-c3e8e6cef2c8
2026-09-06T20:28:04.7981338+08:00 pid=94656 tid=1 mathtype-replace-stage stage=read-source-flat-opc-complete formulaId=9bdcfbee-1fe1-43ac-9773-c3e8e6cef2c8
2026-09-06T20:28:04.7991353+08:00 pid=94656 tid=1 mathtype-replace-stage stage=rewrite-cfb formulaId=9bdcfbee-1fe1-43ac-9773-c3e8e6cef2c8
2026-09-06T20:28:04.9457397+08:00 pid=94656 tid=1 mathtype-replace-native-preview formulaId=9bdcfbee-1fe1-43ac-9773-c3e8e6cef2c8 sourceWord=38.1x15@-3 sourceNative=38x15@-3 rewrittenNative=52x15@-3 scale=1.003x1 target=52.137x15@-3
2026-09-06T20:28:04.9457397+08:00 pid=94656 tid=1 mathtype-replace-stage stage=rewrite-flat-opc formulaId=9bdcfbee-1fe1-43ac-9773-c3e8e6cef2c8
2026-09-06T20:28:04.9497398+08:00 pid=94656 tid=1 mathtype-replace-stage stage=rewrite-flat-opc-complete formulaId=9bdcfbee-1fe1-43ac-9773-c3e8e6cef2c8
2026-09-06T20:28:04.9527417+08:00 pid=94656 tid=1 mathtype-replace-stage stage=delete-source formulaId=9bdcfbee-1fe1-43ac-9773-c3e8e6cef2c8
2026-09-06T20:28:04.9567407+08:00 pid=94656 tid=1 mathtype-replace-stage stage=insert-rewritten-flat-opc formulaId=9bdcfbee-1fe1-43ac-9773-c3e8e6cef2c8
2026-09-06T20:28:05.0127400+08:00 pid=94656 tid=1 mathtype-replace-stage stage=insert-rewritten-flat-opc-complete formulaId=9bdcfbee-1fe1-43ac-9773-c3e8e6cef2c8
2026-09-06T20:28:05.0247395+08:00 pid=94656 tid=1 mathtype-replace-stage stage=validate-replacement formulaId=9bdcfbee-1fe1-43ac-9773-c3e8e6cef2c8
2026-09-06T20:28:05.0557406+08:00 pid=94656 tid=1 mathtype-replace-stage stage=complete formulaId=9bdcfbee-1fe1-43ac-9773-c3e8e6cef2c8
2026-09-06T20:28:05.0837516+08:00 pid=94656 tid=1 word-undo-end recording=False level=0
2026-09-06T20:28:05.0887522+08:00 pid=94656 tid=28 ribbon-session-operation-released sessionId=dff29dbd-d6b0-4d3d-80fe-174a56ca1d6d
2026-09-06T20:30:42.3590873+08:00 pid=94656 tid=11 left-down x=257 y=711 wordForeground=True
2026-09-06T20:30:42.6162853+08:00 pid=94656 tid=11 left-down x=257 y=711 wordForeground=True
2026-09-06T20:30:42.6172854+08:00 pid=94656 tid=11 double-click elapsedMs=257.199 withinX=True withinY=True nativeOleTarget=False suppressSecondDown=False dispatchCallback=True
2026-09-06T20:30:42.7175677+08:00 pid=94656 tid=33 callback-begin interceptedNativeOle=False x=257 y=711
2026-09-06T20:30:42.7175677+08:00 pid=94656 tid=33 addin-callback-received interceptedNativeOle=False x=257 y=711
2026-09-06T20:30:42.7175677+08:00 pid=94656 tid=33 callback-end
2026-09-06T20:30:42.7175677+08:00 pid=94656 tid=1 addin-coordinate-selection formulaId=<null> objectMode=<null>
2026-09-06T20:31:30.1626217+08:00 pid=94656 tid=1 format-conversion-start sourceMode=mathTypeOle targetMode=nativeOle wholeDocument=True
2026-09-06T20:31:30.2107982+08:00 pid=94656 tid=1 format-conversion-plan-bulk-ole-snapshot count=6 elapsedMs=48
2026-09-06T20:31:30.2117959+08:00 pid=94656 tid=1 format-conversion-plan-perf stage=shape-access source=mathTypeOle index=1/6 deltaMs=0 totalMs=0
2026-09-06T20:31:30.2117959+08:00 pid=94656 tid=1 format-conversion-plan-perf stage=identify-mathtype source=mathTypeOle index=1/6 deltaMs=0 totalMs=0
2026-09-06T20:31:30.2267957+08:00 pid=94656 tid=1 format-conversion-plan-perf stage=read-mathml-bulk source=mathTypeOle index=1/6 deltaMs=14 totalMs=14
2026-09-06T20:31:30.2287957+08:00 pid=94656 tid=1 format-conversion-plan-perf stage=read-metadata source=mathTypeOle index=1/6 deltaMs=3 totalMs=17
2026-09-06T20:31:30.2297955+08:00 pid=94656 tid=1 format-conversion-plan-perf stage=number-position source=mathTypeOle index=1/6 deltaMs=0 totalMs=17
2026-09-06T20:31:30.2297955+08:00 pid=94656 tid=1 format-conversion-plan-perf stage=shape-range source=mathTypeOle index=1/6 deltaMs=1 totalMs=18
2026-09-06T20:31:30.2470247+08:00 pid=94656 tid=1 format-conversion-plan-perf stage=target-added source=mathTypeOle index=1/6 deltaMs=17 totalMs=35
2026-09-06T20:31:30.2480246+08:00 pid=94656 tid=1 format-conversion-plan-perf stage=shape-access source=mathTypeOle index=2/6 deltaMs=0 totalMs=0
2026-09-06T20:31:30.2480246+08:00 pid=94656 tid=1 format-conversion-plan-perf stage=identify-mathtype source=mathTypeOle index=2/6 deltaMs=0 totalMs=0
2026-09-06T20:31:30.2510248+08:00 pid=94656 tid=1 format-conversion-plan-perf stage=read-mathml-bulk source=mathTypeOle index=2/6 deltaMs=3 totalMs=3
2026-09-06T20:31:30.2530263+08:00 pid=94656 tid=1 format-conversion-plan-perf stage=read-metadata source=mathTypeOle index=2/6 deltaMs=2 totalMs=5
2026-09-06T20:31:30.2540248+08:00 pid=94656 tid=1 format-conversion-plan-perf stage=number-position source=mathTypeOle index=2/6 deltaMs=1 totalMs=6
2026-09-06T20:31:30.2540248+08:00 pid=94656 tid=1 format-conversion-plan-perf stage=shape-range source=mathTypeOle index=2/6 deltaMs=0 totalMs=6
2026-09-06T20:31:30.2860257+08:00 pid=94656 tid=1 format-conversion-plan-perf stage=target-added source=mathTypeOle index=2/6 deltaMs=31 totalMs=37
2026-09-06T20:31:30.2860257+08:00 pid=94656 tid=1 format-conversion-plan-perf stage=shape-access source=mathTypeOle index=3/6 deltaMs=0 totalMs=0
2026-09-06T20:31:30.2870276+08:00 pid=94656 tid=1 format-conversion-plan-perf stage=identify-mathtype source=mathTypeOle index=3/6 deltaMs=0 totalMs=0
2026-09-06T20:31:30.2900363+08:00 pid=94656 tid=1 format-conversion-plan-perf stage=read-mathml-bulk source=mathTypeOle index=3/6 deltaMs=3 totalMs=3
2026-09-06T20:31:30.2920255+08:00 pid=94656 tid=1 format-conversion-plan-perf stage=read-metadata source=mathTypeOle index=3/6 deltaMs=2 totalMs=5
2026-09-06T20:31:30.2920255+08:00 pid=94656 tid=1 format-conversion-plan-perf stage=number-position source=mathTypeOle index=3/6 deltaMs=1 totalMs=6
2026-09-06T20:31:30.2930248+08:00 pid=94656 tid=1 format-conversion-plan-perf stage=shape-range source=mathTypeOle index=3/6 deltaMs=0 totalMs=6
2026-09-06T20:31:30.3270255+08:00 pid=94656 tid=1 format-conversion-plan-perf stage=target-added source=mathTypeOle index=3/6 deltaMs=34 totalMs=40
2026-09-06T20:31:30.3280255+08:00 pid=94656 tid=1 format-conversion-plan-perf stage=shape-access source=mathTypeOle index=4/6 deltaMs=0 totalMs=0
2026-09-06T20:31:30.3290275+08:00 pid=94656 tid=1 format-conversion-plan-perf stage=identify-mathtype source=mathTypeOle index=4/6 deltaMs=0 totalMs=0
2026-09-06T20:31:30.3440282+08:00 pid=94656 tid=1 format-conversion-plan-perf stage=read-mathml-bulk source=mathTypeOle index=4/6 deltaMs=15 totalMs=15
2026-09-06T20:31:30.3460269+08:00 pid=94656 tid=1 format-conversion-plan-perf stage=read-metadata source=mathTypeOle index=4/6 deltaMs=3 totalMs=18
2026-09-06T20:31:30.3470246+08:00 pid=94656 tid=1 format-conversion-plan-perf stage=number-position source=mathTypeOle index=4/6 deltaMs=1 totalMs=19
2026-09-06T20:31:30.3480265+08:00 pid=94656 tid=1 format-conversion-plan-perf stage=shape-range source=mathTypeOle index=4/6 deltaMs=0 totalMs=19
2026-09-06T20:31:30.3881731+08:00 pid=94656 tid=1 format-conversion-plan-perf stage=target-added source=mathTypeOle index=4/6 deltaMs=41 totalMs=60
2026-09-06T20:31:30.3891736+08:00 pid=94656 tid=1 format-conversion-plan-perf stage=shape-access source=mathTypeOle index=5/6 deltaMs=0 totalMs=0
2026-09-06T20:31:30.3901717+08:00 pid=94656 tid=1 format-conversion-plan-perf stage=identify-mathtype source=mathTypeOle index=5/6 deltaMs=0 totalMs=0
2026-09-06T20:31:30.4051727+08:00 pid=94656 tid=1 format-conversion-plan-perf stage=read-mathml-bulk source=mathTypeOle index=5/6 deltaMs=15 totalMs=15
2026-09-06T20:31:30.4081719+08:00 pid=94656 tid=1 format-conversion-plan-perf stage=read-metadata source=mathTypeOle index=5/6 deltaMs=3 totalMs=18
2026-09-06T20:31:30.4091730+08:00 pid=94656 tid=1 format-conversion-plan-perf stage=number-position source=mathTypeOle index=5/6 deltaMs=1 totalMs=19
2026-09-06T20:31:30.4091730+08:00 pid=94656 tid=1 format-conversion-plan-perf stage=shape-range source=mathTypeOle index=5/6 deltaMs=0 totalMs=19
2026-09-06T20:31:30.4451708+08:00 pid=94656 tid=1 format-conversion-plan-perf stage=target-added source=mathTypeOle index=5/6 deltaMs=36 totalMs=55
2026-09-06T20:31:30.4461708+08:00 pid=94656 tid=1 format-conversion-plan-perf stage=shape-access source=mathTypeOle index=6/6 deltaMs=0 totalMs=0
2026-09-06T20:31:30.4461708+08:00 pid=94656 tid=1 format-conversion-plan-perf stage=identify-mathtype source=mathTypeOle index=6/6 deltaMs=0 totalMs=0
2026-09-06T20:31:30.4611708+08:00 pid=94656 tid=1 format-conversion-plan-perf stage=read-mathml-bulk source=mathTypeOle index=6/6 deltaMs=15 totalMs=15
2026-09-06T20:31:30.4641738+08:00 pid=94656 tid=1 format-conversion-plan-perf stage=read-metadata source=mathTypeOle index=6/6 deltaMs=3 totalMs=18
2026-09-06T20:31:30.4641738+08:00 pid=94656 tid=1 format-conversion-plan-perf stage=number-position source=mathTypeOle index=6/6 deltaMs=0 totalMs=18
2026-09-06T20:31:30.4651723+08:00 pid=94656 tid=1 format-conversion-plan-perf stage=shape-range source=mathTypeOle index=6/6 deltaMs=1 totalMs=19
2026-09-06T20:31:30.5035842+08:00 pid=94656 tid=1 format-conversion-plan-perf stage=target-added source=mathTypeOle index=6/6 deltaMs=38 totalMs=57
2026-09-06T20:31:30.5046251+08:00 pid=94656 tid=1 format-conversion-plan sourceMode=mathTypeOle targetMode=nativeOle targets=6
2026-09-06T20:31:34.0297990+08:00 pid=94656 tid=29 bulk-import converter-create display=inline mode=nativeOle latex=\sqrt{E-u(x)}=\frac{1}{f(\omega )v_{ph}(\omega ,x)}
2026-09-06T20:31:34.0347966+08:00 pid=94656 tid=38 bulk-import converter-created sessionId=0d4a148a-485d-4366-a63f-54d81a3a17d0
2026-09-06T20:31:34.0357965+08:00 pid=94656 tid=38 bulk-import converter-create display=block mode=nativeOle latex=\left\{ \begin{matrix}\frac{\mathrm{d}}{\mathrm{d}\omega }(\omega f(\omega ))=0 \\ \frac{\omega f(\omega )}{2}\frac{\mathrm{d}E(\omega )}{\mathrm{d}\omega }=\sqrt{\frac{m}{2}}\end{matrix}\right.
2026-09-06T20:31:34.0397962+08:00 pid=94656 tid=39 bulk-import converter-created sessionId=df857bdd-cbea-48b3-87b3-474936e5a394
2026-09-06T20:31:34.0397962+08:00 pid=94656 tid=39 bulk-import converter-create display=block mode=nativeOle latex=a^{2}+b^{2}=c^{2}
2026-09-06T20:31:34.0427967+08:00 pid=94656 tid=38 bulk-import converter-created sessionId=f4411c83-ad4f-4627-a906-bc309b0bcb56
2026-09-06T20:31:34.0437968+08:00 pid=94656 tid=38 bulk-import converter-create display=block mode=nativeOle latex=i\hbar \frac{\partial }{\partial t}\psi (\mathbf{r},t)=[-\frac{\hbar^{2}}{2m}\nabla^{2}+V(\mathbf{r},t)]\psi (\mathbf{r},t)
2026-09-06T20:31:34.0477965+08:00 pid=94656 tid=39 bulk-import converter-created sessionId=9b8acde9-8c88-42f7-9b5c-2b9199ac5fd2
2026-09-06T20:31:34.0487963+08:00 pid=94656 tid=39 bulk-import converter-create display=block mode=nativeOle latex=\frac{\partial }{\partial t}\psi^{\ast}(\vec{r})\psi (\vec{r})=\frac{i\hbar }{2m}\nabla \cdot [\psi^{\ast}(\vec{r})\nabla \psi (\vec{r})-\psi (\vec{r})\nabla \psi^{\ast}(r)]
2026-09-06T20:31:34.0517961+08:00 pid=94656 tid=38 bulk-import converter-created sessionId=9c184023-6d01-46fa-ae39-55fba73ece26
2026-09-06T20:31:34.0517961+08:00 pid=94656 tid=38 bulk-import converter-create display=block mode=nativeOle latex=\frac{\partial }{\partial t}\rho (\vec{r},t)+\nabla \cdot \vec{j}=0
2026-09-06T20:31:34.0557976+08:00 pid=94656 tid=39 bulk-import converter-created sessionId=577b1594-8c99-4e46-89e5-fa2d59d6b941
2026-09-06T20:31:34.0557976+08:00 pid=94656 tid=39 format-conversion-render-start sourceMode=mathTypeOle targetMode=nativeOle sessions=6
2026-09-06T20:31:34.1990152+08:00 pid=94656 tid=38 format-conversion-rendered sourceMode=mathTypeOle targetMode=nativeOle sessionId=0d4a148a-485d-4366-a63f-54d81a3a17d0 status=committing
2026-09-06T20:31:34.3100127+08:00 pid=94656 tid=39 format-conversion-rendered sourceMode=mathTypeOle targetMode=nativeOle sessionId=df857bdd-cbea-48b3-87b3-474936e5a394 status=committing
2026-09-06T20:31:34.4072519+08:00 pid=94656 tid=38 format-conversion-rendered sourceMode=mathTypeOle targetMode=nativeOle sessionId=f4411c83-ad4f-4627-a906-bc309b0bcb56 status=committing
2026-09-06T20:31:34.5092853+08:00 pid=94656 tid=39 format-conversion-rendered sourceMode=mathTypeOle targetMode=nativeOle sessionId=9b8acde9-8c88-42f7-9b5c-2b9199ac5fd2 status=committing
2026-09-06T20:31:34.6188713+08:00 pid=94656 tid=38 format-conversion-rendered sourceMode=mathTypeOle targetMode=nativeOle sessionId=9c184023-6d01-46fa-ae39-55fba73ece26 status=committing
2026-09-06T20:31:34.7174642+08:00 pid=94656 tid=39 format-conversion-rendered sourceMode=mathTypeOle targetMode=nativeOle sessionId=577b1594-8c99-4e46-89e5-fa2d59d6b941 status=committing
2026-09-06T20:31:34.7184619+08:00 pid=94656 tid=39 format-conversion-word-apply-start sourceMode=mathTypeOle targetMode=nativeOle targets=6
2026-09-06T20:31:34.7805436+08:00 pid=94656 tid=1 format-conversion-mathtype-visualtex-atomic-buffer-created
2026-09-06T20:31:34.7805436+08:00 pid=94656 tid=1 format-conversion-runtime assembly=C:\Users\pojian_liao\AppData\Local\VisualTeX\office\remediation-builds\CEC11D1427D70158CC31F6FFB0520B5206BC67A6023FA04783FCE4D3E7B912B6\VisualTeX.WordVsto.dll source=mathTypeOle target=nativeOle targetIsVisualTeX=True targetIsMathType=False
2026-09-06T20:31:34.7925434+08:00 pid=94656 tid=1 format-conversion-reference-aliases-captured sourceMode=mathTypeOle formulaId=d3eb7e2e-9161-4057-8514-44de4c32e438 aliases=VTEqNum_b73f44ea22c446eea52412013c0586ef
2026-09-06T20:31:35.9737613+08:00 pid=94656 tid=1 word-undo-begin name=VisualTeX Convert Formula Format recording=False level=0
2026-09-06T20:31:35.9737613+08:00 pid=94656 tid=1 word-undo-started name=VisualTeX Convert Formula Format recording=True level=1
2026-09-06T20:31:35.9747611+08:00 pid=94656 tid=1 format-conversion-undo-state stage=before-preferences document=文档11 recording=True level=1
2026-09-06T20:31:35.9747611+08:00 pid=94656 tid=1 format-conversion-transaction-start targets=6
2026-09-06T20:31:35.9747611+08:00 pid=94656 tid=1 format-conversion-undo-state stage=after-preferences document=文档11 recording=True level=1
2026-09-06T20:31:35.9757615+08:00 pid=94656 tid=1 format-conversion-mathtype-source-identity-bound formulaId=f50fb0c5-ef54-4ca3-848d-703b954fb20a bookmark=VTFCI_84578633c3844be0a7c3b988e2023520 range=1238:1264
2026-09-06T20:31:35.9757615+08:00 pid=94656 tid=1 format-conversion-undo-state stage=before-source-delete document=文档11 recording=True level=1
2026-09-06T20:31:35.9817613+08:00 pid=94656 tid=1 format-conversion-mathtype-visualtex-paragraph-atomically-replaced formulaId=f50fb0c5-ef54-4ca3-848d-703b954fb20a bookmark=VTFCI_84578633c3844be0a7c3b988e2023520 range=1237:1472 start=1237
2026-09-06T20:31:35.9817613+08:00 pid=94656 tid=1 format-conversion-perf stage=delete-source-host formulaId=f50fb0c5-ef54-4ca3-848d-703b954fb20a numbered=True deltaMs=7 totalMs=7
2026-09-06T20:31:35.9817613+08:00 pid=94656 tid=1 format-conversion-undo-state stage=after-source-delete document=文档11 recording=True level=1
2026-09-06T20:31:35.9827614+08:00 pid=94656 tid=1 format-conversion-forward-source-check stage=delete-source formulaId=f50fb0c5-ef54-4ca3-848d-703b954fb20a bookmarkMissing=True present=False
2026-09-06T20:31:35.9847611+08:00 pid=94656 tid=1 word-undo-begin name=VisualTeX Insert Native OLE Display Formula recording=True level=1
2026-09-06T20:31:36.0563278+08:00 pid=94656 tid=1 format-conversion-perf stage=insert-target formulaId=f50fb0c5-ef54-4ca3-848d-703b954fb20a numbered=True deltaMs=74 totalMs=81
2026-09-06T20:31:36.0563278+08:00 pid=94656 tid=1 format-conversion-undo-state stage=after-target-insert document=文档11 recording=True level=1
2026-09-06T20:31:36.0573279+08:00 pid=94656 tid=1 format-conversion-forward-source-check stage=insert-target formulaId=f50fb0c5-ef54-4ca3-848d-703b954fb20a bookmarkMissing=True present=False
2026-09-06T20:31:36.0603278+08:00 pid=94656 tid=1 format-conversion-bookmarked-visualtex-target-stable sourceFormulaId=f50fb0c5-ef54-4ca3-848d-703b954fb20a formulaId=ff0fe033-46dd-4a02-8805-d39d33f531f8 localAnchorRepair=False elapsedMs=2
2026-09-06T20:31:36.0613654+08:00 pid=94656 tid=1 format-conversion-forward-source-check stage=post-transaction formulaId=f50fb0c5-ef54-4ca3-848d-703b954fb20a bookmarkMissing=True present=False
2026-09-06T20:31:36.0618723+08:00 pid=94656 tid=1 format-conversion-perf stage=verify-target formulaId=f50fb0c5-ef54-4ca3-848d-703b954fb20a numbered=True deltaMs=5 totalMs=86
2026-09-06T20:31:36.0718796+08:00 pid=94656 tid=1 format-conversion-mathtype-source-identity-bound formulaId=5f638f74-87be-441d-beff-59d50a906cc8 bookmark=VTFCI_b562736580c84dcb887f2343e97b75ad range=984:1010
2026-09-06T20:31:36.0728796+08:00 pid=94656 tid=1 format-conversion-undo-state stage=before-source-delete document=文档11 recording=True level=1
2026-09-06T20:31:36.0781296+08:00 pid=94656 tid=1 format-conversion-mathtype-visualtex-paragraph-atomically-replaced formulaId=5f638f74-87be-441d-beff-59d50a906cc8 bookmark=VTFCI_b562736580c84dcb887f2343e97b75ad range=983:1218 start=983
2026-09-06T20:31:36.0781296+08:00 pid=94656 tid=1 format-conversion-perf stage=delete-source-host formulaId=5f638f74-87be-441d-beff-59d50a906cc8 numbered=True deltaMs=16 totalMs=16
2026-09-06T20:31:36.0786577+08:00 pid=94656 tid=1 format-conversion-undo-state stage=after-source-delete document=文档11 recording=True level=1
2026-09-06T20:31:36.0786577+08:00 pid=94656 tid=1 format-conversion-forward-source-check stage=delete-source formulaId=5f638f74-87be-441d-beff-59d50a906cc8 bookmarkMissing=True present=False
2026-09-06T20:31:36.0791818+08:00 pid=94656 tid=1 word-undo-begin name=VisualTeX Insert Native OLE Display Formula recording=True level=1
2026-09-06T20:31:36.1352640+08:00 pid=94656 tid=1 format-conversion-perf stage=insert-target formulaId=5f638f74-87be-441d-beff-59d50a906cc8 numbered=True deltaMs=58 totalMs=74
2026-09-06T20:31:36.1362637+08:00 pid=94656 tid=1 format-conversion-undo-state stage=after-target-insert document=文档11 recording=True level=1
2026-09-06T20:31:36.1362637+08:00 pid=94656 tid=1 format-conversion-forward-source-check stage=insert-target formulaId=5f638f74-87be-441d-beff-59d50a906cc8 bookmarkMissing=True present=False
2026-09-06T20:31:36.1372637+08:00 pid=94656 tid=1 format-conversion-bookmarked-visualtex-target-stable sourceFormulaId=5f638f74-87be-441d-beff-59d50a906cc8 formulaId=7dbdc8b5-f4ef-4f62-bd0c-c44617f86c1a localAnchorRepair=False elapsedMs=0
2026-09-06T20:31:36.1372637+08:00 pid=94656 tid=1 format-conversion-forward-source-check stage=post-transaction formulaId=5f638f74-87be-441d-beff-59d50a906cc8 bookmarkMissing=True present=False
2026-09-06T20:31:36.1372637+08:00 pid=94656 tid=1 format-conversion-perf stage=verify-target formulaId=5f638f74-87be-441d-beff-59d50a906cc8 numbered=True deltaMs=1 totalMs=75
2026-09-06T20:31:36.1475498+08:00 pid=94656 tid=1 format-conversion-mathtype-source-identity-bound formulaId=b3eaef48-95c9-4c65-8ab6-8d0fb1e89b92 bookmark=VTFCI_bb29a00e10164e18880d6266bccf1fe5 range=740:766
2026-09-06T20:31:36.1485498+08:00 pid=94656 tid=1 format-conversion-undo-state stage=before-source-delete document=文档11 recording=True level=1
2026-09-06T20:31:36.1525502+08:00 pid=94656 tid=1 format-conversion-mathtype-visualtex-paragraph-atomically-replaced formulaId=b3eaef48-95c9-4c65-8ab6-8d0fb1e89b92 bookmark=VTFCI_bb29a00e10164e18880d6266bccf1fe5 range=739:974 start=739
2026-09-06T20:31:36.1525502+08:00 pid=94656 tid=1 format-conversion-perf stage=delete-source-host formulaId=b3eaef48-95c9-4c65-8ab6-8d0fb1e89b92 numbered=True deltaMs=15 totalMs=15
2026-09-06T20:31:36.1525502+08:00 pid=94656 tid=1 format-conversion-undo-state stage=after-source-delete document=文档11 recording=True level=1
2026-09-06T20:31:36.1525502+08:00 pid=94656 tid=1 format-conversion-forward-source-check stage=delete-source formulaId=b3eaef48-95c9-4c65-8ab6-8d0fb1e89b92 bookmarkMissing=True present=False
2026-09-06T20:31:36.1535496+08:00 pid=94656 tid=1 word-undo-begin name=VisualTeX Insert Native OLE Display Formula recording=True level=1
2026-09-06T20:31:36.2031681+08:00 pid=94656 tid=1 format-conversion-perf stage=insert-target formulaId=b3eaef48-95c9-4c65-8ab6-8d0fb1e89b92 numbered=True deltaMs=50 totalMs=65
2026-09-06T20:31:36.2031681+08:00 pid=94656 tid=1 format-conversion-undo-state stage=after-target-insert document=文档11 recording=True level=1
2026-09-06T20:31:36.2041677+08:00 pid=94656 tid=1 format-conversion-forward-source-check stage=insert-target formulaId=b3eaef48-95c9-4c65-8ab6-8d0fb1e89b92 bookmarkMissing=True present=False
2026-09-06T20:31:36.2041677+08:00 pid=94656 tid=1 format-conversion-bookmarked-visualtex-target-stable sourceFormulaId=b3eaef48-95c9-4c65-8ab6-8d0fb1e89b92 formulaId=cd20f350-0dc0-4797-9e49-2700e425cf7c localAnchorRepair=False elapsedMs=0
2026-09-06T20:31:36.2051680+08:00 pid=94656 tid=1 format-conversion-forward-source-check stage=post-transaction formulaId=b3eaef48-95c9-4c65-8ab6-8d0fb1e89b92 bookmarkMissing=True present=False
2026-09-06T20:31:36.2051680+08:00 pid=94656 tid=1 format-conversion-perf stage=verify-target formulaId=b3eaef48-95c9-4c65-8ab6-8d0fb1e89b92 numbered=True deltaMs=2 totalMs=67
2026-09-06T20:31:36.2167469+08:00 pid=94656 tid=1 format-conversion-mathtype-source-identity-bound formulaId=d3eb7e2e-9161-4057-8514-44de4c32e438 bookmark=VTFCI_bcf66707ac874b7f8f48d96b02ab78f4 range=319:345
2026-09-06T20:31:36.2177494+08:00 pid=94656 tid=1 format-conversion-undo-state stage=before-source-delete document=文档11 recording=True level=1
2026-09-06T20:31:36.2247472+08:00 pid=94656 tid=1 format-conversion-mathtype-visualtex-paragraph-atomically-replaced formulaId=d3eb7e2e-9161-4057-8514-44de4c32e438 bookmark=VTFCI_bcf66707ac874b7f8f48d96b02ab78f4 range=318:553 start=318
2026-09-06T20:31:36.2257470+08:00 pid=94656 tid=1 format-conversion-perf stage=delete-source-host formulaId=d3eb7e2e-9161-4057-8514-44de4c32e438 numbered=True deltaMs=20 totalMs=20
2026-09-06T20:31:36.2257470+08:00 pid=94656 tid=1 format-conversion-undo-state stage=after-source-delete document=文档11 recording=True level=1
2026-09-06T20:31:36.2257470+08:00 pid=94656 tid=1 format-conversion-forward-source-check stage=delete-source formulaId=d3eb7e2e-9161-4057-8514-44de4c32e438 bookmarkMissing=True present=False
2026-09-06T20:31:36.2267468+08:00 pid=94656 tid=1 word-undo-begin name=VisualTeX Insert Native OLE Display Formula recording=True level=1
2026-09-06T20:31:36.2735371+08:00 pid=94656 tid=1 format-conversion-perf stage=insert-target formulaId=d3eb7e2e-9161-4057-8514-44de4c32e438 numbered=True deltaMs=47 totalMs=67
2026-09-06T20:31:36.2735371+08:00 pid=94656 tid=1 format-conversion-undo-state stage=after-target-insert document=文档11 recording=True level=1
2026-09-06T20:31:36.2735371+08:00 pid=94656 tid=1 format-conversion-forward-source-check stage=insert-target formulaId=d3eb7e2e-9161-4057-8514-44de4c32e438 bookmarkMissing=True present=False
2026-09-06T20:31:36.2745371+08:00 pid=94656 tid=1 format-conversion-bookmarked-visualtex-target-stable sourceFormulaId=d3eb7e2e-9161-4057-8514-44de4c32e438 formulaId=ed455f5f-dd37-47fb-a749-d254cf6c98db localAnchorRepair=False elapsedMs=0
2026-09-06T20:31:36.2745371+08:00 pid=94656 tid=1 format-conversion-forward-source-check stage=post-transaction formulaId=d3eb7e2e-9161-4057-8514-44de4c32e438 bookmarkMissing=True present=False
2026-09-06T20:31:36.2745371+08:00 pid=94656 tid=1 format-conversion-perf stage=verify-target formulaId=d3eb7e2e-9161-4057-8514-44de4c32e438 numbered=True deltaMs=2 totalMs=69
2026-09-06T20:31:36.2865375+08:00 pid=94656 tid=1 format-conversion-mathtype-source-identity-bound formulaId=c41a3cca-93b8-45bb-8881-049450a4daf5 bookmark=VTFCI_d59fc7c5ee5c4b4ab8e0545d5154b60d range=83:109
2026-09-06T20:31:36.2865375+08:00 pid=94656 tid=1 format-conversion-undo-state stage=before-source-delete document=文档11 recording=True level=1
2026-09-06T20:31:36.2915373+08:00 pid=94656 tid=1 format-conversion-mathtype-visualtex-paragraph-atomically-replaced formulaId=c41a3cca-93b8-45bb-8881-049450a4daf5 bookmark=VTFCI_d59fc7c5ee5c4b4ab8e0545d5154b60d range=82:317 start=82
2026-09-06T20:31:36.2915373+08:00 pid=94656 tid=1 format-conversion-perf stage=delete-source-host formulaId=c41a3cca-93b8-45bb-8881-049450a4daf5 numbered=True deltaMs=17 totalMs=17
2026-09-06T20:31:36.2925372+08:00 pid=94656 tid=1 format-conversion-undo-state stage=after-source-delete document=文档11 recording=True level=1
2026-09-06T20:31:36.2925372+08:00 pid=94656 tid=1 format-conversion-forward-source-check stage=delete-source formulaId=c41a3cca-93b8-45bb-8881-049450a4daf5 bookmarkMissing=True present=False
2026-09-06T20:31:36.2925372+08:00 pid=94656 tid=1 word-undo-begin name=VisualTeX Insert Native OLE Display Formula recording=True level=1
2026-09-06T20:31:36.3389716+08:00 pid=94656 tid=1 format-conversion-perf stage=insert-target formulaId=c41a3cca-93b8-45bb-8881-049450a4daf5 numbered=True deltaMs=47 totalMs=64
2026-09-06T20:31:36.3389716+08:00 pid=94656 tid=1 format-conversion-undo-state stage=after-target-insert document=文档11 recording=True level=1
2026-09-06T20:31:36.3399717+08:00 pid=94656 tid=1 format-conversion-forward-source-check stage=insert-target formulaId=c41a3cca-93b8-45bb-8881-049450a4daf5 bookmarkMissing=True present=False
2026-09-06T20:31:36.3399717+08:00 pid=94656 tid=1 format-conversion-bookmarked-visualtex-target-stable sourceFormulaId=c41a3cca-93b8-45bb-8881-049450a4daf5 formulaId=9ebdf227-c859-4154-8867-182cff7570b4 localAnchorRepair=False elapsedMs=0
2026-09-06T20:31:36.3399717+08:00 pid=94656 tid=1 format-conversion-forward-source-check stage=post-transaction formulaId=c41a3cca-93b8-45bb-8881-049450a4daf5 bookmarkMissing=True present=False
2026-09-06T20:31:36.3399717+08:00 pid=94656 tid=1 format-conversion-perf stage=verify-target formulaId=c41a3cca-93b8-45bb-8881-049450a4daf5 numbered=True deltaMs=1 totalMs=65
2026-09-06T20:31:36.3509740+08:00 pid=94656 tid=1 format-conversion-mathtype-source-identity-bound formulaId=cb710ea9-811f-4336-b095-d11828dae710 bookmark=VTFCI_1fe1b6f9843f4f8e90432b1e69449460 range=54:80
2026-09-06T20:31:36.3509740+08:00 pid=94656 tid=1 format-conversion-undo-state stage=before-source-delete document=文档11 recording=True level=1
2026-09-06T20:31:36.3589717+08:00 pid=94656 tid=1 format-conversion-perf stage=delete-source-host formulaId=cb710ea9-811f-4336-b095-d11828dae710 numbered=False deltaMs=18 totalMs=18
2026-09-06T20:31:36.3589717+08:00 pid=94656 tid=1 format-conversion-undo-state stage=after-source-delete document=文档11 recording=True level=1
2026-09-06T20:31:36.3589717+08:00 pid=94656 tid=1 format-conversion-forward-source-check stage=delete-source formulaId=cb710ea9-811f-4336-b095-d11828dae710 bookmarkMissing=True present=False
2026-09-06T20:31:36.3589717+08:00 pid=94656 tid=1 word-undo-begin name=VisualTeX Insert Native OLE Inline Formula recording=True level=1
2026-09-06T20:31:36.4093705+08:00 pid=94656 tid=1 format-conversion-perf stage=insert-target formulaId=cb710ea9-811f-4336-b095-d11828dae710 numbered=False deltaMs=50 totalMs=68
2026-09-06T20:31:36.4093705+08:00 pid=94656 tid=1 format-conversion-undo-state stage=after-target-insert document=文档11 recording=True level=1
2026-09-06T20:31:36.4093705+08:00 pid=94656 tid=1 format-conversion-forward-source-check stage=insert-target formulaId=cb710ea9-811f-4336-b095-d11828dae710 bookmarkMissing=True present=False
2026-09-06T20:31:36.4103683+08:00 pid=94656 tid=1 format-conversion-bookmarked-visualtex-target-stable sourceFormulaId=cb710ea9-811f-4336-b095-d11828dae710 formulaId=674f0375-29de-4066-9120-7ca4fd3e0940 localAnchorRepair=False elapsedMs=0
2026-09-06T20:31:36.4103683+08:00 pid=94656 tid=1 format-conversion-forward-source-check stage=post-transaction formulaId=cb710ea9-811f-4336-b095-d11828dae710 bookmarkMissing=True present=False
2026-09-06T20:31:36.4103683+08:00 pid=94656 tid=1 format-conversion-perf stage=verify-target formulaId=cb710ea9-811f-4336-b095-d11828dae710 numbered=False deltaMs=2 totalMs=70
2026-09-06T20:31:36.6324139+08:00 pid=94656 tid=1 format-conversion-finalize-perf stage=source-residual-check sourceMode=mathTypeOle targetMode=nativeOle deltaMs=221 totalMs=221
2026-09-06T20:31:36.6334156+08:00 pid=94656 tid=1 format-conversion-finalize-perf stage=target-count-check sourceMode=mathTypeOle targetMode=nativeOle deltaMs=1 totalMs=222
2026-09-06T20:31:36.6384129+08:00 pid=94656 tid=1 format-conversion-visualtex-numbering-inventory formulaId=674f0375-29de-4066-9120-7ca4fd3e0940 range=54:88 paragraph=42:90 numbered=False
2026-09-06T20:31:36.6404138+08:00 pid=94656 tid=1 format-conversion-visualtex-numbering-inventory formulaId=9ebdf227-c859-4154-8867-182cff7570b4 range=91:125 paragraph=91:126 numbered=True
2026-09-06T20:31:36.6404138+08:00 pid=94656 tid=1 format-conversion-visualtex-numbering-inventory formulaId=ed455f5f-dd37-47fb-a749-d254cf6c98db range=127:161 paragraph=127:162 numbered=True
2026-09-06T20:31:36.6414131+08:00 pid=94656 tid=1 format-conversion-visualtex-numbering-inventory formulaId=cd20f350-0dc0-4797-9e49-2700e425cf7c range=348:382 paragraph=348:383 numbered=True
2026-09-06T20:31:36.6424126+08:00 pid=94656 tid=1 format-conversion-visualtex-numbering-inventory formulaId=7dbdc8b5-f4ef-4f62-bd0c-c44617f86c1a range=392:426 paragraph=392:427 numbered=True
2026-09-06T20:31:36.6424126+08:00 pid=94656 tid=1 format-conversion-visualtex-numbering-inventory formulaId=ff0fe033-46dd-4a02-8805-d39d33f531f8 range=446:480 paragraph=446:481 numbered=True
2026-09-06T20:31:36.6454147+08:00 pid=94656 tid=1 format-conversion-visualtex-numbering-before-scaffold formulaId=ff0fe033-46dd-4a02-8805-d39d33f531f8 frozenRange=visualtex-word-vsto-range:446:480 liveRange=446:480 paragraph=446:481
2026-09-06T20:31:36.7380048+08:00 pid=94656 tid=1 format-conversion-visualtex-numbering-before-scaffold formulaId=7dbdc8b5-f4ef-4f62-bd0c-c44617f86c1a frozenRange=visualtex-word-vsto-range:392:426 liveRange=392:426 paragraph=392:427
2026-09-06T20:31:36.8127361+08:00 pid=94656 tid=1 format-conversion-visualtex-numbering-before-scaffold formulaId=cd20f350-0dc0-4797-9e49-2700e425cf7c frozenRange=visualtex-word-vsto-range:348:382 liveRange=348:382 paragraph=348:383
2026-09-06T20:31:36.8907362+08:00 pid=94656 tid=1 format-conversion-visualtex-numbering-before-scaffold formulaId=ed455f5f-dd37-47fb-a749-d254cf6c98db frozenRange=visualtex-word-vsto-range:127:161 liveRange=127:161 paragraph=127:162
2026-09-06T20:31:36.9934274+08:00 pid=94656 tid=1 format-conversion-visualtex-numbering-before-scaffold formulaId=9ebdf227-c859-4154-8867-182cff7570b4 frozenRange=visualtex-word-vsto-range:91:125 liveRange=91:125 paragraph=91:126
2026-09-06T20:31:37.1478160+08:00 pid=94656 tid=1 format-conversion-visualtex-numbering-before-scaffold formulaId=674f0375-29de-4066-9120-7ca4fd3e0940 frozenRange=visualtex-word-vsto-range:54:88 liveRange=54:88 paragraph=42:90
2026-09-06T20:31:37.6292359+08:00 pid=94656 tid=1 format-conversion-numbering-visualtex-batch built=5 finalized=5
2026-09-06T20:31:37.6552363+08:00 pid=94656 tid=1 format-conversion-reference-aliases-restored sourceMode=mathTypeOle targetMode=nativeOle aliases=1 refreshedReferences=1 restoredFormatting=1
2026-09-06T20:31:37.6667685+08:00 pid=94656 tid=1 format-conversion-finalize-perf stage=numbering-reconcile sourceMode=mathTypeOle targetMode=nativeOle deltaMs=1034 totalMs=1256
2026-09-06T20:31:37.6787649+08:00 pid=94656 tid=1 format-conversion-finalize-perf stage=omml-fingerprint-refresh sourceMode=mathTypeOle targetMode=nativeOle deltaMs=11 totalMs=1267
2026-09-06T20:31:37.8792604+08:00 pid=94656 tid=1 format-conversion-transaction-completed targets=6
2026-09-06T20:31:37.9652598+08:00 pid=94656 tid=36 format-conversion-word-apply-finished sourceMode=mathTypeOle targetMode=nativeOle converted=6 failed=0
2026-09-06T20:31:37.9652598+08:00 pid=94656 tid=36 format-conversion-session-cleanup-start sessions=6
2026-09-06T20:31:37.9692589+08:00 pid=94656 tid=36 format-conversion-complete source=MathType target=VisualTeX converted=6 failed=0
2026-09-06T20:31:37.9722594+08:00 pid=94656 tid=38 format-conversion-session-cleanup-complete sessions=6
2026-09-06T20:31:52.9620681+08:00 pid=94656 tid=39 ribbon-session-operation-released sessionId=9972ac86-5c1e-4893-ac06-067b86a3db7d
2026-09-06T20:32:08.8071193+08:00 pid=94656 tid=11 left-down x=1776 y=1270 wordForeground=False
2026-09-06T20:32:12.0596955+08:00 pid=94656 tid=1 word-undo-begin name=VisualTeX Convert or Update Native OLE Formula recording=False level=0
2026-09-06T20:32:12.0596955+08:00 pid=94656 tid=1 word-undo-started name=VisualTeX Convert or Update Native OLE Formula recording=True level=1
2026-09-06T20:32:12.0606982+08:00 pid=94656 tid=1 format-conversion-subperf [perf] ReplaceOle.locate-target: +1ms (1ms total)
2026-09-06T20:32:12.0751954+08:00 pid=94656 tid=1 format-conversion-subperf [perf] ReplaceOle.update-native-object: +15ms (16ms total)
2026-09-06T20:32:12.1013010+08:00 pid=94656 tid=1 format-conversion-subperf [perf] ReplaceOle.configure: +26ms (42ms total)
2026-09-06T20:32:12.2680576+08:00 pid=94656 tid=1 format-conversion-subperf [perf] ReplaceOle.reconcile: +166ms (208ms total)
2026-09-06T20:32:12.2680576+08:00 pid=94656 tid=1 format-conversion-subperf [perf] ReplaceOle.selection: +1ms (209ms total)
2026-09-06T20:32:12.2800577+08:00 pid=94656 tid=1 word-undo-end recording=True level=1
2026-09-06T20:32:12.2840594+08:00 pid=94656 tid=31 ribbon-session-operation-released sessionId=48b2c2e0-709d-4c17-8450-6067b2033901
2026-09-06T20:32:23.4683853+08:00 pid=94656 tid=1 format-conversion-start sourceMode=nativeOle targetMode=wordOmml wholeDocument=True
2026-09-06T20:32:23.4713853+08:00 pid=94656 tid=1 format-conversion-plan-perf stage=shape-access source=nativeOle index=1/6 deltaMs=0 totalMs=0
2026-09-06T20:32:23.4723856+08:00 pid=94656 tid=1 format-conversion-plan-perf stage=shape-range source=nativeOle index=1/6 deltaMs=0 totalMs=0
2026-09-06T20:32:23.4863877+08:00 pid=94656 tid=1 format-conversion-plan-perf stage=target-added source=nativeOle index=1/6 deltaMs=14 totalMs=14
2026-09-06T20:32:23.4873891+08:00 pid=94656 tid=1 format-conversion-plan-perf stage=shape-access source=nativeOle index=2/6 deltaMs=0 totalMs=0
2026-09-06T20:32:23.4893896+08:00 pid=94656 tid=1 format-conversion-plan-perf stage=shape-range source=nativeOle index=2/6 deltaMs=2 totalMs=2
2026-09-06T20:32:23.5053854+08:00 pid=94656 tid=1 format-conversion-plan-perf stage=target-added source=nativeOle index=2/6 deltaMs=16 totalMs=18
2026-09-06T20:32:23.5063853+08:00 pid=94656 tid=1 format-conversion-plan-perf stage=shape-access source=nativeOle index=3/6 deltaMs=0 totalMs=0
2026-09-06T20:32:23.5073853+08:00 pid=94656 tid=1 format-conversion-plan-perf stage=shape-range source=nativeOle index=3/6 deltaMs=0 totalMs=0
2026-09-06T20:32:23.5143853+08:00 pid=94656 tid=1 format-conversion-plan-perf stage=target-added source=nativeOle index=3/6 deltaMs=7 totalMs=7
2026-09-06T20:32:23.5153857+08:00 pid=94656 tid=1 format-conversion-plan-perf stage=shape-access source=nativeOle index=4/6 deltaMs=0 totalMs=0
2026-09-06T20:32:23.5153857+08:00 pid=94656 tid=1 format-conversion-plan-perf stage=shape-range source=nativeOle index=4/6 deltaMs=0 totalMs=0
2026-09-06T20:32:23.5243858+08:00 pid=94656 tid=1 format-conversion-plan-perf stage=target-added source=nativeOle index=4/6 deltaMs=9 totalMs=9
2026-09-06T20:32:23.5243858+08:00 pid=94656 tid=1 format-conversion-plan-perf stage=shape-access source=nativeOle index=5/6 deltaMs=0 totalMs=0
2026-09-06T20:32:23.5253852+08:00 pid=94656 tid=1 format-conversion-plan-perf stage=shape-range source=nativeOle index=5/6 deltaMs=0 totalMs=0
2026-09-06T20:32:23.5363877+08:00 pid=94656 tid=1 format-conversion-plan-perf stage=target-added source=nativeOle index=5/6 deltaMs=11 totalMs=11
2026-09-06T20:32:23.5373854+08:00 pid=94656 tid=1 format-conversion-plan-perf stage=shape-access source=nativeOle index=6/6 deltaMs=0 totalMs=0
2026-09-06T20:32:23.5383855+08:00 pid=94656 tid=1 format-conversion-plan-perf stage=shape-range source=nativeOle index=6/6 deltaMs=1 totalMs=1
2026-09-06T20:32:23.5453857+08:00 pid=94656 tid=1 format-conversion-plan-perf stage=target-added source=nativeOle index=6/6 deltaMs=7 totalMs=8
2026-09-06T20:32:23.5463853+08:00 pid=94656 tid=1 format-conversion-plan sourceMode=nativeOle targetMode=wordOmml targets=6
2026-09-06T20:32:27.0487366+08:00 pid=94656 tid=1 bulk-import converter-create display=inline mode=wordOmml latex=\sqrt{E-u(x)}=\frac{1}{f(\omega )v_{ph}(\omega ,x)}
2026-09-06T20:32:27.0542591+08:00 pid=94656 tid=31 bulk-import converter-created sessionId=958d1ce6-fb05-47a8-8cf6-b7bf35a9c7c6
2026-09-06T20:32:27.0552535+08:00 pid=94656 tid=31 bulk-import converter-create display=block mode=wordOmml latex=\left\{ \begin{matrix}\frac{\mathrm{d}}{\mathrm{d}\omega }(\omega f(\omega ))=0 \\ \frac{\omega f(\omega )}{2}\frac{\mathrm{d}E(\omega )}{\mathrm{d}\omega }=\sqrt{\frac{m}{2}}\end{matrix}\right.
2026-09-06T20:32:27.0592540+08:00 pid=94656 tid=28 bulk-import converter-created sessionId=f33ca96a-36e7-4730-9f59-5be5092731aa
2026-09-06T20:32:27.0602539+08:00 pid=94656 tid=28 bulk-import converter-create display=block mode=wordOmml latex=E=mc^2
2026-09-06T20:32:27.0642565+08:00 pid=94656 tid=31 bulk-import converter-created sessionId=672771e5-0285-40da-bbf0-25b197af55ec
2026-09-06T20:32:27.0642565+08:00 pid=94656 tid=31 bulk-import converter-create display=block mode=wordOmml latex=i\hbar \frac{\partial }{\partial t}\psi (\mathbf{r},t)=[-\frac{\hbar^{2}}{2m}\nabla^{2}+V(\mathbf{r},t)]\psi (\mathbf{r},t)
2026-09-06T20:32:27.0702534+08:00 pid=94656 tid=28 bulk-import converter-created sessionId=a683b5ae-d41a-42a2-be22-586960138d32
2026-09-06T20:32:27.0702534+08:00 pid=94656 tid=28 bulk-import converter-create display=block mode=wordOmml latex=\frac{\partial }{\partial t}\psi^{\ast}(\vec{r})\psi (\vec{r})=\frac{i\hbar }{2m}\nabla \cdot [\psi^{\ast}(\vec{r})\nabla \psi (\vec{r})-\psi (\vec{r})\nabla \psi^{\ast}(r)]
2026-09-06T20:32:27.0732538+08:00 pid=94656 tid=31 bulk-import converter-created sessionId=e6f80f95-919f-4613-8ee6-21a53ff35f25
2026-09-06T20:32:27.0742543+08:00 pid=94656 tid=31 bulk-import converter-create display=block mode=wordOmml latex=\frac{\partial }{\partial t}\rho (\vec{r},t)+\nabla \cdot \vec{j}=0
2026-09-06T20:32:27.0772550+08:00 pid=94656 tid=28 bulk-import converter-created sessionId=60d370a2-5ca2-4e82-87b9-9e51ab377917
2026-09-06T20:32:27.0782539+08:00 pid=94656 tid=28 format-conversion-render-start sourceMode=nativeOle targetMode=wordOmml sessions=6
2026-09-06T20:32:27.1120635+08:00 pid=94656 tid=31 format-conversion-rendered sourceMode=nativeOle targetMode=wordOmml sessionId=958d1ce6-fb05-47a8-8cf6-b7bf35a9c7c6 status=committing
2026-09-06T20:32:27.1130654+08:00 pid=94656 tid=28 format-conversion-rendered sourceMode=nativeOle targetMode=wordOmml sessionId=f33ca96a-36e7-4730-9f59-5be5092731aa status=committing
2026-09-06T20:32:27.1150630+08:00 pid=94656 tid=31 format-conversion-rendered sourceMode=nativeOle targetMode=wordOmml sessionId=672771e5-0285-40da-bbf0-25b197af55ec status=committing
2026-09-06T20:32:27.1210627+08:00 pid=94656 tid=28 format-conversion-rendered sourceMode=nativeOle targetMode=wordOmml sessionId=a683b5ae-d41a-42a2-be22-586960138d32 status=committing
2026-09-06T20:32:27.1580640+08:00 pid=94656 tid=28 format-conversion-rendered sourceMode=nativeOle targetMode=wordOmml sessionId=e6f80f95-919f-4613-8ee6-21a53ff35f25 status=committing
2026-09-06T20:32:27.1590650+08:00 pid=94656 tid=31 format-conversion-rendered sourceMode=nativeOle targetMode=wordOmml sessionId=60d370a2-5ca2-4e82-87b9-9e51ab377917 status=committing
2026-09-06T20:32:27.1590650+08:00 pid=94656 tid=31 format-conversion-word-apply-start sourceMode=nativeOle targetMode=wordOmml targets=6
2026-09-06T20:32:27.1916725+08:00 pid=94656 tid=1 format-conversion-runtime assembly=C:\Users\pojian_liao\AppData\Local\VisualTeX\office\remediation-builds\CEC11D1427D70158CC31F6FFB0520B5206BC67A6023FA04783FCE4D3E7B912B6\VisualTeX.WordVsto.dll source=nativeOle target=wordOmml targetIsVisualTeX=False targetIsMathType=False
2026-09-06T20:32:27.2136716+08:00 pid=94656 tid=1 format-conversion-reference-aliases-captured sourceMode=nativeOle formulaId=ed455f5f-dd37-47fb-a749-d254cf6c98db aliases=VTEqNum_b73f44ea22c446eea52412013c0586ef
2026-09-06T20:32:27.4265299+08:00 pid=94656 tid=1 format-conversion-omml-batch-source-created formulas=6 elapsedMs=184
2026-09-06T20:32:32.4156489+08:00 pid=94656 tid=1 word-undo-begin name=VisualTeX Convert Formula Format recording=False level=0
2026-09-06T20:32:32.4166528+08:00 pid=94656 tid=1 word-undo-started name=VisualTeX Convert Formula Format recording=True level=1
2026-09-06T20:32:32.4166528+08:00 pid=94656 tid=1 format-conversion-undo-state stage=before-preferences document=文档11 recording=True level=1
2026-09-06T20:32:32.4166528+08:00 pid=94656 tid=1 format-conversion-transaction-start targets=6
2026-09-06T20:32:32.4166528+08:00 pid=94656 tid=1 format-conversion-undo-state stage=after-preferences document=文档11 recording=True level=1
2026-09-06T20:32:32.4186488+08:00 pid=94656 tid=1 format-conversion-undo-state stage=before-source-delete document=文档11 recording=True level=1
2026-09-06T20:32:32.4769474+08:00 pid=94656 tid=1 formula-to-latex-visualtex-paragraph-replaced formulaId=ff0fe033-46dd-4a02-8805-d39d33f531f8 range=938:1009
2026-09-06T20:32:32.4799475+08:00 pid=94656 tid=1 format-conversion-perf stage=delete-source-host formulaId=ff0fe033-46dd-4a02-8805-d39d33f531f8 numbered=True deltaMs=63 totalMs=63
2026-09-06T20:32:32.4809496+08:00 pid=94656 tid=1 format-conversion-undo-state stage=after-source-delete document=文档11 recording=True level=1
2026-09-06T20:32:32.4929544+08:00 pid=94656 tid=1 word-undo-begin name=VisualTeX Insert Word OMML Display Formula recording=True level=1
2026-09-06T20:32:32.5099547+08:00 pid=94656 tid=1 format-conversion-subperf [perf] InsertOmml.insert-native-omml: +16ms (16ms total)
2026-09-06T20:32:32.5379576+08:00 pid=94656 tid=1 format-conversion-subperf [perf] InsertOmml.post-reconcile-layout: +28ms (44ms total)
2026-09-06T20:32:32.5379576+08:00 pid=94656 tid=1 format-conversion-subperf [perf] InsertOmml.final-fingerprint: +0ms (44ms total)
2026-09-06T20:32:32.5389543+08:00 pid=94656 tid=1 format-conversion-subperf [perf] InsertOmml.final-anchor: +1ms (45ms total)
2026-09-06T20:32:32.5399558+08:00 pid=94656 tid=1 format-conversion-subperf [perf] InsertOmml.final-metadata: +2ms (47ms total)
2026-09-06T20:32:32.5409558+08:00 pid=94656 tid=1 format-conversion-perf stage=insert-target formulaId=ff0fe033-46dd-4a02-8805-d39d33f531f8 numbered=True deltaMs=60 totalMs=123
2026-09-06T20:32:32.5409558+08:00 pid=94656 tid=1 format-conversion-undo-state stage=after-target-insert document=文档11 recording=True level=1
2026-09-06T20:32:32.5759570+08:00 pid=94656 tid=1 format-conversion-target-stable formulaId=ff0fe033-46dd-4a02-8805-d39d33f531f8 targetMode=wordOmml count=1 elapsedMs=34
2026-09-06T20:32:32.5769546+08:00 pid=94656 tid=1 format-conversion-perf stage=verify-target formulaId=ff0fe033-46dd-4a02-8805-d39d33f531f8 numbered=True deltaMs=36 totalMs=159
2026-09-06T20:32:32.5779555+08:00 pid=94656 tid=1 format-conversion-undo-state stage=before-source-delete document=文档11 recording=True level=1
2026-09-06T20:32:32.8255701+08:00 pid=94656 tid=1 formula-to-latex-visualtex-paragraph-replaced formulaId=7dbdc8b5-f4ef-4f62-bd0c-c44617f86c1a range=761:938
2026-09-06T20:32:32.8405708+08:00 pid=94656 tid=1 format-conversion-perf stage=delete-source-host formulaId=7dbdc8b5-f4ef-4f62-bd0c-c44617f86c1a numbered=True deltaMs=263 totalMs=263
2026-09-06T20:32:32.8405708+08:00 pid=94656 tid=1 format-conversion-undo-state stage=after-source-delete document=文档11 recording=True level=1
2026-09-06T20:32:32.8415708+08:00 pid=94656 tid=1 word-undo-begin name=VisualTeX Insert Word OMML Display Formula recording=True level=1
2026-09-06T20:32:32.8585702+08:00 pid=94656 tid=1 format-conversion-subperf [perf] InsertOmml.insert-native-omml: +17ms (17ms total)
2026-09-06T20:32:32.9025696+08:00 pid=94656 tid=1 format-conversion-subperf [perf] InsertOmml.post-reconcile-layout: +44ms (61ms total)
2026-09-06T20:32:32.9035708+08:00 pid=94656 tid=1 format-conversion-subperf [perf] InsertOmml.final-fingerprint: +0ms (61ms total)
2026-09-06T20:32:32.9035708+08:00 pid=94656 tid=1 format-conversion-subperf [perf] InsertOmml.final-anchor: +0ms (61ms total)
2026-09-06T20:32:32.9045710+08:00 pid=94656 tid=1 format-conversion-subperf [perf] InsertOmml.final-metadata: +2ms (63ms total)
2026-09-06T20:32:32.9045710+08:00 pid=94656 tid=1 format-conversion-perf stage=insert-target formulaId=7dbdc8b5-f4ef-4f62-bd0c-c44617f86c1a numbered=True deltaMs=65 totalMs=328
2026-09-06T20:32:32.9045710+08:00 pid=94656 tid=1 format-conversion-undo-state stage=after-target-insert document=文档11 recording=True level=1
2026-09-06T20:32:32.9365712+08:00 pid=94656 tid=1 format-conversion-target-stable formulaId=7dbdc8b5-f4ef-4f62-bd0c-c44617f86c1a targetMode=wordOmml count=2 elapsedMs=31
2026-09-06T20:32:32.9375728+08:00 pid=94656 tid=1 format-conversion-perf stage=verify-target formulaId=7dbdc8b5-f4ef-4f62-bd0c-c44617f86c1a numbered=True deltaMs=32 totalMs=360
2026-09-06T20:32:32.9395698+08:00 pid=94656 tid=1 format-conversion-undo-state stage=before-source-delete document=文档11 recording=True level=1
2026-09-06T20:32:33.2202011+08:00 pid=94656 tid=1 formula-to-latex-visualtex-paragraph-replaced formulaId=cd20f350-0dc0-4797-9e49-2700e425cf7c range=594:721
2026-09-06T20:32:33.2352001+08:00 pid=94656 tid=1 format-conversion-perf stage=delete-source-host formulaId=cd20f350-0dc0-4797-9e49-2700e425cf7c numbered=True deltaMs=297 totalMs=297
2026-09-06T20:32:33.2362012+08:00 pid=94656 tid=1 format-conversion-undo-state stage=after-source-delete document=文档11 recording=True level=1
2026-09-06T20:32:33.2382024+08:00 pid=94656 tid=1 word-undo-begin name=VisualTeX Insert Word OMML Display Formula recording=True level=1
2026-09-06T20:32:33.2562000+08:00 pid=94656 tid=1 format-conversion-subperf [perf] InsertOmml.insert-native-omml: +17ms (17ms total)
2026-09-06T20:32:33.3042016+08:00 pid=94656 tid=1 format-conversion-subperf [perf] InsertOmml.post-reconcile-layout: +49ms (66ms total)
2026-09-06T20:32:33.3042016+08:00 pid=94656 tid=1 format-conversion-subperf [perf] InsertOmml.final-fingerprint: +0ms (66ms total)
2026-09-06T20:32:33.3052011+08:00 pid=94656 tid=1 format-conversion-subperf [perf] InsertOmml.final-anchor: +0ms (66ms total)
2026-09-06T20:32:33.3062010+08:00 pid=94656 tid=1 format-conversion-subperf [perf] InsertOmml.final-metadata: +2ms (68ms total)
2026-09-06T20:32:33.3062010+08:00 pid=94656 tid=1 format-conversion-perf stage=insert-target formulaId=cd20f350-0dc0-4797-9e49-2700e425cf7c numbered=True deltaMs=71 totalMs=368
2026-09-06T20:32:33.3062010+08:00 pid=94656 tid=1 format-conversion-undo-state stage=after-target-insert document=文档11 recording=True level=1
2026-09-06T20:32:33.3455029+08:00 pid=94656 tid=1 format-conversion-target-stable formulaId=cd20f350-0dc0-4797-9e49-2700e425cf7c targetMode=wordOmml count=3 elapsedMs=36
2026-09-06T20:32:33.3455029+08:00 pid=94656 tid=1 format-conversion-perf stage=verify-target formulaId=cd20f350-0dc0-4797-9e49-2700e425cf7c numbered=True deltaMs=39 totalMs=407
2026-09-06T20:32:33.3465047+08:00 pid=94656 tid=1 format-conversion-undo-state stage=before-source-delete document=文档11 recording=True level=1
2026-09-06T20:32:33.5626641+08:00 pid=94656 tid=1 formula-to-latex-visualtex-paragraph-replaced formulaId=ed455f5f-dd37-47fb-a749-d254cf6c98db range=250:260
2026-09-06T20:32:33.5726658+08:00 pid=94656 tid=1 format-conversion-perf stage=delete-source-host formulaId=ed455f5f-dd37-47fb-a749-d254cf6c98db numbered=True deltaMs=226 totalMs=226
2026-09-06T20:32:33.5726658+08:00 pid=94656 tid=1 format-conversion-undo-state stage=after-source-delete document=文档11 recording=True level=1
2026-09-06T20:32:33.5736653+08:00 pid=94656 tid=1 word-undo-begin name=VisualTeX Insert Word OMML Display Formula recording=True level=1
2026-09-06T20:32:33.6026660+08:00 pid=94656 tid=1 format-conversion-subperf [perf] InsertOmml.insert-native-omml: +28ms (28ms total)
2026-09-06T20:32:33.6376653+08:00 pid=94656 tid=1 format-conversion-subperf [perf] InsertOmml.post-reconcile-layout: +35ms (63ms total)
2026-09-06T20:32:33.6376653+08:00 pid=94656 tid=1 format-conversion-subperf [perf] InsertOmml.final-fingerprint: +0ms (63ms total)
2026-09-06T20:32:33.6376653+08:00 pid=94656 tid=1 format-conversion-subperf [perf] InsertOmml.final-anchor: +1ms (64ms total)
2026-09-06T20:32:33.6396650+08:00 pid=94656 tid=1 format-conversion-subperf [perf] InsertOmml.final-metadata: +1ms (65ms total)
2026-09-06T20:32:33.6396650+08:00 pid=94656 tid=1 format-conversion-perf stage=insert-target formulaId=ed455f5f-dd37-47fb-a749-d254cf6c98db numbered=True deltaMs=68 totalMs=294
2026-09-06T20:32:33.6406649+08:00 pid=94656 tid=1 format-conversion-undo-state stage=after-target-insert document=文档11 recording=True level=1
2026-09-06T20:32:33.6726661+08:00 pid=94656 tid=1 format-conversion-target-stable formulaId=ed455f5f-dd37-47fb-a749-d254cf6c98db targetMode=wordOmml count=4 elapsedMs=29
2026-09-06T20:32:33.6726661+08:00 pid=94656 tid=1 format-conversion-perf stage=verify-target formulaId=ed455f5f-dd37-47fb-a749-d254cf6c98db numbered=True deltaMs=33 totalMs=327
2026-09-06T20:32:33.6736653+08:00 pid=94656 tid=1 format-conversion-undo-state stage=before-source-delete document=文档11 recording=True level=1
2026-09-06T20:32:33.8941401+08:00 pid=94656 tid=1 formula-to-latex-visualtex-paragraph-replaced formulaId=9ebdf227-c859-4154-8867-182cff7570b4 range=91:289
2026-09-06T20:32:33.9121390+08:00 pid=94656 tid=1 format-conversion-perf stage=delete-source-host formulaId=9ebdf227-c859-4154-8867-182cff7570b4 numbered=True deltaMs=238 totalMs=238
2026-09-06T20:32:33.9121390+08:00 pid=94656 tid=1 format-conversion-undo-state stage=after-source-delete document=文档11 recording=True level=1
2026-09-06T20:32:33.9131414+08:00 pid=94656 tid=1 word-undo-begin name=VisualTeX Insert Word OMML Display Formula recording=True level=1
2026-09-06T20:32:33.9471391+08:00 pid=94656 tid=1 format-conversion-subperf [perf] InsertOmml.insert-native-omml: +34ms (34ms total)
2026-09-06T20:32:33.9958550+08:00 pid=94656 tid=1 format-conversion-subperf [perf] InsertOmml.post-reconcile-layout: +48ms (82ms total)
2026-09-06T20:32:33.9958550+08:00 pid=94656 tid=1 format-conversion-subperf [perf] InsertOmml.final-fingerprint: +0ms (82ms total)
2026-09-06T20:32:33.9958550+08:00 pid=94656 tid=1 format-conversion-subperf [perf] InsertOmml.final-anchor: +1ms (83ms total)
2026-09-06T20:32:33.9978544+08:00 pid=94656 tid=1 format-conversion-subperf [perf] InsertOmml.final-metadata: +1ms (84ms total)
2026-09-06T20:32:33.9978544+08:00 pid=94656 tid=1 format-conversion-perf stage=insert-target formulaId=9ebdf227-c859-4154-8867-182cff7570b4 numbered=True deltaMs=86 totalMs=324
2026-09-06T20:32:33.9978544+08:00 pid=94656 tid=1 format-conversion-undo-state stage=after-target-insert document=文档11 recording=True level=1
2026-09-06T20:32:34.0299434+08:00 pid=94656 tid=1 format-conversion-target-stable formulaId=9ebdf227-c859-4154-8867-182cff7570b4 targetMode=wordOmml count=5 elapsedMs=30
2026-09-06T20:32:34.0304535+08:00 pid=94656 tid=1 format-conversion-perf stage=verify-target formulaId=9ebdf227-c859-4154-8867-182cff7570b4 numbered=True deltaMs=33 totalMs=357
2026-09-06T20:32:34.0314611+08:00 pid=94656 tid=1 format-conversion-undo-state stage=before-source-delete document=文档11 recording=True level=1
2026-09-06T20:32:34.0710357+08:00 pid=94656 tid=1 format-conversion-perf stage=delete-source-host formulaId=674f0375-29de-4066-9120-7ca4fd3e0940 numbered=False deltaMs=40 totalMs=40
2026-09-06T20:32:34.0710357+08:00 pid=94656 tid=1 format-conversion-undo-state stage=after-source-delete document=文档11 recording=True level=1
2026-09-06T20:32:34.0720360+08:00 pid=94656 tid=1 word-undo-begin name=VisualTeX Insert Word OMML Inline Formula recording=True level=1
2026-09-06T20:32:34.1325120+08:00 pid=94656 tid=1 format-conversion-subperf [perf] InsertOmml.insert-native-omml: +60ms (60ms total)
2026-09-06T20:32:34.3839041+08:00 pid=94656 tid=1 format-conversion-subperf [perf] InsertOmml.post-reconcile-layout: +251ms (311ms total)
2026-09-06T20:32:34.3839041+08:00 pid=94656 tid=1 format-conversion-subperf [perf] InsertOmml.final-fingerprint: +0ms (311ms total)
2026-09-06T20:32:34.3839041+08:00 pid=94656 tid=1 format-conversion-subperf [perf] InsertOmml.final-anchor: +0ms (311ms total)
2026-09-06T20:32:34.3849037+08:00 pid=94656 tid=1 format-conversion-subperf [perf] InsertOmml.final-metadata: +1ms (312ms total)
2026-09-06T20:32:34.3859037+08:00 pid=94656 tid=1 format-conversion-perf stage=insert-target formulaId=674f0375-29de-4066-9120-7ca4fd3e0940 numbered=False deltaMs=314 totalMs=354
2026-09-06T20:32:34.3859037+08:00 pid=94656 tid=1 format-conversion-undo-state stage=after-target-insert document=文档11 recording=False level=0
2026-09-06T20:32:34.4219025+08:00 pid=94656 tid=1 format-conversion-target-stable formulaId=674f0375-29de-4066-9120-7ca4fd3e0940 targetMode=wordOmml count=6 elapsedMs=35
2026-09-06T20:32:34.4229042+08:00 pid=94656 tid=1 format-conversion-perf stage=verify-target formulaId=674f0375-29de-4066-9120-7ca4fd3e0940 numbered=False deltaMs=37 totalMs=391
2026-09-06T20:32:34.4239033+08:00 pid=94656 tid=1 format-conversion-finalize-perf stage=source-residual-check sourceMode=nativeOle targetMode=wordOmml deltaMs=0 totalMs=0
2026-09-06T20:32:34.4239033+08:00 pid=94656 tid=1 format-conversion-finalize-perf stage=target-count-check sourceMode=nativeOle targetMode=wordOmml deltaMs=1 totalMs=1
2026-09-06T20:32:34.4239033+08:00 pid=94656 tid=1 format-conversion-undo-state stage=before-source-window-close-commit document=文档11 recording=False level=0
2026-09-06T20:32:34.4239033+08:00 pid=94656 tid=1 format-conversion-undo-state stage=after-source-window-close-commit document=文档11 recording=False level=0
2026-09-06T20:32:34.6633100+08:00 pid=94656 tid=1 word-undo-begin name=VisualTeX Finalize Formula Conversion recording=False level=0
2026-09-06T20:32:34.6643070+08:00 pid=94656 tid=1 word-undo-started name=VisualTeX Finalize Formula Conversion recording=True level=1
2026-09-06T20:32:34.7405473+08:00 pid=94656 tid=1 word-xml-incomplete-export document=文档11 attempt=1 maths=0/6 oles=0/0
2026-09-06T20:32:34.7955467+08:00 pid=94656 tid=1 format-conversion-omml-identities-before-numbering count=6
2026-09-06T20:32:34.7955467+08:00 pid=94656 tid=1 format-conversion-number-format-restored format=heading2-dash
2026-09-06T20:32:42.7402264+08:00 pid=94656 tid=1 format-conversion-numbering-direct-table-complete targetMode=wordOmml built=5 removedBlankParagraphs=6
2026-09-06T20:32:42.7412247+08:00 pid=94656 tid=1 format-conversion-adjacent-ole-identities-rebound count=0
2026-09-06T20:32:42.7562244+08:00 pid=94656 tid=1 format-conversion-numbering-table-rows-grouped boundaries=1 formulas=5
2026-09-06T20:32:42.8197788+08:00 pid=94656 tid=1 format-conversion-reference-aliases-restored sourceMode=nativeOle targetMode=wordOmml aliases=1 refreshedReferences=1 restoredFormatting=1
2026-09-06T20:32:42.8277777+08:00 pid=94656 tid=1 format-conversion-finalize-perf stage=numbering-reconcile sourceMode=nativeOle targetMode=wordOmml deltaMs=8404 totalMs=8405
2026-09-06T20:32:42.8895293+08:00 pid=94656 tid=1 format-conversion-omml-fingerprints-finalized count=6
2026-09-06T20:32:42.8895293+08:00 pid=94656 tid=1 format-conversion-finalize-perf stage=omml-fingerprint-refresh sourceMode=nativeOle targetMode=wordOmml deltaMs=61 totalMs=8466
2026-09-06T20:32:42.8905302+08:00 pid=94656 tid=1 format-conversion-transaction-completed targets=6
2026-09-06T20:32:42.8905302+08:00 pid=94656 tid=37 format-conversion-word-apply-finished sourceMode=nativeOle targetMode=wordOmml converted=6 failed=0
2026-09-06T20:32:42.8915280+08:00 pid=94656 tid=37 format-conversion-session-cleanup-start sessions=6
2026-09-06T20:32:42.8915280+08:00 pid=94656 tid=37 format-conversion-complete source=VisualTeX target=OMML converted=6 failed=0
2026-09-06T20:32:42.8945288+08:00 pid=94656 tid=38 format-conversion-session-cleanup-complete sessions=6
2026-09-06T20:32:57.8716659+08:00 pid=94656 tid=1 format-conversion-start sourceMode=wordOmml targetMode=nativeOle wholeDocument=True
2026-09-06T20:33:00.0141783+08:00 pid=94656 tid=1 format-conversion-plan sourceMode=wordOmml targetMode=nativeOle targets=6
2026-09-06T20:33:03.1022572+08:00 pid=94656 tid=1 bulk-import converter-create display=inline mode=nativeOle latex=\sqrt{E-u(x)}=\frac{1}{f(\omega )v_{ph}(\omega ,x)}
2026-09-06T20:33:03.1062569+08:00 pid=94656 tid=29 bulk-import converter-created sessionId=1e202862-6536-4e78-a6e5-a6ef3cad0098
2026-09-06T20:33:03.1073214+08:00 pid=94656 tid=29 bulk-import converter-create display=block mode=nativeOle latex=\left\{ \begin{matrix}\frac{\mathrm{d}}{\mathrm{d}\omega }(\omega f(\omega ))=0 \\ \frac{\omega f(\omega )}{2}\frac{\mathrm{d}E(\omega )}{\mathrm{d}\omega }=\sqrt{\frac{m}{2}}\end{matrix}\right.
2026-09-06T20:33:03.1108389+08:00 pid=94656 tid=16 bulk-import converter-created sessionId=f8b76f51-1d7f-4cd1-98eb-b308ec3a8096
2026-09-06T20:33:03.1118394+08:00 pid=94656 tid=16 bulk-import converter-create display=block mode=nativeOle latex=E=mc^{2}
2026-09-06T20:33:03.1148380+08:00 pid=94656 tid=29 bulk-import converter-created sessionId=3c209f16-cc62-49e4-8375-8a55a9668914
2026-09-06T20:33:03.1158378+08:00 pid=94656 tid=29 bulk-import converter-create display=block mode=nativeOle latex=i\hbar \frac{\partial }{\partial t}\psi (\mathbf{r},t)=[-\frac{\hbar^{2}}{2m}\nabla^{2}+V(\mathbf{r},t)]\psi (\mathbf{r},t)
2026-09-06T20:33:03.1208378+08:00 pid=94656 tid=16 bulk-import converter-created sessionId=46b0b39e-a933-4940-acae-bc294f405ba1
2026-09-06T20:33:03.1218383+08:00 pid=94656 tid=16 bulk-import converter-create display=block mode=nativeOle latex=\frac{\partial }{\partial t}\psi^{\ast}(\vec{r})\psi (\vec{r})=\frac{i\hbar }{2m}\nabla \cdot [\psi^{\ast}(\vec{r})\nabla \psi (\vec{r})-\psi (\vec{r})\nabla \psi^{\ast}(r)]
2026-09-06T20:33:03.1258379+08:00 pid=94656 tid=29 bulk-import converter-created sessionId=d8293850-188e-495b-9966-a6312417b35a
2026-09-06T20:33:03.1258379+08:00 pid=94656 tid=29 bulk-import converter-create display=block mode=nativeOle latex=\frac{\partial }{\partial t}\rho (\vec{r},t)+\nabla \cdot \vec{j}=0
2026-09-06T20:33:03.1298382+08:00 pid=94656 tid=16 bulk-import converter-created sessionId=6f8865bc-5bbf-45a5-a4c7-30ae442b639d
2026-09-06T20:33:03.1298382+08:00 pid=94656 tid=16 format-conversion-render-start sourceMode=wordOmml targetMode=nativeOle sessions=6
2026-09-06T20:33:03.2600855+08:00 pid=94656 tid=29 format-conversion-rendered sourceMode=wordOmml targetMode=nativeOle sessionId=1e202862-6536-4e78-a6e5-a6ef3cad0098 status=committing
2026-09-06T20:33:03.3676450+08:00 pid=94656 tid=16 format-conversion-rendered sourceMode=wordOmml targetMode=nativeOle sessionId=f8b76f51-1d7f-4cd1-98eb-b308ec3a8096 status=committing
2026-09-06T20:33:03.4606650+08:00 pid=94656 tid=29 format-conversion-rendered sourceMode=wordOmml targetMode=nativeOle sessionId=3c209f16-cc62-49e4-8375-8a55a9668914 status=committing
2026-09-06T20:33:03.5631855+08:00 pid=94656 tid=16 format-conversion-rendered sourceMode=wordOmml targetMode=nativeOle sessionId=46b0b39e-a933-4940-acae-bc294f405ba1 status=committing
2026-09-06T20:33:03.6697216+08:00 pid=94656 tid=29 format-conversion-rendered sourceMode=wordOmml targetMode=nativeOle sessionId=d8293850-188e-495b-9966-a6312417b35a status=committing
2026-09-06T20:33:03.7683051+08:00 pid=94656 tid=16 format-conversion-rendered sourceMode=wordOmml targetMode=nativeOle sessionId=6f8865bc-5bbf-45a5-a4c7-30ae442b639d status=committing
2026-09-06T20:33:03.7683051+08:00 pid=94656 tid=16 format-conversion-word-apply-start sourceMode=wordOmml targetMode=nativeOle targets=6
2026-09-06T20:33:04.9286347+08:00 pid=94656 tid=1 format-conversion-runtime assembly=C:\Users\pojian_liao\AppData\Local\VisualTeX\office\remediation-builds\CEC11D1427D70158CC31F6FFB0520B5206BC67A6023FA04783FCE4D3E7B912B6\VisualTeX.WordVsto.dll source=wordOmml target=nativeOle targetIsVisualTeX=True targetIsMathType=False
2026-09-06T20:33:04.9646345+08:00 pid=94656 tid=1 format-conversion-reference-aliases-captured sourceMode=wordOmml formulaId=32185fa8-a88a-4936-914f-bd41e618048a aliases=VTEqNum_b73f44ea22c446eea52412013c0586ef
2026-09-06T20:33:13.2170383+08:00 pid=94656 tid=1 word-undo-begin name=VisualTeX Convert Formula Format recording=False level=0
2026-09-06T20:33:13.2170383+08:00 pid=94656 tid=1 word-undo-started name=VisualTeX Convert Formula Format recording=True level=1
2026-09-06T20:33:13.2170383+08:00 pid=94656 tid=1 format-conversion-undo-state stage=before-preferences document=文档11 recording=True level=1
2026-09-06T20:33:13.2180377+08:00 pid=94656 tid=1 format-conversion-transaction-start targets=6
2026-09-06T20:33:13.2180377+08:00 pid=94656 tid=1 format-conversion-undo-state stage=after-preferences document=文档11 recording=True level=1
2026-09-06T20:33:13.2190376+08:00 pid=94656 tid=1 format-conversion-undo-state stage=before-source-delete document=文档11 recording=True level=1
2026-09-06T20:33:13.7498140+08:00 pid=94656 tid=1 format-conversion-direct-numbered-omml-delete formulaId=40ae7ae7-9f41-4ddb-8520-5b85093f75f8 start=794
2026-09-06T20:33:13.7498140+08:00 pid=94656 tid=1 format-conversion-perf stage=delete-source-host formulaId=40ae7ae7-9f41-4ddb-8520-5b85093f75f8 numbered=True deltaMs=531 totalMs=531
2026-09-06T20:33:13.7508148+08:00 pid=94656 tid=1 format-conversion-undo-state stage=after-source-delete document=文档11 recording=False level=0
2026-09-06T20:33:13.7508148+08:00 pid=94656 tid=1 word-undo-begin name=VisualTeX Insert Native OLE Display Formula recording=False level=0
2026-09-06T20:33:13.7508148+08:00 pid=94656 tid=1 word-undo-started name=VisualTeX Insert Native OLE Display Formula recording=True level=1
2026-09-06T20:33:14.0321076+08:00 pid=94656 tid=1 word-undo-end recording=True level=1
2026-09-06T20:33:14.0321076+08:00 pid=94656 tid=1 format-conversion-perf stage=insert-target formulaId=40ae7ae7-9f41-4ddb-8520-5b85093f75f8 numbered=True deltaMs=282 totalMs=813
2026-09-06T20:33:14.0321076+08:00 pid=94656 tid=1 format-conversion-undo-state stage=after-target-insert document=文档11 recording=False level=0
2026-09-06T20:33:14.0331073+08:00 pid=94656 tid=1 format-conversion-bookmarked-visualtex-target-stable sourceFormulaId=40ae7ae7-9f41-4ddb-8520-5b85093f75f8 formulaId=52d7acd6-eb8d-4ef9-aa49-46d6f02ff5de localAnchorRepair=False elapsedMs=0
2026-09-06T20:33:14.0341080+08:00 pid=94656 tid=1 format-conversion-direct-managed-omml-metadata-deleted formulaId=40ae7ae7-9f41-4ddb-8520-5b85093f75f8 numbered=True
2026-09-06T20:33:14.0341080+08:00 pid=94656 tid=1 format-conversion-perf stage=verify-target formulaId=40ae7ae7-9f41-4ddb-8520-5b85093f75f8 numbered=True deltaMs=2 totalMs=815
2026-09-06T20:33:14.0341080+08:00 pid=94656 tid=1 format-conversion-undo-state stage=before-source-delete document=文档11 recording=False level=0
2026-09-06T20:33:14.5713705+08:00 pid=94656 tid=1 format-conversion-direct-numbered-omml-delete formulaId=7e26bfff-8077-4924-9cfc-3a413ff38e62 start=623
2026-09-06T20:33:14.5723706+08:00 pid=94656 tid=1 format-conversion-perf stage=delete-source-host formulaId=7e26bfff-8077-4924-9cfc-3a413ff38e62 numbered=True deltaMs=537 totalMs=537
2026-09-06T20:33:14.5723706+08:00 pid=94656 tid=1 format-conversion-undo-state stage=after-source-delete document=文档11 recording=False level=0
2026-09-06T20:33:14.5743704+08:00 pid=94656 tid=1 word-undo-begin name=VisualTeX Insert Native OLE Display Formula recording=False level=0
2026-09-06T20:33:14.5743704+08:00 pid=94656 tid=1 word-undo-started name=VisualTeX Insert Native OLE Display Formula recording=True level=1
2026-09-06T20:33:14.7571748+08:00 pid=94656 tid=1 word-undo-end recording=True level=1
2026-09-06T20:33:14.7581746+08:00 pid=94656 tid=1 format-conversion-perf stage=insert-target formulaId=7e26bfff-8077-4924-9cfc-3a413ff38e62 numbered=True deltaMs=186 totalMs=723
2026-09-06T20:33:14.7581746+08:00 pid=94656 tid=1 format-conversion-undo-state stage=after-target-insert document=文档11 recording=False level=0
2026-09-06T20:33:14.7591747+08:00 pid=94656 tid=1 format-conversion-bookmarked-visualtex-target-stable sourceFormulaId=7e26bfff-8077-4924-9cfc-3a413ff38e62 formulaId=04ab3052-0f64-47f8-b1ca-e2ff59f2cec6 localAnchorRepair=False elapsedMs=0
2026-09-06T20:33:14.7591747+08:00 pid=94656 tid=1 format-conversion-direct-managed-omml-metadata-deleted formulaId=7e26bfff-8077-4924-9cfc-3a413ff38e62 numbered=True
2026-09-06T20:33:14.7601744+08:00 pid=94656 tid=1 format-conversion-perf stage=verify-target formulaId=7e26bfff-8077-4924-9cfc-3a413ff38e62 numbered=True deltaMs=2 totalMs=725
2026-09-06T20:33:14.7601744+08:00 pid=94656 tid=1 format-conversion-undo-state stage=before-source-delete document=文档11 recording=False level=0
2026-09-06T20:33:15.0126920+08:00 pid=94656 tid=1 format-conversion-direct-numbered-omml-delete formulaId=6aaadcaa-8784-46ea-abb9-9a059af107ea start=486
2026-09-06T20:33:15.0126920+08:00 pid=94656 tid=1 format-conversion-perf stage=delete-source-host formulaId=6aaadcaa-8784-46ea-abb9-9a059af107ea numbered=True deltaMs=253 totalMs=253
2026-09-06T20:33:15.0136923+08:00 pid=94656 tid=1 format-conversion-undo-state stage=after-source-delete document=文档11 recording=False level=0
2026-09-06T20:33:15.0136923+08:00 pid=94656 tid=1 word-undo-begin name=VisualTeX Insert Native OLE Display Formula recording=False level=0
2026-09-06T20:33:15.0136923+08:00 pid=94656 tid=1 word-undo-started name=VisualTeX Insert Native OLE Display Formula recording=True level=1
2026-09-06T20:33:15.1392099+08:00 pid=94656 tid=1 word-undo-end recording=True level=1
2026-09-06T20:33:15.1402113+08:00 pid=94656 tid=1 format-conversion-perf stage=insert-target formulaId=6aaadcaa-8784-46ea-abb9-9a059af107ea numbered=True deltaMs=127 totalMs=380
2026-09-06T20:33:15.1402113+08:00 pid=94656 tid=1 format-conversion-undo-state stage=after-target-insert document=文档11 recording=False level=0
2026-09-06T20:33:15.1412106+08:00 pid=94656 tid=1 format-conversion-bookmarked-visualtex-target-stable sourceFormulaId=6aaadcaa-8784-46ea-abb9-9a059af107ea formulaId=a762e644-0d9e-43dd-8ffa-eab68d5e06af localAnchorRepair=False elapsedMs=1
2026-09-06T20:33:15.1422106+08:00 pid=94656 tid=1 format-conversion-direct-managed-omml-metadata-deleted formulaId=6aaadcaa-8784-46ea-abb9-9a059af107ea numbered=True
2026-09-06T20:33:15.1422106+08:00 pid=94656 tid=1 format-conversion-perf stage=verify-target formulaId=6aaadcaa-8784-46ea-abb9-9a059af107ea numbered=True deltaMs=2 totalMs=382
2026-09-06T20:33:15.1422106+08:00 pid=94656 tid=1 format-conversion-undo-state stage=before-source-delete document=文档11 recording=False level=0
2026-09-06T20:33:15.4863220+08:00 pid=94656 tid=1 format-conversion-direct-numbered-omml-delete formulaId=32185fa8-a88a-4936-914f-bd41e618048a start=222
2026-09-06T20:33:15.4873224+08:00 pid=94656 tid=1 format-conversion-perf stage=delete-source-host formulaId=32185fa8-a88a-4936-914f-bd41e618048a numbered=True deltaMs=344 totalMs=344
2026-09-06T20:33:15.4873224+08:00 pid=94656 tid=1 format-conversion-undo-state stage=after-source-delete document=文档11 recording=False level=0
2026-09-06T20:33:15.4873224+08:00 pid=94656 tid=1 word-undo-begin name=VisualTeX Insert Native OLE Display Formula recording=False level=0
2026-09-06T20:33:15.4883231+08:00 pid=94656 tid=1 word-undo-started name=VisualTeX Insert Native OLE Display Formula recording=True level=1
2026-09-06T20:33:15.6143222+08:00 pid=94656 tid=1 word-undo-end recording=True level=1
2026-09-06T20:33:15.6143222+08:00 pid=94656 tid=1 format-conversion-perf stage=insert-target formulaId=32185fa8-a88a-4936-914f-bd41e618048a numbered=True deltaMs=128 totalMs=472
2026-09-06T20:33:15.6143222+08:00 pid=94656 tid=1 format-conversion-undo-state stage=after-target-insert document=文档11 recording=False level=0
2026-09-06T20:33:15.6153223+08:00 pid=94656 tid=1 format-conversion-bookmarked-visualtex-target-stable sourceFormulaId=32185fa8-a88a-4936-914f-bd41e618048a formulaId=ef3f2db2-f373-41e6-a5c5-db0dcfde35a1 localAnchorRepair=False elapsedMs=0
2026-09-06T20:33:15.6153223+08:00 pid=94656 tid=1 format-conversion-direct-managed-omml-metadata-deleted formulaId=32185fa8-a88a-4936-914f-bd41e618048a numbered=True
2026-09-06T20:33:15.6163221+08:00 pid=94656 tid=1 format-conversion-perf stage=verify-target formulaId=32185fa8-a88a-4936-914f-bd41e618048a numbered=True deltaMs=1 totalMs=473
2026-09-06T20:33:15.6163221+08:00 pid=94656 tid=1 format-conversion-undo-state stage=before-source-delete document=文档11 recording=False level=0
2026-09-06T20:33:15.8078936+08:00 pid=94656 tid=1 format-conversion-direct-numbered-omml-delete formulaId=be439b26-3f52-463b-82e2-18ed082f6687 start=94
2026-09-06T20:33:15.8078936+08:00 pid=94656 tid=1 format-conversion-perf stage=delete-source-host formulaId=be439b26-3f52-463b-82e2-18ed082f6687 numbered=True deltaMs=191 totalMs=191
2026-09-06T20:33:15.8078936+08:00 pid=94656 tid=1 format-conversion-undo-state stage=after-source-delete document=文档11 recording=False level=0
2026-09-06T20:33:15.8088943+08:00 pid=94656 tid=1 word-undo-begin name=VisualTeX Insert Native OLE Display Formula recording=False level=0
2026-09-06T20:33:15.8088943+08:00 pid=94656 tid=1 word-undo-started name=VisualTeX Insert Native OLE Display Formula recording=True level=1
2026-09-06T20:33:15.8843742+08:00 pid=94656 tid=1 word-undo-end recording=True level=1
2026-09-06T20:33:15.8843742+08:00 pid=94656 tid=1 format-conversion-perf stage=insert-target formulaId=be439b26-3f52-463b-82e2-18ed082f6687 numbered=True deltaMs=77 totalMs=268
2026-09-06T20:33:15.8843742+08:00 pid=94656 tid=1 format-conversion-undo-state stage=after-target-insert document=文档11 recording=False level=0
2026-09-06T20:33:15.8853758+08:00 pid=94656 tid=1 format-conversion-bookmarked-visualtex-target-stable sourceFormulaId=be439b26-3f52-463b-82e2-18ed082f6687 formulaId=db308ffd-5f51-4f35-b140-429488146a90 localAnchorRepair=False elapsedMs=0
2026-09-06T20:33:15.8853758+08:00 pid=94656 tid=1 format-conversion-direct-managed-omml-metadata-deleted formulaId=be439b26-3f52-463b-82e2-18ed082f6687 numbered=True
2026-09-06T20:33:15.8863765+08:00 pid=94656 tid=1 format-conversion-perf stage=verify-target formulaId=be439b26-3f52-463b-82e2-18ed082f6687 numbered=True deltaMs=1 totalMs=269
2026-09-06T20:33:15.8863765+08:00 pid=94656 tid=1 format-conversion-undo-state stage=before-source-delete document=文档11 recording=False level=0
2026-09-06T20:33:15.9173764+08:00 pid=94656 tid=1 format-conversion-perf stage=delete-source-host formulaId=b0165288-2f53-4c97-a611-156bda370dae numbered=False deltaMs=31 totalMs=31
2026-09-06T20:33:15.9173764+08:00 pid=94656 tid=1 format-conversion-undo-state stage=after-source-delete document=文档11 recording=False level=0
2026-09-06T20:33:15.9183760+08:00 pid=94656 tid=1 word-undo-begin name=VisualTeX Insert Native OLE Inline Formula recording=False level=0
2026-09-06T20:33:15.9183760+08:00 pid=94656 tid=1 word-undo-started name=VisualTeX Insert Native OLE Inline Formula recording=True level=1
2026-09-06T20:33:15.9803755+08:00 pid=94656 tid=1 word-undo-end recording=True level=1
2026-09-06T20:33:15.9803755+08:00 pid=94656 tid=1 format-conversion-perf stage=insert-target formulaId=b0165288-2f53-4c97-a611-156bda370dae numbered=False deltaMs=63 totalMs=94
2026-09-06T20:33:15.9803755+08:00 pid=94656 tid=1 format-conversion-undo-state stage=after-target-insert document=文档11 recording=False level=0
2026-09-06T20:33:15.9813759+08:00 pid=94656 tid=1 format-conversion-bookmarked-visualtex-target-stable sourceFormulaId=b0165288-2f53-4c97-a611-156bda370dae formulaId=1375f406-efb7-4fef-984d-86310de2d23b localAnchorRepair=False elapsedMs=0
2026-09-06T20:33:15.9823750+08:00 pid=94656 tid=1 format-conversion-perf stage=verify-target formulaId=b0165288-2f53-4c97-a611-156bda370dae numbered=False deltaMs=1 totalMs=95
2026-09-06T20:33:15.9823750+08:00 pid=94656 tid=1 format-conversion-finalize-perf stage=source-residual-check sourceMode=wordOmml targetMode=nativeOle deltaMs=0 totalMs=0
2026-09-06T20:33:15.9833750+08:00 pid=94656 tid=1 format-conversion-finalize-perf stage=target-count-check sourceMode=wordOmml targetMode=nativeOle deltaMs=1 totalMs=1
2026-09-06T20:33:15.9843752+08:00 pid=94656 tid=1 format-conversion-visualtex-numbering-inventory formulaId=1375f406-efb7-4fef-984d-86310de2d23b range=54:88 paragraph=42:89 numbered=False
2026-09-06T20:33:15.9853749+08:00 pid=94656 tid=1 format-conversion-visualtex-numbering-inventory formulaId=db308ffd-5f51-4f35-b140-429488146a90 range=90:124 paragraph=90:125 numbered=True
2026-09-06T20:33:15.9853749+08:00 pid=94656 tid=1 format-conversion-visualtex-numbering-inventory formulaId=ef3f2db2-f373-41e6-a5c5-db0dcfde35a1 range=126:160 paragraph=126:161 numbered=True
2026-09-06T20:33:15.9863769+08:00 pid=94656 tid=1 format-conversion-visualtex-numbering-inventory formulaId=a762e644-0d9e-43dd-8ffa-eab68d5e06af range=347:381 paragraph=347:382 numbered=True
2026-09-06T20:33:15.9873776+08:00 pid=94656 tid=1 format-conversion-visualtex-numbering-inventory formulaId=04ab3052-0f64-47f8-b1ca-e2ff59f2cec6 range=391:425 paragraph=391:426 numbered=True
2026-09-06T20:33:15.9883777+08:00 pid=94656 tid=1 format-conversion-visualtex-numbering-inventory formulaId=52d7acd6-eb8d-4ef9-aa49-46d6f02ff5de range=445:479 paragraph=445:480 numbered=True
2026-09-06T20:33:15.9893775+08:00 pid=94656 tid=1 format-conversion-visualtex-numbering-before-scaffold formulaId=52d7acd6-eb8d-4ef9-aa49-46d6f02ff5de frozenRange=visualtex-word-vsto-range:445:479 liveRange=445:479 paragraph=445:480
2026-09-06T20:33:16.0902946+08:00 pid=94656 tid=1 format-conversion-visualtex-numbering-before-scaffold formulaId=04ab3052-0f64-47f8-b1ca-e2ff59f2cec6 frozenRange=visualtex-word-vsto-range:391:425 liveRange=391:425 paragraph=391:426
2026-09-06T20:33:16.1876626+08:00 pid=94656 tid=1 format-conversion-visualtex-numbering-before-scaffold formulaId=a762e644-0d9e-43dd-8ffa-eab68d5e06af frozenRange=visualtex-word-vsto-range:347:381 liveRange=347:381 paragraph=347:382
2026-09-06T20:33:16.2859679+08:00 pid=94656 tid=1 format-conversion-visualtex-numbering-before-scaffold formulaId=ef3f2db2-f373-41e6-a5c5-db0dcfde35a1 frozenRange=visualtex-word-vsto-range:126:160 liveRange=126:160 paragraph=126:161
2026-09-06T20:33:16.3918463+08:00 pid=94656 tid=1 format-conversion-visualtex-numbering-before-scaffold formulaId=db308ffd-5f51-4f35-b140-429488146a90 frozenRange=visualtex-word-vsto-range:90:124 liveRange=90:124 paragraph=90:125
2026-09-06T20:33:16.5109380+08:00 pid=94656 tid=1 format-conversion-visualtex-numbering-before-scaffold formulaId=1375f406-efb7-4fef-984d-86310de2d23b frozenRange=visualtex-word-vsto-range:54:88 liveRange=54:88 paragraph=42:89
2026-09-06T20:33:17.0400175+08:00 pid=94656 tid=1 format-conversion-numbering-visualtex-batch built=5 finalized=5
2026-09-06T20:33:17.0676128+08:00 pid=94656 tid=1 format-conversion-reference-aliases-restored sourceMode=wordOmml targetMode=nativeOle aliases=1 refreshedReferences=1 restoredFormatting=1
2026-09-06T20:33:17.0801864+08:00 pid=94656 tid=1 format-conversion-finalize-perf stage=numbering-reconcile sourceMode=wordOmml targetMode=nativeOle deltaMs=1096 totalMs=1097
2026-09-06T20:33:17.0831891+08:00 pid=94656 tid=1 format-conversion-finalize-perf stage=omml-fingerprint-refresh sourceMode=wordOmml targetMode=nativeOle deltaMs=4 totalMs=1101
2026-09-06T20:33:17.0861861+08:00 pid=94656 tid=1 format-conversion-transaction-completed targets=6
2026-09-06T20:33:17.0871869+08:00 pid=94656 tid=39 format-conversion-word-apply-finished sourceMode=wordOmml targetMode=nativeOle converted=6 failed=0
2026-09-06T20:33:17.0871869+08:00 pid=94656 tid=39 format-conversion-session-cleanup-start sessions=6
2026-09-06T20:33:17.0881883+08:00 pid=94656 tid=39 format-conversion-complete source=OMML target=VisualTeX converted=6 failed=0
2026-09-06T20:33:17.0901879+08:00 pid=94656 tid=29 format-conversion-session-cleanup-complete sessions=6
2026-09-06T20:33:27.3235666+08:00 pid=94656 tid=1 format-conversion-start sourceMode=nativeOle targetMode=mathTypeOle wholeDocument=True
2026-09-06T20:33:27.3245665+08:00 pid=94656 tid=1 format-conversion-plan-perf stage=shape-access source=nativeOle index=1/6 deltaMs=0 totalMs=0
2026-09-06T20:33:27.3255668+08:00 pid=94656 tid=1 format-conversion-plan-perf stage=shape-range source=nativeOle index=1/6 deltaMs=0 totalMs=0
2026-09-06T20:33:27.3415663+08:00 pid=94656 tid=1 format-conversion-plan-perf stage=target-added source=nativeOle index=1/6 deltaMs=16 totalMs=16
2026-09-06T20:33:27.3415663+08:00 pid=94656 tid=1 format-conversion-plan-perf stage=shape-access source=nativeOle index=2/6 deltaMs=0 totalMs=0
2026-09-06T20:33:27.3425674+08:00 pid=94656 tid=1 format-conversion-plan-perf stage=shape-range source=nativeOle index=2/6 deltaMs=0 totalMs=0
2026-09-06T20:33:27.3735667+08:00 pid=94656 tid=1 format-conversion-plan-perf stage=target-added source=nativeOle index=2/6 deltaMs=31 totalMs=31
2026-09-06T20:33:27.3745722+08:00 pid=94656 tid=1 format-conversion-plan-perf stage=shape-access source=nativeOle index=3/6 deltaMs=0 totalMs=0
2026-09-06T20:33:27.3755667+08:00 pid=94656 tid=1 format-conversion-plan-perf stage=shape-range source=nativeOle index=3/6 deltaMs=0 totalMs=0
2026-09-06T20:33:27.3985661+08:00 pid=94656 tid=1 format-conversion-plan-perf stage=target-added source=nativeOle index=3/6 deltaMs=23 totalMs=23
2026-09-06T20:33:27.3995663+08:00 pid=94656 tid=1 format-conversion-plan-perf stage=shape-access source=nativeOle index=4/6 deltaMs=0 totalMs=0
2026-09-06T20:33:27.3995663+08:00 pid=94656 tid=1 format-conversion-plan-perf stage=shape-range source=nativeOle index=4/6 deltaMs=0 totalMs=0
2026-09-06T20:33:27.4225672+08:00 pid=94656 tid=1 format-conversion-plan-perf stage=target-added source=nativeOle index=4/6 deltaMs=23 totalMs=23
2026-09-06T20:33:27.4225672+08:00 pid=94656 tid=1 format-conversion-plan-perf stage=shape-access source=nativeOle index=5/6 deltaMs=0 totalMs=0
2026-09-06T20:33:27.4235687+08:00 pid=94656 tid=1 format-conversion-plan-perf stage=shape-range source=nativeOle index=5/6 deltaMs=0 totalMs=0
2026-09-06T20:33:27.4485661+08:00 pid=94656 tid=1 format-conversion-plan-perf stage=target-added source=nativeOle index=5/6 deltaMs=25 totalMs=25
2026-09-06T20:33:27.4495672+08:00 pid=94656 tid=1 format-conversion-plan-perf stage=shape-access source=nativeOle index=6/6 deltaMs=0 totalMs=0
2026-09-06T20:33:27.4495672+08:00 pid=94656 tid=1 format-conversion-plan-perf stage=shape-range source=nativeOle index=6/6 deltaMs=0 totalMs=0
2026-09-06T20:33:27.4725665+08:00 pid=94656 tid=1 format-conversion-plan-perf stage=target-added source=nativeOle index=6/6 deltaMs=23 totalMs=23
2026-09-06T20:33:27.4735670+08:00 pid=94656 tid=1 format-conversion-plan sourceMode=nativeOle targetMode=mathTypeOle targets=6
2026-09-06T20:33:30.9709575+08:00 pid=94656 tid=1 bulk-import converter-create display=inline mode=mathTypeOle latex=\sqrt{E-u(x)}=\frac{1}{f(\omega )v_{ph}(\omega ,x)}
2026-09-06T20:33:30.9765964+08:00 pid=94656 tid=16 bulk-import converter-created sessionId=2fe45309-ea57-42f1-9216-fed94e1c0860
2026-09-06T20:33:30.9765964+08:00 pid=94656 tid=16 bulk-import converter-create display=block mode=mathTypeOle latex=\left\{ \begin{matrix}\frac{\mathrm{d}}{\mathrm{d}\omega }(\omega f(\omega ))=0 \\ \frac{\omega f(\omega )}{2}\frac{\mathrm{d}E(\omega )}{\mathrm{d}\omega }=\sqrt{\frac{m}{2}}\end{matrix}\right.
2026-09-06T20:33:30.9805976+08:00 pid=94656 tid=29 bulk-import converter-created sessionId=ba95d01f-497b-4dd4-9af9-7c648eb5b222
2026-09-06T20:33:30.9815994+08:00 pid=94656 tid=29 bulk-import converter-create display=block mode=mathTypeOle latex=E=mc^{2}
2026-09-06T20:33:30.9855960+08:00 pid=94656 tid=16 bulk-import converter-created sessionId=0e850185-5e03-49c8-a9ce-c0844e6b5416
2026-09-06T20:33:30.9855960+08:00 pid=94656 tid=16 bulk-import converter-create display=block mode=mathTypeOle latex=i\hbar \frac{\partial }{\partial t}\psi (\mathbf{r},t)=[-\frac{\hbar^{2}}{2m}\nabla^{2}+V(\mathbf{r},t)]\psi (\mathbf{r},t)
2026-09-06T20:33:30.9905962+08:00 pid=94656 tid=29 bulk-import converter-created sessionId=1102d320-51ba-4d20-9f27-7bfba2954475
2026-09-06T20:33:30.9915967+08:00 pid=94656 tid=29 bulk-import converter-create display=block mode=mathTypeOle latex=\frac{\partial }{\partial t}\psi^{\ast}(\vec{r})\psi (\vec{r})=\frac{i\hbar }{2m}\nabla \cdot [\psi^{\ast}(\vec{r})\nabla \psi (\vec{r})-\psi (\vec{r})\nabla \psi^{\ast}(r)]
2026-09-06T20:33:30.9955988+08:00 pid=94656 tid=27 bulk-import converter-created sessionId=a8f32e2e-3ed6-4e55-bdd7-fcb61613f064
2026-09-06T20:33:30.9965963+08:00 pid=94656 tid=27 bulk-import converter-create display=block mode=mathTypeOle latex=\frac{\partial }{\partial t}\rho (\vec{r},t)+\nabla \cdot \vec{j}=0
2026-09-06T20:33:30.9995963+08:00 pid=94656 tid=29 bulk-import converter-created sessionId=bc85bc2b-ad4a-46f7-926a-ed3c96ffd952
2026-09-06T20:33:31.0005995+08:00 pid=94656 tid=29 format-conversion-render-start sourceMode=nativeOle targetMode=mathTypeOle sessions=6
2026-09-06T20:33:31.0435983+08:00 pid=94656 tid=27 format-conversion-rendered sourceMode=nativeOle targetMode=mathTypeOle sessionId=2fe45309-ea57-42f1-9216-fed94e1c0860 status=committing
2026-09-06T20:33:31.0907184+08:00 pid=94656 tid=27 format-conversion-rendered sourceMode=nativeOle targetMode=mathTypeOle sessionId=ba95d01f-497b-4dd4-9af9-7c648eb5b222 status=committing
2026-09-06T20:33:31.1037184+08:00 pid=94656 tid=29 format-conversion-rendered sourceMode=nativeOle targetMode=mathTypeOle sessionId=0e850185-5e03-49c8-a9ce-c0844e6b5416 status=committing
2026-09-06T20:33:31.1192772+08:00 pid=94656 tid=27 format-conversion-rendered sourceMode=nativeOle targetMode=mathTypeOle sessionId=1102d320-51ba-4d20-9f27-7bfba2954475 status=committing
2026-09-06T20:33:31.1342779+08:00 pid=94656 tid=29 format-conversion-rendered sourceMode=nativeOle targetMode=mathTypeOle sessionId=a8f32e2e-3ed6-4e55-bdd7-fcb61613f064 status=committing
2026-09-06T20:33:31.1462777+08:00 pid=94656 tid=27 format-conversion-rendered sourceMode=nativeOle targetMode=mathTypeOle sessionId=bc85bc2b-ad4a-46f7-926a-ed3c96ffd952 status=committing
2026-09-06T20:33:31.4107943+08:00 pid=94656 tid=27 format-conversion-native-preview-batch-complete formulas=6 elapsedMs=263
2026-09-06T20:33:31.4107943+08:00 pid=94656 tid=27 format-conversion-word-apply-start sourceMode=nativeOle targetMode=mathTypeOle targets=6
2026-09-06T20:33:31.4457941+08:00 pid=94656 tid=1 format-conversion-runtime assembly=C:\Users\pojian_liao\AppData\Local\VisualTeX\office\remediation-builds\CEC11D1427D70158CC31F6FFB0520B5206BC67A6023FA04783FCE4D3E7B912B6\VisualTeX.WordVsto.dll source=nativeOle target=mathTypeOle targetIsVisualTeX=False targetIsMathType=True
2026-09-06T20:33:31.7193048+08:00 pid=94656 tid=1 format-conversion-reference-aliases-captured sourceMode=nativeOle formulaId=ef3f2db2-f373-41e6-a5c5-db0dcfde35a1 aliases=VTEqNum_b73f44ea22c446eea52412013c0586ef
2026-09-06T20:33:31.8215779+08:00 pid=94656 tid=1 format-conversion-heading-scope-cache format=heading2-dash formulas=5 scopes=2
2026-09-06T20:33:49.6798660+08:00 pid=94656 tid=1 word-undo-begin name=VisualTeX Convert Formula Format recording=False level=0
2026-09-06T20:33:49.6798660+08:00 pid=94656 tid=1 word-undo-started name=VisualTeX Convert Formula Format recording=True level=1
2026-09-06T20:33:49.6798660+08:00 pid=94656 tid=1 format-conversion-undo-state stage=before-preferences document=文档11 recording=True level=1
2026-09-06T20:33:49.6808654+08:00 pid=94656 tid=1 format-conversion-transaction-start targets=6
2026-09-06T20:33:49.6808654+08:00 pid=94656 tid=1 format-conversion-undo-state stage=after-preferences document=文档11 recording=True level=1
2026-09-06T20:33:49.6808654+08:00 pid=94656 tid=1 format-conversion-undo-state stage=before-source-delete document=文档11 recording=True level=1
2026-09-06T20:33:49.8531769+08:00 pid=94656 tid=1 formula-to-latex-visualtex-paragraph-replaced formulaId=52d7acd6-eb8d-4ef9-aa49-46d6f02ff5de range=937:1008
2026-09-06T20:33:49.8591730+08:00 pid=94656 tid=1 format-conversion-perf stage=delete-source-host formulaId=52d7acd6-eb8d-4ef9-aa49-46d6f02ff5de numbered=True deltaMs=177 totalMs=177
2026-09-06T20:33:49.8591730+08:00 pid=94656 tid=1 format-conversion-undo-state stage=after-source-delete document=文档11 recording=True level=1
2026-09-06T20:33:49.8811734+08:00 pid=94656 tid=1 word-undo-begin name=VisualTeX Insert MathType OLE Numbered Display Formula recording=True level=1
2026-09-06T20:33:49.8861732+08:00 pid=94656 tid=1 mathtype-insert-perf stage=resolve-insertion numbered=True inline=False deltaMs=5 totalMs=5
2026-09-06T20:33:49.8861732+08:00 pid=94656 tid=1 mathtype-insert-perf stage=clear-incomplete-number-row numbered=True inline=False deltaMs=0 totalMs=5
2026-09-06T20:33:49.8871736+08:00 pid=94656 tid=1 mathtype-insert-perf stage=number-template-heading-state numbered=True inline=False deltaMs=1 totalMs=6
2026-09-06T20:33:49.8871736+08:00 pid=94656 tid=1 mathtype-insert-perf stage=prepare-display-row numbered=True inline=False deltaMs=0 totalMs=6
2026-09-06T20:33:49.8931734+08:00 pid=94656 tid=1 mathtype-insert-perf stage=build-flat-opc numbered=True inline=False deltaMs=6 totalMs=12
2026-09-06T20:33:49.8941729+08:00 pid=94656 tid=1 mathtype-insert-perf stage=pre-insert-bookkeeping numbered=True inline=False deltaMs=1 totalMs=13
2026-09-06T20:33:49.9411729+08:00 pid=94656 tid=1 mathtype-insert-perf stage=insert-flat-opc numbered=True inline=False deltaMs=46 totalMs=59
2026-09-06T20:33:49.9411729+08:00 pid=94656 tid=1 mathtype-insert-perf stage=resolve-new-shape numbered=True inline=False deltaMs=1 totalMs=60
2026-09-06T20:33:49.9431734+08:00 pid=94656 tid=1 mathtype-insert-perf stage=set-shape-geometry numbered=True inline=False deltaMs=1 totalMs=61
2026-09-06T20:33:49.9431734+08:00 pid=94656 tid=1 mathtype-insert-perf stage=repair-inline-paragraph numbered=True inline=False deltaMs=1 totalMs=62
2026-09-06T20:33:49.9431734+08:00 pid=94656 tid=1 mathtype-insert-perf stage=refresh-native-shape numbered=True inline=False deltaMs=0 totalMs=62
2026-09-06T20:33:49.9561731+08:00 pid=94656 tid=1 mathtype-insert-perf stage=bind-created-object-identity numbered=True inline=False deltaMs=13 totalMs=75
2026-09-06T20:33:49.9561731+08:00 pid=94656 tid=1 mathtype-insert-perf stage=complete numbered=True inline=False deltaMs=0 totalMs=75
2026-09-06T20:33:49.9561731+08:00 pid=94656 tid=1 format-conversion-perf stage=insert-target formulaId=52d7acd6-eb8d-4ef9-aa49-46d6f02ff5de numbered=True deltaMs=98 totalMs=275
2026-09-06T20:33:49.9561731+08:00 pid=94656 tid=1 format-conversion-undo-state stage=after-target-insert document=文档11 recording=True level=1
2026-09-06T20:33:49.9571729+08:00 pid=94656 tid=1 format-conversion-bookmarked-target-stable formulaId=52d7acd6-eb8d-4ef9-aa49-46d6f02ff5de bookmark=VTMT_d84fe4c5d62b43f9b012fac45e27c9a6 range=938:964 elapsedMs=0
2026-09-06T20:33:49.9581729+08:00 pid=94656 tid=1 format-conversion-perf stage=verify-target formulaId=52d7acd6-eb8d-4ef9-aa49-46d6f02ff5de numbered=True deltaMs=1 totalMs=276
2026-09-06T20:33:49.9581729+08:00 pid=94656 tid=1 format-conversion-undo-state stage=before-source-delete document=文档11 recording=True level=1
2026-09-06T20:33:50.0289125+08:00 pid=94656 tid=1 formula-to-latex-visualtex-paragraph-replaced formulaId=04ab3052-0f64-47f8-b1ca-e2ff59f2cec6 range=760:937
2026-09-06T20:33:50.0349097+08:00 pid=94656 tid=1 format-conversion-perf stage=delete-source-host formulaId=04ab3052-0f64-47f8-b1ca-e2ff59f2cec6 numbered=True deltaMs=75 totalMs=75
2026-09-06T20:33:50.0349097+08:00 pid=94656 tid=1 format-conversion-undo-state stage=after-source-delete document=文档11 recording=True level=1
2026-09-06T20:33:50.0560773+08:00 pid=94656 tid=1 word-undo-begin name=VisualTeX Insert MathType OLE Numbered Display Formula recording=True level=1
2026-09-06T20:33:50.0620849+08:00 pid=94656 tid=1 mathtype-insert-perf stage=resolve-insertion numbered=True inline=False deltaMs=5 totalMs=5
2026-09-06T20:33:50.0620849+08:00 pid=94656 tid=1 mathtype-insert-perf stage=clear-incomplete-number-row numbered=True inline=False deltaMs=1 totalMs=6
2026-09-06T20:33:50.0620849+08:00 pid=94656 tid=1 mathtype-insert-perf stage=number-template-heading-state numbered=True inline=False deltaMs=0 totalMs=6
2026-09-06T20:33:50.0630848+08:00 pid=94656 tid=1 mathtype-insert-perf stage=prepare-display-row numbered=True inline=False deltaMs=1 totalMs=7
2026-09-06T20:33:50.0698707+08:00 pid=94656 tid=1 mathtype-insert-perf stage=build-flat-opc numbered=True inline=False deltaMs=6 totalMs=13
2026-09-06T20:33:50.0698707+08:00 pid=94656 tid=1 mathtype-insert-perf stage=pre-insert-bookkeeping numbered=True inline=False deltaMs=0 totalMs=13
2026-09-06T20:33:50.1090866+08:00 pid=94656 tid=1 mathtype-insert-perf stage=insert-flat-opc numbered=True inline=False deltaMs=40 totalMs=53
2026-09-06T20:33:50.1100863+08:00 pid=94656 tid=1 mathtype-insert-perf stage=resolve-new-shape numbered=True inline=False deltaMs=1 totalMs=54
2026-09-06T20:33:50.1110871+08:00 pid=94656 tid=1 mathtype-insert-perf stage=set-shape-geometry numbered=True inline=False deltaMs=1 totalMs=55
2026-09-06T20:33:50.1120866+08:00 pid=94656 tid=1 mathtype-insert-perf stage=repair-inline-paragraph numbered=True inline=False deltaMs=0 totalMs=55
2026-09-06T20:33:50.1120866+08:00 pid=94656 tid=1 mathtype-insert-perf stage=refresh-native-shape numbered=True inline=False deltaMs=1 totalMs=56
2026-09-06T20:33:50.1230358+08:00 pid=94656 tid=1 mathtype-insert-perf stage=bind-created-object-identity numbered=True inline=False deltaMs=10 totalMs=66
2026-09-06T20:33:50.1230358+08:00 pid=94656 tid=1 mathtype-insert-perf stage=complete numbered=True inline=False deltaMs=1 totalMs=67
2026-09-06T20:33:50.1230358+08:00 pid=94656 tid=1 format-conversion-perf stage=insert-target formulaId=04ab3052-0f64-47f8-b1ca-e2ff59f2cec6 numbered=True deltaMs=89 totalMs=164
2026-09-06T20:33:50.1230358+08:00 pid=94656 tid=1 format-conversion-undo-state stage=after-target-insert document=文档11 recording=True level=1
2026-09-06T20:33:50.1260356+08:00 pid=94656 tid=1 format-conversion-bookmarked-target-stable formulaId=04ab3052-0f64-47f8-b1ca-e2ff59f2cec6 bookmark=VTMT_e71658c91e464d79acfade9f8249e40a range=761:787 elapsedMs=1
2026-09-06T20:33:50.1280356+08:00 pid=94656 tid=1 format-conversion-perf stage=verify-target formulaId=04ab3052-0f64-47f8-b1ca-e2ff59f2cec6 numbered=True deltaMs=5 totalMs=169
2026-09-06T20:33:50.1300356+08:00 pid=94656 tid=1 format-conversion-undo-state stage=before-source-delete document=文档11 recording=True level=1
2026-09-06T20:33:50.2161375+08:00 pid=94656 tid=1 formula-to-latex-visualtex-paragraph-replaced formulaId=a762e644-0d9e-43dd-8ffa-eab68d5e06af range=593:720
2026-09-06T20:33:50.2228081+08:00 pid=94656 tid=1 format-conversion-perf stage=delete-source-host formulaId=a762e644-0d9e-43dd-8ffa-eab68d5e06af numbered=True deltaMs=93 totalMs=93
2026-09-06T20:33:50.2238082+08:00 pid=94656 tid=1 format-conversion-undo-state stage=after-source-delete document=文档11 recording=True level=1
2026-09-06T20:33:50.2471670+08:00 pid=94656 tid=1 word-undo-begin name=VisualTeX Insert MathType OLE Numbered Display Formula recording=True level=1
2026-09-06T20:33:50.2531661+08:00 pid=94656 tid=1 mathtype-insert-perf stage=resolve-insertion numbered=True inline=False deltaMs=5 totalMs=5
2026-09-06T20:33:50.2541660+08:00 pid=94656 tid=1 mathtype-insert-perf stage=clear-incomplete-number-row numbered=True inline=False deltaMs=1 totalMs=6
2026-09-06T20:33:50.2541660+08:00 pid=94656 tid=1 mathtype-insert-perf stage=number-template-heading-state numbered=True inline=False deltaMs=0 totalMs=6
2026-09-06T20:33:50.2551664+08:00 pid=94656 tid=1 mathtype-insert-perf stage=prepare-display-row numbered=True inline=False deltaMs=1 totalMs=7
2026-09-06T20:33:50.2611666+08:00 pid=94656 tid=1 mathtype-insert-perf stage=build-flat-opc numbered=True inline=False deltaMs=6 totalMs=13
2026-09-06T20:33:50.2611666+08:00 pid=94656 tid=1 mathtype-insert-perf stage=pre-insert-bookkeeping numbered=True inline=False deltaMs=1 totalMs=14
2026-09-06T20:33:50.3000209+08:00 pid=94656 tid=1 mathtype-insert-perf stage=insert-flat-opc numbered=True inline=False deltaMs=38 totalMs=52
2026-09-06T20:33:50.3000209+08:00 pid=94656 tid=1 mathtype-insert-perf stage=resolve-new-shape numbered=True inline=False deltaMs=0 totalMs=52
2026-09-06T20:33:50.3010190+08:00 pid=94656 tid=1 mathtype-insert-perf stage=set-shape-geometry numbered=True inline=False deltaMs=1 totalMs=53
2026-09-06T20:33:50.3020183+08:00 pid=94656 tid=1 mathtype-insert-perf stage=repair-inline-paragraph numbered=True inline=False deltaMs=1 totalMs=54
2026-09-06T20:33:50.3020183+08:00 pid=94656 tid=1 mathtype-insert-perf stage=refresh-native-shape numbered=True inline=False deltaMs=0 totalMs=54
2026-09-06T20:33:50.3138718+08:00 pid=94656 tid=1 mathtype-insert-perf stage=bind-created-object-identity numbered=True inline=False deltaMs=11 totalMs=65
2026-09-06T20:33:50.3138718+08:00 pid=94656 tid=1 mathtype-insert-perf stage=complete numbered=True inline=False deltaMs=1 totalMs=66
2026-09-06T20:33:50.3138718+08:00 pid=94656 tid=1 format-conversion-perf stage=insert-target formulaId=a762e644-0d9e-43dd-8ffa-eab68d5e06af numbered=True deltaMs=91 totalMs=184
2026-09-06T20:33:50.3138718+08:00 pid=94656 tid=1 format-conversion-undo-state stage=after-target-insert document=文档11 recording=True level=1
2026-09-06T20:33:50.3148716+08:00 pid=94656 tid=1 format-conversion-bookmarked-target-stable formulaId=a762e644-0d9e-43dd-8ffa-eab68d5e06af bookmark=VTMT_8e512379634245549d2888ce66c24d8b range=594:620 elapsedMs=0
2026-09-06T20:33:50.3158723+08:00 pid=94656 tid=1 format-conversion-perf stage=verify-target formulaId=a762e644-0d9e-43dd-8ffa-eab68d5e06af numbered=True deltaMs=2 totalMs=186
2026-09-06T20:33:50.3168714+08:00 pid=94656 tid=1 format-conversion-undo-state stage=before-source-delete document=文档11 recording=True level=1
2026-09-06T20:33:50.3713935+08:00 pid=94656 tid=1 formula-to-latex-visualtex-paragraph-replaced formulaId=ef3f2db2-f373-41e6-a5c5-db0dcfde35a1 range=249:261
2026-09-06T20:33:50.3769100+08:00 pid=94656 tid=1 format-conversion-perf stage=delete-source-host formulaId=ef3f2db2-f373-41e6-a5c5-db0dcfde35a1 numbered=True deltaMs=60 totalMs=60
2026-09-06T20:33:50.3769100+08:00 pid=94656 tid=1 format-conversion-undo-state stage=after-source-delete document=文档11 recording=True level=1
2026-09-06T20:33:50.3994634+08:00 pid=94656 tid=1 word-undo-begin name=VisualTeX Insert MathType OLE Numbered Display Formula recording=True level=1
2026-09-06T20:33:50.4054607+08:00 pid=94656 tid=1 mathtype-insert-perf stage=resolve-insertion numbered=True inline=False deltaMs=5 totalMs=5
2026-09-06T20:33:50.4054607+08:00 pid=94656 tid=1 mathtype-insert-perf stage=clear-incomplete-number-row numbered=True inline=False deltaMs=0 totalMs=5
2026-09-06T20:33:50.4064606+08:00 pid=94656 tid=1 mathtype-insert-perf stage=number-template-heading-state numbered=True inline=False deltaMs=1 totalMs=6
2026-09-06T20:33:50.4064606+08:00 pid=94656 tid=1 mathtype-insert-perf stage=prepare-display-row numbered=True inline=False deltaMs=1 totalMs=7
2026-09-06T20:33:50.4132434+08:00 pid=94656 tid=1 mathtype-insert-perf stage=build-flat-opc numbered=True inline=False deltaMs=6 totalMs=13
2026-09-06T20:33:50.4142422+08:00 pid=94656 tid=1 mathtype-insert-perf stage=pre-insert-bookkeeping numbered=True inline=False deltaMs=1 totalMs=14
2026-09-06T20:33:50.4522424+08:00 pid=94656 tid=1 mathtype-insert-perf stage=insert-flat-opc numbered=True inline=False deltaMs=38 totalMs=52
2026-09-06T20:33:50.4532421+08:00 pid=94656 tid=1 mathtype-insert-perf stage=resolve-new-shape numbered=True inline=False deltaMs=1 totalMs=53
2026-09-06T20:33:50.4542421+08:00 pid=94656 tid=1 mathtype-insert-perf stage=set-shape-geometry numbered=True inline=False deltaMs=1 totalMs=54
2026-09-06T20:33:50.4542421+08:00 pid=94656 tid=1 mathtype-insert-perf stage=repair-inline-paragraph numbered=True inline=False deltaMs=0 totalMs=54
2026-09-06T20:33:50.4552422+08:00 pid=94656 tid=1 mathtype-insert-perf stage=refresh-native-shape numbered=True inline=False deltaMs=1 totalMs=55
2026-09-06T20:33:50.4642424+08:00 pid=94656 tid=1 mathtype-insert-perf stage=bind-created-object-identity numbered=True inline=False deltaMs=9 totalMs=64
2026-09-06T20:33:50.4642424+08:00 pid=94656 tid=1 mathtype-insert-perf stage=complete numbered=True inline=False deltaMs=0 totalMs=64
2026-09-06T20:33:50.4642424+08:00 pid=94656 tid=1 format-conversion-perf stage=insert-target formulaId=ef3f2db2-f373-41e6-a5c5-db0dcfde35a1 numbered=True deltaMs=88 totalMs=148
2026-09-06T20:33:50.4652422+08:00 pid=94656 tid=1 format-conversion-undo-state stage=after-target-insert document=文档11 recording=True level=1
2026-09-06T20:33:50.4662423+08:00 pid=94656 tid=1 format-conversion-bookmarked-target-stable formulaId=ef3f2db2-f373-41e6-a5c5-db0dcfde35a1 bookmark=VTMT_fd76032f13e2444298af552a05d26151 range=250:276 elapsedMs=0
2026-09-06T20:33:50.4672423+08:00 pid=94656 tid=1 format-conversion-perf stage=verify-target formulaId=ef3f2db2-f373-41e6-a5c5-db0dcfde35a1 numbered=True deltaMs=3 totalMs=151
2026-09-06T20:33:50.4682423+08:00 pid=94656 tid=1 format-conversion-undo-state stage=before-source-delete document=文档11 recording=True level=1
2026-09-06T20:33:50.5400693+08:00 pid=94656 tid=1 formula-to-latex-visualtex-paragraph-replaced formulaId=db308ffd-5f51-4f35-b140-429488146a90 range=90:288
2026-09-06T20:33:50.5470692+08:00 pid=94656 tid=1 format-conversion-perf stage=delete-source-host formulaId=db308ffd-5f51-4f35-b140-429488146a90 numbered=True deltaMs=79 totalMs=79
2026-09-06T20:33:50.5480694+08:00 pid=94656 tid=1 format-conversion-undo-state stage=after-source-delete document=文档11 recording=True level=1
2026-09-06T20:33:50.5700695+08:00 pid=94656 tid=1 word-undo-begin name=VisualTeX Insert MathType OLE Numbered Display Formula recording=True level=1
2026-09-06T20:33:50.5760691+08:00 pid=94656 tid=1 mathtype-insert-perf stage=resolve-insertion numbered=True inline=False deltaMs=5 totalMs=5
2026-09-06T20:33:50.5760691+08:00 pid=94656 tid=1 mathtype-insert-perf stage=clear-incomplete-number-row numbered=True inline=False deltaMs=0 totalMs=5
2026-09-06T20:33:50.5760691+08:00 pid=94656 tid=1 mathtype-insert-perf stage=number-template-heading-state numbered=True inline=False deltaMs=1 totalMs=6
2026-09-06T20:33:50.5770691+08:00 pid=94656 tid=1 mathtype-insert-perf stage=prepare-display-row numbered=True inline=False deltaMs=0 totalMs=6
2026-09-06T20:33:50.5830693+08:00 pid=94656 tid=1 mathtype-insert-perf stage=build-flat-opc numbered=True inline=False deltaMs=6 totalMs=12
2026-09-06T20:33:50.5830693+08:00 pid=94656 tid=1 mathtype-insert-perf stage=pre-insert-bookkeeping numbered=True inline=False deltaMs=0 totalMs=12
2026-09-06T20:33:50.6172921+08:00 pid=94656 tid=1 mathtype-insert-perf stage=insert-flat-opc numbered=True inline=False deltaMs=35 totalMs=47
2026-09-06T20:33:50.6182919+08:00 pid=94656 tid=1 mathtype-insert-perf stage=resolve-new-shape numbered=True inline=False deltaMs=1 totalMs=48
2026-09-06T20:33:50.6202923+08:00 pid=94656 tid=1 mathtype-insert-perf stage=set-shape-geometry numbered=True inline=False deltaMs=1 totalMs=49
2026-09-06T20:33:50.6202923+08:00 pid=94656 tid=1 mathtype-insert-perf stage=repair-inline-paragraph numbered=True inline=False deltaMs=0 totalMs=49
2026-09-06T20:33:50.6212918+08:00 pid=94656 tid=1 mathtype-insert-perf stage=refresh-native-shape numbered=True inline=False deltaMs=1 totalMs=50
2026-09-06T20:33:50.6292918+08:00 pid=94656 tid=1 mathtype-insert-perf stage=bind-created-object-identity numbered=True inline=False deltaMs=9 totalMs=59
2026-09-06T20:33:50.6292918+08:00 pid=94656 tid=1 mathtype-insert-perf stage=complete numbered=True inline=False deltaMs=0 totalMs=59
2026-09-06T20:33:50.6302918+08:00 pid=94656 tid=1 format-conversion-perf stage=insert-target formulaId=db308ffd-5f51-4f35-b140-429488146a90 numbered=True deltaMs=83 totalMs=162
2026-09-06T20:33:50.6302918+08:00 pid=94656 tid=1 format-conversion-undo-state stage=after-target-insert document=文档11 recording=True level=1
2026-09-06T20:33:50.6322923+08:00 pid=94656 tid=1 format-conversion-bookmarked-target-stable formulaId=db308ffd-5f51-4f35-b140-429488146a90 bookmark=VTMT_710d252acdd841688a1d928d0fc41d54 range=91:117 elapsedMs=0
2026-09-06T20:33:50.6348813+08:00 pid=94656 tid=1 format-conversion-perf stage=verify-target formulaId=db308ffd-5f51-4f35-b140-429488146a90 numbered=True deltaMs=4 totalMs=166
2026-09-06T20:33:50.6348813+08:00 pid=94656 tid=1 format-conversion-undo-state stage=before-source-delete document=文档11 recording=True level=1
2026-09-06T20:33:50.6627222+08:00 pid=94656 tid=1 format-conversion-perf stage=delete-source-host formulaId=1375f406-efb7-4fef-984d-86310de2d23b numbered=False deltaMs=27 totalMs=27
2026-09-06T20:33:50.6633883+08:00 pid=94656 tid=1 format-conversion-undo-state stage=after-source-delete document=文档11 recording=True level=1
2026-09-06T20:33:50.6855298+08:00 pid=94656 tid=1 word-undo-begin name=VisualTeX Insert MathType OLE Inline Formula recording=True level=1
2026-09-06T20:33:50.6905292+08:00 pid=94656 tid=1 mathtype-insert-perf stage=resolve-insertion numbered=False inline=True deltaMs=5 totalMs=5
2026-09-06T20:33:50.6971426+08:00 pid=94656 tid=1 mathtype-insert-perf stage=build-flat-opc numbered=False inline=True deltaMs=6 totalMs=11
2026-09-06T20:33:50.6981416+08:00 pid=94656 tid=1 mathtype-insert-perf stage=pre-insert-bookkeeping numbered=False inline=True deltaMs=1 totalMs=12
2026-09-06T20:33:50.7338025+08:00 pid=94656 tid=1 mathtype-insert-perf stage=insert-flat-opc numbered=False inline=True deltaMs=35 totalMs=47
2026-09-06T20:33:50.7338025+08:00 pid=94656 tid=1 mathtype-insert-perf stage=resolve-new-shape numbered=False inline=True deltaMs=1 totalMs=48
2026-09-06T20:33:50.7358027+08:00 pid=94656 tid=1 mathtype-insert-perf stage=set-shape-geometry numbered=False inline=True deltaMs=1 totalMs=49
2026-09-06T20:33:50.7408033+08:00 pid=94656 tid=1 mathtype-insert-perf stage=repair-inline-paragraph numbered=False inline=True deltaMs=5 totalMs=54
2026-09-06T20:33:50.7408033+08:00 pid=94656 tid=1 mathtype-insert-perf stage=refresh-native-shape numbered=False inline=True deltaMs=1 totalMs=55
2026-09-06T20:33:50.7418025+08:00 pid=94656 tid=1 mathtype-insert-perf stage=set-native-baseline numbered=False inline=True deltaMs=1 totalMs=56
2026-09-06T20:33:50.7438031+08:00 pid=94656 tid=1 mathtype-insert-perf stage=restore-typing-baseline numbered=False inline=True deltaMs=2 totalMs=58
2026-09-06T20:33:50.7448037+08:00 pid=94656 tid=1 mathtype-insert-perf stage=bind-created-object-identity numbered=False inline=True deltaMs=1 totalMs=59
2026-09-06T20:33:50.7448037+08:00 pid=94656 tid=1 mathtype-insert-perf stage=complete numbered=False inline=True deltaMs=0 totalMs=59
2026-09-06T20:33:50.7458031+08:00 pid=94656 tid=1 format-conversion-perf stage=insert-target formulaId=1375f406-efb7-4fef-984d-86310de2d23b numbered=False deltaMs=83 totalMs=110
2026-09-06T20:33:50.7458031+08:00 pid=94656 tid=1 format-conversion-undo-state stage=after-target-insert document=文档11 recording=True level=1
2026-09-06T20:33:50.7478030+08:00 pid=94656 tid=1 format-conversion-bookmarked-target-stable formulaId=1375f406-efb7-4fef-984d-86310de2d23b bookmark=VTMT_284aec8cad6249f0baca956ca87a9966 range=54:80 elapsedMs=0
2026-09-06T20:33:50.7498028+08:00 pid=94656 tid=1 format-conversion-perf stage=verify-target formulaId=1375f406-efb7-4fef-984d-86310de2d23b numbered=False deltaMs=5 totalMs=115
2026-09-06T20:33:50.7568025+08:00 pid=94656 tid=1 format-conversion-finalize-perf stage=source-residual-check sourceMode=nativeOle targetMode=mathTypeOle deltaMs=6 totalMs=6
2026-09-06T20:33:50.7588025+08:00 pid=94656 tid=1 format-conversion-finalize-perf stage=target-count-check sourceMode=nativeOle targetMode=mathTypeOle deltaMs=2 totalMs=8
2026-09-06T20:33:50.9405397+08:00 pid=94656 tid=1 format-conversion-reference-aliases-restored sourceMode=nativeOle targetMode=mathTypeOle aliases=1 refreshedReferences=1 restoredFormatting=1
2026-09-06T20:33:50.9605398+08:00 pid=94656 tid=1 format-conversion-finalize-perf stage=numbering-reconcile sourceMode=nativeOle targetMode=mathTypeOle deltaMs=201 totalMs=209
2026-09-06T20:33:50.9625395+08:00 pid=94656 tid=1 format-conversion-finalize-perf stage=omml-fingerprint-refresh sourceMode=nativeOle targetMode=mathTypeOle deltaMs=2 totalMs=211
2026-09-06T20:33:50.9675395+08:00 pid=94656 tid=1 format-conversion-transaction-completed targets=6
2026-09-06T20:33:50.9675395+08:00 pid=94656 tid=39 format-conversion-word-apply-finished sourceMode=nativeOle targetMode=mathTypeOle converted=6 failed=0
2026-09-06T20:33:50.9685397+08:00 pid=94656 tid=39 format-conversion-session-cleanup-start sessions=6
2026-09-06T20:33:50.9685397+08:00 pid=94656 tid=39 format-conversion-complete source=VisualTeX target=MathType converted=6 failed=0
2026-09-06T20:33:50.9715395+08:00 pid=94656 tid=38 format-conversion-session-cleanup-complete sessions=6
2026-09-06T20:34:01.4031502+08:00 pid=94656 tid=1 format-conversion-start sourceMode=mathTypeOle targetMode=wordOmml wholeDocument=True
2026-09-06T20:34:01.4451499+08:00 pid=94656 tid=1 format-conversion-plan-bulk-ole-snapshot count=6 elapsedMs=41
2026-09-06T20:34:01.4461498+08:00 pid=94656 tid=1 format-conversion-plan-perf stage=shape-access source=mathTypeOle index=1/6 deltaMs=0 totalMs=0
2026-09-06T20:34:01.4461498+08:00 pid=94656 tid=1 format-conversion-plan-perf stage=identify-mathtype source=mathTypeOle index=1/6 deltaMs=0 totalMs=0
2026-09-06T20:34:01.4601501+08:00 pid=94656 tid=1 format-conversion-plan-perf stage=read-mathml-bulk source=mathTypeOle index=1/6 deltaMs=14 totalMs=14
2026-09-06T20:34:01.4621497+08:00 pid=94656 tid=1 format-conversion-plan-perf stage=read-metadata source=mathTypeOle index=1/6 deltaMs=2 totalMs=16
2026-09-06T20:34:01.4631500+08:00 pid=94656 tid=1 format-conversion-plan-perf stage=number-position source=mathTypeOle index=1/6 deltaMs=1 totalMs=17
2026-09-06T20:34:01.4631500+08:00 pid=94656 tid=1 format-conversion-plan-perf stage=shape-range source=mathTypeOle index=1/6 deltaMs=0 totalMs=17
2026-09-06T20:34:01.4741506+08:00 pid=94656 tid=1 format-conversion-plan-perf stage=target-added source=mathTypeOle index=1/6 deltaMs=11 totalMs=28
2026-09-06T20:34:01.4741506+08:00 pid=94656 tid=1 format-conversion-plan-perf stage=shape-access source=mathTypeOle index=2/6 deltaMs=0 totalMs=0
2026-09-06T20:34:01.4751501+08:00 pid=94656 tid=1 format-conversion-plan-perf stage=identify-mathtype source=mathTypeOle index=2/6 deltaMs=0 totalMs=0
2026-09-06T20:34:01.4781498+08:00 pid=94656 tid=1 format-conversion-plan-perf stage=read-mathml-bulk source=mathTypeOle index=2/6 deltaMs=3 totalMs=3
2026-09-06T20:34:01.4801498+08:00 pid=94656 tid=1 format-conversion-plan-perf stage=read-metadata source=mathTypeOle index=2/6 deltaMs=2 totalMs=5
2026-09-06T20:34:01.4811502+08:00 pid=94656 tid=1 format-conversion-plan-perf stage=number-position source=mathTypeOle index=2/6 deltaMs=1 totalMs=6
2026-09-06T20:34:01.4811502+08:00 pid=94656 tid=1 format-conversion-plan-perf stage=shape-range source=mathTypeOle index=2/6 deltaMs=0 totalMs=6
2026-09-06T20:34:01.4991508+08:00 pid=94656 tid=1 format-conversion-plan-perf stage=target-added source=mathTypeOle index=2/6 deltaMs=18 totalMs=24
2026-09-06T20:34:01.5001498+08:00 pid=94656 tid=1 format-conversion-plan-perf stage=shape-access source=mathTypeOle index=3/6 deltaMs=0 totalMs=0
2026-09-06T20:34:01.5001498+08:00 pid=94656 tid=1 format-conversion-plan-perf stage=identify-mathtype source=mathTypeOle index=3/6 deltaMs=0 totalMs=0
2026-09-06T20:34:01.5041527+08:00 pid=94656 tid=1 format-conversion-plan-perf stage=read-mathml-bulk source=mathTypeOle index=3/6 deltaMs=3 totalMs=3
2026-09-06T20:34:01.5061500+08:00 pid=94656 tid=1 format-conversion-plan-perf stage=read-metadata source=mathTypeOle index=3/6 deltaMs=3 totalMs=6
2026-09-06T20:34:01.5071501+08:00 pid=94656 tid=1 format-conversion-plan-perf stage=number-position source=mathTypeOle index=3/6 deltaMs=0 totalMs=6
2026-09-06T20:34:01.5071501+08:00 pid=94656 tid=1 format-conversion-plan-perf stage=shape-range source=mathTypeOle index=3/6 deltaMs=1 totalMs=7
2026-09-06T20:34:01.5241509+08:00 pid=94656 tid=1 format-conversion-plan-perf stage=target-added source=mathTypeOle index=3/6 deltaMs=16 totalMs=23
2026-09-06T20:34:01.5241509+08:00 pid=94656 tid=1 format-conversion-plan-perf stage=shape-access source=mathTypeOle index=4/6 deltaMs=0 totalMs=0
2026-09-06T20:34:01.5251506+08:00 pid=94656 tid=1 format-conversion-plan-perf stage=identify-mathtype source=mathTypeOle index=4/6 deltaMs=0 totalMs=0
2026-09-06T20:34:01.5401499+08:00 pid=94656 tid=1 format-conversion-plan-perf stage=read-mathml-bulk source=mathTypeOle index=4/6 deltaMs=15 totalMs=15
2026-09-06T20:34:01.5421499+08:00 pid=94656 tid=1 format-conversion-plan-perf stage=read-metadata source=mathTypeOle index=4/6 deltaMs=2 totalMs=17
2026-09-06T20:34:01.5431497+08:00 pid=94656 tid=1 format-conversion-plan-perf stage=number-position source=mathTypeOle index=4/6 deltaMs=1 totalMs=18
2026-09-06T20:34:01.5431497+08:00 pid=94656 tid=1 format-conversion-plan-perf stage=shape-range source=mathTypeOle index=4/6 deltaMs=1 totalMs=19
2026-09-06T20:34:01.5593772+08:00 pid=94656 tid=1 format-conversion-plan-perf stage=target-added source=mathTypeOle index=4/6 deltaMs=15 totalMs=34
2026-09-06T20:34:01.5593772+08:00 pid=94656 tid=1 format-conversion-plan-perf stage=shape-access source=mathTypeOle index=5/6 deltaMs=0 totalMs=0
2026-09-06T20:34:01.5603757+08:00 pid=94656 tid=1 format-conversion-plan-perf stage=identify-mathtype source=mathTypeOle index=5/6 deltaMs=0 totalMs=0
2026-09-06T20:34:01.5743751+08:00 pid=94656 tid=1 format-conversion-plan-perf stage=read-mathml-bulk source=mathTypeOle index=5/6 deltaMs=14 totalMs=14
2026-09-06T20:34:01.5763751+08:00 pid=94656 tid=1 format-conversion-plan-perf stage=read-metadata source=mathTypeOle index=5/6 deltaMs=2 totalMs=16
2026-09-06T20:34:01.5773751+08:00 pid=94656 tid=1 format-conversion-plan-perf stage=number-position source=mathTypeOle index=5/6 deltaMs=1 totalMs=17
2026-09-06T20:34:01.5773751+08:00 pid=94656 tid=1 format-conversion-plan-perf stage=shape-range source=mathTypeOle index=5/6 deltaMs=0 totalMs=17
2026-09-06T20:34:01.5935766+08:00 pid=94656 tid=1 format-conversion-plan-perf stage=target-added source=mathTypeOle index=5/6 deltaMs=16 totalMs=33
2026-09-06T20:34:01.5945768+08:00 pid=94656 tid=1 format-conversion-plan-perf stage=shape-access source=mathTypeOle index=6/6 deltaMs=0 totalMs=0
2026-09-06T20:34:01.5955744+08:00 pid=94656 tid=1 format-conversion-plan-perf stage=identify-mathtype source=mathTypeOle index=6/6 deltaMs=0 totalMs=0
2026-09-06T20:34:01.5985742+08:00 pid=94656 tid=1 format-conversion-plan-perf stage=read-mathml-bulk source=mathTypeOle index=6/6 deltaMs=3 totalMs=3
2026-09-06T20:34:01.6005741+08:00 pid=94656 tid=1 format-conversion-plan-perf stage=read-metadata source=mathTypeOle index=6/6 deltaMs=2 totalMs=5
2026-09-06T20:34:01.6015741+08:00 pid=94656 tid=1 format-conversion-plan-perf stage=number-position source=mathTypeOle index=6/6 deltaMs=1 totalMs=6
2026-09-06T20:34:01.6015741+08:00 pid=94656 tid=1 format-conversion-plan-perf stage=shape-range source=mathTypeOle index=6/6 deltaMs=0 totalMs=6
2026-09-06T20:34:01.6165769+08:00 pid=94656 tid=1 format-conversion-plan-perf stage=target-added source=mathTypeOle index=6/6 deltaMs=16 totalMs=22
2026-09-06T20:34:01.6175765+08:00 pid=94656 tid=1 format-conversion-plan sourceMode=mathTypeOle targetMode=wordOmml targets=6
2026-09-06T20:34:04.9968736+08:00 pid=94656 tid=1 format-conversion-render-bypass sourceMode=mathTypeOle targetMode=wordOmml targets=6 reason=source-mathml-ready
2026-09-06T20:34:04.9978741+08:00 pid=94656 tid=1 format-conversion-word-apply-start sourceMode=mathTypeOle targetMode=wordOmml targets=6
2026-09-06T20:34:05.0008740+08:00 pid=94656 tid=1 format-conversion-runtime assembly=C:\Users\pojian_liao\AppData\Local\VisualTeX\office\remediation-builds\CEC11D1427D70158CC31F6FFB0520B5206BC67A6023FA04783FCE4D3E7B912B6\VisualTeX.WordVsto.dll source=mathTypeOle target=wordOmml targetIsVisualTeX=False targetIsMathType=False
2026-09-06T20:34:05.0138739+08:00 pid=94656 tid=1 format-conversion-reference-aliases-captured sourceMode=mathTypeOle formulaId=5332508c-16e4-45b8-8ed0-ca1545ff6376 aliases=VTEqNum_b73f44ea22c446eea52412013c0586ef
2026-09-06T20:34:05.1971247+08:00 pid=94656 tid=1 format-conversion-omml-batch-source-created formulas=6 elapsedMs=161
2026-09-06T20:34:21.9435646+08:00 pid=94656 tid=1 word-undo-begin name=VisualTeX Convert Formula Format recording=False level=0
2026-09-06T20:34:21.9445649+08:00 pid=94656 tid=1 word-undo-started name=VisualTeX Convert Formula Format recording=True level=1
2026-09-06T20:34:21.9455645+08:00 pid=94656 tid=1 format-conversion-undo-state stage=before-preferences document=文档11 recording=True level=1
2026-09-06T20:34:21.9455645+08:00 pid=94656 tid=1 format-conversion-transaction-start targets=6
2026-09-06T20:34:21.9465647+08:00 pid=94656 tid=1 format-conversion-undo-state stage=after-preferences document=文档11 recording=True level=1
2026-09-06T20:34:21.9535647+08:00 pid=94656 tid=1 format-conversion-mathtype-source-identity-bound formulaId=a6a327cb-8783-4284-af12-146070743e26 bookmark=VTFCI_74925882a4cc43e9a2e29e62b10547b4 range=1239:1265
2026-09-06T20:34:21.9555652+08:00 pid=94656 tid=1 format-conversion-undo-state stage=before-source-delete document=文档11 recording=True level=1
2026-09-06T20:34:21.9613483+08:00 pid=94656 tid=1 format-conversion-mathtype-paragraph-atomically-replaced formulaId=a6a327cb-8783-4284-af12-146070743e26 range=1238:1238 start=1238
2026-09-06T20:34:21.9623537+08:00 pid=94656 tid=1 format-conversion-perf stage=delete-source-host formulaId=a6a327cb-8783-4284-af12-146070743e26 numbered=True deltaMs=8 totalMs=8
2026-09-06T20:34:21.9623537+08:00 pid=94656 tid=1 format-conversion-undo-state stage=after-source-delete document=文档11 recording=True level=1
2026-09-06T20:34:21.9623537+08:00 pid=94656 tid=1 format-conversion-forward-source-check stage=delete-source formulaId=a6a327cb-8783-4284-af12-146070743e26 bookmarkMissing=True present=False
2026-09-06T20:34:21.9763536+08:00 pid=94656 tid=1 word-undo-begin name=VisualTeX Insert Word OMML Display Formula recording=True level=1
2026-09-06T20:34:22.0153548+08:00 pid=94656 tid=1 format-conversion-subperf [perf] InsertOmml.detach-mathtype-style: +38ms (38ms total)
2026-09-06T20:34:22.0153548+08:00 pid=94656 tid=1 format-conversion-subperf [perf] InsertOmml.insert-native-omml: +1ms (39ms total)
2026-09-06T20:34:22.0393542+08:00 pid=94656 tid=1 format-conversion-subperf [perf] InsertOmml.post-reconcile-layout: +23ms (62ms total)
2026-09-06T20:34:22.0393542+08:00 pid=94656 tid=1 format-conversion-subperf [perf] InsertOmml.final-fingerprint: +1ms (63ms total)
2026-09-06T20:34:22.0393542+08:00 pid=94656 tid=1 format-conversion-subperf [perf] InsertOmml.final-anchor: +0ms (63ms total)
2026-09-06T20:34:22.0413553+08:00 pid=94656 tid=1 format-conversion-subperf [perf] InsertOmml.final-metadata: +1ms (64ms total)
2026-09-06T20:34:22.0413553+08:00 pid=94656 tid=1 format-conversion-perf stage=insert-target formulaId=a6a327cb-8783-4284-af12-146070743e26 numbered=True deltaMs=79 totalMs=87
2026-09-06T20:34:22.0413553+08:00 pid=94656 tid=1 format-conversion-undo-state stage=after-target-insert document=文档11 recording=True level=1
2026-09-06T20:34:22.0413553+08:00 pid=94656 tid=1 format-conversion-forward-source-check stage=insert-target formulaId=a6a327cb-8783-4284-af12-146070743e26 bookmarkMissing=True present=False
2026-09-06T20:34:22.0755630+08:00 pid=94656 tid=1 format-conversion-target-stable formulaId=a6a327cb-8783-4284-af12-146070743e26 targetMode=wordOmml count=1 elapsedMs=34
2026-09-06T20:34:22.0765611+08:00 pid=94656 tid=1 format-conversion-forward-source-check stage=post-transaction formulaId=a6a327cb-8783-4284-af12-146070743e26 bookmarkMissing=True present=False
2026-09-06T20:34:22.0765611+08:00 pid=94656 tid=1 format-conversion-perf stage=verify-target formulaId=a6a327cb-8783-4284-af12-146070743e26 numbered=True deltaMs=36 totalMs=123
2026-09-06T20:34:22.0775612+08:00 pid=94656 tid=1 format-conversion-mathtype-source-identity-bound formulaId=5a461172-7ec2-4264-a001-18042ee31f85 bookmark=VTFCI_c7a6b30e9e6f463a8f87bb6d624b5257 range=985:1011
2026-09-06T20:34:22.0785610+08:00 pid=94656 tid=1 format-conversion-undo-state stage=before-source-delete document=文档11 recording=True level=1
2026-09-06T20:34:22.0835622+08:00 pid=94656 tid=1 format-conversion-mathtype-paragraph-atomically-replaced formulaId=5a461172-7ec2-4264-a001-18042ee31f85 range=984:984 start=984
2026-09-06T20:34:22.0835622+08:00 pid=94656 tid=1 format-conversion-perf stage=delete-source-host formulaId=5a461172-7ec2-4264-a001-18042ee31f85 numbered=True deltaMs=7 totalMs=7
2026-09-06T20:34:22.0845597+08:00 pid=94656 tid=1 format-conversion-undo-state stage=after-source-delete document=文档11 recording=True level=1
2026-09-06T20:34:22.0845597+08:00 pid=94656 tid=1 format-conversion-forward-source-check stage=delete-source formulaId=5a461172-7ec2-4264-a001-18042ee31f85 bookmarkMissing=True present=False
2026-09-06T20:34:22.0885601+08:00 pid=94656 tid=1 word-undo-begin name=VisualTeX Insert Word OMML Display Formula recording=True level=1
2026-09-06T20:34:22.1357490+08:00 pid=94656 tid=1 format-conversion-subperf [perf] InsertOmml.detach-mathtype-style: +47ms (47ms total)
2026-09-06T20:34:22.1357490+08:00 pid=94656 tid=1 format-conversion-subperf [perf] InsertOmml.insert-native-omml: +0ms (47ms total)
2026-09-06T20:34:22.1627487+08:00 pid=94656 tid=1 format-conversion-subperf [perf] InsertOmml.post-reconcile-layout: +27ms (74ms total)
2026-09-06T20:34:22.1627487+08:00 pid=94656 tid=1 format-conversion-subperf [perf] InsertOmml.final-fingerprint: +0ms (74ms total)
2026-09-06T20:34:22.1627487+08:00 pid=94656 tid=1 format-conversion-subperf [perf] InsertOmml.final-anchor: +1ms (75ms total)
2026-09-06T20:34:22.1647502+08:00 pid=94656 tid=1 format-conversion-subperf [perf] InsertOmml.final-metadata: +1ms (76ms total)
2026-09-06T20:34:22.1647502+08:00 pid=94656 tid=1 format-conversion-perf stage=insert-target formulaId=5a461172-7ec2-4264-a001-18042ee31f85 numbered=True deltaMs=81 totalMs=88
2026-09-06T20:34:22.1647502+08:00 pid=94656 tid=1 format-conversion-undo-state stage=after-target-insert document=文档11 recording=True level=1
2026-09-06T20:34:22.1657509+08:00 pid=94656 tid=1 format-conversion-forward-source-check stage=insert-target formulaId=5a461172-7ec2-4264-a001-18042ee31f85 bookmarkMissing=True present=False
2026-09-06T20:34:22.2017503+08:00 pid=94656 tid=1 format-conversion-target-stable formulaId=5a461172-7ec2-4264-a001-18042ee31f85 targetMode=wordOmml count=2 elapsedMs=36
2026-09-06T20:34:22.2017503+08:00 pid=94656 tid=1 format-conversion-forward-source-check stage=post-transaction formulaId=5a461172-7ec2-4264-a001-18042ee31f85 bookmarkMissing=True present=False
2026-09-06T20:34:22.2017503+08:00 pid=94656 tid=1 format-conversion-perf stage=verify-target formulaId=5a461172-7ec2-4264-a001-18042ee31f85 numbered=True deltaMs=37 totalMs=125
2026-09-06T20:34:22.2027491+08:00 pid=94656 tid=1 format-conversion-mathtype-source-identity-bound formulaId=ae2eac02-fe10-4987-9559-418d727b3cd6 bookmark=VTFCI_01d0e0f76a6f4dfe9373b9de0850ba74 range=741:767
2026-09-06T20:34:22.2037488+08:00 pid=94656 tid=1 format-conversion-undo-state stage=before-source-delete document=文档11 recording=True level=1
2026-09-06T20:34:22.2097491+08:00 pid=94656 tid=1 format-conversion-mathtype-paragraph-atomically-replaced formulaId=ae2eac02-fe10-4987-9559-418d727b3cd6 range=740:740 start=740
2026-09-06T20:34:22.2097491+08:00 pid=94656 tid=1 format-conversion-perf stage=delete-source-host formulaId=ae2eac02-fe10-4987-9559-418d727b3cd6 numbered=True deltaMs=7 totalMs=7
2026-09-06T20:34:22.2097491+08:00 pid=94656 tid=1 format-conversion-undo-state stage=after-source-delete document=文档11 recording=True level=1
2026-09-06T20:34:22.2097491+08:00 pid=94656 tid=1 format-conversion-forward-source-check stage=delete-source formulaId=ae2eac02-fe10-4987-9559-418d727b3cd6 bookmarkMissing=True present=False
2026-09-06T20:34:22.2177520+08:00 pid=94656 tid=1 word-undo-begin name=VisualTeX Insert Word OMML Display Formula recording=True level=1
2026-09-06T20:34:22.2668841+08:00 pid=94656 tid=1 format-conversion-subperf [perf] InsertOmml.detach-mathtype-style: +48ms (48ms total)
2026-09-06T20:34:22.2668841+08:00 pid=94656 tid=1 format-conversion-subperf [perf] InsertOmml.insert-native-omml: +1ms (49ms total)
2026-09-06T20:34:22.2928838+08:00 pid=94656 tid=1 format-conversion-subperf [perf] InsertOmml.post-reconcile-layout: +26ms (75ms total)
2026-09-06T20:34:22.2928838+08:00 pid=94656 tid=1 format-conversion-subperf [perf] InsertOmml.final-fingerprint: +0ms (75ms total)
2026-09-06T20:34:22.2938867+08:00 pid=94656 tid=1 format-conversion-subperf [perf] InsertOmml.final-anchor: +0ms (75ms total)
2026-09-06T20:34:22.2948853+08:00 pid=94656 tid=1 format-conversion-subperf [perf] InsertOmml.final-metadata: +1ms (76ms total)
2026-09-06T20:34:22.2958840+08:00 pid=94656 tid=1 format-conversion-perf stage=insert-target formulaId=ae2eac02-fe10-4987-9559-418d727b3cd6 numbered=True deltaMs=86 totalMs=93
2026-09-06T20:34:22.2958840+08:00 pid=94656 tid=1 format-conversion-undo-state stage=after-target-insert document=文档11 recording=True level=1
2026-09-06T20:34:22.2968866+08:00 pid=94656 tid=1 format-conversion-forward-source-check stage=insert-target formulaId=ae2eac02-fe10-4987-9559-418d727b3cd6 bookmarkMissing=True present=False
2026-09-06T20:34:22.3278854+08:00 pid=94656 tid=1 format-conversion-target-stable formulaId=ae2eac02-fe10-4987-9559-418d727b3cd6 targetMode=wordOmml count=3 elapsedMs=30
2026-09-06T20:34:22.3278854+08:00 pid=94656 tid=1 format-conversion-forward-source-check stage=post-transaction formulaId=ae2eac02-fe10-4987-9559-418d727b3cd6 bookmarkMissing=True present=False
2026-09-06T20:34:22.3278854+08:00 pid=94656 tid=1 format-conversion-perf stage=verify-target formulaId=ae2eac02-fe10-4987-9559-418d727b3cd6 numbered=True deltaMs=33 totalMs=126
2026-09-06T20:34:22.3288902+08:00 pid=94656 tid=1 format-conversion-mathtype-source-identity-bound formulaId=5332508c-16e4-45b8-8ed0-ca1545ff6376 bookmark=VTFCI_557cbf76dd474052bd22a5dbc6e8dfe4 range=320:346
2026-09-06T20:34:22.3298863+08:00 pid=94656 tid=1 format-conversion-undo-state stage=before-source-delete document=文档11 recording=True level=1
2026-09-06T20:34:22.3358889+08:00 pid=94656 tid=1 format-conversion-mathtype-paragraph-atomically-replaced formulaId=5332508c-16e4-45b8-8ed0-ca1545ff6376 range=319:319 start=319
2026-09-06T20:34:22.3358889+08:00 pid=94656 tid=1 format-conversion-perf stage=delete-source-host formulaId=5332508c-16e4-45b8-8ed0-ca1545ff6376 numbered=True deltaMs=7 totalMs=7
2026-09-06T20:34:22.3358889+08:00 pid=94656 tid=1 format-conversion-undo-state stage=after-source-delete document=文档11 recording=True level=1
2026-09-06T20:34:22.3358889+08:00 pid=94656 tid=1 format-conversion-forward-source-check stage=delete-source formulaId=5332508c-16e4-45b8-8ed0-ca1545ff6376 bookmarkMissing=True present=False
2026-09-06T20:34:22.3538840+08:00 pid=94656 tid=1 word-undo-begin name=VisualTeX Insert Word OMML Display Formula recording=True level=1
2026-09-06T20:34:22.3888841+08:00 pid=94656 tid=1 format-conversion-subperf [perf] InsertOmml.detach-mathtype-style: +35ms (35ms total)
2026-09-06T20:34:22.3888841+08:00 pid=94656 tid=1 format-conversion-subperf [perf] InsertOmml.insert-native-omml: +0ms (35ms total)
2026-09-06T20:34:22.4268838+08:00 pid=94656 tid=1 format-conversion-subperf [perf] InsertOmml.post-reconcile-layout: +38ms (73ms total)
2026-09-06T20:34:22.4278840+08:00 pid=94656 tid=1 format-conversion-subperf [perf] InsertOmml.final-fingerprint: +0ms (73ms total)
2026-09-06T20:34:22.4278840+08:00 pid=94656 tid=1 format-conversion-subperf [perf] InsertOmml.final-anchor: +1ms (74ms total)
2026-09-06T20:34:22.4288840+08:00 pid=94656 tid=1 format-conversion-subperf [perf] InsertOmml.final-metadata: +1ms (75ms total)
2026-09-06T20:34:22.4288840+08:00 pid=94656 tid=1 format-conversion-perf stage=insert-target formulaId=5332508c-16e4-45b8-8ed0-ca1545ff6376 numbered=True deltaMs=93 totalMs=100
2026-09-06T20:34:22.4288840+08:00 pid=94656 tid=1 format-conversion-undo-state stage=after-target-insert document=文档11 recording=True level=1
2026-09-06T20:34:22.4288840+08:00 pid=94656 tid=1 format-conversion-forward-source-check stage=insert-target formulaId=5332508c-16e4-45b8-8ed0-ca1545ff6376 bookmarkMissing=True present=False
2026-09-06T20:34:22.4699794+08:00 pid=94656 tid=1 format-conversion-target-stable formulaId=5332508c-16e4-45b8-8ed0-ca1545ff6376 targetMode=wordOmml count=4 elapsedMs=40
2026-09-06T20:34:22.4709877+08:00 pid=94656 tid=1 format-conversion-forward-source-check stage=post-transaction formulaId=5332508c-16e4-45b8-8ed0-ca1545ff6376 bookmarkMissing=True present=False
2026-09-06T20:34:22.4709877+08:00 pid=94656 tid=1 format-conversion-perf stage=verify-target formulaId=5332508c-16e4-45b8-8ed0-ca1545ff6376 numbered=True deltaMs=42 totalMs=142
2026-09-06T20:34:22.4719865+08:00 pid=94656 tid=1 format-conversion-mathtype-source-identity-bound formulaId=735116c4-b0ea-4db2-b0db-3aa14e45539c bookmark=VTFCI_4e9bd88c43ba41058d5670f23eac2322 range=84:110
2026-09-06T20:34:22.4729858+08:00 pid=94656 tid=1 format-conversion-undo-state stage=before-source-delete document=文档11 recording=True level=1
2026-09-06T20:34:22.4779856+08:00 pid=94656 tid=1 format-conversion-mathtype-paragraph-atomically-replaced formulaId=735116c4-b0ea-4db2-b0db-3aa14e45539c range=83:83 start=83
2026-09-06T20:34:22.4779856+08:00 pid=94656 tid=1 format-conversion-perf stage=delete-source-host formulaId=735116c4-b0ea-4db2-b0db-3aa14e45539c numbered=True deltaMs=6 totalMs=6
2026-09-06T20:34:22.4779856+08:00 pid=94656 tid=1 format-conversion-undo-state stage=after-source-delete document=文档11 recording=True level=1
2026-09-06T20:34:22.4789856+08:00 pid=94656 tid=1 format-conversion-forward-source-check stage=delete-source formulaId=735116c4-b0ea-4db2-b0db-3aa14e45539c bookmarkMissing=True present=False
2026-09-06T20:34:22.4939906+08:00 pid=94656 tid=1 word-undo-begin name=VisualTeX Insert Word OMML Display Formula recording=True level=1
2026-09-06T20:34:22.5483082+08:00 pid=94656 tid=1 format-conversion-subperf [perf] InsertOmml.detach-mathtype-style: +54ms (54ms total)
2026-09-06T20:34:22.5483082+08:00 pid=94656 tid=1 format-conversion-subperf [perf] InsertOmml.insert-native-omml: +0ms (54ms total)
2026-09-06T20:34:22.5827147+08:00 pid=94656 tid=1 format-conversion-subperf [perf] InsertOmml.post-reconcile-layout: +35ms (89ms total)
2026-09-06T20:34:22.5837146+08:00 pid=94656 tid=1 format-conversion-subperf [perf] InsertOmml.final-fingerprint: +0ms (89ms total)
2026-09-06T20:34:22.5837146+08:00 pid=94656 tid=1 format-conversion-subperf [perf] InsertOmml.final-anchor: +1ms (90ms total)
2026-09-06T20:34:22.5857144+08:00 pid=94656 tid=1 format-conversion-subperf [perf] InsertOmml.final-metadata: +1ms (91ms total)
2026-09-06T20:34:22.5867163+08:00 pid=94656 tid=1 format-conversion-perf stage=insert-target formulaId=735116c4-b0ea-4db2-b0db-3aa14e45539c numbered=True deltaMs=109 totalMs=115
2026-09-06T20:34:22.5867163+08:00 pid=94656 tid=1 format-conversion-undo-state stage=after-target-insert document=文档11 recording=True level=1
2026-09-06T20:34:22.5867163+08:00 pid=94656 tid=1 format-conversion-forward-source-check stage=insert-target formulaId=735116c4-b0ea-4db2-b0db-3aa14e45539c bookmarkMissing=True present=False
2026-09-06T20:34:22.6241377+08:00 pid=94656 tid=1 format-conversion-target-stable formulaId=735116c4-b0ea-4db2-b0db-3aa14e45539c targetMode=wordOmml count=5 elapsedMs=37
2026-09-06T20:34:22.6251480+08:00 pid=94656 tid=1 format-conversion-forward-source-check stage=post-transaction formulaId=735116c4-b0ea-4db2-b0db-3aa14e45539c bookmarkMissing=True present=False
2026-09-06T20:34:22.6251480+08:00 pid=94656 tid=1 format-conversion-perf stage=verify-target formulaId=735116c4-b0ea-4db2-b0db-3aa14e45539c numbered=True deltaMs=38 totalMs=153
2026-09-06T20:34:22.6261449+08:00 pid=94656 tid=1 format-conversion-mathtype-source-identity-bound formulaId=41a573f8-7a89-4816-bcd0-eb174c99f5fe bookmark=VTFCI_d3ac6ebb0e7b48258776e86ccd6d2dff range=54:80
2026-09-06T20:34:22.6261449+08:00 pid=94656 tid=1 format-conversion-undo-state stage=before-source-delete document=文档11 recording=True level=1
2026-09-06T20:34:22.6581429+08:00 pid=94656 tid=1 format-conversion-perf stage=delete-source-host formulaId=41a573f8-7a89-4816-bcd0-eb174c99f5fe numbered=False deltaMs=32 totalMs=32
2026-09-06T20:34:22.6581429+08:00 pid=94656 tid=1 format-conversion-undo-state stage=after-source-delete document=文档11 recording=True level=1
2026-09-06T20:34:22.6581429+08:00 pid=94656 tid=1 format-conversion-forward-source-check stage=delete-source formulaId=41a573f8-7a89-4816-bcd0-eb174c99f5fe bookmarkMissing=True present=False
2026-09-06T20:34:22.6591438+08:00 pid=94656 tid=1 word-undo-begin name=VisualTeX Insert Word OMML Inline Formula recording=True level=1
2026-09-06T20:34:22.7200461+08:00 pid=94656 tid=1 format-conversion-subperf [perf] InsertOmml.insert-native-omml: +61ms (61ms total)
2026-09-06T20:34:22.9696438+08:00 pid=94656 tid=1 format-conversion-subperf [perf] InsertOmml.post-reconcile-layout: +249ms (310ms total)
2026-09-06T20:34:22.9696438+08:00 pid=94656 tid=1 format-conversion-subperf [perf] InsertOmml.final-fingerprint: +1ms (311ms total)
2026-09-06T20:34:22.9706440+08:00 pid=94656 tid=1 format-conversion-subperf [perf] InsertOmml.final-anchor: +0ms (311ms total)
2026-09-06T20:34:22.9726408+08:00 pid=94656 tid=1 format-conversion-subperf [perf] InsertOmml.final-metadata: +2ms (313ms total)
2026-09-06T20:34:22.9726408+08:00 pid=94656 tid=1 format-conversion-perf stage=insert-target formulaId=41a573f8-7a89-4816-bcd0-eb174c99f5fe numbered=False deltaMs=315 totalMs=347
2026-09-06T20:34:22.9726408+08:00 pid=94656 tid=1 format-conversion-undo-state stage=after-target-insert document=文档11 recording=False level=0
2026-09-06T20:34:22.9726408+08:00 pid=94656 tid=1 format-conversion-forward-source-check stage=insert-target formulaId=41a573f8-7a89-4816-bcd0-eb174c99f5fe bookmarkMissing=True present=False
2026-09-06T20:34:23.0026404+08:00 pid=94656 tid=1 format-conversion-target-stable formulaId=41a573f8-7a89-4816-bcd0-eb174c99f5fe targetMode=wordOmml count=6 elapsedMs=29
2026-09-06T20:34:23.0026404+08:00 pid=94656 tid=1 format-conversion-forward-source-check stage=post-transaction formulaId=41a573f8-7a89-4816-bcd0-eb174c99f5fe bookmarkMissing=True present=False
2026-09-06T20:34:23.0036428+08:00 pid=94656 tid=1 format-conversion-perf stage=verify-target formulaId=41a573f8-7a89-4816-bcd0-eb174c99f5fe numbered=False deltaMs=31 totalMs=378
2026-09-06T20:34:23.0036428+08:00 pid=94656 tid=1 format-conversion-finalize-perf stage=source-residual-check sourceMode=mathTypeOle targetMode=wordOmml deltaMs=0 totalMs=0
2026-09-06T20:34:23.0036428+08:00 pid=94656 tid=1 format-conversion-finalize-perf stage=target-count-check sourceMode=mathTypeOle targetMode=wordOmml deltaMs=0 totalMs=0
2026-09-06T20:34:23.0036428+08:00 pid=94656 tid=1 format-conversion-undo-state stage=before-source-window-close-commit document=文档11 recording=False level=0
2026-09-06T20:34:23.0046437+08:00 pid=94656 tid=1 format-conversion-undo-state stage=after-source-window-close-commit document=文档11 recording=False level=0
2026-09-06T20:34:23.2891980+08:00 pid=94656 tid=1 word-undo-begin name=VisualTeX Finalize Formula Conversion recording=False level=0
2026-09-06T20:34:23.2901987+08:00 pid=94656 tid=1 word-undo-started name=VisualTeX Finalize Formula Conversion recording=True level=1
2026-09-06T20:34:23.3648597+08:00 pid=94656 tid=1 word-xml-incomplete-export document=文档11 attempt=1 maths=0/6 oles=0/0
2026-09-06T20:34:23.4218572+08:00 pid=94656 tid=1 format-conversion-omml-identities-before-numbering count=6
2026-09-06T20:34:23.4218572+08:00 pid=94656 tid=1 format-conversion-number-format-restored format=heading2-dash
2026-09-06T20:34:29.7402462+08:00 pid=94656 tid=1 format-conversion-target-finalize-failed sourceMode=mathTypeOle targetMode=wordOmml committed=6 error=System.IO.InvalidDataException: The converted OMML row identities or number fields are incomplete.
   在 VisualTeX.WordVsto.WordFormulaService.ApplyFormulaFormatConversionPlan(WordFormulaFormatConversionPlan plan, IReadOnlyDictionary`2 prepared)
2026-09-06T20:34:29.7402462+08:00 pid=94656 tid=1 format-conversion-transaction-failed error=System.IO.InvalidDataException: The converted OMML row identities or number fields are incomplete.
   在 VisualTeX.WordVsto.WordFormulaService.ApplyFormulaFormatConversionPlan(WordFormulaFormatConversionPlan plan, IReadOnlyDictionary`2 prepared)
2026-09-06T20:34:29.7412477+08:00 pid=94656 tid=1 format-conversion-undo-state stage=failure-before-end document=文档11 recording=False level=0
2026-09-06T20:34:29.7422473+08:00 pid=94656 tid=1 format-conversion-undo-state stage=failure-after-end document=文档11 recording=False level=0
2026-09-06T20:34:52.7614143+08:00 pid=94656 tid=1 word-undo-history-recovery original=4325 current=4884 owned=559
2026-09-06T20:35:35.3217626+08:00 pid=94656 tid=1 format-conversion-recovery afterUndoBodyMatches=True
2026-09-06T20:35:35.3677652+08:00 pid=94656 tid=1 format-conversion-recovery-verified body=True mathFont=True metadata=True variables=True
2026-09-06T20:35:35.3677652+08:00 pid=94656 tid=1 format-conversion-rollback-verified targets=6 error=System.IO.InvalidDataException: The converted OMML row identities or number fields are incomplete.
   在 VisualTeX.WordVsto.WordFormulaService.ApplyFormulaFormatConversionPlan(WordFormulaFormatConversionPlan plan, IReadOnlyDictionary`2 prepared)
2026-09-06T20:35:35.3707628+08:00 pid=94656 tid=1 format-conversion-failed sourceMode=mathTypeOle targetMode=wordOmml error=System.IO.InvalidDataException: The converted OMML row identities or number fields are incomplete.
   在 VisualTeX.WordVsto.WordFormulaService.ApplyFormulaFormatConversionPlan(WordFormulaFormatConversionPlan plan, IReadOnlyDictionary`2 prepared)
   在 VisualTeX.WordVsto.OfficeUiDispatcher.<>c__DisplayClass4_0`1.<InvokeAsync>g__Execute|0()
--- 引发异常的上一位置中堆栈跟踪的末尾 ---
   在 System.Runtime.ExceptionServices.ExceptionDispatchInfo.Throw()
   在 System.Runtime.CompilerServices.TaskAwaiter.HandleNonSuccessAndDebuggerNotification(Task task)
   在 System.Runtime.CompilerServices.ConfiguredTaskAwaitable`1.ConfiguredTaskAwaiter.GetResult()
   在 VisualTeX.WordVsto.ThisAddIn.<ConvertFormulaFormatAsync>d__165.MoveNext()
2026-09-06T20:38:36.8757850+08:00 pid=94656 tid=11 left-down x=2327 y=1615 wordForeground=True
2026-09-06T20:38:38.7622539+08:00 pid=94656 tid=11 left-down x=2294 y=1552 wordForeground=False
2026-09-06T20:38:42.4509794+08:00 pid=94656 tid=11 left-down x=3538 y=941 wordForeground=False
2026-09-06T20:38:59.5706495+08:00 pid=94656 tid=11 left-down x=838 y=2134 wordForeground=False
2026-09-06T20:39:02.7604018+08:00 pid=94656 tid=11 left-down x=2513 y=463 wordForeground=False
2026-09-06T20:43:15.3874445+08:00 pid=94656 tid=11 left-down x=1872 y=722 wordForeground=True
2026-09-06T20:43:23.3868054+08:00 pid=94656 tid=11 left-down x=1317 y=747 wordForeground=False
2026-09-06T20:43:26.4087281+08:00 pid=94656 tid=11 left-down x=1792 y=747 wordForeground=False
2026-09-06T20:43:38.3870908+08:00 pid=94656 tid=11 left-down x=2058 y=1197 wordForeground=True
2026-09-06T20:43:52.7218716+08:00 pid=94656 tid=11 left-down x=1382 y=1120 wordForeground=False
2026-09-06T20:43:55.0245182+08:00 pid=94656 tid=11 left-down x=2332 y=460 wordForeground=False
2026-09-06T20:43:57.0555736+08:00 pid=94656 tid=11 left-down x=2492 y=460 wordForeground=False
2026-09-06T20:44:31.9011053+08:00 pid=94656 tid=11 left-down x=1776 y=1270 wordForeground=False
2026-09-06T20:44:43.7485503+08:00 pid=94656 tid=11 left-down x=2058 y=1245 wordForeground=True
2026-09-06T20:44:51.9238042+08:00 pid=94656 tid=11 left-down x=1872 y=894 wordForeground=True
2026-09-06T20:51:58.7828982+08:00 pid=94656 tid=11 left-down x=3322 y=1198 wordForeground=True
2026-09-06T20:54:03.4256316+08:00 pid=94656 tid=11 left-down x=2649 y=1482 wordForeground=False
2026-09-06T20:54:04.5351148+08:00 pid=94656 tid=11 left-down x=1875 y=2003 wordForeground=False
2026-09-06T20:54:05.7881969+08:00 pid=94656 tid=11 left-down x=2514 y=1766 wordForeground=False
2026-09-06T20:54:42.9321232+08:00 pid=94656 tid=11 left-down x=1776 y=1270 wordForeground=False
2026-09-06T20:55:49.0180024+08:00 pid=94656 tid=11 left-down x=1776 y=1270 wordForeground=False
2026-09-06T20:55:55.2235811+08:00 pid=94656 tid=11 left-down x=3287 y=1277 wordForeground=False
2026-09-06T20:57:43.8119881+08:00 pid=94656 tid=11 left-down x=1226 y=1122 wordForeground=True
2026-09-06T20:57:44.0699224+08:00 pid=94656 tid=11 left-down x=1226 y=1122 wordForeground=True
2026-09-06T20:57:44.0709217+08:00 pid=94656 tid=11 double-click elapsedMs=258.106 withinX=True withinY=True nativeOleTarget=False suppressSecondDown=False dispatchCallback=True
2026-09-06T20:57:44.1781039+08:00 pid=94656 tid=26 callback-begin interceptedNativeOle=False x=1226 y=1122
2026-09-06T20:57:44.1781039+08:00 pid=94656 tid=26 addin-callback-received interceptedNativeOle=False x=1226 y=1122
2026-09-06T20:57:44.1791054+08:00 pid=94656 tid=26 callback-end
2026-09-06T20:57:44.1801087+08:00 pid=94656 tid=1 addin-coordinate-selection formulaId=<null> objectMode=<null>
2026-09-06T20:57:48.6153076+08:00 pid=94656 tid=11 left-down x=1967 y=958 wordForeground=True
2026-09-06T20:57:49.7164710+08:00 pid=94656 tid=11 left-down x=3220 y=1476 wordForeground=True
2026-09-06T20:57:52.1245304+08:00 pid=94656 tid=11 left-down x=2352 y=1621 wordForeground=False
2026-09-06T20:57:52.8768409+08:00 pid=94656 tid=11 left-down x=2325 y=1549 wordForeground=False
2026-09-06T20:57:57.2060689+08:00 pid=94656 tid=11 left-down x=3532 y=950 wordForeground=False
2026-09-06T20:58:49.8794557+08:00 pid=94656 tid=11 left-down x=1776 y=1270 wordForeground=False
2026-09-06T20:59:56.6039823+08:00 pid=94656 tid=11 left-down x=3419 y=1293 wordForeground=True
2026-09-06T20:59:58.3096036+08:00 pid=94656 tid=11 left-down x=1526 y=1265 wordForeground=False
2026-09-06T20:59:59.1807458+08:00 pid=94656 tid=11 left-down x=1951 y=1100 wordForeground=True
2026-09-06T21:00:00.8627611+08:00 pid=94656 tid=11 left-down x=1967 y=1302 wordForeground=True
2026-09-06T21:02:26.3470329+08:00 pid=94656 tid=11 left-down x=3305 y=1428 wordForeground=True
2026-09-06T21:02:28.4187103+08:00 pid=94656 tid=11 left-down x=2391 y=1613 wordForeground=False
2026-09-06T21:02:29.2363011+08:00 pid=94656 tid=11 left-down x=2345 y=1578 wordForeground=False
2026-09-06T21:02:31.5922662+08:00 pid=94656 tid=11 left-down x=3555 y=953 wordForeground=False
2026-09-06T21:02:49.1913723+08:00 pid=94656 tid=11 left-down x=1226 y=1122 wordForeground=True
2026-09-06T21:02:49.4632565+08:00 pid=94656 tid=11 left-down x=1226 y=1122 wordForeground=True
2026-09-06T21:02:49.4632565+08:00 pid=94656 tid=11 double-click elapsedMs=271.528 withinX=True withinY=True nativeOleTarget=False suppressSecondDown=False dispatchCallback=True
2026-09-06T21:02:49.5593547+08:00 pid=94656 tid=36 callback-begin interceptedNativeOle=False x=1226 y=1122
2026-09-06T21:02:49.5593547+08:00 pid=94656 tid=36 addin-callback-received interceptedNativeOle=False x=1226 y=1122
2026-09-06T21:02:49.5593547+08:00 pid=94656 tid=36 callback-end
2026-09-06T21:02:49.5603558+08:00 pid=94656 tid=1 addin-coordinate-selection formulaId=<null> objectMode=<null>
2026-09-06T21:04:01.2143647+08:00 pid=94656 tid=11 left-down x=1862 y=913 wordForeground=True
2026-09-06T21:04:02.7551041+08:00 pid=94656 tid=11 left-down x=3251 y=1257 wordForeground=True
2026-09-06T21:04:04.9569861+08:00 pid=94656 tid=11 left-down x=2360 y=1624 wordForeground=False
2026-09-06T21:04:05.6854485+08:00 pid=94656 tid=11 left-down x=2229 y=1506 wordForeground=False
2026-09-06T21:04:06.6488654+08:00 pid=94656 tid=11 left-down x=2296 y=1541 wordForeground=False
2026-09-06T21:04:10.0098170+08:00 pid=94656 tid=11 left-down x=3548 y=938 wordForeground=False
2026-09-06T21:04:11.6128399+08:00 pid=94656 tid=11 left-down x=1498 y=1085 wordForeground=False
2026-09-06T21:04:22.7210915+08:00 pid=94656 tid=11 left-down x=3288 y=1228 wordForeground=True
2026-09-06T21:04:36.4878266+08:00 pid=94656 tid=11 left-down x=1226 y=1122 wordForeground=True
2026-09-06T21:04:36.7720147+08:00 pid=94656 tid=11 left-down x=1226 y=1122 wordForeground=True
2026-09-06T21:04:36.7740119+08:00 pid=94656 tid=11 double-click elapsedMs=284.848 withinX=True withinY=True nativeOleTarget=False suppressSecondDown=False dispatchCallback=True
2026-09-06T21:04:36.8790122+08:00 pid=94656 tid=13 callback-begin interceptedNativeOle=False x=1226 y=1122
2026-09-06T21:04:36.8790122+08:00 pid=94656 tid=13 addin-callback-received interceptedNativeOle=False x=1226 y=1122
2026-09-06T21:04:36.8790122+08:00 pid=94656 tid=13 callback-end
2026-09-06T21:04:36.8800126+08:00 pid=94656 tid=1 addin-coordinate-selection formulaId=<null> objectMode=<null>
2026-09-06T21:05:55.2305037+08:00 pid=94656 tid=11 left-down x=3213 y=1319 wordForeground=True
2026-09-06T21:06:00.6607444+08:00 pid=94656 tid=11 left-down x=1423 y=1125 wordForeground=False
2026-09-06T21:07:41.0371930+08:00 pid=94656 tid=11 left-down x=1872 y=722 wordForeground=True
2026-09-06T21:08:01.8596257+08:00 pid=94656 tid=11 left-down x=2058 y=1197 wordForeground=True
2026-09-06T21:09:13.5738436+08:00 pid=94656 tid=11 left-down x=3259 y=1259 wordForeground=True
2026-09-06T21:09:21.6224214+08:00 pid=94656 tid=11 left-down x=1555 y=1220 wordForeground=False
2026-09-06T21:09:24.3168696+08:00 pid=94656 tid=11 left-down x=1640 y=1276 wordForeground=True
2026-09-06T21:10:05.9448385+08:00 pid=94656 tid=11 left-down x=913 y=194 wordForeground=True
2026-09-06T21:10:24.8337556+08:00 pid=94656 tid=11 left-down x=1099 y=668 wordForeground=True
2026-09-06T21:10:39.3138056+08:00 pid=94656 tid=11 left-down x=1382 y=1120 wordForeground=False
2026-09-06T21:10:42.5787899+08:00 pid=94656 tid=11 left-down x=2492 y=460 wordForeground=False
2026-09-06T21:11:33.4772666+08:00 pid=94656 tid=11 left-down x=1776 y=1270 wordForeground=False
2026-09-06T21:11:46.5228316+08:00 pid=94656 tid=11 left-down x=1099 y=716 wordForeground=True
2026-09-06T21:11:54.7549579+08:00 pid=94656 tid=11 left-down x=913 y=366 wordForeground=True
2026-09-06T21:13:04.1762713+08:00 pid=94656 tid=11 left-down x=3360 y=1425 wordForeground=True
2026-09-06T21:13:12.1735535+08:00 pid=94656 tid=11 left-down x=1336 y=1201 wordForeground=False
2026-09-06T21:13:16.5127329+08:00 pid=94656 tid=11 left-down x=1060 y=1037 wordForeground=True
2026-09-06T21:13:18.2965756+08:00 pid=94656 tid=11 left-down x=1147 y=1380 wordForeground=True
2026-09-06T21:14:16.7730021+08:00 pid=94656 tid=11 left-down x=1776 y=1270 wordForeground=False
2026-09-06T21:14:25.7350166+08:00 pid=94656 tid=11 left-down x=913 y=194 wordForeground=True
2026-09-06T21:14:39.1828022+08:00 pid=94656 tid=11 left-down x=913 y=366 wordForeground=True
2026-09-06T21:15:34.7992343+08:00 pid=94656 tid=11 left-down x=1776 y=1270 wordForeground=False
2026-09-06T21:20:43.8578793+08:00 pid=94656 tid=11 left-down x=257 y=681 wordForeground=True
2026-09-06T21:20:44.1486386+08:00 pid=94656 tid=11 left-down x=257 y=681 wordForeground=True
2026-09-06T21:20:44.1496411+08:00 pid=94656 tid=11 double-click elapsedMs=290.54 withinX=True withinY=True nativeOleTarget=False suppressSecondDown=False dispatchCallback=True
2026-09-06T21:20:44.2506387+08:00 pid=94656 tid=13 callback-begin interceptedNativeOle=False x=257 y=681
2026-09-06T21:20:44.2506387+08:00 pid=94656 tid=13 addin-callback-received interceptedNativeOle=False x=257 y=681
2026-09-06T21:20:44.2506387+08:00 pid=94656 tid=13 callback-end
2026-09-06T21:20:44.2516390+08:00 pid=94656 tid=1 addin-coordinate-selection formulaId=<null> objectMode=<null>
2026-09-06T21:22:57.0310369+08:00 pid=94656 tid=11 left-down x=1872 y=722 wordForeground=True
2026-09-06T21:23:05.5790431+08:00 pid=94656 tid=11 left-down x=1382 y=1120 wordForeground=False
2026-09-06T21:23:08.7615890+08:00 pid=94656 tid=11 left-down x=2492 y=460 wordForeground=False
2026-09-06T21:23:25.3153962+08:00 pid=94656 tid=11 left-down x=3244 y=1386 wordForeground=True
2026-09-06T21:23:39.6813587+08:00 pid=94656 tid=11 left-down x=1500 y=747 wordForeground=False
2026-09-06T21:24:16.9911967+08:00 pid=94656 tid=11 left-down x=1776 y=1270 wordForeground=False
2026-09-06T21:24:29.6187504+08:00 pid=94656 tid=11 left-down x=2058 y=1221 wordForeground=True
2026-09-06T21:24:37.7043063+08:00 pid=94656 tid=11 left-down x=1872 y=894 wordForeground=True
2026-09-06T21:25:47.0102112+08:00 pid=94656 tid=11 left-down x=3420 y=1159 wordForeground=True
2026-09-06T21:28:18.0365197+08:00 pid=94656 tid=11 left-down x=3020 y=1882 wordForeground=False
2026-09-06T21:28:41.0378328+08:00 pid=94656 tid=11 left-down x=2447 y=1622 wordForeground=False
2026-09-06T21:28:41.8341760+08:00 pid=94656 tid=11 left-down x=2351 y=1574 wordForeground=False
2026-09-06T21:28:48.4849804+08:00 pid=94656 tid=11 left-down x=3554 y=941 wordForeground=False
2026-09-06T21:29:06.5771692+08:00 pid=94656 tid=11 left-down x=2759 y=1917 wordForeground=False
2026-09-06T21:30:05.0453892+08:00 pid=94656 tid=11 left-down x=1776 y=1270 wordForeground=False
2026-09-06T21:30:14.1942628+08:00 pid=94656 tid=11 left-down x=1872 y=722 wordForeground=True
2026-09-06T21:30:27.2242259+08:00 pid=94656 tid=11 left-down x=1872 y=894 wordForeground=True
2026-09-06T21:30:58.4660472+08:00 pid=94656 tid=11 left-down x=3287 y=1354 wordForeground=True
2026-09-06T21:31:04.5194772+08:00 pid=94656 tid=11 left-down x=3193 y=1291 wordForeground=True
2026-09-06T21:31:11.8995891+08:00 pid=94656 tid=11 left-down x=3312 y=1360 wordForeground=True
2026-09-06T21:31:18.1226768+08:00 pid=94656 tid=11 left-down x=1776 y=1270 wordForeground=False
2026-09-06T21:31:32.8563072+08:00 pid=94656 tid=11 left-down x=3455 y=1476 wordForeground=True
2026-09-06T21:32:02.0032843+08:00 pid=94656 tid=11 left-down x=1925 y=1563 wordForeground=True
2026-09-06T21:32:03.1081724+08:00 pid=94656 tid=11 left-down x=3428 y=1458 wordForeground=True
2026-09-06T21:32:31.3165104+08:00 pid=94656 tid=11 left-down x=3294 y=1512 wordForeground=True
2026-09-06T21:34:48.5360947+08:00 pid=94656 tid=11 left-down x=3228 y=1368 wordForeground=True
2026-09-06T21:34:54.4298014+08:00 pid=94656 tid=11 left-down x=3061 y=1317 wordForeground=False
2026-09-06T21:35:04.3463672+08:00 pid=94656 tid=11 left-down x=2884 y=1710 wordForeground=False
2026-09-06T21:35:12.6795777+08:00 pid=94656 tid=11 left-down x=2818 y=1889 wordForeground=False
2026-09-06T21:35:23.0616721+08:00 pid=94656 tid=11 left-down x=2446 y=1904 wordForeground=False
2026-09-06T21:35:44.1594482+08:00 pid=94656 tid=11 left-down x=1750 y=2017 wordForeground=False
2026-09-06T21:35:47.6984784+08:00 pid=94656 tid=11 left-down x=2311 y=1771 wordForeground=False
2026-09-06T21:36:02.4423571+08:00 pid=94656 tid=11 left-down x=1216 y=1122 wordForeground=True
2026-09-06T21:36:02.8230842+08:00 pid=94656 tid=11 left-down x=1216 y=1122 wordForeground=True
2026-09-06T21:36:02.8230842+08:00 pid=94656 tid=11 double-click elapsedMs=380.228 withinX=True withinY=True nativeOleTarget=False suppressSecondDown=False dispatchCallback=True
2026-09-06T21:36:02.9216311+08:00 pid=94656 tid=36 callback-begin interceptedNativeOle=False x=1216 y=1122
2026-09-06T21:36:02.9216311+08:00 pid=94656 tid=36 addin-callback-received interceptedNativeOle=False x=1216 y=1122
2026-09-06T21:36:02.9226324+08:00 pid=94656 tid=36 callback-end
2026-09-06T21:36:02.9226324+08:00 pid=94656 tid=1 addin-coordinate-selection formulaId=<null> objectMode=<null>
2026-09-06T21:37:19.4533246+08:00 pid=94656 tid=11 left-down x=3336 y=1372 wordForeground=True
2026-09-06T21:37:25.9311306+08:00 pid=94656 tid=11 left-down x=2405 y=1625 wordForeground=False
2026-09-06T21:37:27.3240473+08:00 pid=94656 tid=11 left-down x=2310 y=1561 wordForeground=False
2026-09-06T21:37:29.6764534+08:00 pid=94656 tid=11 left-down x=3539 y=957 wordForeground=False
2026-09-06T21:37:31.6505439+08:00 pid=94656 tid=11 left-down x=2655 y=1907 wordForeground=False
2026-09-06T21:37:48.1002430+08:00 pid=94656 tid=11 left-down x=1382 y=1120 wordForeground=False
2026-09-06T21:37:51.4060575+08:00 pid=94656 tid=11 left-down x=2492 y=460 wordForeground=False
2026-09-06T21:38:18.4235008+08:00 pid=94656 tid=11 left-down x=1255 y=1032 wordForeground=True
2026-09-06T21:38:24.8001849+08:00 pid=94656 tid=11 left-down x=2693 y=1663 wordForeground=True
2026-09-06T21:38:26.2809321+08:00 pid=94656 tid=11 left-down x=3239 y=1682 wordForeground=False
2026-09-06T21:38:28.3748710+08:00 pid=94656 tid=11 left-down x=3146 y=1684 wordForeground=False
2026-09-06T21:38:45.5014163+08:00 pid=94656 tid=11 left-down x=1151 y=2140 wordForeground=False
2026-09-06T21:39:11.7858931+08:00 pid=94656 tid=11 left-down x=3303 y=1566 wordForeground=False
2026-09-06T21:39:17.5364757+08:00 pid=94656 tid=11 left-down x=3268 y=1483 wordForeground=False
2026-09-06T21:39:20.5981504+08:00 pid=94656 tid=11 left-down x=2801 y=1901 wordForeground=False
2026-09-06T21:39:32.0178997+08:00 pid=94656 tid=11 left-down x=2801 y=1901 wordForeground=True
2026-09-06T21:41:54.3641578+08:00 pid=94656 tid=11 left-down x=1872 y=722 wordForeground=True
2026-09-06T21:42:55.0268154+08:00 pid=94656 tid=11 left-down x=1332 y=734 wordForeground=True
2026-09-06T21:42:56.7920060+08:00 pid=94656 tid=11 left-down x=3277 y=1290 wordForeground=True
2026-09-06T21:44:10.1700307+08:00 pid=94656 tid=11 left-down x=1445 y=832 wordForeground=True
2026-09-06T21:44:10.5159255+08:00 pid=94656 tid=11 left-down x=1445 y=832 wordForeground=True
2026-09-06T21:44:10.5169252+08:00 pid=94656 tid=11 double-click elapsedMs=345.964 withinX=True withinY=True nativeOleTarget=False suppressSecondDown=False dispatchCallback=True
2026-09-06T21:44:10.6206002+08:00 pid=94656 tid=26 callback-begin interceptedNativeOle=False x=1445 y=832
2026-09-06T21:44:10.6206002+08:00 pid=94656 tid=26 addin-callback-received interceptedNativeOle=False x=1445 y=832
2026-09-06T21:44:10.6206002+08:00 pid=94656 tid=26 callback-end
2026-09-06T21:44:10.6216027+08:00 pid=94656 tid=1 addin-coordinate-selection formulaId=<null> objectMode=<null>
2026-09-06T21:44:12.3426609+08:00 pid=94656 tid=11 left-down x=3812 y=9 wordForeground=False
2026-09-06T21:44:14.5609655+08:00 pid=94656 tid=11 left-down x=1517 y=985 wordForeground=True
2026-09-06T21:44:43.1283275+08:00 pid=94656 tid=11 left-down x=1820 y=1993 wordForeground=True
2026-09-06T21:44:45.0561251+08:00 pid=94656 tid=11 left-down x=2265 y=1773 wordForeground=False
2026-09-06T21:45:35.1493225+08:00 pid=94656 tid=11 left-down x=1897 y=1997 wordForeground=False
2026-09-06T21:45:36.6796199+08:00 pid=94656 tid=11 left-down x=2373 y=1907 wordForeground=False
2026-09-06T21:45:37.7690254+08:00 pid=94656 tid=11 left-down x=2372 y=1627 wordForeground=False
2026-09-06T21:45:38.8760745+08:00 pid=94656 tid=11 left-down x=2305 y=1600 wordForeground=False
2026-09-06T21:45:41.3758875+08:00 pid=94656 tid=11 left-down x=3535 y=976 wordForeground=False
2026-09-06T21:45:42.8710667+08:00 pid=94656 tid=11 left-down x=2685 y=1869 wordForeground=False
2026-09-06T21:46:38.0605610+08:00 pid=94656 tid=11 left-down x=1982 y=2015 wordForeground=False
2026-09-06T21:46:45.3299488+08:00 pid=94656 tid=11 left-down x=852 y=2147 wordForeground=False
2026-09-06T21:46:48.8000793+08:00 pid=94656 tid=11 left-down x=2927 y=1203 wordForeground=False
2026-09-06T21:47:00.5635201+08:00 pid=94656 tid=11 left-down x=1718 y=624 wordForeground=False
2026-09-06T21:47:02.7004831+08:00 pid=94656 tid=11 left-down x=2217 y=1462 wordForeground=False
2026-09-06T21:47:32.1617379+08:00 pid=94656 tid=11 left-down x=1235 y=828 wordForeground=True
2026-09-06T21:47:40.1065577+08:00 pid=94656 tid=11 left-down x=1049 y=502 wordForeground=True
2026-09-06T21:47:45.6872172+08:00 pid=94656 tid=11 left-down x=403 y=1089 wordForeground=True
2026-09-06T21:47:46.0650416+08:00 pid=94656 tid=11 left-down x=403 y=1089 wordForeground=True
2026-09-06T21:47:46.0650416+08:00 pid=94656 tid=11 double-click elapsedMs=377.292 withinX=True withinY=True nativeOleTarget=False suppressSecondDown=False dispatchCallback=True
2026-09-06T21:47:46.1712178+08:00 pid=94656 tid=35 callback-begin interceptedNativeOle=False x=403 y=1089
2026-09-06T21:47:46.1712178+08:00 pid=94656 tid=35 addin-callback-received interceptedNativeOle=False x=403 y=1089
2026-09-06T21:47:46.1712178+08:00 pid=94656 tid=35 callback-end
2026-09-06T21:47:46.1722185+08:00 pid=94656 tid=1 addin-coordinate-selection formulaId=<null> objectMode=<null>
2026-09-06T21:47:56.4751665+08:00 pid=94656 tid=11 left-down x=584 y=1013 wordForeground=True
2026-09-06T21:48:00.8045708+08:00 pid=94656 tid=11 left-down x=2608 y=1634 wordForeground=True
2026-09-06T21:48:24.4595082+08:00 pid=94656 tid=11 left-down x=1927 y=1995 wordForeground=False
2026-09-06T21:48:26.8750354+08:00 pid=94656 tid=11 left-down x=2318 y=1897 wordForeground=False
2026-09-06T21:57:13.7136272+08:00 pid=94656 tid=11 left-down x=1938 y=2024 wordForeground=False
2026-09-06T21:57:15.3281417+08:00 pid=94656 tid=11 left-down x=2338 y=1891 wordForeground=False
2026-09-06T21:59:58.9254349+08:00 pid=94656 tid=11 left-down x=2320 y=1675 wordForeground=False
2026-09-06T22:00:02.9716156+08:00 pid=94656 tid=11 left-down x=686 y=2131 wordForeground=False
2026-09-06T22:00:05.6345339+08:00 pid=94656 tid=11 left-down x=1008 y=1231 wordForeground=False
2026-09-06T22:00:06.0630036+08:00 pid=94656 tid=11 left-down x=1008 y=1231 wordForeground=False
2026-09-06T22:00:08.3345358+08:00 pid=94656 tid=11 left-down x=2052 y=1288 wordForeground=False
2026-09-06T22:00:09.0407728+08:00 pid=94656 tid=11 left-down x=2052 y=1288 wordForeground=False
2026-09-06T22:00:10.0976145+08:00 pid=94656 tid=11 left-down x=2052 y=1288 wordForeground=False
2026-09-06T22:00:11.2901651+08:00 pid=94656 tid=11 left-down x=2052 y=1288 wordForeground=False
