2026-09-06T20:41:54.9376178+08:00 pid=112840 tid=1 word-addin-loaded pid=112840 assembly=C:\Users\pojian_liao\AppData\Local\VisualTeX\office\remediation-builds\33B8D8C68842F83D9A7D6B8744C62EFEFFD8590657A9EFC206F276101FFDC97A\VisualTeX.WordVsto.dll mvid=c40ea20a-8f3d-4d47-bc80-dc34797bccde
2026-09-06T20:41:55.3241943+08:00 pid=112840 tid=1 hook-started handle=0x7174EA3
2026-09-06T20:41:55.5270471+08:00 pid=112840 tid=10 mathtype-native-preview-shared-prewarm-complete
2026-09-06T20:43:15.3434047+08:00 pid=112840 tid=12 left-down x=1872 y=722 wordForeground=True
2026-09-06T20:43:15.8176966+08:00 pid=112840 tid=1 word-undo-begin name=VisualTeX Set Equation Number Format recording=False level=0
2026-09-06T20:43:15.8176966+08:00 pid=112840 tid=1 word-undo-started name=VisualTeX Set Equation Number Format recording=True level=1
2026-09-06T20:43:15.8546965+08:00 pid=112840 tid=1 word-undo-end recording=False level=0
2026-09-06T20:43:23.3596664+08:00 pid=112840 tid=12 left-down x=1317 y=747 wordForeground=False
2026-09-06T20:43:26.3260564+08:00 pid=112840 tid=12 left-down x=1792 y=747 wordForeground=False
2026-09-06T20:43:30.3850832+08:00 pid=112840 tid=1 word-undo-begin name=VisualTeX Insert MathType OLE Numbered Display Formula recording=False level=0
2026-09-06T20:43:30.3850832+08:00 pid=112840 tid=1 word-undo-started name=VisualTeX Insert MathType OLE Numbered Display Formula recording=True level=1
2026-09-06T20:43:30.3940943+08:00 pid=112840 tid=1 mathtype-insert-perf stage=resolve-insertion numbered=True inline=False deltaMs=9 totalMs=9
2026-09-06T20:43:30.3960943+08:00 pid=112840 tid=1 mathtype-insert-perf stage=clear-incomplete-number-row numbered=True inline=False deltaMs=2 totalMs=11
2026-09-06T20:43:30.3980960+08:00 pid=112840 tid=1 mathtype-insert-perf stage=number-template-heading-state numbered=True inline=False deltaMs=2 totalMs=13
2026-09-06T20:43:30.4000945+08:00 pid=112840 tid=1 mathtype-insert-perf stage=prepare-display-row numbered=True inline=False deltaMs=2 totalMs=15
2026-09-06T20:43:30.4210943+08:00 pid=112840 tid=1 mathtype-insert-perf stage=build-flat-opc numbered=True inline=False deltaMs=21 totalMs=36
2026-09-06T20:43:30.4210943+08:00 pid=112840 tid=1 mathtype-insert-perf stage=pre-insert-bookkeeping numbered=True inline=False deltaMs=0 totalMs=36
2026-09-06T20:43:30.4670932+08:00 pid=112840 tid=1 mathtype-insert-perf stage=insert-flat-opc numbered=True inline=False deltaMs=46 totalMs=82
2026-09-06T20:43:30.5830282+08:00 pid=112840 tid=1 mathtype-insert-perf stage=resolve-new-shape numbered=True inline=False deltaMs=116 totalMs=198
2026-09-06T20:43:30.6120297+08:00 pid=112840 tid=1 mathtype-insert-perf stage=set-shape-geometry numbered=True inline=False deltaMs=29 totalMs=227
2026-09-06T20:43:30.6120297+08:00 pid=112840 tid=1 mathtype-insert-perf stage=repair-inline-paragraph numbered=True inline=False deltaMs=0 totalMs=227
2026-09-06T20:43:30.6130300+08:00 pid=112840 tid=1 mathtype-insert-perf stage=refresh-native-shape numbered=True inline=False deltaMs=1 totalMs=228
2026-09-06T20:43:30.6210264+08:00 pid=112840 tid=1 mathtype-insert-perf stage=relocate-left-mathtype-field-scaffold numbered=True inline=False deltaMs=8 totalMs=236
2026-09-06T20:43:30.6530262+08:00 pid=112840 tid=1 mathtype-insert-perf stage=complete numbered=True inline=False deltaMs=32 totalMs=268
2026-09-06T20:43:30.6530262+08:00 pid=112840 tid=1 word-undo-end recording=False level=0
2026-09-06T20:43:30.6640282+08:00 pid=112840 tid=9 ribbon-session-operation-released sessionId=76a8ffff-86eb-4cda-b911-2a26ded3deb3
2026-09-06T20:43:38.3590903+08:00 pid=112840 tid=12 left-down x=2058 y=1197 wordForeground=True
2026-09-06T20:43:39.8769865+08:00 pid=112840 tid=1 word-xml-incomplete-export document=文档12 attempt=1 maths=0/0 oles=0/1
2026-09-06T20:43:39.9071491+08:00 pid=112840 tid=1 word-undo-begin name=VisualTeX Insert Equation Reference recording=False level=0
2026-09-06T20:43:39.9071491+08:00 pid=112840 tid=1 word-undo-started name=VisualTeX Insert Equation Reference recording=True level=1
2026-09-06T20:43:39.9468376+08:00 pid=112840 tid=1 word-undo-end recording=True level=1
2026-09-06T20:43:39.9473430+08:00 pid=112840 tid=1 reference-insertion-complete target=MathType 公式 (1)
2026-09-06T20:43:48.8701913+08:00 pid=112840 tid=1 bulk-import bulk-import-start
2026-09-06T20:43:48.8871914+08:00 pid=112840 tid=18 bulk-import bulk-import-ui-created sessionId=6333936d-6197-4f0a-a6f2-74bb1bd603d4
2026-09-06T20:43:48.8941921+08:00 pid=112840 tid=5 bulk-import bulk-import-ui-opened sessionId=6333936d-6197-4f0a-a6f2-74bb1bd603d4
2026-09-06T20:43:52.6932727+08:00 pid=112840 tid=12 left-down x=1382 y=1120 wordForeground=False
2026-09-06T20:43:54.9965183+08:00 pid=112840 tid=12 left-down x=2332 y=460 wordForeground=False
2026-09-06T20:43:57.0285737+08:00 pid=112840 tid=12 left-down x=2492 y=460 wordForeground=False
2026-09-06T20:43:59.6388866+08:00 pid=112840 tid=5 bulk-import bulk-import-ui-finished sessionId=6333936d-6197-4f0a-a6f2-74bb1bd603d4 status=committing error=<null>
2026-09-06T20:43:59.6458867+08:00 pid=112840 tid=5 bulk-import parsed blocks=15 formulas=6 mode=MathType fontSizePt=10.5
2026-09-06T20:43:59.6608865+08:00 pid=112840 tid=11 bulk-import render-prepare index=1/6 display=inline latex=\sqrt{E-u\left(x\right)}=\frac{1}{f\left(\omega\right)v_{ph}\left(\omega,x\right)}
2026-09-06T20:43:59.6638880+08:00 pid=112840 tid=11 bulk-import converter-create display=inline mode=mathTypeOle latex=\sqrt{E-u\left(x\right)}=\frac{1}{f\left(\omega\right)v_{ph}\left(\omega,x\right)}
2026-09-06T20:43:59.6704721+08:00 pid=112840 tid=18 bulk-import converter-created sessionId=ec63b2aa-c9d4-4bc7-8d3e-c2dee69b20c3
2026-09-06T20:43:59.6724738+08:00 pid=112840 tid=18 bulk-import render-prepare index=2/6 display=block latex=\begin{cases}\frac{\mathrm{d}}{\mathrm{d}\omega}\left(\omega f\left(\omega\right)\right)=0 \\ \frac{\omega f\left(\omega\right)}{2}\frac{\mathrm{d}E\left(\omega\right)}{\mathrm{d}\omega}=\sqrt{\frac{m}{2}} \end{cases}
2026-09-06T20:43:59.6734741+08:00 pid=112840 tid=18 bulk-import converter-create display=block mode=mathTypeOle latex=\begin{cases}\frac{\mathrm{d}}{\mathrm{d}\omega}\left(\omega f\left(\omega\right)\right)=0 \\ \frac{\omega f\left(\omega\right)}{2}\frac{\mathrm{d}E\left(\omega\right)}{\mathrm{d}\omega}=\sqrt{\frac{m}{2}} \end{cases}
2026-09-06T20:43:59.6764741+08:00 pid=112840 tid=5 bulk-import converter-created sessionId=58c6a0bc-b42b-4dda-94b3-1c0faced4441
2026-09-06T20:43:59.6764741+08:00 pid=112840 tid=5 bulk-import render-prepare index=3/6 display=block latex=\sqrt{\frac{m}{2\left(E\left(\omega\right)-U\right)}}=\frac{\mathrm{d}}{\mathrm{d}\omega}\left(\omega\cdot f\left(\omega\right)\sqrt{\left(E\left(\omega\right)-U\right)}\right)
2026-09-06T20:43:59.6774705+08:00 pid=112840 tid=5 bulk-import converter-create display=block mode=mathTypeOle latex=\sqrt{\frac{m}{2\left(E\left(\omega\right)-U\right)}}=\frac{\mathrm{d}}{\mathrm{d}\omega}\left(\omega\cdot f\left(\omega\right)\sqrt{\left(E\left(\omega\right)-U\right)}\right)
2026-09-06T20:43:59.6814719+08:00 pid=112840 tid=18 bulk-import converter-created sessionId=7a6ea375-aa67-4e11-8090-a25b260d924f
2026-09-06T20:43:59.6814719+08:00 pid=112840 tid=18 bulk-import render-prepare index=4/6 display=block latex=i\hbar \frac{\partial}{\partial t}\psi(\mathbf{r},t) = \left[ -\frac{\hbar^2}{2m}\nabla^2 + V(\mathbf{r},t) \right]\psi(\mathbf{r},t)
2026-09-06T20:43:59.6824734+08:00 pid=112840 tid=18 bulk-import converter-create display=block mode=mathTypeOle latex=i\hbar \frac{\partial}{\partial t}\psi(\mathbf{r},t) = \left[ -\frac{\hbar^2}{2m}\nabla^2 + V(\mathbf{r},t) \right]\psi(\mathbf{r},t)
2026-09-06T20:43:59.6854738+08:00 pid=112840 tid=5 bulk-import converter-created sessionId=2fece7e4-2c05-47e6-9b79-b6ab42ccd38f
2026-09-06T20:43:59.6854738+08:00 pid=112840 tid=5 bulk-import render-prepare index=5/6 display=block latex=\frac{\partial}{\partial t}\psi ^*\left( \vec{r} \right) \psi \left( \vec{r} \right) =\frac{i\hbar}{2m}\nabla \cdot \left[ \psi ^*\left( \vec{r} \right) \nabla \psi \left( \vec{r} \right) -\psi \left( \vec{r} \right) \nabla \psi ^*\left( r \right) \right]
2026-09-06T20:43:59.6864708+08:00 pid=112840 tid=5 bulk-import converter-create display=block mode=mathTypeOle latex=\frac{\partial}{\partial t}\psi ^*\left( \vec{r} \right) \psi \left( \vec{r} \right) =\frac{i\hbar}{2m}\nabla \cdot \left[ \psi ^*\left( \vec{r} \right) \nabla \psi \left( \vec{r} \right) -\psi \left( \vec{r} \right) \nabla \psi ^*\left( r \right) \right]
2026-09-06T20:43:59.6894742+08:00 pid=112840 tid=18 bulk-import converter-created sessionId=c631a9bf-799b-4a3a-b488-88c7f49c5310
2026-09-06T20:43:59.6894742+08:00 pid=112840 tid=18 bulk-import render-prepare index=6/6 display=block latex=\frac{\partial}{\partial t}\rho \left( \vec{r},t \right) +\nabla \cdot \vec{j}=0
2026-09-06T20:43:59.6894742+08:00 pid=112840 tid=18 bulk-import converter-create display=block mode=mathTypeOle latex=\frac{\partial}{\partial t}\rho \left( \vec{r},t \right) +\nabla \cdot \vec{j}=0
2026-09-06T20:43:59.6934729+08:00 pid=112840 tid=5 bulk-import converter-created sessionId=fc81cb27-b2c7-4604-813b-1a9b9b885f72
2026-09-06T20:43:59.6944706+08:00 pid=112840 tid=5 bulk-import render-batch-start unique=6 total=6
2026-09-06T20:43:59.7474997+08:00 pid=112840 tid=18 bulk-import render-batch-item sessionId=ec63b2aa-c9d4-4bc7-8d3e-c2dee69b20c3 status=committing display=inline
2026-09-06T20:43:59.7669755+08:00 pid=112840 tid=5 bulk-import render-batch-item sessionId=58c6a0bc-b42b-4dda-94b3-1c0faced4441 status=committing display=block
2026-09-06T20:43:59.7839757+08:00 pid=112840 tid=18 bulk-import render-batch-item sessionId=7a6ea375-aa67-4e11-8090-a25b260d924f status=committing display=block
2026-09-06T20:43:59.8128478+08:00 pid=112840 tid=5 bulk-import render-batch-item sessionId=2fece7e4-2c05-47e6-9b79-b6ab42ccd38f status=committing display=block
2026-09-06T20:43:59.8598937+08:00 pid=112840 tid=5 bulk-import render-batch-item sessionId=c631a9bf-799b-4a3a-b488-88c7f49c5310 status=committing display=block
2026-09-06T20:43:59.8738953+08:00 pid=112840 tid=18 bulk-import render-batch-item sessionId=fc81cb27-b2c7-4604-813b-1a9b9b885f72 status=committing display=block
2026-09-06T20:43:59.8748946+08:00 pid=112840 tid=18 bulk-import render-batch-complete unique=6 elapsedMs=179
2026-09-06T20:44:00.1918546+08:00 pid=112840 tid=18 bulk-import mathtype-native-preview-batch templates=6 formulas=6 elapsedMs=308
2026-09-06T20:44:00.2268542+08:00 pid=112840 tid=1 word-undo-begin name=VisualTeX 批量导入 recording=False level=0
2026-09-06T20:44:00.2268542+08:00 pid=112840 tid=1 word-undo-started name=VisualTeX 批量导入 recording=True level=1
2026-09-06T20:44:00.3114737+08:00 pid=112840 tid=1 word-undo-begin name=VisualTeX Insert MathType OLE Inline Formula recording=True level=1
2026-09-06T20:44:00.3144740+08:00 pid=112840 tid=1 mathtype-insert-perf stage=resolve-insertion numbered=False inline=True deltaMs=3 totalMs=3
2026-09-06T20:44:00.3204706+08:00 pid=112840 tid=1 mathtype-insert-perf stage=build-flat-opc numbered=False inline=True deltaMs=5 totalMs=8
2026-09-06T20:44:00.3212789+08:00 pid=112840 tid=1 mathtype-insert-perf stage=pre-insert-bookkeeping numbered=False inline=True deltaMs=1 totalMs=9
2026-09-06T20:44:00.3579592+08:00 pid=112840 tid=1 mathtype-insert-perf stage=insert-flat-opc numbered=False inline=True deltaMs=37 totalMs=46
2026-09-06T20:44:00.3589587+08:00 pid=112840 tid=1 mathtype-insert-perf stage=resolve-new-shape numbered=False inline=True deltaMs=0 totalMs=46
2026-09-06T20:44:00.3893088+08:00 pid=112840 tid=1 mathtype-insert-perf stage=set-shape-geometry numbered=False inline=True deltaMs=32 totalMs=78
2026-09-06T20:44:00.3908891+08:00 pid=112840 tid=1 mathtype-insert-perf stage=repair-inline-paragraph numbered=False inline=True deltaMs=1 totalMs=79
2026-09-06T20:44:00.3908891+08:00 pid=112840 tid=1 mathtype-insert-perf stage=refresh-native-shape numbered=False inline=True deltaMs=0 totalMs=79
2026-09-06T20:44:00.3918999+08:00 pid=112840 tid=1 mathtype-insert-perf stage=set-native-baseline numbered=False inline=True deltaMs=1 totalMs=80
2026-09-06T20:44:00.3989011+08:00 pid=112840 tid=1 mathtype-insert-perf stage=restore-typing-baseline numbered=False inline=True deltaMs=6 totalMs=86
2026-09-06T20:44:00.3989011+08:00 pid=112840 tid=1 mathtype-insert-perf stage=complete numbered=False inline=True deltaMs=1 totalMs=87
2026-09-06T20:44:00.4277530+08:00 pid=112840 tid=1 word-undo-begin name=VisualTeX Insert MathType OLE Numbered Display Formula recording=False level=0
2026-09-06T20:44:00.4277530+08:00 pid=112840 tid=1 word-undo-started name=VisualTeX Insert MathType OLE Numbered Display Formula recording=True level=1
2026-09-06T20:44:00.4317529+08:00 pid=112840 tid=1 mathtype-insert-perf stage=resolve-insertion numbered=True inline=False deltaMs=3 totalMs=3
2026-09-06T20:44:00.4317529+08:00 pid=112840 tid=1 mathtype-insert-perf stage=clear-incomplete-number-row numbered=True inline=False deltaMs=1 totalMs=4
2026-09-06T20:44:00.4328736+08:00 pid=112840 tid=1 mathtype-insert-perf stage=number-template-heading-state numbered=True inline=False deltaMs=1 totalMs=5
2026-09-06T20:44:00.4328736+08:00 pid=112840 tid=1 mathtype-insert-perf stage=prepare-display-row numbered=True inline=False deltaMs=0 totalMs=5
2026-09-06T20:44:00.4399240+08:00 pid=112840 tid=1 mathtype-insert-perf stage=build-flat-opc numbered=True inline=False deltaMs=6 totalMs=11
2026-09-06T20:44:00.4399240+08:00 pid=112840 tid=1 mathtype-insert-perf stage=pre-insert-bookkeeping numbered=True inline=False deltaMs=0 totalMs=11
2026-09-06T20:44:00.4757095+08:00 pid=112840 tid=1 mathtype-insert-perf stage=insert-flat-opc numbered=True inline=False deltaMs=36 totalMs=47
2026-09-06T20:44:00.4757095+08:00 pid=112840 tid=1 mathtype-insert-perf stage=resolve-new-shape numbered=True inline=False deltaMs=1 totalMs=48
2026-09-06T20:44:00.4963816+08:00 pid=112840 tid=1 mathtype-insert-perf stage=set-shape-geometry numbered=True inline=False deltaMs=20 totalMs=68
2026-09-06T20:44:00.4963816+08:00 pid=112840 tid=1 mathtype-insert-perf stage=repair-inline-paragraph numbered=True inline=False deltaMs=0 totalMs=68
2026-09-06T20:44:00.4973819+08:00 pid=112840 tid=1 mathtype-insert-perf stage=refresh-native-shape numbered=True inline=False deltaMs=1 totalMs=69
2026-09-06T20:44:00.5003794+08:00 pid=112840 tid=1 mathtype-insert-perf stage=relocate-left-mathtype-field-scaffold numbered=True inline=False deltaMs=4 totalMs=73
2026-09-06T20:44:00.5195355+08:00 pid=112840 tid=1 mathtype-insert-perf stage=complete numbered=True inline=False deltaMs=18 totalMs=91
2026-09-06T20:44:00.5200541+08:00 pid=112840 tid=1 word-undo-end recording=False level=0
2026-09-06T20:44:00.5406219+08:00 pid=112840 tid=1 word-undo-begin name=VisualTeX Insert MathType OLE Numbered Display Formula recording=False level=0
2026-09-06T20:44:00.5416219+08:00 pid=112840 tid=1 word-undo-started name=VisualTeX Insert MathType OLE Numbered Display Formula recording=True level=1
2026-09-06T20:44:00.5446227+08:00 pid=112840 tid=1 mathtype-insert-perf stage=resolve-insertion numbered=True inline=False deltaMs=3 totalMs=3
2026-09-06T20:44:00.5454733+08:00 pid=112840 tid=1 mathtype-insert-perf stage=clear-incomplete-number-row numbered=True inline=False deltaMs=1 totalMs=4
2026-09-06T20:44:00.5459834+08:00 pid=112840 tid=1 mathtype-insert-perf stage=number-template-heading-state numbered=True inline=False deltaMs=1 totalMs=5
2026-09-06T20:44:00.5469958+08:00 pid=112840 tid=1 mathtype-insert-perf stage=prepare-display-row numbered=True inline=False deltaMs=0 totalMs=5
2026-09-06T20:44:00.5529926+08:00 pid=112840 tid=1 mathtype-insert-perf stage=build-flat-opc numbered=True inline=False deltaMs=6 totalMs=11
2026-09-06T20:44:00.5529926+08:00 pid=112840 tid=1 mathtype-insert-perf stage=pre-insert-bookkeeping numbered=True inline=False deltaMs=0 totalMs=11
2026-09-06T20:44:00.5861290+08:00 pid=112840 tid=1 mathtype-insert-perf stage=insert-flat-opc numbered=True inline=False deltaMs=34 totalMs=45
2026-09-06T20:44:00.5861290+08:00 pid=112840 tid=1 mathtype-insert-perf stage=resolve-new-shape numbered=True inline=False deltaMs=0 totalMs=45
2026-09-06T20:44:00.6141370+08:00 pid=112840 tid=1 mathtype-insert-perf stage=set-shape-geometry numbered=True inline=False deltaMs=28 totalMs=73
2026-09-06T20:44:00.6151373+08:00 pid=112840 tid=1 mathtype-insert-perf stage=repair-inline-paragraph numbered=True inline=False deltaMs=0 totalMs=73
2026-09-06T20:44:00.6151373+08:00 pid=112840 tid=1 mathtype-insert-perf stage=refresh-native-shape numbered=True inline=False deltaMs=1 totalMs=74
2026-09-06T20:44:00.6181383+08:00 pid=112840 tid=1 mathtype-insert-perf stage=relocate-left-mathtype-field-scaffold numbered=True inline=False deltaMs=3 totalMs=77
2026-09-06T20:44:00.6357459+08:00 pid=112840 tid=1 mathtype-insert-perf stage=complete numbered=True inline=False deltaMs=18 totalMs=95
2026-09-06T20:44:00.6367462+08:00 pid=112840 tid=1 word-undo-end recording=False level=0
2026-09-06T20:44:00.6990010+08:00 pid=112840 tid=1 word-undo-begin name=VisualTeX Insert MathType OLE Numbered Display Formula recording=False level=0
2026-09-06T20:44:00.6990010+08:00 pid=112840 tid=1 word-undo-started name=VisualTeX Insert MathType OLE Numbered Display Formula recording=True level=1
2026-09-06T20:44:00.7035816+08:00 pid=112840 tid=1 mathtype-insert-perf stage=resolve-insertion numbered=True inline=False deltaMs=4 totalMs=4
2026-09-06T20:44:00.7035816+08:00 pid=112840 tid=1 mathtype-insert-perf stage=clear-incomplete-number-row numbered=True inline=False deltaMs=0 totalMs=4
2026-09-06T20:44:00.7045906+08:00 pid=112840 tid=1 mathtype-insert-perf stage=number-template-heading-state numbered=True inline=False deltaMs=1 totalMs=5
2026-09-06T20:44:00.7045906+08:00 pid=112840 tid=1 mathtype-insert-perf stage=prepare-display-row numbered=True inline=False deltaMs=0 totalMs=5
2026-09-06T20:44:00.7115903+08:00 pid=112840 tid=1 mathtype-insert-perf stage=build-flat-opc numbered=True inline=False deltaMs=7 totalMs=12
2026-09-06T20:44:00.7115903+08:00 pid=112840 tid=1 mathtype-insert-perf stage=pre-insert-bookkeeping numbered=True inline=False deltaMs=0 totalMs=12
2026-09-06T20:44:00.7465896+08:00 pid=112840 tid=1 mathtype-insert-perf stage=insert-flat-opc numbered=True inline=False deltaMs=35 totalMs=47
2026-09-06T20:44:00.7475881+08:00 pid=112840 tid=1 mathtype-insert-perf stage=resolve-new-shape numbered=True inline=False deltaMs=1 totalMs=48
2026-09-06T20:44:00.7775907+08:00 pid=112840 tid=1 mathtype-insert-perf stage=set-shape-geometry numbered=True inline=False deltaMs=30 totalMs=78
2026-09-06T20:44:00.7775907+08:00 pid=112840 tid=1 mathtype-insert-perf stage=repair-inline-paragraph numbered=True inline=False deltaMs=0 totalMs=78
2026-09-06T20:44:00.7795927+08:00 pid=112840 tid=1 mathtype-insert-perf stage=refresh-native-shape numbered=True inline=False deltaMs=2 totalMs=80
2026-09-06T20:44:00.7870541+08:00 pid=112840 tid=1 mathtype-insert-perf stage=relocate-left-mathtype-field-scaffold numbered=True inline=False deltaMs=8 totalMs=88
2026-09-06T20:44:00.8060120+08:00 pid=112840 tid=1 mathtype-insert-perf stage=complete numbered=True inline=False deltaMs=18 totalMs=106
2026-09-06T20:44:00.8060120+08:00 pid=112840 tid=1 word-undo-end recording=False level=0
2026-09-06T20:44:00.8367219+08:00 pid=112840 tid=1 word-undo-begin name=VisualTeX Insert MathType OLE Numbered Display Formula recording=False level=0
2026-09-06T20:44:00.8377208+08:00 pid=112840 tid=1 word-undo-started name=VisualTeX Insert MathType OLE Numbered Display Formula recording=True level=1
2026-09-06T20:44:00.8407214+08:00 pid=112840 tid=1 mathtype-insert-perf stage=resolve-insertion numbered=True inline=False deltaMs=3 totalMs=3
2026-09-06T20:44:00.8407214+08:00 pid=112840 tid=1 mathtype-insert-perf stage=clear-incomplete-number-row numbered=True inline=False deltaMs=0 totalMs=3
2026-09-06T20:44:00.8417216+08:00 pid=112840 tid=1 mathtype-insert-perf stage=number-template-heading-state numbered=True inline=False deltaMs=1 totalMs=4
2026-09-06T20:44:00.8417216+08:00 pid=112840 tid=1 mathtype-insert-perf stage=prepare-display-row numbered=True inline=False deltaMs=1 totalMs=5
2026-09-06T20:44:00.8487196+08:00 pid=112840 tid=1 mathtype-insert-perf stage=build-flat-opc numbered=True inline=False deltaMs=6 totalMs=11
2026-09-06T20:44:00.8487196+08:00 pid=112840 tid=1 mathtype-insert-perf stage=pre-insert-bookkeeping numbered=True inline=False deltaMs=0 totalMs=11
2026-09-06T20:44:00.8797198+08:00 pid=112840 tid=1 mathtype-insert-perf stage=insert-flat-opc numbered=True inline=False deltaMs=31 totalMs=42
2026-09-06T20:44:00.8797198+08:00 pid=112840 tid=1 mathtype-insert-perf stage=resolve-new-shape numbered=True inline=False deltaMs=0 totalMs=42
2026-09-06T20:44:00.9088236+08:00 pid=112840 tid=1 mathtype-insert-perf stage=set-shape-geometry numbered=True inline=False deltaMs=30 totalMs=72
2026-09-06T20:44:00.9088236+08:00 pid=112840 tid=1 mathtype-insert-perf stage=repair-inline-paragraph numbered=True inline=False deltaMs=0 totalMs=72
2026-09-06T20:44:00.9098216+08:00 pid=112840 tid=1 mathtype-insert-perf stage=refresh-native-shape numbered=True inline=False deltaMs=0 totalMs=72
2026-09-06T20:44:00.9128215+08:00 pid=112840 tid=1 mathtype-insert-perf stage=relocate-left-mathtype-field-scaffold numbered=True inline=False deltaMs=4 totalMs=76
2026-09-06T20:44:00.9338222+08:00 pid=112840 tid=1 mathtype-insert-perf stage=complete numbered=True inline=False deltaMs=20 totalMs=96
2026-09-06T20:44:00.9338222+08:00 pid=112840 tid=1 word-undo-end recording=False level=0
2026-09-06T20:44:00.9661629+08:00 pid=112840 tid=1 word-undo-begin name=VisualTeX Insert MathType OLE Numbered Display Formula recording=False level=0
2026-09-06T20:44:00.9661629+08:00 pid=112840 tid=1 word-undo-started name=VisualTeX Insert MathType OLE Numbered Display Formula recording=True level=1
2026-09-06T20:44:00.9701714+08:00 pid=112840 tid=1 mathtype-insert-perf stage=resolve-insertion numbered=True inline=False deltaMs=3 totalMs=3
2026-09-06T20:44:00.9701714+08:00 pid=112840 tid=1 mathtype-insert-perf stage=clear-incomplete-number-row numbered=True inline=False deltaMs=1 totalMs=4
2026-09-06T20:44:00.9711685+08:00 pid=112840 tid=1 mathtype-insert-perf stage=number-template-heading-state numbered=True inline=False deltaMs=1 totalMs=5
2026-09-06T20:44:00.9711685+08:00 pid=112840 tid=1 mathtype-insert-perf stage=prepare-display-row numbered=True inline=False deltaMs=0 totalMs=5
2026-09-06T20:44:00.9771684+08:00 pid=112840 tid=1 mathtype-insert-perf stage=build-flat-opc numbered=True inline=False deltaMs=6 totalMs=11
2026-09-06T20:44:00.9781683+08:00 pid=112840 tid=1 mathtype-insert-perf stage=pre-insert-bookkeeping numbered=True inline=False deltaMs=0 totalMs=11
2026-09-06T20:44:01.0127415+08:00 pid=112840 tid=1 mathtype-insert-perf stage=insert-flat-opc numbered=True inline=False deltaMs=35 totalMs=46
2026-09-06T20:44:01.0137406+08:00 pid=112840 tid=1 mathtype-insert-perf stage=resolve-new-shape numbered=True inline=False deltaMs=1 totalMs=47
2026-09-06T20:44:01.0427523+08:00 pid=112840 tid=1 mathtype-insert-perf stage=set-shape-geometry numbered=True inline=False deltaMs=29 totalMs=76
2026-09-06T20:44:01.0427523+08:00 pid=112840 tid=1 mathtype-insert-perf stage=repair-inline-paragraph numbered=True inline=False deltaMs=0 totalMs=76
2026-09-06T20:44:01.0427523+08:00 pid=112840 tid=1 mathtype-insert-perf stage=refresh-native-shape numbered=True inline=False deltaMs=1 totalMs=77
2026-09-06T20:44:01.0467521+08:00 pid=112840 tid=1 mathtype-insert-perf stage=relocate-left-mathtype-field-scaffold numbered=True inline=False deltaMs=3 totalMs=80
2026-09-06T20:44:01.0663328+08:00 pid=112840 tid=1 mathtype-insert-perf stage=complete numbered=True inline=False deltaMs=20 totalMs=100
2026-09-06T20:44:01.0663328+08:00 pid=112840 tid=1 word-undo-end recording=False level=0
2026-09-06T20:44:01.1408535+08:00 pid=112840 tid=1 bulk-import-ole-identities-finalized repaired=0
2026-09-06T20:44:01.1418534+08:00 pid=112840 tid=1 word-undo-end recording=False level=0
2026-09-06T20:44:01.1418534+08:00 pid=112840 tid=13 bulk-import bulk-insert-complete blocks=15 formulas=6 elapsedMs=949
2026-09-06T20:44:01.1428531+08:00 pid=112840 tid=13 bulk-import bulk-import-complete blocks=15 formulas=6 elapsedMs=12271
2026-09-06T20:44:01.1428531+08:00 pid=112840 tid=13 bulk-import bulk-operation-gate-released
2026-09-06T20:44:01.1776132+08:00 pid=112840 tid=9 office-session-finalization-complete sessions=7 completed=True
2026-09-06T20:44:15.9239340+08:00 pid=112840 tid=15 ribbon-session-operation-released sessionId=e3ccf010-0e32-46c6-8d85-fb621fdde4b4
2026-09-06T20:44:31.8511054+08:00 pid=112840 tid=12 left-down x=1776 y=1270 wordForeground=False
2026-09-06T20:44:35.0865196+08:00 pid=112840 tid=1 word-undo-begin name=VisualTeX Update MathType OLE Formula recording=False level=0
2026-09-06T20:44:35.0876261+08:00 pid=112840 tid=1 word-undo-started name=VisualTeX Update MathType OLE Formula recording=True level=1
2026-09-06T20:44:35.0885189+08:00 pid=112840 tid=1 mathtype-replace-stage stage=resolve-source formulaId=061bf0b6-529b-48b5-a455-cfd5bf93f15a
2026-09-06T20:44:35.0915169+08:00 pid=112840 tid=1 mathtype-replace-numbering source=True:left target=True:left changed=False
2026-09-06T20:44:35.0925170+08:00 pid=112840 tid=1 mathtype-replace-stage stage=read-source-flat-opc formulaId=061bf0b6-529b-48b5-a455-cfd5bf93f15a
2026-09-06T20:44:35.1101099+08:00 pid=112840 tid=1 mathtype-replace-stage stage=read-source-flat-opc-complete formulaId=061bf0b6-529b-48b5-a455-cfd5bf93f15a
2026-09-06T20:44:35.1101099+08:00 pid=112840 tid=1 mathtype-replace-stage stage=rewrite-cfb formulaId=061bf0b6-529b-48b5-a455-cfd5bf93f15a
2026-09-06T20:44:35.2627079+08:00 pid=112840 tid=1 mathtype-replace-native-preview formulaId=061bf0b6-529b-48b5-a455-cfd5bf93f15a sourceWord=198.9x34.95@-16 sourceNative=199x35@-16 rewrittenNative=38x15@-3 scale=0.999x0.999 target=37.981x14.979@-3
2026-09-06T20:44:35.2627079+08:00 pid=112840 tid=1 mathtype-replace-stage stage=rewrite-flat-opc formulaId=061bf0b6-529b-48b5-a455-cfd5bf93f15a
2026-09-06T20:44:35.2692253+08:00 pid=112840 tid=1 mathtype-replace-stage stage=rewrite-flat-opc-complete formulaId=061bf0b6-529b-48b5-a455-cfd5bf93f15a
2026-09-06T20:44:35.2722216+08:00 pid=112840 tid=1 mathtype-replace-stage stage=delete-source formulaId=061bf0b6-529b-48b5-a455-cfd5bf93f15a
2026-09-06T20:44:35.2762215+08:00 pid=112840 tid=1 mathtype-replace-stage stage=insert-rewritten-flat-opc formulaId=061bf0b6-529b-48b5-a455-cfd5bf93f15a
2026-09-06T20:44:35.3202048+08:00 pid=112840 tid=1 mathtype-replace-stage stage=insert-rewritten-flat-opc-complete formulaId=061bf0b6-529b-48b5-a455-cfd5bf93f15a
2026-09-06T20:44:35.3267989+08:00 pid=112840 tid=1 mathtype-replace-stage stage=validate-replacement formulaId=061bf0b6-529b-48b5-a455-cfd5bf93f15a
2026-09-06T20:44:35.3549895+08:00 pid=112840 tid=1 mathtype-replace-stage stage=complete formulaId=061bf0b6-529b-48b5-a455-cfd5bf93f15a
2026-09-06T20:44:35.3789891+08:00 pid=112840 tid=1 word-undo-end recording=False level=0
2026-09-06T20:44:35.3849897+08:00 pid=112840 tid=5 ribbon-session-operation-released sessionId=8195a9b6-f876-4f2b-851b-4add1d6b72c7
2026-09-06T20:44:43.7205532+08:00 pid=112840 tid=12 left-down x=2058 y=1245 wordForeground=True
2026-09-06T20:44:45.8844123+08:00 pid=112840 tid=1 word-undo-begin name=VisualTeX Insert Equation Reference recording=False level=0
2026-09-06T20:44:45.8854124+08:00 pid=112840 tid=1 word-undo-started name=VisualTeX Insert Equation Reference recording=True level=1
2026-09-06T20:44:45.9374126+08:00 pid=112840 tid=1 word-undo-end recording=True level=1
2026-09-06T20:44:45.9374126+08:00 pid=112840 tid=1 reference-insertion-complete target=MathType 公式 (3)
2026-09-06T20:44:51.8768031+08:00 pid=112840 tid=12 left-down x=1872 y=894 wordForeground=True
2026-09-06T20:44:53.2493188+08:00 pid=112840 tid=1 word-undo-begin name=VisualTeX Set Equation Number Format recording=False level=0
2026-09-06T20:44:53.2493188+08:00 pid=112840 tid=1 word-undo-started name=VisualTeX Set Equation Number Format recording=True level=1
2026-09-06T20:44:53.3053178+08:00 pid=112840 tid=1 mathtype-heading-scope-state chapter=1 section=1 heading=594:610 formula=617
2026-09-06T20:44:54.4366638+08:00 pid=112840 tid=1 word-undo-end recording=False level=0
2026-09-06T20:45:04.1829648+08:00 pid=112840 tid=1 format-conversion-start sourceMode=mathTypeOle targetMode=wordOmml wholeDocument=True
2026-09-06T20:45:04.2459651+08:00 pid=112840 tid=1 format-conversion-plan-bulk-ole-snapshot count=7 elapsedMs=59
2026-09-06T20:45:04.2469653+08:00 pid=112840 tid=1 format-conversion-plan-perf stage=shape-access source=mathTypeOle index=1/7 deltaMs=0 totalMs=0
2026-09-06T20:45:04.2469653+08:00 pid=112840 tid=1 format-conversion-plan-perf stage=identify-mathtype source=mathTypeOle index=1/7 deltaMs=0 totalMs=0
2026-09-06T20:45:04.2499642+08:00 pid=112840 tid=1 format-conversion-plan-perf stage=read-mathml-bulk source=mathTypeOle index=1/7 deltaMs=3 totalMs=3
2026-09-06T20:45:04.2519646+08:00 pid=112840 tid=1 format-conversion-plan-perf stage=read-metadata source=mathTypeOle index=1/7 deltaMs=2 totalMs=5
2026-09-06T20:45:04.2529638+08:00 pid=112840 tid=1 format-conversion-plan-perf stage=number-position source=mathTypeOle index=1/7 deltaMs=1 totalMs=6
2026-09-06T20:45:04.2529638+08:00 pid=112840 tid=1 format-conversion-plan-perf stage=shape-range source=mathTypeOle index=1/7 deltaMs=0 totalMs=6
2026-09-06T20:45:04.2539653+08:00 pid=112840 tid=1 format-conversion-plan-perf stage=target-added source=mathTypeOle index=1/7 deltaMs=2 totalMs=8
2026-09-06T20:45:04.2549642+08:00 pid=112840 tid=1 format-conversion-plan-perf stage=shape-access source=mathTypeOle index=2/7 deltaMs=0 totalMs=0
2026-09-06T20:45:04.2549642+08:00 pid=112840 tid=1 format-conversion-plan-perf stage=identify-mathtype source=mathTypeOle index=2/7 deltaMs=0 totalMs=0
2026-09-06T20:45:04.2579655+08:00 pid=112840 tid=1 format-conversion-plan-perf stage=read-mathml-bulk source=mathTypeOle index=2/7 deltaMs=3 totalMs=3
2026-09-06T20:45:04.2599643+08:00 pid=112840 tid=1 format-conversion-plan-perf stage=read-metadata source=mathTypeOle index=2/7 deltaMs=2 totalMs=5
2026-09-06T20:45:04.2609637+08:00 pid=112840 tid=1 format-conversion-plan-perf stage=number-position source=mathTypeOle index=2/7 deltaMs=0 totalMs=5
2026-09-06T20:45:04.2609637+08:00 pid=112840 tid=1 format-conversion-plan-perf stage=shape-range source=mathTypeOle index=2/7 deltaMs=1 totalMs=6
2026-09-06T20:45:04.2799640+08:00 pid=112840 tid=1 format-conversion-plan-perf stage=target-added source=mathTypeOle index=2/7 deltaMs=19 totalMs=25
2026-09-06T20:45:04.2809640+08:00 pid=112840 tid=1 format-conversion-plan-perf stage=shape-access source=mathTypeOle index=3/7 deltaMs=0 totalMs=0
2026-09-06T20:45:04.2809640+08:00 pid=112840 tid=1 format-conversion-plan-perf stage=identify-mathtype source=mathTypeOle index=3/7 deltaMs=0 totalMs=0
2026-09-06T20:45:04.2849638+08:00 pid=112840 tid=1 format-conversion-plan-perf stage=read-mathml-bulk source=mathTypeOle index=3/7 deltaMs=3 totalMs=3
2026-09-06T20:45:04.2869638+08:00 pid=112840 tid=1 format-conversion-plan-perf stage=read-metadata source=mathTypeOle index=3/7 deltaMs=2 totalMs=5
2026-09-06T20:45:04.2879654+08:00 pid=112840 tid=1 format-conversion-plan-perf stage=number-position source=mathTypeOle index=3/7 deltaMs=1 totalMs=6
2026-09-06T20:45:04.2879654+08:00 pid=112840 tid=1 format-conversion-plan-perf stage=shape-range source=mathTypeOle index=3/7 deltaMs=0 totalMs=6
2026-09-06T20:45:04.3049644+08:00 pid=112840 tid=1 format-conversion-plan-perf stage=target-added source=mathTypeOle index=3/7 deltaMs=17 totalMs=23
2026-09-06T20:45:04.3049644+08:00 pid=112840 tid=1 format-conversion-plan-perf stage=shape-access source=mathTypeOle index=4/7 deltaMs=0 totalMs=0
2026-09-06T20:45:04.3059637+08:00 pid=112840 tid=1 format-conversion-plan-perf stage=identify-mathtype source=mathTypeOle index=4/7 deltaMs=0 totalMs=0
2026-09-06T20:45:04.3089636+08:00 pid=112840 tid=1 format-conversion-plan-perf stage=read-mathml-bulk source=mathTypeOle index=4/7 deltaMs=3 totalMs=3
2026-09-06T20:45:04.3109638+08:00 pid=112840 tid=1 format-conversion-plan-perf stage=read-metadata source=mathTypeOle index=4/7 deltaMs=2 totalMs=5
2026-09-06T20:45:04.3109638+08:00 pid=112840 tid=1 format-conversion-plan-perf stage=number-position source=mathTypeOle index=4/7 deltaMs=0 totalMs=5
2026-09-06T20:45:04.3109638+08:00 pid=112840 tid=1 format-conversion-plan-perf stage=shape-range source=mathTypeOle index=4/7 deltaMs=1 totalMs=6
2026-09-06T20:45:04.3289648+08:00 pid=112840 tid=1 format-conversion-plan-perf stage=target-added source=mathTypeOle index=4/7 deltaMs=18 totalMs=24
2026-09-06T20:45:04.3299671+08:00 pid=112840 tid=1 format-conversion-plan-perf stage=shape-access source=mathTypeOle index=5/7 deltaMs=0 totalMs=0
2026-09-06T20:45:04.3299671+08:00 pid=112840 tid=1 format-conversion-plan-perf stage=identify-mathtype source=mathTypeOle index=5/7 deltaMs=0 totalMs=0
2026-09-06T20:45:04.3339640+08:00 pid=112840 tid=1 format-conversion-plan-perf stage=read-mathml-bulk source=mathTypeOle index=5/7 deltaMs=3 totalMs=3
2026-09-06T20:45:04.3349640+08:00 pid=112840 tid=1 format-conversion-plan-perf stage=read-metadata source=mathTypeOle index=5/7 deltaMs=2 totalMs=5
2026-09-06T20:45:04.3359638+08:00 pid=112840 tid=1 format-conversion-plan-perf stage=number-position source=mathTypeOle index=5/7 deltaMs=1 totalMs=6
2026-09-06T20:45:04.3359638+08:00 pid=112840 tid=1 format-conversion-plan-perf stage=shape-range source=mathTypeOle index=5/7 deltaMs=0 totalMs=6
2026-09-06T20:45:04.3559640+08:00 pid=112840 tid=1 format-conversion-plan-perf stage=target-added source=mathTypeOle index=5/7 deltaMs=19 totalMs=25
2026-09-06T20:45:04.3569661+08:00 pid=112840 tid=1 format-conversion-plan-perf stage=shape-access source=mathTypeOle index=6/7 deltaMs=0 totalMs=0
2026-09-06T20:45:04.3569661+08:00 pid=112840 tid=1 format-conversion-plan-perf stage=identify-mathtype source=mathTypeOle index=6/7 deltaMs=0 totalMs=0
2026-09-06T20:45:04.3599669+08:00 pid=112840 tid=1 format-conversion-plan-perf stage=read-mathml-bulk source=mathTypeOle index=6/7 deltaMs=3 totalMs=3
2026-09-06T20:45:04.3629640+08:00 pid=112840 tid=1 format-conversion-plan-perf stage=read-metadata source=mathTypeOle index=6/7 deltaMs=4 totalMs=7
2026-09-06T20:45:04.3639638+08:00 pid=112840 tid=1 format-conversion-plan-perf stage=number-position source=mathTypeOle index=6/7 deltaMs=0 totalMs=7
2026-09-06T20:45:04.3639638+08:00 pid=112840 tid=1 format-conversion-plan-perf stage=shape-range source=mathTypeOle index=6/7 deltaMs=0 totalMs=7
2026-09-06T20:45:04.3849641+08:00 pid=112840 tid=1 format-conversion-plan-perf stage=target-added source=mathTypeOle index=6/7 deltaMs=21 totalMs=28
2026-09-06T20:45:04.3859637+08:00 pid=112840 tid=1 format-conversion-plan-perf stage=shape-access source=mathTypeOle index=7/7 deltaMs=0 totalMs=0
2026-09-06T20:45:04.3859637+08:00 pid=112840 tid=1 format-conversion-plan-perf stage=identify-mathtype source=mathTypeOle index=7/7 deltaMs=0 totalMs=0
2026-09-06T20:45:04.3899641+08:00 pid=112840 tid=1 format-conversion-plan-perf stage=read-mathml-bulk source=mathTypeOle index=7/7 deltaMs=3 totalMs=3
2026-09-06T20:45:04.3919668+08:00 pid=112840 tid=1 format-conversion-plan-perf stage=read-metadata source=mathTypeOle index=7/7 deltaMs=2 totalMs=5
2026-09-06T20:45:04.3919668+08:00 pid=112840 tid=1 format-conversion-plan-perf stage=number-position source=mathTypeOle index=7/7 deltaMs=1 totalMs=6
2026-09-06T20:45:04.3929668+08:00 pid=112840 tid=1 format-conversion-plan-perf stage=shape-range source=mathTypeOle index=7/7 deltaMs=0 totalMs=6
2026-09-06T20:45:04.4118026+08:00 pid=112840 tid=1 format-conversion-plan-perf stage=target-added source=mathTypeOle index=7/7 deltaMs=19 totalMs=25
2026-09-06T20:45:04.4118026+08:00 pid=112840 tid=1 format-conversion-plan sourceMode=mathTypeOle targetMode=wordOmml targets=7
2026-09-06T20:45:07.9503000+08:00 pid=112840 tid=1 format-conversion-render-bypass sourceMode=mathTypeOle targetMode=wordOmml targets=7 reason=source-mathml-ready
2026-09-06T20:45:07.9503000+08:00 pid=112840 tid=1 format-conversion-word-apply-start sourceMode=mathTypeOle targetMode=wordOmml targets=7
2026-09-06T20:45:07.9840016+08:00 pid=112840 tid=1 format-conversion-runtime assembly=C:\Users\pojian_liao\AppData\Local\VisualTeX\office\remediation-builds\33B8D8C68842F83D9A7D6B8744C62EFEFFD8590657A9EFC206F276101FFDC97A\VisualTeX.WordVsto.dll source=mathTypeOle target=wordOmml targetIsVisualTeX=False targetIsMathType=False
2026-09-06T20:45:07.9930039+08:00 pid=112840 tid=1 format-conversion-reference-aliases-captured sourceMode=mathTypeOle formulaId=3c551096-8401-4d1b-ba26-4d98e8a3345b aliases=ZEqnNum100071
2026-09-06T20:45:08.0030038+08:00 pid=112840 tid=1 format-conversion-reference-aliases-captured sourceMode=mathTypeOle formulaId=505952e7-6e24-4f7f-a4a1-85291b5d84c1 aliases=ZEqnNum100514
2026-09-06T20:45:08.3586545+08:00 pid=112840 tid=1 format-conversion-omml-batch-source-created formulas=7 elapsedMs=335
2026-09-06T20:45:09.4130411+08:00 pid=112840 tid=1 word-undo-begin name=VisualTeX Convert Formula Format recording=False level=0
2026-09-06T20:45:09.4130411+08:00 pid=112840 tid=1 word-undo-started name=VisualTeX Convert Formula Format recording=True level=1
2026-09-06T20:45:09.4140409+08:00 pid=112840 tid=1 format-conversion-undo-state stage=before-preferences document=文档12 recording=True level=1
2026-09-06T20:45:09.4920261+08:00 pid=112840 tid=1 format-conversion-transaction-start targets=7
2026-09-06T20:45:09.4930248+08:00 pid=112840 tid=1 format-conversion-undo-state stage=after-preferences document=文档12 recording=True level=1
2026-09-06T20:45:09.5020246+08:00 pid=112840 tid=1 format-conversion-block-omml-groups groups=1 formulas=2
2026-09-06T20:45:09.5090247+08:00 pid=112840 tid=1 format-conversion-mathtype-source-identity-bound formulaId=77c907ee-4158-44f1-bdb8-7367a24a2036 bookmark=VTFCI_7b17a66c4a9648dca0a0dfc279a164ec range=1745:1771
2026-09-06T20:45:09.5110247+08:00 pid=112840 tid=1 format-conversion-undo-state stage=before-source-delete document=文档12 recording=True level=1
2026-09-06T20:45:09.5153972+08:00 pid=112840 tid=1 format-conversion-mathtype-paragraph-atomically-replaced formulaId=77c907ee-4158-44f1-bdb8-7367a24a2036 range=1538:1538 start=1538
2026-09-06T20:45:09.5162566+08:00 pid=112840 tid=1 format-conversion-perf stage=delete-source-host formulaId=77c907ee-4158-44f1-bdb8-7367a24a2036 numbered=True deltaMs=7 totalMs=7
2026-09-06T20:45:09.5162566+08:00 pid=112840 tid=1 format-conversion-undo-state stage=after-source-delete document=文档12 recording=True level=1
2026-09-06T20:45:09.5167649+08:00 pid=112840 tid=1 format-conversion-forward-source-check stage=delete-source formulaId=77c907ee-4158-44f1-bdb8-7367a24a2036 bookmarkMissing=True present=False
2026-09-06T20:45:09.5386668+08:00 pid=112840 tid=1 word-undo-begin name=VisualTeX Insert Word OMML Display Formula recording=True level=1
2026-09-06T20:45:09.5923857+08:00 pid=112840 tid=1 format-conversion-subperf [perf] InsertOmml.detach-mathtype-style: +53ms (53ms total)
2026-09-06T20:45:09.5923857+08:00 pid=112840 tid=1 format-conversion-subperf [perf] InsertOmml.insert-native-omml: +1ms (54ms total)
2026-09-06T20:45:09.6273854+08:00 pid=112840 tid=1 format-conversion-subperf [perf] InsertOmml.post-reconcile-layout: +35ms (89ms total)
2026-09-06T20:45:09.6283851+08:00 pid=112840 tid=1 format-conversion-subperf [perf] InsertOmml.final-fingerprint: +0ms (89ms total)
2026-09-06T20:45:09.6293852+08:00 pid=112840 tid=1 format-conversion-subperf [perf] InsertOmml.final-anchor: +1ms (90ms total)
2026-09-06T20:45:09.6379873+08:00 pid=112840 tid=1 format-conversion-subperf [perf] InsertOmml.final-metadata: +9ms (99ms total)
2026-09-06T20:45:09.6390495+08:00 pid=112840 tid=1 format-conversion-perf stage=insert-target formulaId=77c907ee-4158-44f1-bdb8-7367a24a2036 numbered=True deltaMs=123 totalMs=130
2026-09-06T20:45:09.6390495+08:00 pid=112840 tid=1 format-conversion-undo-state stage=after-target-insert document=文档12 recording=True level=1
2026-09-06T20:45:09.6390495+08:00 pid=112840 tid=1 format-conversion-forward-source-check stage=insert-target formulaId=77c907ee-4158-44f1-bdb8-7367a24a2036 bookmarkMissing=True present=False
2026-09-06T20:45:09.6701104+08:00 pid=112840 tid=1 format-conversion-target-stable formulaId=77c907ee-4158-44f1-bdb8-7367a24a2036 targetMode=wordOmml count=1 elapsedMs=30
2026-09-06T20:45:09.6701104+08:00 pid=112840 tid=1 format-conversion-forward-source-check stage=post-transaction formulaId=77c907ee-4158-44f1-bdb8-7367a24a2036 bookmarkMissing=True present=False
2026-09-06T20:45:09.6711124+08:00 pid=112840 tid=1 format-conversion-perf stage=verify-target formulaId=77c907ee-4158-44f1-bdb8-7367a24a2036 numbered=True deltaMs=32 totalMs=162
2026-09-06T20:45:09.6711124+08:00 pid=112840 tid=1 format-conversion-mathtype-source-identity-bound formulaId=9737a966-ae0d-441d-9cfb-db40dcfa10cf bookmark=VTFCI_9cabad2a6af34d18badee27c40471b0f range=1493:1519
2026-09-06T20:45:09.6731102+08:00 pid=112840 tid=1 format-conversion-undo-state stage=before-source-delete document=文档12 recording=True level=1
2026-09-06T20:45:09.6771103+08:00 pid=112840 tid=1 format-conversion-mathtype-paragraph-atomically-replaced formulaId=9737a966-ae0d-441d-9cfb-db40dcfa10cf range=1286:1286 start=1286
2026-09-06T20:45:09.6771103+08:00 pid=112840 tid=1 format-conversion-perf stage=delete-source-host formulaId=9737a966-ae0d-441d-9cfb-db40dcfa10cf numbered=True deltaMs=5 totalMs=5
2026-09-06T20:45:09.6771103+08:00 pid=112840 tid=1 format-conversion-undo-state stage=after-source-delete document=文档12 recording=True level=1
2026-09-06T20:45:09.6771103+08:00 pid=112840 tid=1 format-conversion-forward-source-check stage=delete-source formulaId=9737a966-ae0d-441d-9cfb-db40dcfa10cf bookmarkMissing=True present=False
2026-09-06T20:45:09.6811112+08:00 pid=112840 tid=1 word-undo-begin name=VisualTeX Insert Word OMML Display Formula recording=True level=1
2026-09-06T20:45:09.7396071+08:00 pid=112840 tid=1 format-conversion-subperf [perf] InsertOmml.detach-mathtype-style: +59ms (59ms total)
2026-09-06T20:45:09.7406046+08:00 pid=112840 tid=1 format-conversion-subperf [perf] InsertOmml.insert-native-omml: +0ms (59ms total)
2026-09-06T20:45:09.7930172+08:00 pid=112840 tid=1 format-conversion-subperf [perf] InsertOmml.post-reconcile-layout: +52ms (111ms total)
2026-09-06T20:45:09.7930172+08:00 pid=112840 tid=1 format-conversion-subperf [perf] InsertOmml.final-fingerprint: +1ms (112ms total)
2026-09-06T20:45:09.7940170+08:00 pid=112840 tid=1 format-conversion-subperf [perf] InsertOmml.final-anchor: +0ms (112ms total)
2026-09-06T20:45:09.7950159+08:00 pid=112840 tid=1 format-conversion-subperf [perf] InsertOmml.final-metadata: +1ms (113ms total)
2026-09-06T20:45:09.7950159+08:00 pid=112840 tid=1 format-conversion-perf stage=insert-target formulaId=9737a966-ae0d-441d-9cfb-db40dcfa10cf numbered=True deltaMs=119 totalMs=124
2026-09-06T20:45:09.7950159+08:00 pid=112840 tid=1 format-conversion-undo-state stage=after-target-insert document=文档12 recording=True level=1
2026-09-06T20:45:09.7950159+08:00 pid=112840 tid=1 format-conversion-forward-source-check stage=insert-target formulaId=9737a966-ae0d-441d-9cfb-db40dcfa10cf bookmarkMissing=True present=False
2026-09-06T20:45:09.8254585+08:00 pid=112840 tid=1 format-conversion-target-stable formulaId=9737a966-ae0d-441d-9cfb-db40dcfa10cf targetMode=wordOmml count=2 elapsedMs=30
2026-09-06T20:45:09.8264601+08:00 pid=112840 tid=1 format-conversion-forward-source-check stage=post-transaction formulaId=9737a966-ae0d-441d-9cfb-db40dcfa10cf bookmarkMissing=True present=False
2026-09-06T20:45:09.8264601+08:00 pid=112840 tid=1 format-conversion-perf stage=verify-target formulaId=9737a966-ae0d-441d-9cfb-db40dcfa10cf numbered=True deltaMs=31 totalMs=155
2026-09-06T20:45:09.8264601+08:00 pid=112840 tid=1 format-conversion-mathtype-source-identity-bound formulaId=d37862cb-0f96-4729-809b-e7237ef9cb64 bookmark=VTFCI_e4d1c7e5a7cd4e1aa2ba69ca4d5f31fe range=1251:1277
2026-09-06T20:45:09.8284582+08:00 pid=112840 tid=1 format-conversion-undo-state stage=before-source-delete document=文档12 recording=True level=1
2026-09-06T20:45:09.8324600+08:00 pid=112840 tid=1 format-conversion-mathtype-paragraph-atomically-replaced formulaId=d37862cb-0f96-4729-809b-e7237ef9cb64 range=1044:1044 start=1044
2026-09-06T20:45:09.8324600+08:00 pid=112840 tid=1 format-conversion-perf stage=delete-source-host formulaId=d37862cb-0f96-4729-809b-e7237ef9cb64 numbered=True deltaMs=5 totalMs=5
2026-09-06T20:45:09.8324600+08:00 pid=112840 tid=1 format-conversion-undo-state stage=after-source-delete document=文档12 recording=True level=1
2026-09-06T20:45:09.8324600+08:00 pid=112840 tid=1 format-conversion-forward-source-check stage=delete-source formulaId=d37862cb-0f96-4729-809b-e7237ef9cb64 bookmarkMissing=True present=False
2026-09-06T20:45:09.8404653+08:00 pid=112840 tid=1 word-undo-begin name=VisualTeX Insert Word OMML Display Formula recording=True level=1
2026-09-06T20:45:09.8976099+08:00 pid=112840 tid=1 format-conversion-subperf [perf] InsertOmml.detach-mathtype-style: +57ms (57ms total)
2026-09-06T20:45:09.8976099+08:00 pid=112840 tid=1 format-conversion-subperf [perf] InsertOmml.insert-native-omml: +0ms (57ms total)
2026-09-06T20:45:09.9297144+08:00 pid=112840 tid=1 format-conversion-subperf [perf] InsertOmml.post-reconcile-layout: +32ms (89ms total)
2026-09-06T20:45:09.9307139+08:00 pid=112840 tid=1 format-conversion-subperf [perf] InsertOmml.final-fingerprint: +1ms (90ms total)
2026-09-06T20:45:09.9307139+08:00 pid=112840 tid=1 format-conversion-subperf [perf] InsertOmml.final-anchor: +0ms (90ms total)
2026-09-06T20:45:09.9317143+08:00 pid=112840 tid=1 format-conversion-subperf [perf] InsertOmml.final-metadata: +1ms (91ms total)
2026-09-06T20:45:09.9327139+08:00 pid=112840 tid=1 format-conversion-perf stage=insert-target formulaId=d37862cb-0f96-4729-809b-e7237ef9cb64 numbered=True deltaMs=100 totalMs=105
2026-09-06T20:45:09.9327139+08:00 pid=112840 tid=1 format-conversion-undo-state stage=after-target-insert document=文档12 recording=True level=1
2026-09-06T20:45:09.9327139+08:00 pid=112840 tid=1 format-conversion-forward-source-check stage=insert-target formulaId=d37862cb-0f96-4729-809b-e7237ef9cb64 bookmarkMissing=True present=False
2026-09-06T20:45:09.9669610+08:00 pid=112840 tid=1 format-conversion-target-stable formulaId=d37862cb-0f96-4729-809b-e7237ef9cb64 targetMode=wordOmml count=3 elapsedMs=33
2026-09-06T20:45:09.9669610+08:00 pid=112840 tid=1 format-conversion-forward-source-check stage=post-transaction formulaId=d37862cb-0f96-4729-809b-e7237ef9cb64 bookmarkMissing=True present=False
2026-09-06T20:45:09.9669610+08:00 pid=112840 tid=1 format-conversion-perf stage=verify-target formulaId=d37862cb-0f96-4729-809b-e7237ef9cb64 numbered=True deltaMs=36 totalMs=141
2026-09-06T20:45:10.3710233+08:00 pid=112840 tid=1 format-conversion-block-omml-group-complete count=2 range=391:859 sourceCount=4->2 targetCount=3->5
2026-09-06T20:45:10.3730270+08:00 pid=112840 tid=1 format-conversion-mathtype-source-identity-bound formulaId=ca4c3bf5-678b-4898-85dc-ae7490827794 bookmark=VTFCI_d91d81c2568d4c59a2685d20e6125b8e range=364:390
2026-09-06T20:45:10.3750283+08:00 pid=112840 tid=1 format-conversion-undo-state stage=before-source-delete document=文档12 recording=False level=0
2026-09-06T20:45:10.4106606+08:00 pid=112840 tid=1 format-conversion-perf stage=delete-source-host formulaId=ca4c3bf5-678b-4898-85dc-ae7490827794 numbered=False deltaMs=38 totalMs=38
2026-09-06T20:45:10.4106606+08:00 pid=112840 tid=1 format-conversion-undo-state stage=after-source-delete document=文档12 recording=False level=0
2026-09-06T20:45:10.4106606+08:00 pid=112840 tid=1 format-conversion-forward-source-check stage=delete-source formulaId=ca4c3bf5-678b-4898-85dc-ae7490827794 bookmarkMissing=True present=False
2026-09-06T20:45:10.4115988+08:00 pid=112840 tid=1 word-undo-begin name=VisualTeX Insert Word OMML Inline Formula recording=False level=0
2026-09-06T20:45:10.4121162+08:00 pid=112840 tid=1 word-undo-started name=VisualTeX Insert Word OMML Inline Formula recording=True level=1
2026-09-06T20:45:10.4779648+08:00 pid=112840 tid=1 format-conversion-subperf [perf] InsertOmml.insert-native-omml: +66ms (66ms total)
2026-09-06T20:45:10.7556898+08:00 pid=112840 tid=1 format-conversion-subperf [perf] InsertOmml.post-reconcile-layout: +278ms (344ms total)
2026-09-06T20:45:10.7566899+08:00 pid=112840 tid=1 format-conversion-subperf [perf] InsertOmml.final-fingerprint: +0ms (344ms total)
2026-09-06T20:45:10.7566899+08:00 pid=112840 tid=1 format-conversion-subperf [perf] InsertOmml.final-anchor: +1ms (345ms total)
2026-09-06T20:45:10.7576898+08:00 pid=112840 tid=1 format-conversion-subperf [perf] InsertOmml.final-metadata: +1ms (346ms total)
2026-09-06T20:45:10.7586908+08:00 pid=112840 tid=1 word-undo-end recording=False level=0
2026-09-06T20:45:10.7586908+08:00 pid=112840 tid=1 format-conversion-perf stage=insert-target formulaId=ca4c3bf5-678b-4898-85dc-ae7490827794 numbered=False deltaMs=348 totalMs=386
2026-09-06T20:45:10.7586908+08:00 pid=112840 tid=1 format-conversion-undo-state stage=after-target-insert document=文档12 recording=False level=0
2026-09-06T20:45:10.7596938+08:00 pid=112840 tid=1 format-conversion-forward-source-check stage=insert-target formulaId=ca4c3bf5-678b-4898-85dc-ae7490827794 bookmarkMissing=True present=False
2026-09-06T20:45:10.7883940+08:00 pid=112840 tid=1 format-conversion-target-stable formulaId=ca4c3bf5-678b-4898-85dc-ae7490827794 targetMode=wordOmml count=6 elapsedMs=28
2026-09-06T20:45:10.7883940+08:00 pid=112840 tid=1 format-conversion-forward-source-check stage=post-transaction formulaId=ca4c3bf5-678b-4898-85dc-ae7490827794 bookmarkMissing=True present=False
2026-09-06T20:45:10.7893965+08:00 pid=112840 tid=1 format-conversion-perf stage=verify-target formulaId=ca4c3bf5-678b-4898-85dc-ae7490827794 numbered=False deltaMs=31 totalMs=417
2026-09-06T20:45:10.7893965+08:00 pid=112840 tid=1 format-conversion-mathtype-source-identity-bound formulaId=3c551096-8401-4d1b-ba26-4d98e8a3345b bookmark=VTFCI_fc9f78882a27487da030be02768ff14b range=207:233
2026-09-06T20:45:10.7903945+08:00 pid=112840 tid=1 format-conversion-undo-state stage=before-source-delete document=文档12 recording=False level=0
2026-09-06T20:45:10.7933942+08:00 pid=112840 tid=1 format-conversion-mathtype-paragraph-atomically-replaced formulaId=3c551096-8401-4d1b-ba26-4d98e8a3345b range=0:0 start=0
2026-09-06T20:45:10.7933942+08:00 pid=112840 tid=1 format-conversion-perf stage=delete-source-host formulaId=3c551096-8401-4d1b-ba26-4d98e8a3345b numbered=True deltaMs=4 totalMs=4
2026-09-06T20:45:10.7933942+08:00 pid=112840 tid=1 format-conversion-undo-state stage=after-source-delete document=文档12 recording=False level=0
2026-09-06T20:45:10.7943943+08:00 pid=112840 tid=1 format-conversion-forward-source-check stage=delete-source formulaId=3c551096-8401-4d1b-ba26-4d98e8a3345b bookmarkMissing=True present=False
2026-09-06T20:45:10.8133944+08:00 pid=112840 tid=1 word-undo-begin name=VisualTeX Insert Word OMML Display Formula recording=False level=0
2026-09-06T20:45:10.8133944+08:00 pid=112840 tid=1 word-undo-started name=VisualTeX Insert Word OMML Display Formula recording=True level=1
2026-09-06T20:45:10.8718922+08:00 pid=112840 tid=1 format-conversion-subperf [perf] InsertOmml.detach-mathtype-style: +58ms (58ms total)
2026-09-06T20:45:10.8718922+08:00 pid=112840 tid=1 format-conversion-subperf [perf] InsertOmml.insert-native-omml: +1ms (59ms total)
2026-09-06T20:45:10.9272071+08:00 pid=112840 tid=1 format-conversion-subperf [perf] InsertOmml.post-reconcile-layout: +55ms (114ms total)
2026-09-06T20:45:10.9272071+08:00 pid=112840 tid=1 format-conversion-subperf [perf] InsertOmml.final-fingerprint: +0ms (114ms total)
2026-09-06T20:45:10.9282073+08:00 pid=112840 tid=1 format-conversion-subperf [perf] InsertOmml.final-anchor: +0ms (114ms total)
2026-09-06T20:45:10.9292054+08:00 pid=112840 tid=1 format-conversion-subperf [perf] InsertOmml.final-metadata: +1ms (115ms total)
2026-09-06T20:45:10.9292054+08:00 pid=112840 tid=1 word-undo-end recording=True level=1
2026-09-06T20:45:10.9292054+08:00 pid=112840 tid=1 format-conversion-perf stage=insert-target formulaId=3c551096-8401-4d1b-ba26-4d98e8a3345b numbered=True deltaMs=136 totalMs=140
2026-09-06T20:45:10.9292054+08:00 pid=112840 tid=1 format-conversion-undo-state stage=after-target-insert document=文档12 recording=False level=0
2026-09-06T20:45:10.9292054+08:00 pid=112840 tid=1 format-conversion-forward-source-check stage=insert-target formulaId=3c551096-8401-4d1b-ba26-4d98e8a3345b bookmarkMissing=True present=False
2026-09-06T20:45:10.9622078+08:00 pid=112840 tid=1 format-conversion-target-stable formulaId=3c551096-8401-4d1b-ba26-4d98e8a3345b targetMode=wordOmml count=7 elapsedMs=32
2026-09-06T20:45:10.9632072+08:00 pid=112840 tid=1 format-conversion-forward-source-check stage=post-transaction formulaId=3c551096-8401-4d1b-ba26-4d98e8a3345b bookmarkMissing=True present=False
2026-09-06T20:45:10.9632072+08:00 pid=112840 tid=1 format-conversion-perf stage=verify-target formulaId=3c551096-8401-4d1b-ba26-4d98e8a3345b numbered=True deltaMs=33 totalMs=173
2026-09-06T20:45:10.9632072+08:00 pid=112840 tid=1 format-conversion-finalize-perf stage=source-residual-check sourceMode=mathTypeOle targetMode=wordOmml deltaMs=0 totalMs=0
2026-09-06T20:45:10.9642057+08:00 pid=112840 tid=1 format-conversion-finalize-perf stage=target-count-check sourceMode=mathTypeOle targetMode=wordOmml deltaMs=0 totalMs=0
2026-09-06T20:45:10.9652040+08:00 pid=112840 tid=1 format-conversion-undo-state stage=before-source-window-close-commit document=文档12 recording=False level=0
2026-09-06T20:45:10.9652040+08:00 pid=112840 tid=1 format-conversion-undo-state stage=after-source-window-close-commit document=文档12 recording=False level=0
2026-09-06T20:45:11.2759620+08:00 pid=112840 tid=1 word-undo-begin name=VisualTeX Finalize Formula Conversion recording=False level=0
2026-09-06T20:45:11.2769757+08:00 pid=112840 tid=1 word-undo-started name=VisualTeX Finalize Formula Conversion recording=True level=1
2026-09-06T20:45:11.3724925+08:00 pid=112840 tid=1 word-xml-incomplete-export document=文档12 attempt=1 maths=0/7 oles=0/0
2026-09-06T20:45:11.4628385+08:00 pid=112840 tid=1 format-conversion-omml-identities-before-numbering count=7
2026-09-06T20:45:11.4628385+08:00 pid=112840 tid=1 format-conversion-number-format-restored format=heading2-dash
2026-09-06T20:45:20.7937194+08:00 pid=112840 tid=1 format-conversion-numbering-direct-table-complete targetMode=wordOmml built=6 removedBlankParagraphs=6
2026-09-06T20:45:20.7947177+08:00 pid=112840 tid=1 format-conversion-adjacent-ole-identities-rebound count=0
2026-09-06T20:45:20.8564621+08:00 pid=112840 tid=1 format-conversion-numbering-table-rows-grouped boundaries=1 formulas=6
2026-09-06T20:45:20.8959701+08:00 pid=112840 tid=1 format-conversion-reference-aliases-restored sourceMode=mathTypeOle targetMode=wordOmml aliases=2 refreshedReferences=0 restoredFormatting=2
2026-09-06T20:45:20.9089696+08:00 pid=112840 tid=1 format-conversion-finalize-perf stage=numbering-reconcile sourceMode=mathTypeOle targetMode=wordOmml deltaMs=9945 totalMs=9945
2026-09-06T20:45:21.0235903+08:00 pid=112840 tid=1 format-conversion-omml-fingerprints-finalized count=7
2026-09-06T20:45:21.0235903+08:00 pid=112840 tid=1 format-conversion-finalize-perf stage=omml-fingerprint-refresh sourceMode=mathTypeOle targetMode=wordOmml deltaMs=115 totalMs=10060
2026-09-06T20:45:21.0245899+08:00 pid=112840 tid=1 format-conversion-transaction-completed targets=7
2026-09-06T20:45:21.0255899+08:00 pid=112840 tid=1 format-conversion-word-apply-finished sourceMode=mathTypeOle targetMode=wordOmml converted=7 failed=0
2026-09-06T20:45:21.0265897+08:00 pid=112840 tid=1 format-conversion-complete source=MathType target=OMML converted=7 failed=0
2026-09-06T20:51:58.7317584+08:00 pid=112840 tid=12 left-down x=3322 y=1198 wordForeground=True
2026-09-06T20:54:03.3980587+08:00 pid=112840 tid=12 left-down x=2649 y=1482 wordForeground=False
2026-09-06T20:54:04.5091901+08:00 pid=112840 tid=12 left-down x=1875 y=2003 wordForeground=False
2026-09-06T20:54:05.7671955+08:00 pid=112840 tid=12 left-down x=2514 y=1766 wordForeground=False
2026-09-06T20:54:23.5470978+08:00 pid=112840 tid=5 ribbon-session-operation-released sessionId=eb881142-9679-40f0-b065-140ca5dc8a13
2026-09-06T20:54:42.8475107+08:00 pid=112840 tid=12 left-down x=1776 y=1270 wordForeground=False
2026-09-06T20:54:46.0161846+08:00 pid=112840 tid=1 word-undo-begin name=VisualTeX Convert or Update Word OMML Formula recording=False level=0
2026-09-06T20:54:46.0161846+08:00 pid=112840 tid=1 word-undo-started name=VisualTeX Convert or Update Word OMML Formula recording=True level=1
2026-09-06T20:54:46.0191848+08:00 pid=112840 tid=1 format-conversion-subperf [perf] ReplaceOmml.locate-target: +3ms (3ms total)
2026-09-06T20:54:46.1558893+08:00 pid=112840 tid=1 format-conversion-subperf [perf] ReplaceOmml.source-range-resolve: +137ms (140ms total)
2026-09-06T20:54:46.1718892+08:00 pid=112840 tid=1 format-conversion-subperf [perf] ReplaceOmml.rollback-capture: +15ms (155ms total)
2026-09-06T20:54:49.5535067+08:00 pid=112840 tid=1 format-conversion-subperf [perf] ReplaceOmml.direct-host-health: +3383ms (3538ms total)
2026-09-06T20:54:49.5545067+08:00 pid=112840 tid=1 format-conversion-subperf [perf] ReplaceOmml.direct-content-prep: +0ms (3538ms total)
2026-09-06T20:54:49.5555047+08:00 pid=112840 tid=1 format-conversion-subperf [perf] ReplaceOmml.resolve-source: +1ms (3539ms total)
2026-09-06T20:54:49.5975067+08:00 pid=112840 tid=1 format-conversion-subperf [perf] ReplaceOmml.insert-native-omml: +43ms (3582ms total)
2026-09-06T20:54:49.6161729+08:00 pid=112840 tid=1 format-conversion-subperf [perf] ReplaceOmml.validate-native-omml: +18ms (3600ms total)
2026-09-06T20:54:49.7084850+08:00 pid=112840 tid=1 format-conversion-subperf [perf] ReplaceOmml.stamp-fingerprint: +92ms (3692ms total)
2026-09-06T20:54:49.7597610+08:00 pid=112840 tid=1 format-conversion-subperf [perf] ReplaceOmml.wrap-formula-anchor: +52ms (3744ms total)
2026-09-06T20:54:49.7607603+08:00 pid=112840 tid=1 format-conversion-subperf [perf] ReplaceOmml.protect-source-metadata: +0ms (3744ms total)
2026-09-06T20:54:49.7607603+08:00 pid=112840 tid=1 format-conversion-subperf [perf] ReplaceOmml.reconcile: +1ms (3745ms total)
2026-09-06T20:54:49.8440593+08:00 pid=112840 tid=1 format-conversion-subperf [perf] ReplaceOmml.final-identity-resolve: +83ms (3828ms total)
2026-09-06T20:54:49.8772686+08:00 pid=112840 tid=1 format-conversion-subperf [perf] ReplaceOmml.final-identity-fingerprint: +33ms (3861ms total)
2026-09-06T20:54:49.8782685+08:00 pid=112840 tid=1 format-conversion-subperf [perf] ReplaceOmml.final-identity-anchor: +1ms (3862ms total)
2026-09-06T20:54:49.8852688+08:00 pid=112840 tid=1 format-conversion-subperf [perf] ReplaceOmml.final-identity-metadata: +7ms (3869ms total)
2026-09-06T20:54:49.8852688+08:00 pid=112840 tid=1 format-conversion-subperf [perf] ReplaceOmml.finalize-identity: +1ms (3870ms total)
2026-09-06T20:54:49.8862708+08:00 pid=112840 tid=1 format-conversion-subperf [perf] ReplaceOmml.prepare-result: +0ms (3870ms total)
2026-09-06T20:54:49.9302730+08:00 pid=112840 tid=1 format-conversion-subperf [perf] ReplaceOmml.restore-view: +44ms (3914ms total)
2026-09-06T20:54:49.9312710+08:00 pid=112840 tid=1 format-conversion-subperf [perf] ReplaceOmml.restore-screen-updating: +1ms (3915ms total)
2026-09-06T20:54:49.9312710+08:00 pid=112840 tid=1 word-undo-end recording=False level=0
2026-09-06T20:54:49.9322711+08:00 pid=112840 tid=1 format-conversion-subperf [perf] ReplaceOmml.end-undo: +1ms (3916ms total)
2026-09-06T20:54:49.9322711+08:00 pid=112840 tid=1 format-conversion-subperf [perf] ReplaceOmml.release-rcws: +0ms (3916ms total)
2026-09-06T20:54:49.9352685+08:00 pid=112840 tid=32 ribbon-session-operation-released sessionId=93f06ff8-e942-4d4d-af23-1f2a7b20cdf5
2026-09-06T20:55:04.1241906+08:00 pid=112840 tid=1 format-conversion-start sourceMode=wordOmml targetMode=nativeOle wholeDocument=True
2026-09-06T20:55:06.2907463+08:00 pid=112840 tid=1 format-conversion-plan sourceMode=wordOmml targetMode=nativeOle targets=7
2026-09-06T20:55:09.2644805+08:00 pid=112840 tid=1 bulk-import converter-create display=block mode=nativeOle latex=a^{2}+b^{2}=c^{2}
2026-09-06T20:55:09.2704878+08:00 pid=112840 tid=28 bulk-import converter-created sessionId=69701024-3232-4923-bafe-4c2fc1c73537
2026-09-06T20:55:09.2724829+08:00 pid=112840 tid=28 bulk-import converter-create display=inline mode=nativeOle latex=\sqrt{E-u\left( x\right) }=\frac{1}{f\left( \omega \right) v_{ph}\left( \omega ,x\right) }
2026-09-06T20:55:09.2754827+08:00 pid=112840 tid=21 bulk-import converter-created sessionId=ba31bf64-96c4-4186-845c-884143693046
2026-09-06T20:55:09.2764829+08:00 pid=112840 tid=21 bulk-import converter-create display=block mode=nativeOle latex=\left\{ \begin{matrix}\frac{\mathrm{d}}{\mathrm{d}\omega }\left( \omega f\left( \omega \right) \right) =0 \\ \frac{\omega f\left( \omega \right) }{2}\frac{\mathrm{d}E\left( \omega \right) }{\mathrm{d}\omega }=\sqrt{\frac{m}{2}}\end{matrix}\right.
2026-09-06T20:55:09.2804829+08:00 pid=112840 tid=28 bulk-import converter-created sessionId=98cc0472-dce4-4910-a8db-f5d149c38d31
2026-09-06T20:55:09.2804829+08:00 pid=112840 tid=28 bulk-import converter-create display=block mode=nativeOle latex=E=mc^{2}
2026-09-06T20:55:09.2854828+08:00 pid=112840 tid=21 bulk-import converter-created sessionId=1e82a1dc-2d02-4bfe-8cce-e6605249e82e
2026-09-06T20:55:09.2854828+08:00 pid=112840 tid=21 bulk-import converter-create display=block mode=nativeOle latex=i\hbar \frac{\partial }{\partial t}\psi (\mathbf{r},t)=\left[ -\frac{\hbar^{2}}{2m}\nabla^{2}+V(\mathbf{r},t)\right] \psi (\mathbf{r},t)
2026-09-06T20:55:09.2894827+08:00 pid=112840 tid=28 bulk-import converter-created sessionId=a332ba8d-d6a6-4fcd-9763-8ce63b7f26dd
2026-09-06T20:55:09.2894827+08:00 pid=112840 tid=28 bulk-import converter-create display=block mode=nativeOle latex=\frac{\partial }{\partial t}\psi^{\ast}\left( \vec{r}\right) \psi \left( \vec{r}\right) =\frac{i\hbar }{2m}\nabla \cdot \left[ \psi^{\ast}\left( \vec{r}\right) \nabla \psi \left( \vec{r}\right) -\psi \left( \vec{r}\right) \nabla \psi^{\ast}\left( r\right) \right]
2026-09-06T20:55:09.2934806+08:00 pid=112840 tid=21 bulk-import converter-created sessionId=d317782b-662b-42ff-a887-5fa5077290c8
2026-09-06T20:55:09.2934806+08:00 pid=112840 tid=21 bulk-import converter-create display=block mode=nativeOle latex=\frac{\partial }{\partial t}\rho \left( \vec{r},t\right) +\nabla \cdot \vec{j}=0
2026-09-06T20:55:09.2974835+08:00 pid=112840 tid=28 bulk-import converter-created sessionId=7cf8e50e-8164-4754-a0aa-f7aa0a14ef51
2026-09-06T20:55:09.2974835+08:00 pid=112840 tid=28 format-conversion-render-start sourceMode=wordOmml targetMode=nativeOle sessions=7
2026-09-06T20:55:09.4443723+08:00 pid=112840 tid=31 format-conversion-rendered sourceMode=wordOmml targetMode=nativeOle sessionId=69701024-3232-4923-bafe-4c2fc1c73537 status=committing
2026-09-06T20:55:09.5419853+08:00 pid=112840 tid=28 format-conversion-rendered sourceMode=wordOmml targetMode=nativeOle sessionId=ba31bf64-96c4-4186-845c-884143693046 status=committing
2026-09-06T20:55:09.6509092+08:00 pid=112840 tid=31 format-conversion-rendered sourceMode=wordOmml targetMode=nativeOle sessionId=98cc0472-dce4-4910-a8db-f5d149c38d31 status=committing
2026-09-06T20:55:09.7497213+08:00 pid=112840 tid=28 format-conversion-rendered sourceMode=wordOmml targetMode=nativeOle sessionId=1e82a1dc-2d02-4bfe-8cce-e6605249e82e status=committing
2026-09-06T20:55:09.8570678+08:00 pid=112840 tid=31 format-conversion-rendered sourceMode=wordOmml targetMode=nativeOle sessionId=a332ba8d-d6a6-4fcd-9763-8ce63b7f26dd status=committing
2026-09-06T20:55:09.9600681+08:00 pid=112840 tid=28 format-conversion-rendered sourceMode=wordOmml targetMode=nativeOle sessionId=d317782b-662b-42ff-a887-5fa5077290c8 status=committing
2026-09-06T20:55:10.0590418+08:00 pid=112840 tid=31 format-conversion-rendered sourceMode=wordOmml targetMode=nativeOle sessionId=7cf8e50e-8164-4754-a0aa-f7aa0a14ef51 status=committing
2026-09-06T20:55:10.0590418+08:00 pid=112840 tid=31 format-conversion-word-apply-start sourceMode=wordOmml targetMode=nativeOle targets=7
2026-09-06T20:55:11.3034569+08:00 pid=112840 tid=1 format-conversion-runtime assembly=C:\Users\pojian_liao\AppData\Local\VisualTeX\office\remediation-builds\33B8D8C68842F83D9A7D6B8744C62EFEFFD8590657A9EFC206F276101FFDC97A\VisualTeX.WordVsto.dll source=wordOmml target=nativeOle targetIsVisualTeX=True targetIsMathType=False
2026-09-06T20:55:11.3218317+08:00 pid=112840 tid=1 format-conversion-reference-aliases-captured sourceMode=wordOmml formulaId=78eb36b3-7b4e-4c53-a682-044a9f0f43c4 aliases=ZEqnNum100071
2026-09-06T20:55:11.3473894+08:00 pid=112840 tid=1 format-conversion-reference-aliases-captured sourceMode=wordOmml formulaId=4ae811a3-7792-44aa-94e5-cd7ae002ba62 aliases=ZEqnNum100514
2026-09-06T20:55:11.4656158+08:00 pid=112840 tid=1 format-conversion-reference-counts-fast-path source=wordOmml formulas=6
2026-09-06T20:55:14.7031183+08:00 pid=112840 tid=1 word-undo-begin name=VisualTeX Convert Formula Format recording=False level=0
2026-09-06T20:55:14.7041175+08:00 pid=112840 tid=1 word-undo-started name=VisualTeX Convert Formula Format recording=True level=1
2026-09-06T20:55:14.7041175+08:00 pid=112840 tid=1 format-conversion-undo-state stage=before-preferences document=文档12 recording=True level=1
2026-09-06T20:55:14.7051156+08:00 pid=112840 tid=1 format-conversion-transaction-start targets=7
2026-09-06T20:55:14.7051156+08:00 pid=112840 tid=1 format-conversion-undo-state stage=after-preferences document=文档12 recording=True level=1
2026-09-06T20:55:14.7051156+08:00 pid=112840 tid=1 format-conversion-undo-state stage=before-source-delete document=文档12 recording=True level=1
2026-09-06T20:55:15.1279018+08:00 pid=112840 tid=1 format-conversion-direct-numbered-omml-delete formulaId=bf468863-14f4-4a92-b377-4c11ff293ffc start=959
2026-09-06T20:55:15.1279018+08:00 pid=112840 tid=1 format-conversion-perf stage=delete-source-host formulaId=bf468863-14f4-4a92-b377-4c11ff293ffc numbered=True deltaMs=423 totalMs=423
2026-09-06T20:55:15.1288982+08:00 pid=112840 tid=1 format-conversion-undo-state stage=after-source-delete document=文档12 recording=False level=0
2026-09-06T20:55:15.1318980+08:00 pid=112840 tid=1 word-undo-begin name=VisualTeX Insert Native OLE Display Formula recording=False level=0
2026-09-06T20:55:15.1318980+08:00 pid=112840 tid=1 word-undo-started name=VisualTeX Insert Native OLE Display Formula recording=True level=1
2026-09-06T20:55:15.3050712+08:00 pid=112840 tid=1 word-undo-end recording=True level=1
2026-09-06T20:55:15.3050712+08:00 pid=112840 tid=1 format-conversion-perf stage=insert-target formulaId=bf468863-14f4-4a92-b377-4c11ff293ffc numbered=True deltaMs=177 totalMs=600
2026-09-06T20:55:15.3060710+08:00 pid=112840 tid=1 format-conversion-undo-state stage=after-target-insert document=文档12 recording=False level=0
2026-09-06T20:55:15.3090709+08:00 pid=112840 tid=1 format-conversion-bookmarked-visualtex-target-stable sourceFormulaId=bf468863-14f4-4a92-b377-4c11ff293ffc formulaId=cb10a68a-b435-49f7-b0a0-49761f365a22 localAnchorRepair=False elapsedMs=2
2026-09-06T20:55:15.3100714+08:00 pid=112840 tid=1 format-conversion-direct-managed-omml-metadata-deleted formulaId=bf468863-14f4-4a92-b377-4c11ff293ffc numbered=True
2026-09-06T20:55:15.3100714+08:00 pid=112840 tid=1 format-conversion-perf stage=verify-target formulaId=bf468863-14f4-4a92-b377-4c11ff293ffc numbered=True deltaMs=5 totalMs=605
2026-09-06T20:55:15.3100714+08:00 pid=112840 tid=1 format-conversion-undo-state stage=before-source-delete document=文档12 recording=False level=0
2026-09-06T20:55:15.6694579+08:00 pid=112840 tid=1 format-conversion-direct-numbered-omml-delete formulaId=ce37899c-4dfe-48f1-a935-23f37b70f475 start=786
2026-09-06T20:55:15.6694579+08:00 pid=112840 tid=1 format-conversion-perf stage=delete-source-host formulaId=ce37899c-4dfe-48f1-a935-23f37b70f475 numbered=True deltaMs=359 totalMs=359
2026-09-06T20:55:15.6704574+08:00 pid=112840 tid=1 format-conversion-undo-state stage=after-source-delete document=文档12 recording=False level=0
2026-09-06T20:55:15.6704574+08:00 pid=112840 tid=1 word-undo-begin name=VisualTeX Insert Native OLE Display Formula recording=False level=0
2026-09-06T20:55:15.6704574+08:00 pid=112840 tid=1 word-undo-started name=VisualTeX Insert Native OLE Display Formula recording=True level=1
2026-09-06T20:55:15.8412869+08:00 pid=112840 tid=1 word-undo-end recording=True level=1
2026-09-06T20:55:15.8422869+08:00 pid=112840 tid=1 format-conversion-perf stage=insert-target formulaId=ce37899c-4dfe-48f1-a935-23f37b70f475 numbered=True deltaMs=172 totalMs=531
2026-09-06T20:55:15.8422869+08:00 pid=112840 tid=1 format-conversion-undo-state stage=after-target-insert document=文档12 recording=False level=0
2026-09-06T20:55:15.8422869+08:00 pid=112840 tid=1 format-conversion-bookmarked-visualtex-target-stable sourceFormulaId=ce37899c-4dfe-48f1-a935-23f37b70f475 formulaId=396922e3-3e3e-49a2-bdde-5b77882a318e localAnchorRepair=False elapsedMs=0
2026-09-06T20:55:15.8432890+08:00 pid=112840 tid=1 format-conversion-direct-managed-omml-metadata-deleted formulaId=ce37899c-4dfe-48f1-a935-23f37b70f475 numbered=True
2026-09-06T20:55:15.8442894+08:00 pid=112840 tid=1 format-conversion-perf stage=verify-target formulaId=ce37899c-4dfe-48f1-a935-23f37b70f475 numbered=True deltaMs=2 totalMs=533
2026-09-06T20:55:15.8442894+08:00 pid=112840 tid=1 format-conversion-undo-state stage=before-source-delete document=文档12 recording=False level=0
2026-09-06T20:55:16.1025645+08:00 pid=112840 tid=1 format-conversion-direct-numbered-omml-delete formulaId=ebf13c04-c4b5-4308-b229-20726e1845ca start=649
2026-09-06T20:55:16.1025645+08:00 pid=112840 tid=1 format-conversion-perf stage=delete-source-host formulaId=ebf13c04-c4b5-4308-b229-20726e1845ca numbered=True deltaMs=258 totalMs=258
2026-09-06T20:55:16.1025645+08:00 pid=112840 tid=1 format-conversion-undo-state stage=after-source-delete document=文档12 recording=False level=0
2026-09-06T20:55:16.1035645+08:00 pid=112840 tid=1 word-undo-begin name=VisualTeX Insert Native OLE Display Formula recording=False level=0
2026-09-06T20:55:16.1035645+08:00 pid=112840 tid=1 word-undo-started name=VisualTeX Insert Native OLE Display Formula recording=True level=1
2026-09-06T20:55:16.2298288+08:00 pid=112840 tid=1 word-undo-end recording=True level=1
2026-09-06T20:55:16.2298288+08:00 pid=112840 tid=1 format-conversion-perf stage=insert-target formulaId=ebf13c04-c4b5-4308-b229-20726e1845ca numbered=True deltaMs=127 totalMs=385
2026-09-06T20:55:16.2303541+08:00 pid=112840 tid=1 format-conversion-undo-state stage=after-target-insert document=文档12 recording=False level=0
2026-09-06T20:55:16.2308812+08:00 pid=112840 tid=1 format-conversion-bookmarked-visualtex-target-stable sourceFormulaId=ebf13c04-c4b5-4308-b229-20726e1845ca formulaId=8ab29534-91ab-477e-ad6e-8d88b858c3e6 localAnchorRepair=False elapsedMs=0
2026-09-06T20:55:16.2313855+08:00 pid=112840 tid=1 format-conversion-direct-managed-omml-metadata-deleted formulaId=ebf13c04-c4b5-4308-b229-20726e1845ca numbered=True
2026-09-06T20:55:16.2313855+08:00 pid=112840 tid=1 format-conversion-perf stage=verify-target formulaId=ebf13c04-c4b5-4308-b229-20726e1845ca numbered=True deltaMs=2 totalMs=387
2026-09-06T20:55:16.2313855+08:00 pid=112840 tid=1 format-conversion-undo-state stage=before-source-delete document=文档12 recording=False level=0
2026-09-06T20:55:16.5784836+08:00 pid=112840 tid=1 format-conversion-direct-numbered-omml-delete formulaId=4ae811a3-7792-44aa-94e5-cd7ae002ba62 start=386
2026-09-06T20:55:16.5784836+08:00 pid=112840 tid=1 format-conversion-perf stage=delete-source-host formulaId=4ae811a3-7792-44aa-94e5-cd7ae002ba62 numbered=True deltaMs=347 totalMs=347
2026-09-06T20:55:16.5794851+08:00 pid=112840 tid=1 format-conversion-undo-state stage=after-source-delete document=文档12 recording=False level=0
2026-09-06T20:55:16.5804845+08:00 pid=112840 tid=1 word-undo-begin name=VisualTeX Insert Native OLE Display Formula recording=False level=0
2026-09-06T20:55:16.5814844+08:00 pid=112840 tid=1 word-undo-started name=VisualTeX Insert Native OLE Display Formula recording=True level=1
2026-09-06T20:55:16.7191257+08:00 pid=112840 tid=1 word-undo-end recording=True level=1
2026-09-06T20:55:16.7201268+08:00 pid=112840 tid=1 format-conversion-perf stage=insert-target formulaId=4ae811a3-7792-44aa-94e5-cd7ae002ba62 numbered=True deltaMs=141 totalMs=488
2026-09-06T20:55:16.7201268+08:00 pid=112840 tid=1 format-conversion-undo-state stage=after-target-insert document=文档12 recording=False level=0
2026-09-06T20:55:16.7211284+08:00 pid=112840 tid=1 format-conversion-bookmarked-visualtex-target-stable sourceFormulaId=4ae811a3-7792-44aa-94e5-cd7ae002ba62 formulaId=c95261c6-60fc-4879-90fd-24bca63687a6 localAnchorRepair=False elapsedMs=0
2026-09-06T20:55:16.7221261+08:00 pid=112840 tid=1 format-conversion-direct-managed-omml-metadata-deleted formulaId=4ae811a3-7792-44aa-94e5-cd7ae002ba62 numbered=True
2026-09-06T20:55:16.7221261+08:00 pid=112840 tid=1 format-conversion-perf stage=verify-target formulaId=4ae811a3-7792-44aa-94e5-cd7ae002ba62 numbered=True deltaMs=2 totalMs=490
2026-09-06T20:55:16.7221261+08:00 pid=112840 tid=1 format-conversion-undo-state stage=before-source-delete document=文档12 recording=False level=0
2026-09-06T20:55:16.9233808+08:00 pid=112840 tid=1 format-conversion-direct-numbered-omml-delete formulaId=e13e2bb2-c9ec-4529-bdf4-105113722229 start=258
2026-09-06T20:55:16.9233808+08:00 pid=112840 tid=1 format-conversion-perf stage=delete-source-host formulaId=e13e2bb2-c9ec-4529-bdf4-105113722229 numbered=True deltaMs=201 totalMs=201
2026-09-06T20:55:16.9233808+08:00 pid=112840 tid=1 format-conversion-undo-state stage=after-source-delete document=文档12 recording=False level=0
2026-09-06T20:55:16.9243789+08:00 pid=112840 tid=1 word-undo-begin name=VisualTeX Insert Native OLE Display Formula recording=False level=0
2026-09-06T20:55:16.9243789+08:00 pid=112840 tid=1 word-undo-started name=VisualTeX Insert Native OLE Display Formula recording=True level=1
2026-09-06T20:55:17.0440848+08:00 pid=112840 tid=1 word-undo-end recording=True level=1
2026-09-06T20:55:17.0440848+08:00 pid=112840 tid=1 format-conversion-perf stage=insert-target formulaId=e13e2bb2-c9ec-4529-bdf4-105113722229 numbered=True deltaMs=121 totalMs=322
2026-09-06T20:55:17.0450832+08:00 pid=112840 tid=1 format-conversion-undo-state stage=after-target-insert document=文档12 recording=False level=0
2026-09-06T20:55:17.0450832+08:00 pid=112840 tid=1 format-conversion-bookmarked-visualtex-target-stable sourceFormulaId=e13e2bb2-c9ec-4529-bdf4-105113722229 formulaId=da467198-1f02-4da5-8de7-69dbd8caf611 localAnchorRepair=False elapsedMs=0
2026-09-06T20:55:17.0460856+08:00 pid=112840 tid=1 format-conversion-direct-managed-omml-metadata-deleted formulaId=e13e2bb2-c9ec-4529-bdf4-105113722229 numbered=True
2026-09-06T20:55:17.0460856+08:00 pid=112840 tid=1 format-conversion-perf stage=verify-target formulaId=e13e2bb2-c9ec-4529-bdf4-105113722229 numbered=True deltaMs=1 totalMs=323
2026-09-06T20:55:17.0460856+08:00 pid=112840 tid=1 format-conversion-undo-state stage=before-source-delete document=文档12 recording=False level=0
2026-09-06T20:55:17.0753985+08:00 pid=112840 tid=1 format-conversion-perf stage=delete-source-host formulaId=c00faf76-1e89-4f9e-911b-9b6b7a06ed1e numbered=False deltaMs=29 totalMs=29
2026-09-06T20:55:17.0753985+08:00 pid=112840 tid=1 format-conversion-undo-state stage=after-source-delete document=文档12 recording=False level=0
2026-09-06T20:55:17.0764010+08:00 pid=112840 tid=1 word-undo-begin name=VisualTeX Insert Native OLE Inline Formula recording=False level=0
2026-09-06T20:55:17.0764010+08:00 pid=112840 tid=1 word-undo-started name=VisualTeX Insert Native OLE Inline Formula recording=True level=1
2026-09-06T20:55:17.1539739+08:00 pid=112840 tid=1 word-undo-end recording=True level=1
2026-09-06T20:55:17.1539739+08:00 pid=112840 tid=1 format-conversion-perf stage=insert-target formulaId=c00faf76-1e89-4f9e-911b-9b6b7a06ed1e numbered=False deltaMs=79 totalMs=108
2026-09-06T20:55:17.1549748+08:00 pid=112840 tid=1 format-conversion-undo-state stage=after-target-insert document=文档12 recording=False level=0
2026-09-06T20:55:17.1549748+08:00 pid=112840 tid=1 format-conversion-bookmarked-visualtex-target-stable sourceFormulaId=c00faf76-1e89-4f9e-911b-9b6b7a06ed1e formulaId=d713035e-2f79-4385-89be-da5ef20c5ca5 localAnchorRepair=False elapsedMs=0
2026-09-06T20:55:17.1549748+08:00 pid=112840 tid=1 format-conversion-perf stage=verify-target formulaId=c00faf76-1e89-4f9e-911b-9b6b7a06ed1e numbered=False deltaMs=1 totalMs=109
2026-09-06T20:55:17.1559768+08:00 pid=112840 tid=1 format-conversion-undo-state stage=before-source-delete document=文档12 recording=False level=0
2026-09-06T20:55:17.2509765+08:00 pid=112840 tid=1 format-conversion-direct-numbered-omml-delete formulaId=78eb36b3-7b4e-4c53-a682-044a9f0f43c4 start=0
2026-09-06T20:55:17.2509765+08:00 pid=112840 tid=1 format-conversion-perf stage=delete-source-host formulaId=78eb36b3-7b4e-4c53-a682-044a9f0f43c4 numbered=True deltaMs=95 totalMs=95
2026-09-06T20:55:17.2519750+08:00 pid=112840 tid=1 format-conversion-undo-state stage=after-source-delete document=文档12 recording=False level=0
2026-09-06T20:55:17.2519750+08:00 pid=112840 tid=1 word-undo-begin name=VisualTeX Insert Native OLE Display Formula recording=False level=0
2026-09-06T20:55:17.2519750+08:00 pid=112840 tid=1 word-undo-started name=VisualTeX Insert Native OLE Display Formula recording=True level=1
2026-09-06T20:55:17.2909764+08:00 pid=112840 tid=1 word-undo-end recording=True level=1
2026-09-06T20:55:17.2919745+08:00 pid=112840 tid=1 format-conversion-perf stage=insert-target formulaId=78eb36b3-7b4e-4c53-a682-044a9f0f43c4 numbered=True deltaMs=40 totalMs=135
2026-09-06T20:55:17.2919745+08:00 pid=112840 tid=1 format-conversion-undo-state stage=after-target-insert document=文档12 recording=False level=0
2026-09-06T20:55:17.2929748+08:00 pid=112840 tid=1 format-conversion-bookmarked-visualtex-target-stable sourceFormulaId=78eb36b3-7b4e-4c53-a682-044a9f0f43c4 formulaId=aceb9b1a-bc1e-4b1b-bc04-b6b3d43d5f26 localAnchorRepair=False elapsedMs=0
2026-09-06T20:55:17.2929748+08:00 pid=112840 tid=1 format-conversion-direct-managed-omml-metadata-deleted formulaId=78eb36b3-7b4e-4c53-a682-044a9f0f43c4 numbered=True
2026-09-06T20:55:17.2929748+08:00 pid=112840 tid=1 format-conversion-perf stage=verify-target formulaId=78eb36b3-7b4e-4c53-a682-044a9f0f43c4 numbered=True deltaMs=2 totalMs=137
2026-09-06T20:55:17.2939756+08:00 pid=112840 tid=1 format-conversion-finalize-perf stage=source-residual-check sourceMode=wordOmml targetMode=nativeOle deltaMs=0 totalMs=0
2026-09-06T20:55:17.2949760+08:00 pid=112840 tid=1 format-conversion-finalize-perf stage=target-count-check sourceMode=wordOmml targetMode=nativeOle deltaMs=1 totalMs=1
2026-09-06T20:55:17.2999746+08:00 pid=112840 tid=1 format-conversion-visualtex-numbering-inventory formulaId=aceb9b1a-bc1e-4b1b-bc04-b6b3d43d5f26 range=0:34 paragraph=0:35 numbered=True
2026-09-06T20:55:17.3009754+08:00 pid=112840 tid=1 format-conversion-visualtex-numbering-inventory formulaId=d713035e-2f79-4385-89be-da5ef20c5ca5 range=166:200 paragraph=154:201 numbered=False
2026-09-06T20:55:17.3019762+08:00 pid=112840 tid=1 format-conversion-visualtex-numbering-inventory formulaId=da467198-1f02-4da5-8de7-69dbd8caf611 range=201:235 paragraph=201:236 numbered=True
2026-09-06T20:55:17.3019762+08:00 pid=112840 tid=1 format-conversion-visualtex-numbering-inventory formulaId=c95261c6-60fc-4879-90fd-24bca63687a6 range=237:271 paragraph=237:272 numbered=True
2026-09-06T20:55:17.3029754+08:00 pid=112840 tid=1 format-conversion-visualtex-numbering-inventory formulaId=8ab29534-91ab-477e-ad6e-8d88b858c3e6 range=457:491 paragraph=457:492 numbered=True
2026-09-06T20:55:17.3039749+08:00 pid=112840 tid=1 format-conversion-visualtex-numbering-inventory formulaId=396922e3-3e3e-49a2-bdde-5b77882a318e range=500:534 paragraph=500:535 numbered=True
2026-09-06T20:55:17.3039749+08:00 pid=112840 tid=1 format-conversion-visualtex-numbering-inventory formulaId=cb10a68a-b435-49f7-b0a0-49761f365a22 range=553:587 paragraph=553:588 numbered=True
2026-09-06T20:55:17.3059744+08:00 pid=112840 tid=1 format-conversion-visualtex-numbering-before-scaffold formulaId=cb10a68a-b435-49f7-b0a0-49761f365a22 frozenRange=visualtex-word-vsto-range:553:587 liveRange=553:587 paragraph=553:588
2026-09-06T20:55:17.4135566+08:00 pid=112840 tid=1 format-conversion-visualtex-numbering-before-scaffold formulaId=396922e3-3e3e-49a2-bdde-5b77882a318e frozenRange=visualtex-word-vsto-range:500:534 liveRange=500:534 paragraph=500:535
2026-09-06T20:55:17.5095561+08:00 pid=112840 tid=1 format-conversion-visualtex-numbering-before-scaffold formulaId=8ab29534-91ab-477e-ad6e-8d88b858c3e6 frozenRange=visualtex-word-vsto-range:457:491 liveRange=457:491 paragraph=457:492
2026-09-06T20:55:17.6159729+08:00 pid=112840 tid=1 format-conversion-visualtex-numbering-before-scaffold formulaId=c95261c6-60fc-4879-90fd-24bca63687a6 frozenRange=visualtex-word-vsto-range:237:271 liveRange=237:271 paragraph=237:272
2026-09-06T20:55:17.7245490+08:00 pid=112840 tid=1 format-conversion-visualtex-numbering-before-scaffold formulaId=da467198-1f02-4da5-8de7-69dbd8caf611 frozenRange=visualtex-word-vsto-range:201:235 liveRange=201:235 paragraph=201:236
2026-09-06T20:55:17.8403083+08:00 pid=112840 tid=1 format-conversion-visualtex-numbering-before-scaffold formulaId=d713035e-2f79-4385-89be-da5ef20c5ca5 frozenRange=visualtex-word-vsto-range:166:200 liveRange=166:200 paragraph=154:201
2026-09-06T20:55:17.8433079+08:00 pid=112840 tid=1 format-conversion-visualtex-numbering-before-scaffold formulaId=aceb9b1a-bc1e-4b1b-bc04-b6b3d43d5f26 frozenRange=visualtex-word-vsto-range:0:34 liveRange=0:34 paragraph=0:35
2026-09-06T20:55:18.6262014+08:00 pid=112840 tid=1 format-conversion-numbering-visualtex-batch built=6 finalized=6
2026-09-06T20:55:18.6642020+08:00 pid=112840 tid=1 format-conversion-reference-aliases-restored sourceMode=wordOmml targetMode=nativeOle aliases=2 refreshedReferences=0 restoredFormatting=2
2026-09-06T20:55:18.6811989+08:00 pid=112840 tid=1 format-conversion-finalize-perf stage=numbering-reconcile sourceMode=wordOmml targetMode=nativeOle deltaMs=1387 totalMs=1388
2026-09-06T20:55:18.6942003+08:00 pid=112840 tid=1 format-conversion-finalize-perf stage=omml-fingerprint-refresh sourceMode=wordOmml targetMode=nativeOle deltaMs=13 totalMs=1401
2026-09-06T20:55:18.7017883+08:00 pid=112840 tid=1 format-conversion-transaction-completed targets=7
2026-09-06T20:55:18.7017883+08:00 pid=112840 tid=22 format-conversion-word-apply-finished sourceMode=wordOmml targetMode=nativeOle converted=7 failed=0
2026-09-06T20:55:18.7027879+08:00 pid=112840 tid=22 format-conversion-session-cleanup-start sessions=7
2026-09-06T20:55:18.7057885+08:00 pid=112840 tid=22 format-conversion-complete source=OMML target=VisualTeX converted=7 failed=0
2026-09-06T20:55:18.7087876+08:00 pid=112840 tid=28 format-conversion-session-cleanup-complete sessions=7
2026-09-06T20:55:33.7320149+08:00 pid=112840 tid=31 ribbon-session-operation-released sessionId=2f948f34-b984-4aef-a58f-ad9135cec6bf
2026-09-06T20:55:48.9878597+08:00 pid=112840 tid=12 left-down x=1776 y=1270 wordForeground=False
2026-09-06T20:55:52.2717810+08:00 pid=112840 tid=1 word-undo-begin name=VisualTeX Convert or Update Native OLE Formula recording=False level=0
2026-09-06T20:55:52.2727802+08:00 pid=112840 tid=1 word-undo-started name=VisualTeX Convert or Update Native OLE Formula recording=True level=1
2026-09-06T20:55:52.2737801+08:00 pid=112840 tid=1 format-conversion-subperf [perf] ReplaceOle.locate-target: +1ms (1ms total)
2026-09-06T20:55:52.2873136+08:00 pid=112840 tid=1 format-conversion-subperf [perf] ReplaceOle.update-native-object: +13ms (14ms total)
2026-09-06T20:55:52.3103136+08:00 pid=112840 tid=1 format-conversion-subperf [perf] ReplaceOle.configure: +24ms (38ms total)
2026-09-06T20:55:52.4670421+08:00 pid=112840 tid=1 format-conversion-subperf [perf] ReplaceOle.reconcile: +156ms (194ms total)
2026-09-06T20:55:52.4670421+08:00 pid=112840 tid=1 format-conversion-subperf [perf] ReplaceOle.selection: +1ms (195ms total)
2026-09-06T20:55:52.4730445+08:00 pid=112840 tid=1 word-undo-end recording=True level=1
2026-09-06T20:55:52.4770427+08:00 pid=112840 tid=30 ribbon-session-operation-released sessionId=c73fcadb-a61a-4f7d-b8d2-d1dd1897c555
2026-09-06T20:55:55.1955828+08:00 pid=112840 tid=12 left-down x=3287 y=1277 wordForeground=False
2026-09-06T20:56:03.8752774+08:00 pid=112840 tid=1 format-conversion-start sourceMode=nativeOle targetMode=mathTypeOle wholeDocument=True
2026-09-06T20:56:03.8782792+08:00 pid=112840 tid=1 format-conversion-plan-perf stage=shape-access source=nativeOle index=1/7 deltaMs=0 totalMs=0
2026-09-06T20:56:03.8802793+08:00 pid=112840 tid=1 format-conversion-plan-perf stage=shape-range source=nativeOle index=1/7 deltaMs=1 totalMs=1
2026-09-06T20:56:03.8932807+08:00 pid=112840 tid=1 format-conversion-plan-perf stage=target-added source=nativeOle index=1/7 deltaMs=13 totalMs=14
2026-09-06T20:56:03.8942809+08:00 pid=112840 tid=1 format-conversion-plan-perf stage=shape-access source=nativeOle index=2/7 deltaMs=0 totalMs=0
2026-09-06T20:56:03.8972779+08:00 pid=112840 tid=1 format-conversion-plan-perf stage=shape-range source=nativeOle index=2/7 deltaMs=3 totalMs=3
2026-09-06T20:56:03.9092796+08:00 pid=112840 tid=1 format-conversion-plan-perf stage=target-added source=nativeOle index=2/7 deltaMs=12 totalMs=15
2026-09-06T20:56:03.9102810+08:00 pid=112840 tid=1 format-conversion-plan-perf stage=shape-access source=nativeOle index=3/7 deltaMs=0 totalMs=0
2026-09-06T20:56:03.9102810+08:00 pid=112840 tid=1 format-conversion-plan-perf stage=shape-range source=nativeOle index=3/7 deltaMs=0 totalMs=0
2026-09-06T20:56:03.9152808+08:00 pid=112840 tid=1 format-conversion-plan-perf stage=target-added source=nativeOle index=3/7 deltaMs=5 totalMs=5
2026-09-06T20:56:03.9162812+08:00 pid=112840 tid=1 format-conversion-plan-perf stage=shape-access source=nativeOle index=4/7 deltaMs=0 totalMs=0
2026-09-06T20:56:03.9172815+08:00 pid=112840 tid=1 format-conversion-plan-perf stage=shape-range source=nativeOle index=4/7 deltaMs=0 totalMs=0
2026-09-06T20:56:03.9232805+08:00 pid=112840 tid=1 format-conversion-plan-perf stage=target-added source=nativeOle index=4/7 deltaMs=7 totalMs=7
2026-09-06T20:56:03.9242813+08:00 pid=112840 tid=1 format-conversion-plan-perf stage=shape-access source=nativeOle index=5/7 deltaMs=0 totalMs=0
2026-09-06T20:56:03.9262791+08:00 pid=112840 tid=1 format-conversion-plan-perf stage=shape-range source=nativeOle index=5/7 deltaMs=1 totalMs=1
2026-09-06T20:56:03.9322806+08:00 pid=112840 tid=1 format-conversion-plan-perf stage=target-added source=nativeOle index=5/7 deltaMs=6 totalMs=7
2026-09-06T20:56:03.9332812+08:00 pid=112840 tid=1 format-conversion-plan-perf stage=shape-access source=nativeOle index=6/7 deltaMs=0 totalMs=0
2026-09-06T20:56:03.9332812+08:00 pid=112840 tid=1 format-conversion-plan-perf stage=shape-range source=nativeOle index=6/7 deltaMs=0 totalMs=0
2026-09-06T20:56:03.9382803+08:00 pid=112840 tid=1 format-conversion-plan-perf stage=target-added source=nativeOle index=6/7 deltaMs=5 totalMs=5
2026-09-06T20:56:03.9382803+08:00 pid=112840 tid=1 format-conversion-plan-perf stage=shape-access source=nativeOle index=7/7 deltaMs=0 totalMs=0
2026-09-06T20:56:03.9392809+08:00 pid=112840 tid=1 format-conversion-plan-perf stage=shape-range source=nativeOle index=7/7 deltaMs=0 totalMs=0
2026-09-06T20:56:03.9442807+08:00 pid=112840 tid=1 format-conversion-plan-perf stage=target-added source=nativeOle index=7/7 deltaMs=5 totalMs=5
2026-09-06T20:56:03.9442807+08:00 pid=112840 tid=1 format-conversion-plan sourceMode=nativeOle targetMode=mathTypeOle targets=7
2026-09-06T20:56:07.3926404+08:00 pid=112840 tid=1 bulk-import converter-create display=block mode=mathTypeOle latex=a^{2}+b^{2}=c^{2}
2026-09-06T20:56:07.3956345+08:00 pid=112840 tid=29 bulk-import converter-created sessionId=5740f32d-cb78-4eec-8012-92407e4dc9fe
2026-09-06T20:56:07.3966346+08:00 pid=112840 tid=29 bulk-import converter-create display=inline mode=mathTypeOle latex=\sqrt{E-u\left( x\right) }=\frac{1}{f\left( \omega \right) v_{ph}\left( \omega ,x\right) }
2026-09-06T20:56:07.4006341+08:00 pid=112840 tid=29 bulk-import converter-created sessionId=acffa0c8-57af-490d-bd65-6c9f7881116c
2026-09-06T20:56:07.4006341+08:00 pid=112840 tid=29 bulk-import converter-create display=block mode=mathTypeOle latex=\left\{ \begin{matrix}\frac{\mathrm{d}}{\mathrm{d}\omega }\left( \omega f\left( \omega \right) \right) =0 \\ \frac{\omega f\left( \omega \right) }{2}\frac{\mathrm{d}E\left( \omega \right) }{\mathrm{d}\omega }=\sqrt{\frac{m}{2}}\end{matrix}\right.
2026-09-06T20:56:07.4046383+08:00 pid=112840 tid=24 bulk-import converter-created sessionId=b0d5919d-e3d7-4c42-823f-8c16e084678a
2026-09-06T20:56:07.4046383+08:00 pid=112840 tid=24 bulk-import converter-create display=block mode=mathTypeOle latex=a^2+b^2=c^2
2026-09-06T20:56:07.4086352+08:00 pid=112840 tid=29 bulk-import converter-created sessionId=a129712c-c430-49c6-82e6-4213be886886
2026-09-06T20:56:07.4096356+08:00 pid=112840 tid=29 bulk-import converter-create display=block mode=mathTypeOle latex=i\hbar \frac{\partial }{\partial t}\psi (\mathbf{r},t)=\left[ -\frac{\hbar^{2}}{2m}\nabla^{2}+V(\mathbf{r},t)\right] \psi (\mathbf{r},t)
2026-09-06T20:56:07.4126349+08:00 pid=112840 tid=24 bulk-import converter-created sessionId=9bbda4ca-6c5e-4c78-9f15-158da652a8d6
2026-09-06T20:56:07.4126349+08:00 pid=112840 tid=24 bulk-import converter-create display=block mode=mathTypeOle latex=\frac{\partial }{\partial t}\psi^{\ast}\left( \vec{r}\right) \psi \left( \vec{r}\right) =\frac{i\hbar }{2m}\nabla \cdot \left[ \psi^{\ast}\left( \vec{r}\right) \nabla \psi \left( \vec{r}\right) -\psi \left( \vec{r}\right) \nabla \psi^{\ast}\left( r\right) \right]
2026-09-06T20:56:07.4156358+08:00 pid=112840 tid=29 bulk-import converter-created sessionId=2a2fd9cc-e90c-42e1-8352-00bebf1c6f2f
2026-09-06T20:56:07.4166361+08:00 pid=112840 tid=29 bulk-import converter-create display=block mode=mathTypeOle latex=\frac{\partial }{\partial t}\rho \left( \vec{r},t\right) +\nabla \cdot \vec{j}=0
2026-09-06T20:56:07.4196349+08:00 pid=112840 tid=24 bulk-import converter-created sessionId=3385fde1-b1b9-4029-a4ee-1a31cd2d1505
2026-09-06T20:56:07.4196349+08:00 pid=112840 tid=24 format-conversion-render-start sourceMode=nativeOle targetMode=mathTypeOle sessions=7
2026-09-06T20:56:07.4679002+08:00 pid=112840 tid=29 format-conversion-rendered sourceMode=nativeOle targetMode=mathTypeOle sessionId=5740f32d-cb78-4eec-8012-92407e4dc9fe status=committing
2026-09-06T20:56:07.4839077+08:00 pid=112840 tid=24 format-conversion-rendered sourceMode=nativeOle targetMode=mathTypeOle sessionId=acffa0c8-57af-490d-bd65-6c9f7881116c status=committing
2026-09-06T20:56:07.5069081+08:00 pid=112840 tid=29 format-conversion-rendered sourceMode=nativeOle targetMode=mathTypeOle sessionId=b0d5919d-e3d7-4c42-823f-8c16e084678a status=committing
2026-09-06T20:56:07.5149067+08:00 pid=112840 tid=24 format-conversion-rendered sourceMode=nativeOle targetMode=mathTypeOle sessionId=a129712c-c430-49c6-82e6-4213be886886 status=committing
2026-09-06T20:56:07.5365182+08:00 pid=112840 tid=29 format-conversion-rendered sourceMode=nativeOle targetMode=mathTypeOle sessionId=9bbda4ca-6c5e-4c78-9f15-158da652a8d6 status=committing
2026-09-06T20:56:07.5545181+08:00 pid=112840 tid=24 format-conversion-rendered sourceMode=nativeOle targetMode=mathTypeOle sessionId=2a2fd9cc-e90c-42e1-8352-00bebf1c6f2f status=committing
2026-09-06T20:56:07.5705183+08:00 pid=112840 tid=29 format-conversion-rendered sourceMode=nativeOle targetMode=mathTypeOle sessionId=3385fde1-b1b9-4029-a4ee-1a31cd2d1505 status=committing
2026-09-06T20:56:07.8296710+08:00 pid=112840 tid=29 format-conversion-native-preview-batch-complete formulas=7 elapsedMs=257
2026-09-06T20:56:07.8296710+08:00 pid=112840 tid=29 format-conversion-word-apply-start sourceMode=nativeOle targetMode=mathTypeOle targets=7
2026-09-06T20:56:07.8667824+08:00 pid=112840 tid=1 format-conversion-runtime assembly=C:\Users\pojian_liao\AppData\Local\VisualTeX\office\remediation-builds\33B8D8C68842F83D9A7D6B8744C62EFEFFD8590657A9EFC206F276101FFDC97A\VisualTeX.WordVsto.dll source=nativeOle target=mathTypeOle targetIsVisualTeX=False targetIsMathType=True
2026-09-06T20:56:08.1298979+08:00 pid=112840 tid=1 format-conversion-reference-aliases-captured sourceMode=nativeOle formulaId=aceb9b1a-bc1e-4b1b-bc04-b6b3d43d5f26 aliases=ZEqnNum100071
2026-09-06T20:56:08.1588981+08:00 pid=112840 tid=1 format-conversion-reference-aliases-captured sourceMode=nativeOle formulaId=c95261c6-60fc-4879-90fd-24bca63687a6 aliases=ZEqnNum100514
2026-09-06T20:56:08.2615687+08:00 pid=112840 tid=1 format-conversion-heading-scope-cache format=heading2-dash formulas=6 scopes=2
2026-09-06T20:56:08.3471264+08:00 pid=112840 tid=1 format-conversion-reference-counts-fast-path source=nativeOle formulas=6
2026-09-06T20:56:15.6937463+08:00 pid=112840 tid=12 left-down x=3491 y=1529 wordForeground=False
2026-09-06T20:56:20.2237557+08:00 pid=112840 tid=1 word-undo-begin name=VisualTeX Convert Formula Format recording=False level=0
2026-09-06T20:56:20.2257569+08:00 pid=112840 tid=1 word-undo-started name=VisualTeX Convert Formula Format recording=True level=1
2026-09-06T20:56:20.2267549+08:00 pid=112840 tid=1 format-conversion-undo-state stage=before-preferences document=文档12 recording=True level=1
2026-09-06T20:56:20.2277577+08:00 pid=112840 tid=1 format-conversion-transaction-start targets=7
2026-09-06T20:56:20.2277577+08:00 pid=112840 tid=1 format-conversion-undo-state stage=after-preferences document=文档12 recording=True level=1
2026-09-06T20:56:20.2287553+08:00 pid=112840 tid=1 format-conversion-undo-state stage=before-source-delete document=文档12 recording=True level=1
2026-09-06T20:56:20.3592688+08:00 pid=112840 tid=1 formula-to-latex-visualtex-paragraph-replaced formulaId=cb10a68a-b435-49f7-b0a0-49761f365a22 range=1168:1252
2026-09-06T20:56:20.3632686+08:00 pid=112840 tid=1 format-conversion-perf stage=delete-source-host formulaId=cb10a68a-b435-49f7-b0a0-49761f365a22 numbered=True deltaMs=135 totalMs=135
2026-09-06T20:56:20.3642689+08:00 pid=112840 tid=1 format-conversion-undo-state stage=after-source-delete document=文档12 recording=True level=1
2026-09-06T20:56:20.3862690+08:00 pid=112840 tid=1 word-undo-begin name=VisualTeX Insert MathType OLE Numbered Display Formula recording=True level=1
2026-09-06T20:56:20.3902688+08:00 pid=112840 tid=1 mathtype-insert-perf stage=resolve-insertion numbered=True inline=False deltaMs=3 totalMs=3
2026-09-06T20:56:20.3902688+08:00 pid=112840 tid=1 mathtype-insert-perf stage=clear-incomplete-number-row numbered=True inline=False deltaMs=1 totalMs=4
2026-09-06T20:56:20.3912688+08:00 pid=112840 tid=1 mathtype-insert-perf stage=number-template-heading-state numbered=True inline=False deltaMs=0 totalMs=4
2026-09-06T20:56:20.3926573+08:00 pid=112840 tid=1 mathtype-insert-perf stage=prepare-display-row numbered=True inline=False deltaMs=1 totalMs=5
2026-09-06T20:56:20.3990661+08:00 pid=112840 tid=1 mathtype-insert-perf stage=build-flat-opc numbered=True inline=False deltaMs=7 totalMs=12
2026-09-06T20:56:20.3990661+08:00 pid=112840 tid=1 mathtype-insert-perf stage=pre-insert-bookkeeping numbered=True inline=False deltaMs=0 totalMs=12
2026-09-06T20:56:20.4428324+08:00 pid=112840 tid=1 mathtype-insert-perf stage=insert-flat-opc numbered=True inline=False deltaMs=44 totalMs=56
2026-09-06T20:56:20.4428324+08:00 pid=112840 tid=1 mathtype-insert-perf stage=resolve-new-shape numbered=True inline=False deltaMs=0 totalMs=56
2026-09-06T20:56:20.4448337+08:00 pid=112840 tid=1 mathtype-insert-perf stage=set-shape-geometry numbered=True inline=False deltaMs=2 totalMs=58
2026-09-06T20:56:20.4458323+08:00 pid=112840 tid=1 mathtype-insert-perf stage=repair-inline-paragraph numbered=True inline=False deltaMs=1 totalMs=59
2026-09-06T20:56:20.4458323+08:00 pid=112840 tid=1 mathtype-insert-perf stage=refresh-native-shape numbered=True inline=False deltaMs=0 totalMs=59
2026-09-06T20:56:20.4548323+08:00 pid=112840 tid=1 mathtype-insert-perf stage=bind-created-object-identity numbered=True inline=False deltaMs=9 totalMs=68
2026-09-06T20:56:20.4548323+08:00 pid=112840 tid=1 mathtype-insert-perf stage=complete numbered=True inline=False deltaMs=0 totalMs=68
2026-09-06T20:56:20.4558322+08:00 pid=112840 tid=1 format-conversion-perf stage=insert-target formulaId=cb10a68a-b435-49f7-b0a0-49761f365a22 numbered=True deltaMs=92 totalMs=227
2026-09-06T20:56:20.4558322+08:00 pid=112840 tid=1 format-conversion-undo-state stage=after-target-insert document=文档12 recording=True level=1
2026-09-06T20:56:20.4588322+08:00 pid=112840 tid=1 format-conversion-bookmarked-target-stable formulaId=cb10a68a-b435-49f7-b0a0-49761f365a22 bookmark=VTMT_550bf7e6a32e4e5b92708a2923ced235 range=1169:1195 elapsedMs=0
2026-09-06T20:56:20.4588322+08:00 pid=112840 tid=1 format-conversion-perf stage=verify-target formulaId=cb10a68a-b435-49f7-b0a0-49761f365a22 numbered=True deltaMs=3 totalMs=230
2026-09-06T20:56:20.4598344+08:00 pid=112840 tid=1 format-conversion-undo-state stage=before-source-delete document=文档12 recording=True level=1
2026-09-06T20:56:20.5068462+08:00 pid=112840 tid=1 formula-to-latex-visualtex-paragraph-replaced formulaId=396922e3-3e3e-49a2-bdde-5b77882a318e range=992:1259
2026-09-06T20:56:20.5128463+08:00 pid=112840 tid=1 format-conversion-perf stage=delete-source-host formulaId=396922e3-3e3e-49a2-bdde-5b77882a318e numbered=True deltaMs=52 totalMs=52
2026-09-06T20:56:20.5128463+08:00 pid=112840 tid=1 format-conversion-undo-state stage=after-source-delete document=文档12 recording=True level=1
2026-09-06T20:56:20.5368542+08:00 pid=112840 tid=1 word-undo-begin name=VisualTeX Insert MathType OLE Numbered Display Formula recording=True level=1
2026-09-06T20:56:20.5398545+08:00 pid=112840 tid=1 mathtype-insert-perf stage=resolve-insertion numbered=True inline=False deltaMs=3 totalMs=3
2026-09-06T20:56:20.5408541+08:00 pid=112840 tid=1 mathtype-insert-perf stage=clear-incomplete-number-row numbered=True inline=False deltaMs=0 totalMs=3
2026-09-06T20:56:20.5408541+08:00 pid=112840 tid=1 mathtype-insert-perf stage=number-template-heading-state numbered=True inline=False deltaMs=1 totalMs=4
2026-09-06T20:56:20.5418543+08:00 pid=112840 tid=1 mathtype-insert-perf stage=prepare-display-row numbered=True inline=False deltaMs=0 totalMs=4
2026-09-06T20:56:20.5478548+08:00 pid=112840 tid=1 mathtype-insert-perf stage=build-flat-opc numbered=True inline=False deltaMs=6 totalMs=10
2026-09-06T20:56:20.5478548+08:00 pid=112840 tid=1 mathtype-insert-perf stage=pre-insert-bookkeeping numbered=True inline=False deltaMs=0 totalMs=10
2026-09-06T20:56:20.5858886+08:00 pid=112840 tid=1 mathtype-insert-perf stage=insert-flat-opc numbered=True inline=False deltaMs=39 totalMs=49
2026-09-06T20:56:20.5868915+08:00 pid=112840 tid=1 mathtype-insert-perf stage=resolve-new-shape numbered=True inline=False deltaMs=0 totalMs=49
2026-09-06T20:56:20.5878889+08:00 pid=112840 tid=1 mathtype-insert-perf stage=set-shape-geometry numbered=True inline=False deltaMs=1 totalMs=50
2026-09-06T20:56:20.5878889+08:00 pid=112840 tid=1 mathtype-insert-perf stage=repair-inline-paragraph numbered=True inline=False deltaMs=1 totalMs=51
2026-09-06T20:56:20.5888885+08:00 pid=112840 tid=1 mathtype-insert-perf stage=refresh-native-shape numbered=True inline=False deltaMs=0 totalMs=51
2026-09-06T20:56:20.5978885+08:00 pid=112840 tid=1 mathtype-insert-perf stage=bind-created-object-identity numbered=True inline=False deltaMs=10 totalMs=61
2026-09-06T20:56:20.5978885+08:00 pid=112840 tid=1 mathtype-insert-perf stage=complete numbered=True inline=False deltaMs=0 totalMs=61
2026-09-06T20:56:20.5988885+08:00 pid=112840 tid=1 format-conversion-perf stage=insert-target formulaId=396922e3-3e3e-49a2-bdde-5b77882a318e numbered=True deltaMs=86 totalMs=138
2026-09-06T20:56:20.5988885+08:00 pid=112840 tid=1 format-conversion-undo-state stage=after-target-insert document=文档12 recording=True level=1
2026-09-06T20:56:20.5998883+08:00 pid=112840 tid=1 format-conversion-bookmarked-target-stable formulaId=396922e3-3e3e-49a2-bdde-5b77882a318e bookmark=VTMT_4d459bbe55af40c19b36563dabb4e26f range=993:1019 elapsedMs=0
2026-09-06T20:56:20.5998883+08:00 pid=112840 tid=1 format-conversion-perf stage=verify-target formulaId=396922e3-3e3e-49a2-bdde-5b77882a318e numbered=True deltaMs=2 totalMs=140
2026-09-06T20:56:20.6008885+08:00 pid=112840 tid=1 format-conversion-undo-state stage=before-source-delete document=文档12 recording=True level=1
2026-09-06T20:56:20.6538887+08:00 pid=112840 tid=1 formula-to-latex-visualtex-paragraph-replaced formulaId=8ab29534-91ab-477e-ad6e-8d88b858c3e6 range=826:966
2026-09-06T20:56:20.6588883+08:00 pid=112840 tid=1 format-conversion-perf stage=delete-source-host formulaId=8ab29534-91ab-477e-ad6e-8d88b858c3e6 numbered=True deltaMs=58 totalMs=58
2026-09-06T20:56:20.6588883+08:00 pid=112840 tid=1 format-conversion-undo-state stage=after-source-delete document=文档12 recording=True level=1
2026-09-06T20:56:20.6798891+08:00 pid=112840 tid=1 word-undo-begin name=VisualTeX Insert MathType OLE Numbered Display Formula recording=True level=1
2026-09-06T20:56:20.6838887+08:00 pid=112840 tid=1 mathtype-insert-perf stage=resolve-insertion numbered=True inline=False deltaMs=3 totalMs=3
2026-09-06T20:56:20.6838887+08:00 pid=112840 tid=1 mathtype-insert-perf stage=clear-incomplete-number-row numbered=True inline=False deltaMs=0 totalMs=3
2026-09-06T20:56:20.6838887+08:00 pid=112840 tid=1 mathtype-insert-perf stage=number-template-heading-state numbered=True inline=False deltaMs=1 totalMs=4
2026-09-06T20:56:20.6848882+08:00 pid=112840 tid=1 mathtype-insert-perf stage=prepare-display-row numbered=True inline=False deltaMs=0 totalMs=4
2026-09-06T20:56:20.6908891+08:00 pid=112840 tid=1 mathtype-insert-perf stage=build-flat-opc numbered=True inline=False deltaMs=6 totalMs=10
2026-09-06T20:56:20.6908891+08:00 pid=112840 tid=1 mathtype-insert-perf stage=pre-insert-bookkeeping numbered=True inline=False deltaMs=0 totalMs=10
2026-09-06T20:56:20.7255849+08:00 pid=112840 tid=1 mathtype-insert-perf stage=insert-flat-opc numbered=True inline=False deltaMs=35 totalMs=45
2026-09-06T20:56:20.7265848+08:00 pid=112840 tid=1 mathtype-insert-perf stage=resolve-new-shape numbered=True inline=False deltaMs=1 totalMs=46
2026-09-06T20:56:20.7275852+08:00 pid=112840 tid=1 mathtype-insert-perf stage=set-shape-geometry numbered=True inline=False deltaMs=1 totalMs=47
2026-09-06T20:56:20.7275852+08:00 pid=112840 tid=1 mathtype-insert-perf stage=repair-inline-paragraph numbered=True inline=False deltaMs=0 totalMs=47
2026-09-06T20:56:20.7285846+08:00 pid=112840 tid=1 mathtype-insert-perf stage=refresh-native-shape numbered=True inline=False deltaMs=1 totalMs=48
2026-09-06T20:56:20.7374830+08:00 pid=112840 tid=1 mathtype-insert-perf stage=bind-created-object-identity numbered=True inline=False deltaMs=9 totalMs=57
2026-09-06T20:56:20.7374830+08:00 pid=112840 tid=1 mathtype-insert-perf stage=complete numbered=True inline=False deltaMs=0 totalMs=57
2026-09-06T20:56:20.7384827+08:00 pid=112840 tid=1 format-conversion-perf stage=insert-target formulaId=8ab29534-91ab-477e-ad6e-8d88b858c3e6 numbered=True deltaMs=79 totalMs=137
2026-09-06T20:56:20.7384827+08:00 pid=112840 tid=1 format-conversion-undo-state stage=after-target-insert document=文档12 recording=True level=1
2026-09-06T20:56:20.7394826+08:00 pid=112840 tid=1 format-conversion-bookmarked-target-stable formulaId=8ab29534-91ab-477e-ad6e-8d88b858c3e6 bookmark=VTMT_379f286c759c47868b9999cc7304d219 range=827:853 elapsedMs=0
2026-09-06T20:56:20.7404829+08:00 pid=112840 tid=1 format-conversion-perf stage=verify-target formulaId=8ab29534-91ab-477e-ad6e-8d88b858c3e6 numbered=True deltaMs=2 totalMs=139
2026-09-06T20:56:20.7404829+08:00 pid=112840 tid=1 format-conversion-undo-state stage=before-source-delete document=文档12 recording=True level=1
2026-09-06T20:56:20.7860662+08:00 pid=112840 tid=1 formula-to-latex-visualtex-paragraph-replaced formulaId=c95261c6-60fc-4879-90fd-24bca63687a6 range=483:498
2026-09-06T20:56:20.7916060+08:00 pid=112840 tid=1 format-conversion-perf stage=delete-source-host formulaId=c95261c6-60fc-4879-90fd-24bca63687a6 numbered=True deltaMs=51 totalMs=51
2026-09-06T20:56:20.7926119+08:00 pid=112840 tid=1 format-conversion-undo-state stage=after-source-delete document=文档12 recording=True level=1
2026-09-06T20:56:20.8146126+08:00 pid=112840 tid=1 word-undo-begin name=VisualTeX Insert MathType OLE Numbered Display Formula recording=True level=1
2026-09-06T20:56:20.8176117+08:00 pid=112840 tid=1 mathtype-insert-perf stage=resolve-insertion numbered=True inline=False deltaMs=3 totalMs=3
2026-09-06T20:56:20.8186114+08:00 pid=112840 tid=1 mathtype-insert-perf stage=clear-incomplete-number-row numbered=True inline=False deltaMs=0 totalMs=3
2026-09-06T20:56:20.8186114+08:00 pid=112840 tid=1 mathtype-insert-perf stage=number-template-heading-state numbered=True inline=False deltaMs=0 totalMs=3
2026-09-06T20:56:20.8196114+08:00 pid=112840 tid=1 mathtype-insert-perf stage=prepare-display-row numbered=True inline=False deltaMs=1 totalMs=4
2026-09-06T20:56:20.8256122+08:00 pid=112840 tid=1 mathtype-insert-perf stage=build-flat-opc numbered=True inline=False deltaMs=6 totalMs=10
2026-09-06T20:56:20.8256122+08:00 pid=112840 tid=1 mathtype-insert-perf stage=pre-insert-bookkeeping numbered=True inline=False deltaMs=1 totalMs=11
2026-09-06T20:56:20.8612208+08:00 pid=112840 tid=1 mathtype-insert-perf stage=insert-flat-opc numbered=True inline=False deltaMs=35 totalMs=46
2026-09-06T20:56:20.8612208+08:00 pid=112840 tid=1 mathtype-insert-perf stage=resolve-new-shape numbered=True inline=False deltaMs=0 totalMs=46
2026-09-06T20:56:20.8632204+08:00 pid=112840 tid=1 mathtype-insert-perf stage=set-shape-geometry numbered=True inline=False deltaMs=2 totalMs=48
2026-09-06T20:56:20.8632204+08:00 pid=112840 tid=1 mathtype-insert-perf stage=repair-inline-paragraph numbered=True inline=False deltaMs=0 totalMs=48
2026-09-06T20:56:20.8632204+08:00 pid=112840 tid=1 mathtype-insert-perf stage=refresh-native-shape numbered=True inline=False deltaMs=0 totalMs=48
2026-09-06T20:56:20.8732209+08:00 pid=112840 tid=1 mathtype-insert-perf stage=bind-created-object-identity numbered=True inline=False deltaMs=10 totalMs=58
2026-09-06T20:56:20.8732209+08:00 pid=112840 tid=1 mathtype-insert-perf stage=complete numbered=True inline=False deltaMs=0 totalMs=58
2026-09-06T20:56:20.8732209+08:00 pid=112840 tid=1 format-conversion-perf stage=insert-target formulaId=c95261c6-60fc-4879-90fd-24bca63687a6 numbered=True deltaMs=81 totalMs=132
2026-09-06T20:56:20.8732209+08:00 pid=112840 tid=1 format-conversion-undo-state stage=after-target-insert document=文档12 recording=True level=1
2026-09-06T20:56:20.8752205+08:00 pid=112840 tid=1 format-conversion-bookmarked-target-stable formulaId=c95261c6-60fc-4879-90fd-24bca63687a6 bookmark=VTMT_5dff60fca3a442129aed3c6c1bfe984c range=484:510 elapsedMs=0
2026-09-06T20:56:20.8762206+08:00 pid=112840 tid=1 format-conversion-perf stage=verify-target formulaId=c95261c6-60fc-4879-90fd-24bca63687a6 numbered=True deltaMs=3 totalMs=135
2026-09-06T20:56:20.8762206+08:00 pid=112840 tid=1 format-conversion-undo-state stage=before-source-delete document=文档12 recording=True level=1
2026-09-06T20:56:20.9184264+08:00 pid=112840 tid=1 formula-to-latex-visualtex-paragraph-replaced formulaId=da467198-1f02-4da5-8de7-69dbd8caf611 range=324:574
2026-09-06T20:56:20.9254265+08:00 pid=112840 tid=1 format-conversion-perf stage=delete-source-host formulaId=da467198-1f02-4da5-8de7-69dbd8caf611 numbered=True deltaMs=48 totalMs=48
2026-09-06T20:56:20.9254265+08:00 pid=112840 tid=1 format-conversion-undo-state stage=after-source-delete document=文档12 recording=True level=1
2026-09-06T20:56:20.9474292+08:00 pid=112840 tid=1 word-undo-begin name=VisualTeX Insert MathType OLE Numbered Display Formula recording=True level=1
2026-09-06T20:56:20.9504266+08:00 pid=112840 tid=1 mathtype-insert-perf stage=resolve-insertion numbered=True inline=False deltaMs=2 totalMs=2
2026-09-06T20:56:20.9514263+08:00 pid=112840 tid=1 mathtype-insert-perf stage=clear-incomplete-number-row numbered=True inline=False deltaMs=1 totalMs=3
2026-09-06T20:56:20.9514263+08:00 pid=112840 tid=1 mathtype-insert-perf stage=number-template-heading-state numbered=True inline=False deltaMs=0 totalMs=3
2026-09-06T20:56:20.9524265+08:00 pid=112840 tid=1 mathtype-insert-perf stage=prepare-display-row numbered=True inline=False deltaMs=1 totalMs=4
2026-09-06T20:56:20.9574270+08:00 pid=112840 tid=1 mathtype-insert-perf stage=build-flat-opc numbered=True inline=False deltaMs=5 totalMs=9
2026-09-06T20:56:20.9584264+08:00 pid=112840 tid=1 mathtype-insert-perf stage=pre-insert-bookkeeping numbered=True inline=False deltaMs=1 totalMs=10
2026-09-06T20:56:20.9955401+08:00 pid=112840 tid=1 mathtype-insert-perf stage=insert-flat-opc numbered=True inline=False deltaMs=37 totalMs=47
2026-09-06T20:56:20.9966136+08:00 pid=112840 tid=1 mathtype-insert-perf stage=resolve-new-shape numbered=True inline=False deltaMs=1 totalMs=48
2026-09-06T20:56:20.9976616+08:00 pid=112840 tid=1 mathtype-insert-perf stage=set-shape-geometry numbered=True inline=False deltaMs=1 totalMs=49
2026-09-06T20:56:20.9981839+08:00 pid=112840 tid=1 mathtype-insert-perf stage=repair-inline-paragraph numbered=True inline=False deltaMs=0 totalMs=49
2026-09-06T20:56:20.9987066+08:00 pid=112840 tid=1 mathtype-insert-perf stage=refresh-native-shape numbered=True inline=False deltaMs=1 totalMs=50
2026-09-06T20:56:21.0070208+08:00 pid=112840 tid=1 mathtype-insert-perf stage=bind-created-object-identity numbered=True inline=False deltaMs=9 totalMs=59
2026-09-06T20:56:21.0070208+08:00 pid=112840 tid=1 mathtype-insert-perf stage=complete numbered=True inline=False deltaMs=0 totalMs=59
2026-09-06T20:56:21.0080203+08:00 pid=112840 tid=1 format-conversion-perf stage=insert-target formulaId=da467198-1f02-4da5-8de7-69dbd8caf611 numbered=True deltaMs=83 totalMs=131
2026-09-06T20:56:21.0080203+08:00 pid=112840 tid=1 format-conversion-undo-state stage=after-target-insert document=文档12 recording=True level=1
2026-09-06T20:56:21.0110228+08:00 pid=112840 tid=1 format-conversion-bookmarked-target-stable formulaId=da467198-1f02-4da5-8de7-69dbd8caf611 bookmark=VTMT_fa58cee8e7124cac9eaeb677160c4379 range=325:351 elapsedMs=0
2026-09-06T20:56:21.0130205+08:00 pid=112840 tid=1 format-conversion-perf stage=verify-target formulaId=da467198-1f02-4da5-8de7-69dbd8caf611 numbered=True deltaMs=5 totalMs=136
2026-09-06T20:56:21.0130205+08:00 pid=112840 tid=1 format-conversion-undo-state stage=before-source-delete document=文档12 recording=True level=1
2026-09-06T20:56:21.0310201+08:00 pid=112840 tid=1 format-conversion-perf stage=delete-source-host formulaId=d713035e-2f79-4385-89be-da5ef20c5ca5 numbered=False deltaMs=17 totalMs=17
2026-09-06T20:56:21.0310201+08:00 pid=112840 tid=1 format-conversion-undo-state stage=after-source-delete document=文档12 recording=True level=1
2026-09-06T20:56:21.0550208+08:00 pid=112840 tid=1 word-undo-begin name=VisualTeX Insert MathType OLE Inline Formula recording=True level=1
2026-09-06T20:56:21.0585861+08:00 pid=112840 tid=1 mathtype-insert-perf stage=resolve-insertion numbered=False inline=True deltaMs=3 totalMs=3
2026-09-06T20:56:21.0645862+08:00 pid=112840 tid=1 mathtype-insert-perf stage=build-flat-opc numbered=False inline=True deltaMs=6 totalMs=9
2026-09-06T20:56:21.0655860+08:00 pid=112840 tid=1 mathtype-insert-perf stage=pre-insert-bookkeeping numbered=False inline=True deltaMs=1 totalMs=10
2026-09-06T20:56:21.1033645+08:00 pid=112840 tid=1 mathtype-insert-perf stage=insert-flat-opc numbered=False inline=True deltaMs=37 totalMs=47
2026-09-06T20:56:21.1038780+08:00 pid=112840 tid=1 mathtype-insert-perf stage=resolve-new-shape numbered=False inline=True deltaMs=1 totalMs=48
2026-09-06T20:56:21.1049287+08:00 pid=112840 tid=1 mathtype-insert-perf stage=set-shape-geometry numbered=False inline=True deltaMs=1 totalMs=49
2026-09-06T20:56:21.1109339+08:00 pid=112840 tid=1 mathtype-insert-perf stage=repair-inline-paragraph numbered=False inline=True deltaMs=6 totalMs=55
2026-09-06T20:56:21.1119339+08:00 pid=112840 tid=1 mathtype-insert-perf stage=refresh-native-shape numbered=False inline=True deltaMs=0 totalMs=55
2026-09-06T20:56:21.1129337+08:00 pid=112840 tid=1 mathtype-insert-perf stage=set-native-baseline numbered=False inline=True deltaMs=2 totalMs=57
2026-09-06T20:56:21.1139337+08:00 pid=112840 tid=1 mathtype-insert-perf stage=restore-typing-baseline numbered=False inline=True deltaMs=1 totalMs=58
2026-09-06T20:56:21.1149339+08:00 pid=112840 tid=1 mathtype-insert-perf stage=bind-created-object-identity numbered=False inline=True deltaMs=1 totalMs=59
2026-09-06T20:56:21.1149339+08:00 pid=112840 tid=1 mathtype-insert-perf stage=complete numbered=False inline=True deltaMs=0 totalMs=59
2026-09-06T20:56:21.1149339+08:00 pid=112840 tid=1 format-conversion-perf stage=insert-target formulaId=d713035e-2f79-4385-89be-da5ef20c5ca5 numbered=False deltaMs=85 totalMs=102
2026-09-06T20:56:21.1159338+08:00 pid=112840 tid=1 format-conversion-undo-state stage=after-target-insert document=文档12 recording=True level=1
2026-09-06T20:56:21.1179336+08:00 pid=112840 tid=1 format-conversion-bookmarked-target-stable formulaId=d713035e-2f79-4385-89be-da5ef20c5ca5 bookmark=VTMT_44986299ff984a0883e6366a0ba001ce range=289:315 elapsedMs=0
2026-09-06T20:56:21.1199347+08:00 pid=112840 tid=1 format-conversion-perf stage=verify-target formulaId=d713035e-2f79-4385-89be-da5ef20c5ca5 numbered=False deltaMs=5 totalMs=107
2026-09-06T20:56:21.1209340+08:00 pid=112840 tid=1 format-conversion-undo-state stage=before-source-delete document=文档12 recording=True level=1
2026-09-06T20:56:21.1529337+08:00 pid=112840 tid=1 formula-to-latex-visualtex-paragraph-replaced formulaId=aceb9b1a-bc1e-4b1b-bc04-b6b3d43d5f26 range=0:21
2026-09-06T20:56:21.1589339+08:00 pid=112840 tid=1 format-conversion-perf stage=delete-source-host formulaId=aceb9b1a-bc1e-4b1b-bc04-b6b3d43d5f26 numbered=True deltaMs=38 totalMs=38
2026-09-06T20:56:21.1599337+08:00 pid=112840 tid=1 format-conversion-undo-state stage=after-source-delete document=文档12 recording=True level=1
2026-09-06T20:56:21.1829348+08:00 pid=112840 tid=1 word-undo-begin name=VisualTeX Insert MathType OLE Numbered Display Formula recording=True level=1
2026-09-06T20:56:21.1859337+08:00 pid=112840 tid=1 mathtype-insert-perf stage=resolve-insertion numbered=True inline=False deltaMs=2 totalMs=2
2026-09-06T20:56:21.1859337+08:00 pid=112840 tid=1 mathtype-insert-perf stage=clear-incomplete-number-row numbered=True inline=False deltaMs=1 totalMs=3
2026-09-06T20:56:21.1859337+08:00 pid=112840 tid=1 mathtype-insert-perf stage=number-template-heading-state numbered=True inline=False deltaMs=0 totalMs=3
2026-09-06T20:56:21.1869338+08:00 pid=112840 tid=1 mathtype-insert-perf stage=prepare-display-row numbered=True inline=False deltaMs=1 totalMs=4
2026-09-06T20:56:21.1919344+08:00 pid=112840 tid=1 mathtype-insert-perf stage=build-flat-opc numbered=True inline=False deltaMs=5 totalMs=9
2026-09-06T20:56:21.1929338+08:00 pid=112840 tid=1 mathtype-insert-perf stage=pre-insert-bookkeeping numbered=True inline=False deltaMs=0 totalMs=9
2026-09-06T20:56:21.2254158+08:00 pid=112840 tid=1 mathtype-insert-perf stage=insert-flat-opc numbered=True inline=False deltaMs=33 totalMs=42
2026-09-06T20:56:21.2259451+08:00 pid=112840 tid=1 mathtype-insert-perf stage=resolve-new-shape numbered=True inline=False deltaMs=0 totalMs=42
2026-09-06T20:56:21.2276472+08:00 pid=112840 tid=1 mathtype-insert-perf stage=set-shape-geometry numbered=True inline=False deltaMs=2 totalMs=44
2026-09-06T20:56:21.2276472+08:00 pid=112840 tid=1 mathtype-insert-perf stage=repair-inline-paragraph numbered=True inline=False deltaMs=0 totalMs=44
2026-09-06T20:56:21.2281674+08:00 pid=112840 tid=1 mathtype-insert-perf stage=refresh-native-shape numbered=True inline=False deltaMs=1 totalMs=45
2026-09-06T20:56:21.2412556+08:00 pid=112840 tid=1 mathtype-insert-perf stage=bind-created-object-identity numbered=True inline=False deltaMs=13 totalMs=58
2026-09-06T20:56:21.2412556+08:00 pid=112840 tid=1 mathtype-insert-perf stage=complete numbered=True inline=False deltaMs=0 totalMs=58
2026-09-06T20:56:21.2412556+08:00 pid=112840 tid=1 format-conversion-perf stage=insert-target formulaId=aceb9b1a-bc1e-4b1b-bc04-b6b3d43d5f26 numbered=True deltaMs=82 totalMs=120
2026-09-06T20:56:21.2422557+08:00 pid=112840 tid=1 format-conversion-undo-state stage=after-target-insert document=文档12 recording=True level=1
2026-09-06T20:56:21.2452556+08:00 pid=112840 tid=1 format-conversion-bookmarked-target-stable formulaId=aceb9b1a-bc1e-4b1b-bc04-b6b3d43d5f26 bookmark=VTMT_a01e8709e9ac47218c82eb5b4b809111 range=1:27 elapsedMs=0
2026-09-06T20:56:21.2482558+08:00 pid=112840 tid=1 format-conversion-perf stage=verify-target formulaId=aceb9b1a-bc1e-4b1b-bc04-b6b3d43d5f26 numbered=True deltaMs=7 totalMs=127
2026-09-06T20:56:21.2572555+08:00 pid=112840 tid=1 format-conversion-finalize-perf stage=source-residual-check sourceMode=nativeOle targetMode=mathTypeOle deltaMs=9 totalMs=9
2026-09-06T20:56:21.2602555+08:00 pid=112840 tid=1 format-conversion-finalize-perf stage=target-count-check sourceMode=nativeOle targetMode=mathTypeOle deltaMs=3 totalMs=12
2026-09-06T20:56:21.5056465+08:00 pid=112840 tid=1 format-conversion-reference-aliases-restored sourceMode=nativeOle targetMode=mathTypeOle aliases=2 refreshedReferences=0 restoredFormatting=2
2026-09-06T20:56:21.5379099+08:00 pid=112840 tid=1 format-conversion-finalize-perf stage=numbering-reconcile sourceMode=nativeOle targetMode=mathTypeOle deltaMs=277 totalMs=289
2026-09-06T20:56:21.5409097+08:00 pid=112840 tid=1 format-conversion-finalize-perf stage=omml-fingerprint-refresh sourceMode=nativeOle targetMode=mathTypeOle deltaMs=3 totalMs=292
2026-09-06T20:56:21.5479095+08:00 pid=112840 tid=1 format-conversion-transaction-completed targets=7
2026-09-06T20:56:21.5479095+08:00 pid=112840 tid=20 format-conversion-word-apply-finished sourceMode=nativeOle targetMode=mathTypeOle converted=7 failed=0
2026-09-06T20:56:21.5479095+08:00 pid=112840 tid=20 format-conversion-session-cleanup-start sessions=7
2026-09-06T20:56:21.5489096+08:00 pid=112840 tid=20 format-conversion-complete source=VisualTeX target=MathType converted=7 failed=0
2026-09-06T20:56:21.5529118+08:00 pid=112840 tid=29 format-conversion-session-cleanup-complete sessions=7
2026-09-06T20:56:32.4613381+08:00 pid=112840 tid=1 format-conversion-start sourceMode=mathTypeOle targetMode=wordOmml wholeDocument=True
2026-09-06T20:56:32.5037008+08:00 pid=112840 tid=1 format-conversion-plan-bulk-ole-snapshot count=7 elapsedMs=40
2026-09-06T20:56:32.5047001+08:00 pid=112840 tid=1 format-conversion-plan-perf stage=shape-access source=mathTypeOle index=1/7 deltaMs=0 totalMs=0
2026-09-06T20:56:32.5057030+08:00 pid=112840 tid=1 format-conversion-plan-perf stage=identify-mathtype source=mathTypeOle index=1/7 deltaMs=0 totalMs=0
2026-09-06T20:56:32.5087004+08:00 pid=112840 tid=1 format-conversion-plan-perf stage=read-mathml-bulk source=mathTypeOle index=1/7 deltaMs=4 totalMs=4
2026-09-06T20:56:32.5117002+08:00 pid=112840 tid=1 format-conversion-plan-perf stage=read-metadata source=mathTypeOle index=1/7 deltaMs=2 totalMs=6
2026-09-06T20:56:32.5127005+08:00 pid=112840 tid=1 format-conversion-plan-perf stage=number-position source=mathTypeOle index=1/7 deltaMs=1 totalMs=7
2026-09-06T20:56:32.5127005+08:00 pid=112840 tid=1 format-conversion-plan-perf stage=shape-range source=mathTypeOle index=1/7 deltaMs=1 totalMs=8
2026-09-06T20:56:32.5136999+08:00 pid=112840 tid=1 format-conversion-plan-perf stage=target-added source=mathTypeOle index=1/7 deltaMs=0 totalMs=8
2026-09-06T20:56:32.5136999+08:00 pid=112840 tid=1 format-conversion-plan-perf stage=shape-access source=mathTypeOle index=2/7 deltaMs=0 totalMs=0
2026-09-06T20:56:32.5147024+08:00 pid=112840 tid=1 format-conversion-plan-perf stage=identify-mathtype source=mathTypeOle index=2/7 deltaMs=0 totalMs=0
2026-09-06T20:56:32.5278806+08:00 pid=112840 tid=1 format-conversion-plan-perf stage=read-mathml-bulk source=mathTypeOle index=2/7 deltaMs=13 totalMs=13
2026-09-06T20:56:32.5298899+08:00 pid=112840 tid=1 format-conversion-plan-perf stage=read-metadata source=mathTypeOle index=2/7 deltaMs=3 totalMs=16
2026-09-06T20:56:32.5308898+08:00 pid=112840 tid=1 format-conversion-plan-perf stage=number-position source=mathTypeOle index=2/7 deltaMs=0 totalMs=16
2026-09-06T20:56:32.5318897+08:00 pid=112840 tid=1 format-conversion-plan-perf stage=shape-range source=mathTypeOle index=2/7 deltaMs=1 totalMs=17
2026-09-06T20:56:32.5378893+08:00 pid=112840 tid=1 format-conversion-plan-perf stage=target-added source=mathTypeOle index=2/7 deltaMs=7 totalMs=24
2026-09-06T20:56:32.5388893+08:00 pid=112840 tid=1 format-conversion-plan-perf stage=shape-access source=mathTypeOle index=3/7 deltaMs=0 totalMs=0
2026-09-06T20:56:32.5398897+08:00 pid=112840 tid=1 format-conversion-plan-perf stage=identify-mathtype source=mathTypeOle index=3/7 deltaMs=0 totalMs=0
2026-09-06T20:56:32.5428903+08:00 pid=112840 tid=1 format-conversion-plan-perf stage=read-mathml-bulk source=mathTypeOle index=3/7 deltaMs=4 totalMs=4
2026-09-06T20:56:32.5448888+08:00 pid=112840 tid=1 format-conversion-plan-perf stage=read-metadata source=mathTypeOle index=3/7 deltaMs=2 totalMs=6
2026-09-06T20:56:32.5458888+08:00 pid=112840 tid=1 format-conversion-plan-perf stage=number-position source=mathTypeOle index=3/7 deltaMs=0 totalMs=6
2026-09-06T20:56:32.5458888+08:00 pid=112840 tid=1 format-conversion-plan-perf stage=shape-range source=mathTypeOle index=3/7 deltaMs=1 totalMs=7
2026-09-06T20:56:32.5488903+08:00 pid=112840 tid=1 format-conversion-plan-perf stage=target-added source=mathTypeOle index=3/7 deltaMs=3 totalMs=10
2026-09-06T20:56:32.5498909+08:00 pid=112840 tid=1 format-conversion-plan-perf stage=shape-access source=mathTypeOle index=4/7 deltaMs=0 totalMs=0
2026-09-06T20:56:32.5498909+08:00 pid=112840 tid=1 format-conversion-plan-perf stage=identify-mathtype source=mathTypeOle index=4/7 deltaMs=0 totalMs=0
2026-09-06T20:56:32.5531585+08:00 pid=112840 tid=1 format-conversion-plan-perf stage=read-mathml-bulk source=mathTypeOle index=4/7 deltaMs=3 totalMs=3
2026-09-06T20:56:32.5551664+08:00 pid=112840 tid=1 format-conversion-plan-perf stage=read-metadata source=mathTypeOle index=4/7 deltaMs=2 totalMs=5
2026-09-06T20:56:32.5551664+08:00 pid=112840 tid=1 format-conversion-plan-perf stage=number-position source=mathTypeOle index=4/7 deltaMs=0 totalMs=5
2026-09-06T20:56:32.5561677+08:00 pid=112840 tid=1 format-conversion-plan-perf stage=shape-range source=mathTypeOle index=4/7 deltaMs=1 totalMs=6
2026-09-06T20:56:32.5601683+08:00 pid=112840 tid=1 format-conversion-plan-perf stage=target-added source=mathTypeOle index=4/7 deltaMs=4 totalMs=10
2026-09-06T20:56:32.5611657+08:00 pid=112840 tid=1 format-conversion-plan-perf stage=shape-access source=mathTypeOle index=5/7 deltaMs=0 totalMs=0
2026-09-06T20:56:32.5621681+08:00 pid=112840 tid=1 format-conversion-plan-perf stage=identify-mathtype source=mathTypeOle index=5/7 deltaMs=0 totalMs=0
2026-09-06T20:56:32.5641662+08:00 pid=112840 tid=1 format-conversion-plan-perf stage=read-mathml-bulk source=mathTypeOle index=5/7 deltaMs=3 totalMs=3
2026-09-06T20:56:32.5661673+08:00 pid=112840 tid=1 format-conversion-plan-perf stage=read-metadata source=mathTypeOle index=5/7 deltaMs=2 totalMs=5
2026-09-06T20:56:32.5671661+08:00 pid=112840 tid=1 format-conversion-plan-perf stage=number-position source=mathTypeOle index=5/7 deltaMs=0 totalMs=5
2026-09-06T20:56:32.5671661+08:00 pid=112840 tid=1 format-conversion-plan-perf stage=shape-range source=mathTypeOle index=5/7 deltaMs=1 totalMs=6
2026-09-06T20:56:32.5701666+08:00 pid=112840 tid=1 format-conversion-plan-perf stage=target-added source=mathTypeOle index=5/7 deltaMs=2 totalMs=8
2026-09-06T20:56:32.5711682+08:00 pid=112840 tid=1 format-conversion-plan-perf stage=shape-access source=mathTypeOle index=6/7 deltaMs=0 totalMs=0
2026-09-06T20:56:32.5711682+08:00 pid=112840 tid=1 format-conversion-plan-perf stage=identify-mathtype source=mathTypeOle index=6/7 deltaMs=0 totalMs=0
2026-09-06T20:56:32.5751683+08:00 pid=112840 tid=1 format-conversion-plan-perf stage=read-mathml-bulk source=mathTypeOle index=6/7 deltaMs=4 totalMs=4
2026-09-06T20:56:32.5771684+08:00 pid=112840 tid=1 format-conversion-plan-perf stage=read-metadata source=mathTypeOle index=6/7 deltaMs=2 totalMs=6
2026-09-06T20:56:32.5781691+08:00 pid=112840 tid=1 format-conversion-plan-perf stage=number-position source=mathTypeOle index=6/7 deltaMs=1 totalMs=7
2026-09-06T20:56:32.5791700+08:00 pid=112840 tid=1 format-conversion-plan-perf stage=shape-range source=mathTypeOle index=6/7 deltaMs=1 totalMs=8
2026-09-06T20:56:32.5811691+08:00 pid=112840 tid=1 format-conversion-plan-perf stage=target-added source=mathTypeOle index=6/7 deltaMs=2 totalMs=10
2026-09-06T20:56:32.5821675+08:00 pid=112840 tid=1 format-conversion-plan-perf stage=shape-access source=mathTypeOle index=7/7 deltaMs=0 totalMs=0
2026-09-06T20:56:32.5831682+08:00 pid=112840 tid=1 format-conversion-plan-perf stage=identify-mathtype source=mathTypeOle index=7/7 deltaMs=0 totalMs=0
2026-09-06T20:56:32.5853539+08:00 pid=112840 tid=1 format-conversion-plan-perf stage=read-mathml-bulk source=mathTypeOle index=7/7 deltaMs=3 totalMs=3
2026-09-06T20:56:32.5873529+08:00 pid=112840 tid=1 format-conversion-plan-perf stage=read-metadata source=mathTypeOle index=7/7 deltaMs=2 totalMs=5
2026-09-06T20:56:32.5883537+08:00 pid=112840 tid=1 format-conversion-plan-perf stage=number-position source=mathTypeOle index=7/7 deltaMs=1 totalMs=6
2026-09-06T20:56:32.5893535+08:00 pid=112840 tid=1 format-conversion-plan-perf stage=shape-range source=mathTypeOle index=7/7 deltaMs=1 totalMs=7
2026-09-06T20:56:32.5913545+08:00 pid=112840 tid=1 format-conversion-plan-perf stage=target-added source=mathTypeOle index=7/7 deltaMs=2 totalMs=9
2026-09-06T20:56:32.5923552+08:00 pid=112840 tid=1 format-conversion-plan sourceMode=mathTypeOle targetMode=wordOmml targets=7
2026-09-06T20:56:36.0277241+08:00 pid=112840 tid=1 format-conversion-render-bypass sourceMode=mathTypeOle targetMode=wordOmml targets=7 reason=source-mathml-ready
2026-09-06T20:56:36.0277241+08:00 pid=112840 tid=1 format-conversion-word-apply-start sourceMode=mathTypeOle targetMode=wordOmml targets=7
2026-09-06T20:56:36.0317241+08:00 pid=112840 tid=1 format-conversion-runtime assembly=C:\Users\pojian_liao\AppData\Local\VisualTeX\office\remediation-builds\33B8D8C68842F83D9A7D6B8744C62EFEFFD8590657A9EFC206F276101FFDC97A\VisualTeX.WordVsto.dll source=mathTypeOle target=wordOmml targetIsVisualTeX=False targetIsMathType=False
2026-09-06T20:56:36.0467240+08:00 pid=112840 tid=1 format-conversion-reference-aliases-captured sourceMode=mathTypeOle formulaId=a6c8d050-b081-4812-acfc-eb97949fff7b aliases=ZEqnNum100071
2026-09-06T20:56:36.0604393+08:00 pid=112840 tid=1 format-conversion-reference-aliases-captured sourceMode=mathTypeOle formulaId=0a639e03-a9a6-4afa-9e29-904b28723627 aliases=ZEqnNum100514
2026-09-06T20:56:36.2671160+08:00 pid=112840 tid=1 format-conversion-omml-batch-source-created formulas=7 elapsedMs=191
2026-09-06T20:56:48.1498522+08:00 pid=112840 tid=1 word-undo-begin name=VisualTeX Convert Formula Format recording=False level=0
2026-09-06T20:56:48.1498522+08:00 pid=112840 tid=1 word-undo-started name=VisualTeX Convert Formula Format recording=True level=1
2026-09-06T20:56:48.1508526+08:00 pid=112840 tid=1 format-conversion-undo-state stage=before-preferences document=文档12 recording=True level=1
2026-09-06T20:56:48.1508526+08:00 pid=112840 tid=1 format-conversion-transaction-start targets=7
2026-09-06T20:56:48.1508526+08:00 pid=112840 tid=1 format-conversion-undo-state stage=after-preferences document=文档12 recording=True level=1
2026-09-06T20:56:48.1548549+08:00 pid=112840 tid=1 format-conversion-mathtype-source-identity-bound formulaId=8167f5a4-c6c3-4d83-88f7-a8ec531c411e bookmark=VTFCI_4b107939e9264a1898dea478071ee009 range=1547:1573
2026-09-06T20:56:48.1568523+08:00 pid=112840 tid=1 format-conversion-undo-state stage=before-source-delete document=文档12 recording=True level=1
2026-09-06T20:56:48.1618525+08:00 pid=112840 tid=1 format-conversion-mathtype-paragraph-atomically-replaced formulaId=8167f5a4-c6c3-4d83-88f7-a8ec531c411e range=1546:1546 start=1546
2026-09-06T20:56:48.1618525+08:00 pid=112840 tid=1 format-conversion-perf stage=delete-source-host formulaId=8167f5a4-c6c3-4d83-88f7-a8ec531c411e numbered=True deltaMs=8 totalMs=8
2026-09-06T20:56:48.1628523+08:00 pid=112840 tid=1 format-conversion-undo-state stage=after-source-delete document=文档12 recording=True level=1
2026-09-06T20:56:48.1628523+08:00 pid=112840 tid=1 format-conversion-forward-source-check stage=delete-source formulaId=8167f5a4-c6c3-4d83-88f7-a8ec531c411e bookmarkMissing=True present=False
2026-09-06T20:56:48.1802843+08:00 pid=112840 tid=1 word-undo-begin name=VisualTeX Insert Word OMML Display Formula recording=True level=1
2026-09-06T20:56:48.2221290+08:00 pid=112840 tid=1 format-conversion-subperf [perf] InsertOmml.detach-mathtype-style: +41ms (41ms total)
2026-09-06T20:56:48.2221290+08:00 pid=112840 tid=1 format-conversion-subperf [perf] InsertOmml.insert-native-omml: +0ms (41ms total)
2026-09-06T20:56:48.2511449+08:00 pid=112840 tid=1 format-conversion-subperf [perf] InsertOmml.post-reconcile-layout: +30ms (71ms total)
2026-09-06T20:56:48.2521448+08:00 pid=112840 tid=1 format-conversion-subperf [perf] InsertOmml.final-fingerprint: +0ms (71ms total)
2026-09-06T20:56:48.2531449+08:00 pid=112840 tid=1 format-conversion-subperf [perf] InsertOmml.final-anchor: +1ms (72ms total)
2026-09-06T20:56:48.2551449+08:00 pid=112840 tid=1 format-conversion-subperf [perf] InsertOmml.final-metadata: +2ms (74ms total)
2026-09-06T20:56:48.2561449+08:00 pid=112840 tid=1 format-conversion-perf stage=insert-target formulaId=8167f5a4-c6c3-4d83-88f7-a8ec531c411e numbered=True deltaMs=93 totalMs=101
2026-09-06T20:56:48.2561449+08:00 pid=112840 tid=1 format-conversion-undo-state stage=after-target-insert document=文档12 recording=True level=1
2026-09-06T20:56:48.2571449+08:00 pid=112840 tid=1 format-conversion-forward-source-check stage=insert-target formulaId=8167f5a4-c6c3-4d83-88f7-a8ec531c411e bookmarkMissing=True present=False
2026-09-06T20:56:48.2981459+08:00 pid=112840 tid=1 format-conversion-target-stable formulaId=8167f5a4-c6c3-4d83-88f7-a8ec531c411e targetMode=wordOmml count=1 elapsedMs=40
2026-09-06T20:56:48.2991451+08:00 pid=112840 tid=1 format-conversion-forward-source-check stage=post-transaction formulaId=8167f5a4-c6c3-4d83-88f7-a8ec531c411e bookmarkMissing=True present=False
2026-09-06T20:56:48.2991451+08:00 pid=112840 tid=1 format-conversion-perf stage=verify-target formulaId=8167f5a4-c6c3-4d83-88f7-a8ec531c411e numbered=True deltaMs=44 totalMs=145
2026-09-06T20:56:48.3001453+08:00 pid=112840 tid=1 format-conversion-mathtype-source-identity-bound formulaId=a04b4271-4c26-4df9-99c4-ce005b97f865 bookmark=VTFCI_668ff9c18e074f0eb5dc15a7965fc570 range=1294:1320
2026-09-06T20:56:48.3031451+08:00 pid=112840 tid=1 format-conversion-undo-state stage=before-source-delete document=文档12 recording=True level=1
2026-09-06T20:56:48.3081451+08:00 pid=112840 tid=1 format-conversion-mathtype-paragraph-atomically-replaced formulaId=a04b4271-4c26-4df9-99c4-ce005b97f865 range=1293:1293 start=1293
2026-09-06T20:56:48.3081451+08:00 pid=112840 tid=1 format-conversion-perf stage=delete-source-host formulaId=a04b4271-4c26-4df9-99c4-ce005b97f865 numbered=True deltaMs=8 totalMs=8
2026-09-06T20:56:48.3081451+08:00 pid=112840 tid=1 format-conversion-undo-state stage=after-source-delete document=文档12 recording=True level=1
2026-09-06T20:56:48.3081451+08:00 pid=112840 tid=1 format-conversion-forward-source-check stage=delete-source formulaId=a04b4271-4c26-4df9-99c4-ce005b97f865 bookmarkMissing=True present=False
2026-09-06T20:56:48.3121453+08:00 pid=112840 tid=1 word-undo-begin name=VisualTeX Insert Word OMML Display Formula recording=True level=1
2026-09-06T20:56:48.3683074+08:00 pid=112840 tid=1 format-conversion-subperf [perf] InsertOmml.detach-mathtype-style: +56ms (56ms total)
2026-09-06T20:56:48.3693079+08:00 pid=112840 tid=1 format-conversion-subperf [perf] InsertOmml.insert-native-omml: +0ms (56ms total)
2026-09-06T20:56:48.4064648+08:00 pid=112840 tid=1 format-conversion-subperf [perf] InsertOmml.post-reconcile-layout: +37ms (93ms total)
2026-09-06T20:56:48.4069705+08:00 pid=112840 tid=1 format-conversion-subperf [perf] InsertOmml.final-fingerprint: +1ms (94ms total)
2026-09-06T20:56:48.4072237+08:00 pid=112840 tid=1 format-conversion-subperf [perf] InsertOmml.final-anchor: +0ms (94ms total)
2026-09-06T20:56:48.4087352+08:00 pid=112840 tid=1 format-conversion-subperf [perf] InsertOmml.final-metadata: +1ms (95ms total)
2026-09-06T20:56:48.4087352+08:00 pid=112840 tid=1 format-conversion-perf stage=insert-target formulaId=a04b4271-4c26-4df9-99c4-ce005b97f865 numbered=True deltaMs=100 totalMs=108
2026-09-06T20:56:48.4087352+08:00 pid=112840 tid=1 format-conversion-undo-state stage=after-target-insert document=文档12 recording=True level=1
2026-09-06T20:56:48.4087352+08:00 pid=112840 tid=1 format-conversion-forward-source-check stage=insert-target formulaId=a04b4271-4c26-4df9-99c4-ce005b97f865 bookmarkMissing=True present=False
2026-09-06T20:56:48.4397350+08:00 pid=112840 tid=1 format-conversion-target-stable formulaId=a04b4271-4c26-4df9-99c4-ce005b97f865 targetMode=wordOmml count=2 elapsedMs=30
2026-09-06T20:56:48.4397350+08:00 pid=112840 tid=1 format-conversion-forward-source-check stage=post-transaction formulaId=a04b4271-4c26-4df9-99c4-ce005b97f865 bookmarkMissing=True present=False
2026-09-06T20:56:48.4407353+08:00 pid=112840 tid=1 format-conversion-perf stage=verify-target formulaId=a04b4271-4c26-4df9-99c4-ce005b97f865 numbered=True deltaMs=32 totalMs=140
2026-09-06T20:56:48.4417364+08:00 pid=112840 tid=1 format-conversion-mathtype-source-identity-bound formulaId=e31668d8-d99d-44ae-9c5b-60555170e7fb bookmark=VTFCI_7b78376035c44a1d85b9cb07d74b0043 range=1051:1077
2026-09-06T20:56:48.4427363+08:00 pid=112840 tid=1 format-conversion-undo-state stage=before-source-delete document=文档12 recording=True level=1
2026-09-06T20:56:48.4477352+08:00 pid=112840 tid=1 format-conversion-mathtype-paragraph-atomically-replaced formulaId=e31668d8-d99d-44ae-9c5b-60555170e7fb range=1050:1050 start=1050
2026-09-06T20:56:48.4477352+08:00 pid=112840 tid=1 format-conversion-perf stage=delete-source-host formulaId=e31668d8-d99d-44ae-9c5b-60555170e7fb numbered=True deltaMs=7 totalMs=7
2026-09-06T20:56:48.4487351+08:00 pid=112840 tid=1 format-conversion-undo-state stage=after-source-delete document=文档12 recording=True level=1
2026-09-06T20:56:48.4487351+08:00 pid=112840 tid=1 format-conversion-forward-source-check stage=delete-source formulaId=e31668d8-d99d-44ae-9c5b-60555170e7fb bookmarkMissing=True present=False
2026-09-06T20:56:48.4557337+08:00 pid=112840 tid=1 word-undo-begin name=VisualTeX Insert Word OMML Display Formula recording=True level=1
2026-09-06T20:56:48.5113437+08:00 pid=112840 tid=1 format-conversion-subperf [perf] InsertOmml.detach-mathtype-style: +55ms (55ms total)
2026-09-06T20:56:48.5113437+08:00 pid=112840 tid=1 format-conversion-subperf [perf] InsertOmml.insert-native-omml: +0ms (55ms total)
2026-09-06T20:56:48.5509476+08:00 pid=112840 tid=1 format-conversion-subperf [perf] InsertOmml.post-reconcile-layout: +39ms (94ms total)
2026-09-06T20:56:48.5509476+08:00 pid=112840 tid=1 format-conversion-subperf [perf] InsertOmml.final-fingerprint: +1ms (95ms total)
2026-09-06T20:56:48.5519458+08:00 pid=112840 tid=1 format-conversion-subperf [perf] InsertOmml.final-anchor: +0ms (95ms total)
2026-09-06T20:56:48.5539483+08:00 pid=112840 tid=1 format-conversion-subperf [perf] InsertOmml.final-metadata: +2ms (97ms total)
2026-09-06T20:56:48.5539483+08:00 pid=112840 tid=1 format-conversion-perf stage=insert-target formulaId=e31668d8-d99d-44ae-9c5b-60555170e7fb numbered=True deltaMs=106 totalMs=113
2026-09-06T20:56:48.5549456+08:00 pid=112840 tid=1 format-conversion-undo-state stage=after-target-insert document=文档12 recording=True level=1
2026-09-06T20:56:48.5549456+08:00 pid=112840 tid=1 format-conversion-forward-source-check stage=insert-target formulaId=e31668d8-d99d-44ae-9c5b-60555170e7fb bookmarkMissing=True present=False
2026-09-06T20:56:48.5959465+08:00 pid=112840 tid=1 format-conversion-target-stable formulaId=e31668d8-d99d-44ae-9c5b-60555170e7fb targetMode=wordOmml count=3 elapsedMs=40
2026-09-06T20:56:48.5959465+08:00 pid=112840 tid=1 format-conversion-forward-source-check stage=post-transaction formulaId=e31668d8-d99d-44ae-9c5b-60555170e7fb bookmarkMissing=True present=False
2026-09-06T20:56:48.5969470+08:00 pid=112840 tid=1 format-conversion-perf stage=verify-target formulaId=e31668d8-d99d-44ae-9c5b-60555170e7fb numbered=True deltaMs=42 totalMs=155
2026-09-06T20:56:48.5979449+08:00 pid=112840 tid=1 format-conversion-mathtype-source-identity-bound formulaId=0a639e03-a9a6-4afa-9e29-904b28723627 bookmark=VTFCI_97056c862c9a4326b00834f3efefd8a2 range=631:657
2026-09-06T20:56:48.5989454+08:00 pid=112840 tid=1 format-conversion-undo-state stage=before-source-delete document=文档12 recording=True level=1
2026-09-06T20:56:48.6039447+08:00 pid=112840 tid=1 format-conversion-mathtype-paragraph-atomically-replaced formulaId=0a639e03-a9a6-4afa-9e29-904b28723627 range=630:630 start=630
2026-09-06T20:56:48.6039447+08:00 pid=112840 tid=1 format-conversion-perf stage=delete-source-host formulaId=0a639e03-a9a6-4afa-9e29-904b28723627 numbered=True deltaMs=7 totalMs=7
2026-09-06T20:56:48.6039447+08:00 pid=112840 tid=1 format-conversion-undo-state stage=after-source-delete document=文档12 recording=True level=1
2026-09-06T20:56:48.6049462+08:00 pid=112840 tid=1 format-conversion-forward-source-check stage=delete-source formulaId=0a639e03-a9a6-4afa-9e29-904b28723627 bookmarkMissing=True present=False
2026-09-06T20:56:48.6229449+08:00 pid=112840 tid=1 word-undo-begin name=VisualTeX Insert Word OMML Display Formula recording=True level=1
2026-09-06T20:56:48.6709510+08:00 pid=112840 tid=1 format-conversion-subperf [perf] InsertOmml.detach-mathtype-style: +47ms (47ms total)
2026-09-06T20:56:48.6709510+08:00 pid=112840 tid=1 format-conversion-subperf [perf] InsertOmml.insert-native-omml: +1ms (48ms total)
2026-09-06T20:56:48.7019458+08:00 pid=112840 tid=1 format-conversion-subperf [perf] InsertOmml.post-reconcile-layout: +31ms (79ms total)
2026-09-06T20:56:48.7029458+08:00 pid=112840 tid=1 format-conversion-subperf [perf] InsertOmml.final-fingerprint: +0ms (79ms total)
2026-09-06T20:56:48.7029458+08:00 pid=112840 tid=1 format-conversion-subperf [perf] InsertOmml.final-anchor: +0ms (79ms total)
2026-09-06T20:56:48.7045469+08:00 pid=112840 tid=1 format-conversion-subperf [perf] InsertOmml.final-metadata: +2ms (81ms total)
2026-09-06T20:56:48.7055552+08:00 pid=112840 tid=1 format-conversion-perf stage=insert-target formulaId=0a639e03-a9a6-4afa-9e29-904b28723627 numbered=True deltaMs=101 totalMs=108
2026-09-06T20:56:48.7065537+08:00 pid=112840 tid=1 format-conversion-undo-state stage=after-target-insert document=文档12 recording=True level=1
2026-09-06T20:56:48.7065537+08:00 pid=112840 tid=1 format-conversion-forward-source-check stage=insert-target formulaId=0a639e03-a9a6-4afa-9e29-904b28723627 bookmarkMissing=True present=False
2026-09-06T20:56:48.7359210+08:00 pid=112840 tid=1 format-conversion-target-stable formulaId=0a639e03-a9a6-4afa-9e29-904b28723627 targetMode=wordOmml count=4 elapsedMs=28
2026-09-06T20:56:48.7359210+08:00 pid=112840 tid=1 format-conversion-forward-source-check stage=post-transaction formulaId=0a639e03-a9a6-4afa-9e29-904b28723627 bookmarkMissing=True present=False
2026-09-06T20:56:48.7359210+08:00 pid=112840 tid=1 format-conversion-perf stage=verify-target formulaId=0a639e03-a9a6-4afa-9e29-904b28723627 numbered=True deltaMs=31 totalMs=139
2026-09-06T20:56:48.7369205+08:00 pid=112840 tid=1 format-conversion-mathtype-source-identity-bound formulaId=4b7f8de3-a7f4-479b-8de7-2e42b4ef6785 bookmark=VTFCI_88a704c9ef134a18be4ecb705e84008b range=395:421
2026-09-06T20:56:48.7379207+08:00 pid=112840 tid=1 format-conversion-undo-state stage=before-source-delete document=文档12 recording=True level=1
2026-09-06T20:56:48.7439189+08:00 pid=112840 tid=1 format-conversion-mathtype-paragraph-atomically-replaced formulaId=4b7f8de3-a7f4-479b-8de7-2e42b4ef6785 range=394:394 start=394
2026-09-06T20:56:48.7439189+08:00 pid=112840 tid=1 format-conversion-perf stage=delete-source-host formulaId=4b7f8de3-a7f4-479b-8de7-2e42b4ef6785 numbered=True deltaMs=7 totalMs=7
2026-09-06T20:56:48.7439189+08:00 pid=112840 tid=1 format-conversion-undo-state stage=after-source-delete document=文档12 recording=True level=1
2026-09-06T20:56:48.7449211+08:00 pid=112840 tid=1 format-conversion-forward-source-check stage=delete-source formulaId=4b7f8de3-a7f4-479b-8de7-2e42b4ef6785 bookmarkMissing=True present=False
2026-09-06T20:56:48.7639195+08:00 pid=112840 tid=1 word-undo-begin name=VisualTeX Insert Word OMML Display Formula recording=True level=1
2026-09-06T20:56:48.8275163+08:00 pid=112840 tid=1 format-conversion-subperf [perf] InsertOmml.detach-mathtype-style: +63ms (63ms total)
2026-09-06T20:56:48.8275163+08:00 pid=112840 tid=1 format-conversion-subperf [perf] InsertOmml.insert-native-omml: +1ms (64ms total)
2026-09-06T20:56:48.8745154+08:00 pid=112840 tid=1 format-conversion-subperf [perf] InsertOmml.post-reconcile-layout: +46ms (110ms total)
2026-09-06T20:56:48.8755158+08:00 pid=112840 tid=1 format-conversion-subperf [perf] InsertOmml.final-fingerprint: +1ms (111ms total)
2026-09-06T20:56:48.8755158+08:00 pid=112840 tid=1 format-conversion-subperf [perf] InsertOmml.final-anchor: +0ms (111ms total)
2026-09-06T20:56:48.8765166+08:00 pid=112840 tid=1 format-conversion-subperf [perf] InsertOmml.final-metadata: +1ms (112ms total)
2026-09-06T20:56:48.8765166+08:00 pid=112840 tid=1 format-conversion-perf stage=insert-target formulaId=4b7f8de3-a7f4-479b-8de7-2e42b4ef6785 numbered=True deltaMs=133 totalMs=140
2026-09-06T20:56:48.8775168+08:00 pid=112840 tid=1 format-conversion-undo-state stage=after-target-insert document=文档12 recording=True level=1
2026-09-06T20:56:48.8775168+08:00 pid=112840 tid=1 format-conversion-forward-source-check stage=insert-target formulaId=4b7f8de3-a7f4-479b-8de7-2e42b4ef6785 bookmarkMissing=True present=False
2026-09-06T20:56:48.9075161+08:00 pid=112840 tid=1 format-conversion-target-stable formulaId=4b7f8de3-a7f4-479b-8de7-2e42b4ef6785 targetMode=wordOmml count=5 elapsedMs=29
2026-09-06T20:56:48.9075161+08:00 pid=112840 tid=1 format-conversion-forward-source-check stage=post-transaction formulaId=4b7f8de3-a7f4-479b-8de7-2e42b4ef6785 bookmarkMissing=True present=False
2026-09-06T20:56:48.9075161+08:00 pid=112840 tid=1 format-conversion-perf stage=verify-target formulaId=4b7f8de3-a7f4-479b-8de7-2e42b4ef6785 numbered=True deltaMs=31 totalMs=171
2026-09-06T20:56:48.9095157+08:00 pid=112840 tid=1 format-conversion-mathtype-source-identity-bound formulaId=03bd8737-38ba-4e1e-80b8-ec7604c5cbfb bookmark=VTFCI_a1bd627bb9994daca1688114c1a70ca3 range=366:392
2026-09-06T20:56:48.9095157+08:00 pid=112840 tid=1 format-conversion-undo-state stage=before-source-delete document=文档12 recording=True level=1
2026-09-06T20:56:48.9475158+08:00 pid=112840 tid=1 format-conversion-perf stage=delete-source-host formulaId=03bd8737-38ba-4e1e-80b8-ec7604c5cbfb numbered=False deltaMs=39 totalMs=39
2026-09-06T20:56:48.9475158+08:00 pid=112840 tid=1 format-conversion-undo-state stage=after-source-delete document=文档12 recording=True level=1
2026-09-06T20:56:48.9485168+08:00 pid=112840 tid=1 format-conversion-forward-source-check stage=delete-source formulaId=03bd8737-38ba-4e1e-80b8-ec7604c5cbfb bookmarkMissing=True present=False
2026-09-06T20:56:48.9485168+08:00 pid=112840 tid=1 word-undo-begin name=VisualTeX Insert Word OMML Inline Formula recording=True level=1
2026-09-06T20:56:49.0085157+08:00 pid=112840 tid=1 format-conversion-subperf [perf] InsertOmml.insert-native-omml: +59ms (59ms total)
2026-09-06T20:56:49.2638814+08:00 pid=112840 tid=1 format-conversion-subperf [perf] InsertOmml.post-reconcile-layout: +255ms (314ms total)
2026-09-06T20:56:49.2638814+08:00 pid=112840 tid=1 format-conversion-subperf [perf] InsertOmml.final-fingerprint: +1ms (315ms total)
2026-09-06T20:56:49.2638814+08:00 pid=112840 tid=1 format-conversion-subperf [perf] InsertOmml.final-anchor: +0ms (315ms total)
2026-09-06T20:56:49.2658836+08:00 pid=112840 tid=1 format-conversion-subperf [perf] InsertOmml.final-metadata: +1ms (316ms total)
2026-09-06T20:56:49.2658836+08:00 pid=112840 tid=1 format-conversion-perf stage=insert-target formulaId=03bd8737-38ba-4e1e-80b8-ec7604c5cbfb numbered=False deltaMs=318 totalMs=357
2026-09-06T20:56:49.2658836+08:00 pid=112840 tid=1 format-conversion-undo-state stage=after-target-insert document=文档12 recording=False level=0
2026-09-06T20:56:49.2658836+08:00 pid=112840 tid=1 format-conversion-forward-source-check stage=insert-target formulaId=03bd8737-38ba-4e1e-80b8-ec7604c5cbfb bookmarkMissing=True present=False
2026-09-06T20:56:49.2958800+08:00 pid=112840 tid=1 format-conversion-target-stable formulaId=03bd8737-38ba-4e1e-80b8-ec7604c5cbfb targetMode=wordOmml count=6 elapsedMs=29
2026-09-06T20:56:49.2958800+08:00 pid=112840 tid=1 format-conversion-forward-source-check stage=post-transaction formulaId=03bd8737-38ba-4e1e-80b8-ec7604c5cbfb bookmarkMissing=True present=False
2026-09-06T20:56:49.2968831+08:00 pid=112840 tid=1 format-conversion-perf stage=verify-target formulaId=03bd8737-38ba-4e1e-80b8-ec7604c5cbfb numbered=False deltaMs=31 totalMs=388
2026-09-06T20:56:49.2968831+08:00 pid=112840 tid=1 format-conversion-mathtype-source-identity-bound formulaId=a6c8d050-b081-4812-acfc-eb97949fff7b bookmark=VTFCI_aee83c2f11cf440a936fedd4e255454d range=1:27
2026-09-06T20:56:49.2978823+08:00 pid=112840 tid=1 format-conversion-undo-state stage=before-source-delete document=文档12 recording=False level=0
2026-09-06T20:56:49.3028813+08:00 pid=112840 tid=1 format-conversion-mathtype-paragraph-atomically-replaced formulaId=a6c8d050-b081-4812-acfc-eb97949fff7b range=0:0 start=0
2026-09-06T20:56:49.3028813+08:00 pid=112840 tid=1 format-conversion-perf stage=delete-source-host formulaId=a6c8d050-b081-4812-acfc-eb97949fff7b numbered=True deltaMs=6 totalMs=6
2026-09-06T20:56:49.3028813+08:00 pid=112840 tid=1 format-conversion-undo-state stage=after-source-delete document=文档12 recording=False level=0
2026-09-06T20:56:49.3028813+08:00 pid=112840 tid=1 format-conversion-forward-source-check stage=delete-source formulaId=a6c8d050-b081-4812-acfc-eb97949fff7b bookmarkMissing=True present=False
2026-09-06T20:56:49.3228819+08:00 pid=112840 tid=1 word-undo-begin name=VisualTeX Insert Word OMML Display Formula recording=False level=0
2026-09-06T20:56:49.3228819+08:00 pid=112840 tid=1 word-undo-started name=VisualTeX Insert Word OMML Display Formula recording=True level=1
2026-09-06T20:56:49.3721565+08:00 pid=112840 tid=1 format-conversion-subperf [perf] InsertOmml.detach-mathtype-style: +50ms (50ms total)
2026-09-06T20:56:49.3731577+08:00 pid=112840 tid=1 format-conversion-subperf [perf] InsertOmml.insert-native-omml: +0ms (50ms total)
2026-09-06T20:56:49.4147945+08:00 pid=112840 tid=1 format-conversion-subperf [perf] InsertOmml.post-reconcile-layout: +42ms (92ms total)
2026-09-06T20:56:49.4147945+08:00 pid=112840 tid=1 format-conversion-subperf [perf] InsertOmml.final-fingerprint: +0ms (92ms total)
2026-09-06T20:56:49.4154947+08:00 pid=112840 tid=1 format-conversion-subperf [perf] InsertOmml.final-anchor: +0ms (92ms total)
2026-09-06T20:56:49.4160030+08:00 pid=112840 tid=1 format-conversion-subperf [perf] InsertOmml.final-metadata: +1ms (93ms total)
2026-09-06T20:56:49.4170097+08:00 pid=112840 tid=1 word-undo-end recording=True level=1
2026-09-06T20:56:49.4170097+08:00 pid=112840 tid=1 format-conversion-perf stage=insert-target formulaId=a6c8d050-b081-4812-acfc-eb97949fff7b numbered=True deltaMs=114 totalMs=120
2026-09-06T20:56:49.4170097+08:00 pid=112840 tid=1 format-conversion-undo-state stage=after-target-insert document=文档12 recording=False level=0
2026-09-06T20:56:49.4170097+08:00 pid=112840 tid=1 format-conversion-forward-source-check stage=insert-target formulaId=a6c8d050-b081-4812-acfc-eb97949fff7b bookmarkMissing=True present=False
2026-09-06T20:56:49.4520089+08:00 pid=112840 tid=1 format-conversion-target-stable formulaId=a6c8d050-b081-4812-acfc-eb97949fff7b targetMode=wordOmml count=7 elapsedMs=34
2026-09-06T20:56:49.4520089+08:00 pid=112840 tid=1 format-conversion-forward-source-check stage=post-transaction formulaId=a6c8d050-b081-4812-acfc-eb97949fff7b bookmarkMissing=True present=False
2026-09-06T20:56:49.4530115+08:00 pid=112840 tid=1 format-conversion-perf stage=verify-target formulaId=a6c8d050-b081-4812-acfc-eb97949fff7b numbered=True deltaMs=36 totalMs=156
2026-09-06T20:56:49.4530115+08:00 pid=112840 tid=1 format-conversion-finalize-perf stage=source-residual-check sourceMode=mathTypeOle targetMode=wordOmml deltaMs=0 totalMs=0
2026-09-06T20:56:49.4540103+08:00 pid=112840 tid=1 format-conversion-finalize-perf stage=target-count-check sourceMode=mathTypeOle targetMode=wordOmml deltaMs=0 totalMs=0
2026-09-06T20:56:49.4540103+08:00 pid=112840 tid=1 format-conversion-undo-state stage=before-source-window-close-commit document=文档12 recording=False level=0
2026-09-06T20:56:49.4540103+08:00 pid=112840 tid=1 format-conversion-undo-state stage=after-source-window-close-commit document=文档12 recording=False level=0
2026-09-06T20:56:49.7277049+08:00 pid=112840 tid=1 word-undo-begin name=VisualTeX Finalize Formula Conversion recording=False level=0
2026-09-06T20:56:49.7287083+08:00 pid=112840 tid=1 word-undo-started name=VisualTeX Finalize Formula Conversion recording=True level=1
2026-09-06T20:56:49.8168706+08:00 pid=112840 tid=1 word-xml-incomplete-export document=文档12 attempt=1 maths=0/7 oles=0/0
2026-09-06T20:56:49.8794475+08:00 pid=112840 tid=1 format-conversion-omml-identities-before-numbering count=7
2026-09-06T20:56:49.8794475+08:00 pid=112840 tid=1 format-conversion-number-format-restored format=heading2-dash
2026-09-06T20:56:59.3447736+08:00 pid=112840 tid=1 format-conversion-numbering-direct-table-complete targetMode=wordOmml built=6 removedBlankParagraphs=7
2026-09-06T20:56:59.3457738+08:00 pid=112840 tid=1 format-conversion-adjacent-ole-identities-rebound count=0
2026-09-06T20:56:59.4137118+08:00 pid=112840 tid=1 format-conversion-numbering-table-rows-grouped boundaries=1 formulas=6
2026-09-06T20:56:59.4607113+08:00 pid=112840 tid=1 format-conversion-reference-aliases-restored sourceMode=mathTypeOle targetMode=wordOmml aliases=2 refreshedReferences=0 restoredFormatting=2
2026-09-06T20:56:59.4760582+08:00 pid=112840 tid=1 format-conversion-finalize-perf stage=numbering-reconcile sourceMode=mathTypeOle targetMode=wordOmml deltaMs=10022 totalMs=10022
2026-09-06T20:56:59.6018029+08:00 pid=112840 tid=1 format-conversion-omml-fingerprints-finalized count=7
2026-09-06T20:56:59.6018029+08:00 pid=112840 tid=1 format-conversion-finalize-perf stage=omml-fingerprint-refresh sourceMode=mathTypeOle targetMode=wordOmml deltaMs=126 totalMs=10148
2026-09-06T20:56:59.6028037+08:00 pid=112840 tid=1 format-conversion-transaction-completed targets=7
2026-09-06T20:56:59.6038039+08:00 pid=112840 tid=1 format-conversion-word-apply-finished sourceMode=mathTypeOle targetMode=wordOmml converted=7 failed=0
2026-09-06T20:56:59.6038039+08:00 pid=112840 tid=1 format-conversion-complete source=MathType target=OMML converted=7 failed=0
2026-09-06T20:57:43.7889843+08:00 pid=112840 tid=12 left-down x=1226 y=1122 wordForeground=True
2026-09-06T20:57:44.0367325+08:00 pid=112840 tid=12 left-down x=1226 y=1122 wordForeground=True
2026-09-06T20:57:44.0377325+08:00 pid=112840 tid=12 double-click elapsedMs=247.365 withinX=True withinY=True nativeOleTarget=False suppressSecondDown=False dispatchCallback=True
2026-09-06T20:57:44.1311039+08:00 pid=112840 tid=29 callback-begin interceptedNativeOle=False x=1226 y=1122
2026-09-06T20:57:44.1321042+08:00 pid=112840 tid=29 addin-callback-received interceptedNativeOle=False x=1226 y=1122
2026-09-06T20:57:44.1321042+08:00 pid=112840 tid=29 callback-end
2026-09-06T20:57:44.1341055+08:00 pid=112840 tid=1 addin-coordinate-selection formulaId=<null> objectMode=<null>
2026-09-06T20:57:48.5923076+08:00 pid=112840 tid=12 left-down x=1967 y=958 wordForeground=True
2026-09-06T20:57:49.6892549+08:00 pid=112840 tid=12 left-down x=3220 y=1476 wordForeground=True
2026-09-06T20:57:52.1016305+08:00 pid=112840 tid=12 left-down x=2352 y=1621 wordForeground=False
2026-09-06T20:57:52.8540609+08:00 pid=112840 tid=12 left-down x=2325 y=1549 wordForeground=False
2026-09-06T20:57:57.1836691+08:00 pid=112840 tid=12 left-down x=3532 y=950 wordForeground=False
2026-09-06T20:58:49.8264535+08:00 pid=112840 tid=12 left-down x=1776 y=1270 wordForeground=False
2026-09-06T20:58:53.0535117+08:00 pid=112840 tid=1 word-undo-begin name=VisualTeX Convert or Update Word OMML Formula recording=False level=0
2026-09-06T20:58:53.0545086+08:00 pid=112840 tid=1 word-undo-started name=VisualTeX Convert or Update Word OMML Formula recording=True level=1
2026-09-06T20:58:53.0592284+08:00 pid=112840 tid=1 format-conversion-subperf [perf] ReplaceOmml.locate-target: +6ms (6ms total)
2026-09-06T20:58:53.2066748+08:00 pid=112840 tid=1 format-conversion-subperf [perf] ReplaceOmml.source-range-resolve: +147ms (153ms total)
2026-09-06T20:58:53.2339119+08:00 pid=112840 tid=1 format-conversion-subperf [perf] ReplaceOmml.rollback-capture: +28ms (181ms total)
2026-09-06T20:59:10.4463272+08:00 pid=112840 tid=1 format-conversion-subperf [perf] ReplaceOmml.direct-host-health: +17212ms (17393ms total)
2026-09-06T20:59:10.4473272+08:00 pid=112840 tid=1 format-conversion-subperf [perf] ReplaceOmml.direct-content-prep: +1ms (17394ms total)
2026-09-06T20:59:10.4483257+08:00 pid=112840 tid=1 format-conversion-subperf [perf] ReplaceOmml.resolve-source: +1ms (17395ms total)
2026-09-06T20:59:10.4838176+08:00 pid=112840 tid=1 format-conversion-subperf [perf] ReplaceOmml.insert-native-omml: +35ms (17430ms total)
2026-09-06T20:59:10.4988242+08:00 pid=112840 tid=1 format-conversion-subperf [perf] ReplaceOmml.validate-native-omml: +16ms (17446ms total)
2026-09-06T20:59:10.6008220+08:00 pid=112840 tid=1 format-conversion-subperf [perf] ReplaceOmml.stamp-fingerprint: +101ms (17547ms total)
2026-09-06T20:59:10.6498222+08:00 pid=112840 tid=1 format-conversion-subperf [perf] ReplaceOmml.wrap-formula-anchor: +50ms (17597ms total)
2026-09-06T20:59:10.6508220+08:00 pid=112840 tid=1 format-conversion-subperf [perf] ReplaceOmml.protect-source-metadata: +0ms (17597ms total)
2026-09-06T20:59:10.6508220+08:00 pid=112840 tid=1 format-conversion-subperf [perf] ReplaceOmml.reconcile: +1ms (17598ms total)
2026-09-06T20:59:10.7153366+08:00 pid=112840 tid=1 format-conversion-subperf [perf] ReplaceOmml.final-identity-resolve: +64ms (17662ms total)
2026-09-06T20:59:10.7503364+08:00 pid=112840 tid=1 format-conversion-subperf [perf] ReplaceOmml.final-identity-fingerprint: +35ms (17697ms total)
2026-09-06T20:59:10.7513386+08:00 pid=112840 tid=1 format-conversion-subperf [perf] ReplaceOmml.final-identity-anchor: +1ms (17698ms total)
2026-09-06T20:59:10.7533363+08:00 pid=112840 tid=1 format-conversion-subperf [perf] ReplaceOmml.final-identity-metadata: +2ms (17700ms total)
2026-09-06T20:59:10.7533363+08:00 pid=112840 tid=1 format-conversion-subperf [perf] ReplaceOmml.finalize-identity: +0ms (17700ms total)
2026-09-06T20:59:10.7533363+08:00 pid=112840 tid=1 format-conversion-subperf [perf] ReplaceOmml.prepare-result: +0ms (17700ms total)
2026-09-06T20:59:10.8093316+08:00 pid=112840 tid=1 format-conversion-subperf [perf] ReplaceOmml.restore-view: +56ms (17756ms total)
2026-09-06T20:59:10.8103297+08:00 pid=112840 tid=1 format-conversion-subperf [perf] ReplaceOmml.restore-screen-updating: +1ms (17757ms total)
2026-09-06T20:59:10.8103297+08:00 pid=112840 tid=1 word-undo-end recording=False level=0
2026-09-06T20:59:10.8113327+08:00 pid=112840 tid=1 format-conversion-subperf [perf] ReplaceOmml.end-undo: +1ms (17758ms total)
2026-09-06T20:59:10.8113327+08:00 pid=112840 tid=1 format-conversion-subperf [perf] ReplaceOmml.release-rcws: +0ms (17758ms total)
2026-09-06T20:59:10.8143320+08:00 pid=112840 tid=31 ribbon-session-operation-released sessionId=78d42624-43de-46e6-9551-e3d15a7e379d
2026-09-06T20:59:24.4113977+08:00 pid=112840 tid=1 format-conversion-start sourceMode=wordOmml targetMode=mathTypeOle wholeDocument=True
2026-09-06T20:59:26.3858403+08:00 pid=112840 tid=1 format-conversion-plan sourceMode=wordOmml targetMode=mathTypeOle targets=7
2026-09-06T20:59:29.5199639+08:00 pid=112840 tid=1 format-conversion-render-bypass sourceMode=wordOmml targetMode=mathTypeOle targets=7 reason=source-mathml-ready
2026-09-06T20:59:29.8317362+08:00 pid=112840 tid=1 format-conversion-native-preview-batch-complete formulas=7 elapsedMs=309
2026-09-06T20:59:29.8317362+08:00 pid=112840 tid=1 format-conversion-word-apply-start sourceMode=wordOmml targetMode=mathTypeOle targets=7
2026-09-06T20:59:31.0883066+08:00 pid=112840 tid=1 format-conversion-runtime assembly=C:\Users\pojian_liao\AppData\Local\VisualTeX\office\remediation-builds\33B8D8C68842F83D9A7D6B8744C62EFEFFD8590657A9EFC206F276101FFDC97A\VisualTeX.WordVsto.dll source=wordOmml target=mathTypeOle targetIsVisualTeX=False targetIsMathType=True
2026-09-06T20:59:31.1095482+08:00 pid=112840 tid=1 format-conversion-reference-aliases-captured sourceMode=wordOmml formulaId=1359af2d-4034-4f1e-8f3f-4d7d710d2261 aliases=ZEqnNum100071
2026-09-06T20:59:31.1415688+08:00 pid=112840 tid=1 format-conversion-reference-aliases-captured sourceMode=wordOmml formulaId=cb789636-3332-4201-b570-0d62c2484a87 aliases=ZEqnNum100514
2026-09-06T20:59:31.2695637+08:00 pid=112840 tid=1 format-conversion-heading-scope-cache format=heading2-dash formulas=6 scopes=2
2026-09-06T20:59:31.3668584+08:00 pid=112840 tid=1 format-conversion-reference-counts-fast-path source=wordOmml formulas=6
2026-09-06T20:59:49.4549831+08:00 pid=112840 tid=1 word-undo-begin name=VisualTeX Convert Formula Format recording=False level=0
2026-09-06T20:59:49.4549831+08:00 pid=112840 tid=1 word-undo-started name=VisualTeX Convert Formula Format recording=True level=1
2026-09-06T20:59:49.4559834+08:00 pid=112840 tid=1 format-conversion-undo-state stage=before-preferences document=文档12 recording=True level=1
2026-09-06T20:59:49.4559834+08:00 pid=112840 tid=1 format-conversion-transaction-start targets=7
2026-09-06T20:59:49.4569834+08:00 pid=112840 tid=1 format-conversion-undo-state stage=after-preferences document=文档12 recording=True level=1
2026-09-06T20:59:49.4569834+08:00 pid=112840 tid=1 format-conversion-undo-state stage=before-source-delete document=文档12 recording=True level=1
2026-09-06T20:59:49.8968810+08:00 pid=112840 tid=1 format-conversion-direct-numbered-omml-delete formulaId=5cb89db0-6928-427a-8e88-c25114957f38 start=956
2026-09-06T20:59:49.8979377+08:00 pid=112840 tid=1 format-conversion-perf stage=delete-source-host formulaId=5cb89db0-6928-427a-8e88-c25114957f38 numbered=True deltaMs=440 totalMs=440
2026-09-06T20:59:49.8979377+08:00 pid=112840 tid=1 format-conversion-undo-state stage=after-source-delete document=文档12 recording=False level=0
2026-09-06T20:59:49.9224561+08:00 pid=112840 tid=1 word-undo-begin name=VisualTeX Insert MathType OLE Numbered Display Formula recording=False level=0
2026-09-06T20:59:49.9224561+08:00 pid=112840 tid=1 word-undo-started name=VisualTeX Insert MathType OLE Numbered Display Formula recording=True level=1
2026-09-06T20:59:49.9714561+08:00 pid=112840 tid=1 mathtype-insert-perf stage=resolve-insertion numbered=True inline=False deltaMs=49 totalMs=49
2026-09-06T20:59:49.9724561+08:00 pid=112840 tid=1 mathtype-insert-perf stage=clear-incomplete-number-row numbered=True inline=False deltaMs=1 totalMs=50
2026-09-06T20:59:49.9724561+08:00 pid=112840 tid=1 mathtype-insert-perf stage=number-template-heading-state numbered=True inline=False deltaMs=0 totalMs=50
2026-09-06T20:59:49.9744564+08:00 pid=112840 tid=1 mathtype-insert-perf stage=prepare-display-row numbered=True inline=False deltaMs=1 totalMs=51
2026-09-06T20:59:49.9804567+08:00 pid=112840 tid=1 mathtype-insert-perf stage=build-flat-opc numbered=True inline=False deltaMs=7 totalMs=58
2026-09-06T20:59:49.9804567+08:00 pid=112840 tid=1 mathtype-insert-perf stage=pre-insert-bookkeeping numbered=True inline=False deltaMs=0 totalMs=58
2026-09-06T20:59:50.0244585+08:00 pid=112840 tid=1 mathtype-insert-perf stage=insert-flat-opc numbered=True inline=False deltaMs=44 totalMs=102
2026-09-06T20:59:50.0254571+08:00 pid=112840 tid=1 mathtype-insert-perf stage=resolve-new-shape numbered=True inline=False deltaMs=1 totalMs=103
2026-09-06T20:59:50.0274563+08:00 pid=112840 tid=1 mathtype-insert-perf stage=set-shape-geometry numbered=True inline=False deltaMs=2 totalMs=105
2026-09-06T20:59:50.0284587+08:00 pid=112840 tid=1 mathtype-insert-perf stage=repair-inline-paragraph numbered=True inline=False deltaMs=0 totalMs=105
2026-09-06T20:59:50.0284587+08:00 pid=112840 tid=1 mathtype-insert-perf stage=refresh-native-shape numbered=True inline=False deltaMs=1 totalMs=106
2026-09-06T20:59:50.0788896+08:00 pid=112840 tid=1 mathtype-insert-perf stage=bind-created-object-identity numbered=True inline=False deltaMs=51 totalMs=157
2026-09-06T20:59:50.0800013+08:00 pid=112840 tid=1 mathtype-insert-perf stage=complete numbered=True inline=False deltaMs=0 totalMs=157
2026-09-06T20:59:50.0805221+08:00 pid=112840 tid=1 word-undo-end recording=True level=1
2026-09-06T20:59:50.0805221+08:00 pid=112840 tid=1 format-conversion-perf stage=insert-target formulaId=5cb89db0-6928-427a-8e88-c25114957f38 numbered=True deltaMs=184 totalMs=624
2026-09-06T20:59:50.0815209+08:00 pid=112840 tid=1 format-conversion-undo-state stage=after-target-insert document=文档12 recording=False level=0
2026-09-06T20:59:50.0835207+08:00 pid=112840 tid=1 format-conversion-bookmarked-target-stable formulaId=5cb89db0-6928-427a-8e88-c25114957f38 bookmark=VTMT_5ab78791640b465e916a5e687a3a4294 range=957:983 elapsedMs=1
2026-09-06T20:59:50.0855195+08:00 pid=112840 tid=1 format-conversion-direct-managed-omml-metadata-deleted formulaId=5cb89db0-6928-427a-8e88-c25114957f38 numbered=True
2026-09-06T20:59:50.0855195+08:00 pid=112840 tid=1 format-conversion-perf stage=verify-target formulaId=5cb89db0-6928-427a-8e88-c25114957f38 numbered=True deltaMs=4 totalMs=628
2026-09-06T20:59:50.0875748+08:00 pid=112840 tid=1 format-conversion-undo-state stage=before-source-delete document=文档12 recording=False level=0
2026-09-06T20:59:50.7376857+08:00 pid=112840 tid=1 format-conversion-direct-numbered-omml-delete formulaId=633eb861-5640-4c7c-bb47-7999901a4d66 start=783
2026-09-06T20:59:50.7376857+08:00 pid=112840 tid=1 format-conversion-perf stage=delete-source-host formulaId=633eb861-5640-4c7c-bb47-7999901a4d66 numbered=True deltaMs=650 totalMs=650
2026-09-06T20:59:50.7386858+08:00 pid=112840 tid=1 format-conversion-undo-state stage=after-source-delete document=文档12 recording=False level=0
2026-09-06T20:59:50.7892287+08:00 pid=112840 tid=1 word-undo-begin name=VisualTeX Insert MathType OLE Numbered Display Formula recording=False level=0
2026-09-06T20:59:50.7892287+08:00 pid=112840 tid=1 word-undo-started name=VisualTeX Insert MathType OLE Numbered Display Formula recording=True level=1
2026-09-06T20:59:50.8372259+08:00 pid=112840 tid=1 mathtype-insert-perf stage=resolve-insertion numbered=True inline=False deltaMs=48 totalMs=48
2026-09-06T20:59:50.8382263+08:00 pid=112840 tid=1 mathtype-insert-perf stage=clear-incomplete-number-row numbered=True inline=False deltaMs=1 totalMs=49
2026-09-06T20:59:50.8382263+08:00 pid=112840 tid=1 mathtype-insert-perf stage=number-template-heading-state numbered=True inline=False deltaMs=0 totalMs=49
2026-09-06T20:59:50.8392259+08:00 pid=112840 tid=1 mathtype-insert-perf stage=prepare-display-row numbered=True inline=False deltaMs=1 totalMs=50
2026-09-06T20:59:50.8472270+08:00 pid=112840 tid=1 mathtype-insert-perf stage=build-flat-opc numbered=True inline=False deltaMs=8 totalMs=58
2026-09-06T20:59:50.8472270+08:00 pid=112840 tid=1 mathtype-insert-perf stage=pre-insert-bookkeeping numbered=True inline=False deltaMs=0 totalMs=58
2026-09-06T20:59:50.8923651+08:00 pid=112840 tid=1 mathtype-insert-perf stage=insert-flat-opc numbered=True inline=False deltaMs=45 totalMs=103
2026-09-06T20:59:50.8933654+08:00 pid=112840 tid=1 mathtype-insert-perf stage=resolve-new-shape numbered=True inline=False deltaMs=1 totalMs=104
2026-09-06T20:59:50.8963652+08:00 pid=112840 tid=1 mathtype-insert-perf stage=set-shape-geometry numbered=True inline=False deltaMs=3 totalMs=107
2026-09-06T20:59:50.8963652+08:00 pid=112840 tid=1 mathtype-insert-perf stage=repair-inline-paragraph numbered=True inline=False deltaMs=0 totalMs=107
2026-09-06T20:59:50.8963652+08:00 pid=112840 tid=1 mathtype-insert-perf stage=refresh-native-shape numbered=True inline=False deltaMs=1 totalMs=108
2026-09-06T20:59:50.9355528+08:00 pid=112840 tid=1 mathtype-insert-perf stage=bind-created-object-identity numbered=True inline=False deltaMs=39 totalMs=147
2026-09-06T20:59:50.9365529+08:00 pid=112840 tid=1 mathtype-insert-perf stage=complete numbered=True inline=False deltaMs=0 totalMs=147
2026-09-06T20:59:50.9365529+08:00 pid=112840 tid=1 word-undo-end recording=True level=1
2026-09-06T20:59:50.9375553+08:00 pid=112840 tid=1 format-conversion-perf stage=insert-target formulaId=633eb861-5640-4c7c-bb47-7999901a4d66 numbered=True deltaMs=200 totalMs=850
2026-09-06T20:59:50.9385554+08:00 pid=112840 tid=1 format-conversion-undo-state stage=after-target-insert document=文档12 recording=False level=0
2026-09-06T20:59:50.9395549+08:00 pid=112840 tid=1 format-conversion-bookmarked-target-stable formulaId=633eb861-5640-4c7c-bb47-7999901a4d66 bookmark=VTMT_bc1bdb66d1ff416892bc145111609f1f range=784:810 elapsedMs=0
2026-09-06T20:59:50.9405589+08:00 pid=112840 tid=1 format-conversion-direct-managed-omml-metadata-deleted formulaId=633eb861-5640-4c7c-bb47-7999901a4d66 numbered=True
2026-09-06T20:59:50.9415562+08:00 pid=112840 tid=1 format-conversion-perf stage=verify-target formulaId=633eb861-5640-4c7c-bb47-7999901a4d66 numbered=True deltaMs=3 totalMs=853
2026-09-06T20:59:50.9425550+08:00 pid=112840 tid=1 format-conversion-undo-state stage=before-source-delete document=文档12 recording=False level=0
2026-09-06T20:59:51.4705845+08:00 pid=112840 tid=1 format-conversion-direct-numbered-omml-delete formulaId=f1bb5bec-fc0b-46f4-9817-f6c567b9c3ee start=646
2026-09-06T20:59:51.4705845+08:00 pid=112840 tid=1 format-conversion-perf stage=delete-source-host formulaId=f1bb5bec-fc0b-46f4-9817-f6c567b9c3ee numbered=True deltaMs=528 totalMs=528
2026-09-06T20:59:51.4715845+08:00 pid=112840 tid=1 format-conversion-undo-state stage=after-source-delete document=文档12 recording=False level=0
2026-09-06T20:59:51.5172205+08:00 pid=112840 tid=1 word-undo-begin name=VisualTeX Insert MathType OLE Numbered Display Formula recording=False level=0
2026-09-06T20:59:51.5172205+08:00 pid=112840 tid=1 word-undo-started name=VisualTeX Insert MathType OLE Numbered Display Formula recording=True level=1
2026-09-06T20:59:51.5682203+08:00 pid=112840 tid=1 mathtype-insert-perf stage=resolve-insertion numbered=True inline=False deltaMs=51 totalMs=51
2026-09-06T20:59:51.5692227+08:00 pid=112840 tid=1 mathtype-insert-perf stage=clear-incomplete-number-row numbered=True inline=False deltaMs=1 totalMs=52
2026-09-06T20:59:51.5692227+08:00 pid=112840 tid=1 mathtype-insert-perf stage=number-template-heading-state numbered=True inline=False deltaMs=0 totalMs=52
2026-09-06T20:59:51.5712693+08:00 pid=112840 tid=1 mathtype-insert-perf stage=prepare-display-row numbered=True inline=False deltaMs=2 totalMs=54
2026-09-06T20:59:51.5782737+08:00 pid=112840 tid=1 mathtype-insert-perf stage=build-flat-opc numbered=True inline=False deltaMs=6 totalMs=60
2026-09-06T20:59:51.5792753+08:00 pid=112840 tid=1 mathtype-insert-perf stage=pre-insert-bookkeeping numbered=True inline=False deltaMs=1 totalMs=61
2026-09-06T20:59:51.6172731+08:00 pid=112840 tid=1 mathtype-insert-perf stage=insert-flat-opc numbered=True inline=False deltaMs=38 totalMs=99
2026-09-06T20:59:51.6182732+08:00 pid=112840 tid=1 mathtype-insert-perf stage=resolve-new-shape numbered=True inline=False deltaMs=1 totalMs=100
2026-09-06T20:59:51.6192732+08:00 pid=112840 tid=1 mathtype-insert-perf stage=set-shape-geometry numbered=True inline=False deltaMs=2 totalMs=102
2026-09-06T20:59:51.6202730+08:00 pid=112840 tid=1 mathtype-insert-perf stage=repair-inline-paragraph numbered=True inline=False deltaMs=0 totalMs=102
2026-09-06T20:59:51.6202730+08:00 pid=112840 tid=1 mathtype-insert-perf stage=refresh-native-shape numbered=True inline=False deltaMs=1 totalMs=103
2026-09-06T20:59:51.6502736+08:00 pid=112840 tid=1 mathtype-insert-perf stage=bind-created-object-identity numbered=True inline=False deltaMs=29 totalMs=132
2026-09-06T20:59:51.6502736+08:00 pid=112840 tid=1 mathtype-insert-perf stage=complete numbered=True inline=False deltaMs=1 totalMs=133
2026-09-06T20:59:51.6502736+08:00 pid=112840 tid=1 word-undo-end recording=True level=1
2026-09-06T20:59:51.6512731+08:00 pid=112840 tid=1 format-conversion-perf stage=insert-target formulaId=f1bb5bec-fc0b-46f4-9817-f6c567b9c3ee numbered=True deltaMs=180 totalMs=708
2026-09-06T20:59:51.6512731+08:00 pid=112840 tid=1 format-conversion-undo-state stage=after-target-insert document=文档12 recording=False level=0
2026-09-06T20:59:51.6522729+08:00 pid=112840 tid=1 format-conversion-bookmarked-target-stable formulaId=f1bb5bec-fc0b-46f4-9817-f6c567b9c3ee bookmark=VTMT_93a670f4410e4ecba671ec9a81ceb83a range=647:673 elapsedMs=0
2026-09-06T20:59:51.6532729+08:00 pid=112840 tid=1 format-conversion-direct-managed-omml-metadata-deleted formulaId=f1bb5bec-fc0b-46f4-9817-f6c567b9c3ee numbered=True
2026-09-06T20:59:51.6532729+08:00 pid=112840 tid=1 format-conversion-perf stage=verify-target formulaId=f1bb5bec-fc0b-46f4-9817-f6c567b9c3ee numbered=True deltaMs=2 totalMs=710
2026-09-06T20:59:51.6542730+08:00 pid=112840 tid=1 format-conversion-undo-state stage=before-source-delete document=文档12 recording=False level=0
2026-09-06T20:59:52.2326694+08:00 pid=112840 tid=1 format-conversion-direct-numbered-omml-delete formulaId=cb789636-3332-4201-b570-0d62c2484a87 start=387
2026-09-06T20:59:52.2336695+08:00 pid=112840 tid=1 format-conversion-perf stage=delete-source-host formulaId=cb789636-3332-4201-b570-0d62c2484a87 numbered=True deltaMs=579 totalMs=579
2026-09-06T20:59:52.2336695+08:00 pid=112840 tid=1 format-conversion-undo-state stage=after-source-delete document=文档12 recording=False level=0
2026-09-06T20:59:52.2776691+08:00 pid=112840 tid=1 word-undo-begin name=VisualTeX Insert MathType OLE Numbered Display Formula recording=False level=0
2026-09-06T20:59:52.2776691+08:00 pid=112840 tid=1 word-undo-started name=VisualTeX Insert MathType OLE Numbered Display Formula recording=True level=1
2026-09-06T20:59:52.3156753+08:00 pid=112840 tid=1 mathtype-insert-perf stage=resolve-insertion numbered=True inline=False deltaMs=38 totalMs=38
2026-09-06T20:59:52.3156753+08:00 pid=112840 tid=1 mathtype-insert-perf stage=clear-incomplete-number-row numbered=True inline=False deltaMs=0 totalMs=38
2026-09-06T20:59:52.3166729+08:00 pid=112840 tid=1 mathtype-insert-perf stage=number-template-heading-state numbered=True inline=False deltaMs=1 totalMs=39
2026-09-06T20:59:52.3176730+08:00 pid=112840 tid=1 mathtype-insert-perf stage=prepare-display-row numbered=True inline=False deltaMs=1 totalMs=40
2026-09-06T20:59:52.3256752+08:00 pid=112840 tid=1 mathtype-insert-perf stage=build-flat-opc numbered=True inline=False deltaMs=8 totalMs=48
2026-09-06T20:59:52.3256752+08:00 pid=112840 tid=1 mathtype-insert-perf stage=pre-insert-bookkeeping numbered=True inline=False deltaMs=0 totalMs=48
2026-09-06T20:59:52.3686729+08:00 pid=112840 tid=1 mathtype-insert-perf stage=insert-flat-opc numbered=True inline=False deltaMs=43 totalMs=91
2026-09-06T20:59:52.3696730+08:00 pid=112840 tid=1 mathtype-insert-perf stage=resolve-new-shape numbered=True inline=False deltaMs=1 totalMs=92
2026-09-06T20:59:52.3716733+08:00 pid=112840 tid=1 mathtype-insert-perf stage=set-shape-geometry numbered=True inline=False deltaMs=2 totalMs=94
2026-09-06T20:59:52.3716733+08:00 pid=112840 tid=1 mathtype-insert-perf stage=repair-inline-paragraph numbered=True inline=False deltaMs=0 totalMs=94
2026-09-06T20:59:52.3726753+08:00 pid=112840 tid=1 mathtype-insert-perf stage=refresh-native-shape numbered=True inline=False deltaMs=1 totalMs=95
2026-09-06T20:59:52.3996732+08:00 pid=112840 tid=1 mathtype-insert-perf stage=bind-created-object-identity numbered=True inline=False deltaMs=27 totalMs=122
2026-09-06T20:59:52.3996732+08:00 pid=112840 tid=1 mathtype-insert-perf stage=complete numbered=True inline=False deltaMs=0 totalMs=122
2026-09-06T20:59:52.3996732+08:00 pid=112840 tid=1 word-undo-end recording=True level=1
2026-09-06T20:59:52.4006728+08:00 pid=112840 tid=1 format-conversion-perf stage=insert-target formulaId=cb789636-3332-4201-b570-0d62c2484a87 numbered=True deltaMs=167 totalMs=746
2026-09-06T20:59:52.4006728+08:00 pid=112840 tid=1 format-conversion-undo-state stage=after-target-insert document=文档12 recording=False level=0
2026-09-06T20:59:52.4006728+08:00 pid=112840 tid=1 format-conversion-bookmarked-target-stable formulaId=cb789636-3332-4201-b570-0d62c2484a87 bookmark=VTMT_63e9631b9225414580e2bda605433102 range=388:414 elapsedMs=0
2026-09-06T20:59:52.4016728+08:00 pid=112840 tid=1 format-conversion-direct-managed-omml-metadata-deleted formulaId=cb789636-3332-4201-b570-0d62c2484a87 numbered=True
2026-09-06T20:59:52.4016728+08:00 pid=112840 tid=1 format-conversion-perf stage=verify-target formulaId=cb789636-3332-4201-b570-0d62c2484a87 numbered=True deltaMs=2 totalMs=748
2026-09-06T20:59:52.4026729+08:00 pid=112840 tid=1 format-conversion-undo-state stage=before-source-delete document=文档12 recording=False level=0
2026-09-06T20:59:52.7917206+08:00 pid=112840 tid=1 format-conversion-direct-numbered-omml-delete formulaId=c86fc93d-0f0c-4756-b90e-0a9e4523ffe5 start=259
2026-09-06T20:59:52.7917206+08:00 pid=112840 tid=1 format-conversion-perf stage=delete-source-host formulaId=c86fc93d-0f0c-4756-b90e-0a9e4523ffe5 numbered=True deltaMs=389 totalMs=389
2026-09-06T20:59:52.7927199+08:00 pid=112840 tid=1 format-conversion-undo-state stage=after-source-delete document=文档12 recording=False level=0
2026-09-06T20:59:52.8331192+08:00 pid=112840 tid=1 word-undo-begin name=VisualTeX Insert MathType OLE Numbered Display Formula recording=False level=0
2026-09-06T20:59:52.8341186+08:00 pid=112840 tid=1 word-undo-started name=VisualTeX Insert MathType OLE Numbered Display Formula recording=True level=1
2026-09-06T20:59:52.8685866+08:00 pid=112840 tid=1 mathtype-insert-perf stage=resolve-insertion numbered=True inline=False deltaMs=35 totalMs=35
2026-09-06T20:59:52.8695866+08:00 pid=112840 tid=1 mathtype-insert-perf stage=clear-incomplete-number-row numbered=True inline=False deltaMs=1 totalMs=36
2026-09-06T20:59:52.8695866+08:00 pid=112840 tid=1 mathtype-insert-perf stage=number-template-heading-state numbered=True inline=False deltaMs=0 totalMs=36
2026-09-06T20:59:52.8705866+08:00 pid=112840 tid=1 mathtype-insert-perf stage=prepare-display-row numbered=True inline=False deltaMs=1 totalMs=37
2026-09-06T20:59:52.8775870+08:00 pid=112840 tid=1 mathtype-insert-perf stage=build-flat-opc numbered=True inline=False deltaMs=7 totalMs=44
2026-09-06T20:59:52.8775870+08:00 pid=112840 tid=1 mathtype-insert-perf stage=pre-insert-bookkeeping numbered=True inline=False deltaMs=0 totalMs=44
2026-09-06T20:59:52.9190803+08:00 pid=112840 tid=1 mathtype-insert-perf stage=insert-flat-opc numbered=True inline=False deltaMs=41 totalMs=85
2026-09-06T20:59:52.9200779+08:00 pid=112840 tid=1 mathtype-insert-perf stage=resolve-new-shape numbered=True inline=False deltaMs=1 totalMs=86
2026-09-06T20:59:52.9210780+08:00 pid=112840 tid=1 mathtype-insert-perf stage=set-shape-geometry numbered=True inline=False deltaMs=2 totalMs=88
2026-09-06T20:59:52.9220324+08:00 pid=112840 tid=1 mathtype-insert-perf stage=repair-inline-paragraph numbered=True inline=False deltaMs=0 totalMs=88
2026-09-06T20:59:52.9225381+08:00 pid=112840 tid=1 mathtype-insert-perf stage=refresh-native-shape numbered=True inline=False deltaMs=1 totalMs=89
2026-09-06T20:59:52.9446652+08:00 pid=112840 tid=1 mathtype-insert-perf stage=bind-created-object-identity numbered=True inline=False deltaMs=22 totalMs=111
2026-09-06T20:59:52.9446652+08:00 pid=112840 tid=1 mathtype-insert-perf stage=complete numbered=True inline=False deltaMs=0 totalMs=111
2026-09-06T20:59:52.9446652+08:00 pid=112840 tid=1 word-undo-end recording=True level=1
2026-09-06T20:59:52.9446652+08:00 pid=112840 tid=1 format-conversion-perf stage=insert-target formulaId=c86fc93d-0f0c-4756-b90e-0a9e4523ffe5 numbered=True deltaMs=153 totalMs=542
2026-09-06T20:59:52.9456708+08:00 pid=112840 tid=1 format-conversion-undo-state stage=after-target-insert document=文档12 recording=False level=0
2026-09-06T20:59:52.9456708+08:00 pid=112840 tid=1 format-conversion-bookmarked-target-stable formulaId=c86fc93d-0f0c-4756-b90e-0a9e4523ffe5 bookmark=VTMT_cd087b25a1b44645a7ca426bafe0659b range=260:286 elapsedMs=0
2026-09-06T20:59:52.9466706+08:00 pid=112840 tid=1 format-conversion-direct-managed-omml-metadata-deleted formulaId=c86fc93d-0f0c-4756-b90e-0a9e4523ffe5 numbered=True
2026-09-06T20:59:52.9466706+08:00 pid=112840 tid=1 format-conversion-perf stage=verify-target formulaId=c86fc93d-0f0c-4756-b90e-0a9e4523ffe5 numbered=True deltaMs=2 totalMs=544
2026-09-06T20:59:52.9476706+08:00 pid=112840 tid=1 format-conversion-undo-state stage=before-source-delete document=文档12 recording=False level=0
2026-09-06T20:59:53.0116707+08:00 pid=112840 tid=1 format-conversion-perf stage=delete-source-host formulaId=19aca7f3-0b15-4718-9e26-5e8e8fe1451a numbered=False deltaMs=64 totalMs=64
2026-09-06T20:59:53.0126728+08:00 pid=112840 tid=1 format-conversion-undo-state stage=after-source-delete document=文档12 recording=False level=0
2026-09-06T20:59:53.0343026+08:00 pid=112840 tid=1 word-undo-begin name=VisualTeX Insert MathType OLE Inline Formula recording=False level=0
2026-09-06T20:59:53.0348496+08:00 pid=112840 tid=1 word-undo-started name=VisualTeX Insert MathType OLE Inline Formula recording=True level=1
2026-09-06T20:59:53.0427731+08:00 pid=112840 tid=1 mathtype-insert-perf stage=resolve-insertion numbered=False inline=True deltaMs=8 totalMs=8
2026-09-06T20:59:53.0488173+08:00 pid=112840 tid=1 mathtype-insert-perf stage=build-flat-opc numbered=False inline=True deltaMs=6 totalMs=14
2026-09-06T20:59:53.0488173+08:00 pid=112840 tid=1 mathtype-insert-perf stage=pre-insert-bookkeeping numbered=False inline=True deltaMs=1 totalMs=15
2026-09-06T20:59:53.0828165+08:00 pid=112840 tid=1 mathtype-insert-perf stage=insert-flat-opc numbered=False inline=True deltaMs=34 totalMs=49
2026-09-06T20:59:53.0838170+08:00 pid=112840 tid=1 mathtype-insert-perf stage=resolve-new-shape numbered=False inline=True deltaMs=0 totalMs=49
2026-09-06T20:59:53.0858166+08:00 pid=112840 tid=1 mathtype-insert-perf stage=set-shape-geometry numbered=False inline=True deltaMs=2 totalMs=51
2026-09-06T20:59:53.0858166+08:00 pid=112840 tid=1 mathtype-insert-perf stage=repair-inline-paragraph numbered=False inline=True deltaMs=1 totalMs=52
2026-09-06T20:59:53.0868165+08:00 pid=112840 tid=1 mathtype-insert-perf stage=refresh-native-shape numbered=False inline=True deltaMs=0 totalMs=52
2026-09-06T20:59:53.0888168+08:00 pid=112840 tid=1 mathtype-insert-perf stage=set-native-baseline numbered=False inline=True deltaMs=2 totalMs=54
2026-09-06T20:59:53.0934268+08:00 pid=112840 tid=1 mathtype-insert-perf stage=restore-typing-baseline numbered=False inline=True deltaMs=4 totalMs=58
2026-09-06T20:59:53.0934268+08:00 pid=112840 tid=1 mathtype-insert-perf stage=bind-created-object-identity numbered=False inline=True deltaMs=1 totalMs=59
2026-09-06T20:59:53.0944267+08:00 pid=112840 tid=1 mathtype-insert-perf stage=complete numbered=False inline=True deltaMs=0 totalMs=59
2026-09-06T20:59:53.0944267+08:00 pid=112840 tid=1 word-undo-end recording=True level=1
2026-09-06T20:59:53.0944267+08:00 pid=112840 tid=1 format-conversion-perf stage=insert-target formulaId=19aca7f3-0b15-4718-9e26-5e8e8fe1451a numbered=False deltaMs=82 totalMs=146
2026-09-06T20:59:53.0952740+08:00 pid=112840 tid=1 format-conversion-undo-state stage=after-target-insert document=文档12 recording=False level=0
2026-09-06T20:59:53.0952740+08:00 pid=112840 tid=1 format-conversion-bookmarked-target-stable formulaId=19aca7f3-0b15-4718-9e26-5e8e8fe1451a bookmark=VTMT_b10fa72204454491bd50cb3b67d43bdf range=220:246 elapsedMs=0
2026-09-06T20:59:53.0957796+08:00 pid=112840 tid=1 format-conversion-perf stage=verify-target formulaId=19aca7f3-0b15-4718-9e26-5e8e8fe1451a numbered=False deltaMs=1 totalMs=147
2026-09-06T20:59:53.0957796+08:00 pid=112840 tid=1 format-conversion-undo-state stage=before-source-delete document=文档12 recording=False level=0
2026-09-06T20:59:53.2034508+08:00 pid=112840 tid=1 format-conversion-direct-numbered-omml-delete formulaId=1359af2d-4034-4f1e-8f3f-4d7d710d2261 start=0
2026-09-06T20:59:53.2034508+08:00 pid=112840 tid=1 format-conversion-perf stage=delete-source-host formulaId=1359af2d-4034-4f1e-8f3f-4d7d710d2261 numbered=True deltaMs=107 totalMs=107
2026-09-06T20:59:53.2044503+08:00 pid=112840 tid=1 format-conversion-undo-state stage=after-source-delete document=文档12 recording=False level=0
2026-09-06T20:59:53.2264503+08:00 pid=112840 tid=1 word-undo-begin name=VisualTeX Insert MathType OLE Numbered Display Formula recording=False level=0
2026-09-06T20:59:53.2264503+08:00 pid=112840 tid=1 word-undo-started name=VisualTeX Insert MathType OLE Numbered Display Formula recording=True level=1
2026-09-06T20:59:53.2294504+08:00 pid=112840 tid=1 mathtype-insert-perf stage=resolve-insertion numbered=True inline=False deltaMs=3 totalMs=3
2026-09-06T20:59:53.2304505+08:00 pid=112840 tid=1 mathtype-insert-perf stage=clear-incomplete-number-row numbered=True inline=False deltaMs=1 totalMs=4
2026-09-06T20:59:53.2304505+08:00 pid=112840 tid=1 mathtype-insert-perf stage=number-template-heading-state numbered=True inline=False deltaMs=0 totalMs=4
2026-09-06T20:59:53.2314507+08:00 pid=112840 tid=1 mathtype-insert-perf stage=prepare-display-row numbered=True inline=False deltaMs=1 totalMs=5
2026-09-06T20:59:53.2374509+08:00 pid=112840 tid=1 mathtype-insert-perf stage=build-flat-opc numbered=True inline=False deltaMs=6 totalMs=11
2026-09-06T20:59:53.2384511+08:00 pid=112840 tid=1 mathtype-insert-perf stage=pre-insert-bookkeeping numbered=True inline=False deltaMs=0 totalMs=11
2026-09-06T20:59:53.2720619+08:00 pid=112840 tid=1 mathtype-insert-perf stage=insert-flat-opc numbered=True inline=False deltaMs=34 totalMs=45
2026-09-06T20:59:53.2730618+08:00 pid=112840 tid=1 mathtype-insert-perf stage=resolve-new-shape numbered=True inline=False deltaMs=1 totalMs=46
2026-09-06T20:59:53.2740621+08:00 pid=112840 tid=1 mathtype-insert-perf stage=set-shape-geometry numbered=True inline=False deltaMs=2 totalMs=48
2026-09-06T20:59:53.2750620+08:00 pid=112840 tid=1 mathtype-insert-perf stage=repair-inline-paragraph numbered=True inline=False deltaMs=0 totalMs=48
2026-09-06T20:59:53.2750620+08:00 pid=112840 tid=1 mathtype-insert-perf stage=refresh-native-shape numbered=True inline=False deltaMs=1 totalMs=49
2026-09-06T20:59:53.2860682+08:00 pid=112840 tid=1 mathtype-insert-perf stage=bind-created-object-identity numbered=True inline=False deltaMs=10 totalMs=59
2026-09-06T20:59:53.2860682+08:00 pid=112840 tid=1 mathtype-insert-perf stage=complete numbered=True inline=False deltaMs=0 totalMs=59
2026-09-06T20:59:53.2860682+08:00 pid=112840 tid=1 word-undo-end recording=True level=1
2026-09-06T20:59:53.2860682+08:00 pid=112840 tid=1 format-conversion-perf stage=insert-target formulaId=1359af2d-4034-4f1e-8f3f-4d7d710d2261 numbered=True deltaMs=83 totalMs=190
2026-09-06T20:59:53.2870682+08:00 pid=112840 tid=1 format-conversion-undo-state stage=after-target-insert document=文档12 recording=False level=0
2026-09-06T20:59:53.2870682+08:00 pid=112840 tid=1 format-conversion-bookmarked-target-stable formulaId=1359af2d-4034-4f1e-8f3f-4d7d710d2261 bookmark=VTMT_1c50c15dafe54d81b36121589236828a range=1:27 elapsedMs=0
2026-09-06T20:59:53.2870682+08:00 pid=112840 tid=1 format-conversion-direct-managed-omml-metadata-deleted formulaId=1359af2d-4034-4f1e-8f3f-4d7d710d2261 numbered=True
2026-09-06T20:59:53.2870682+08:00 pid=112840 tid=1 format-conversion-perf stage=verify-target formulaId=1359af2d-4034-4f1e-8f3f-4d7d710d2261 numbered=True deltaMs=1 totalMs=191
2026-09-06T20:59:53.2880683+08:00 pid=112840 tid=1 format-conversion-finalize-perf stage=source-residual-check sourceMode=wordOmml targetMode=mathTypeOle deltaMs=0 totalMs=0
2026-09-06T20:59:53.2910707+08:00 pid=112840 tid=1 format-conversion-finalize-perf stage=target-count-check sourceMode=wordOmml targetMode=mathTypeOle deltaMs=3 totalMs=3
2026-09-06T20:59:53.6226517+08:00 pid=112840 tid=1 format-conversion-reference-aliases-restored sourceMode=wordOmml targetMode=mathTypeOle aliases=2 refreshedReferences=0 restoredFormatting=2
2026-09-06T20:59:53.6652217+08:00 pid=112840 tid=1 format-conversion-finalize-perf stage=numbering-reconcile sourceMode=wordOmml targetMode=mathTypeOle deltaMs=374 totalMs=377
2026-09-06T20:59:53.6682221+08:00 pid=112840 tid=1 format-conversion-finalize-perf stage=omml-fingerprint-refresh sourceMode=wordOmml targetMode=mathTypeOle deltaMs=3 totalMs=380
2026-09-06T20:59:53.6762217+08:00 pid=112840 tid=1 format-conversion-transaction-completed targets=7
2026-09-06T20:59:53.6762217+08:00 pid=112840 tid=1 format-conversion-word-apply-finished sourceMode=wordOmml targetMode=mathTypeOle converted=7 failed=0
2026-09-06T20:59:53.6772219+08:00 pid=112840 tid=1 format-conversion-complete source=OMML target=MathType converted=7 failed=0
2026-09-06T20:59:56.5529841+08:00 pid=112840 tid=12 left-down x=3419 y=1293 wordForeground=True
2026-09-06T20:59:58.2816037+08:00 pid=112840 tid=12 left-down x=1526 y=1265 wordForeground=False
2026-09-06T20:59:59.1547456+08:00 pid=112840 tid=12 left-down x=1951 y=1100 wordForeground=True
2026-09-06T21:00:00.8357606+08:00 pid=112840 tid=12 left-down x=1967 y=1302 wordForeground=True
2026-09-06T21:00:07.8282392+08:00 pid=112840 tid=1 format-conversion-start sourceMode=mathTypeOle targetMode=nativeOle wholeDocument=True
2026-09-06T21:00:07.8682405+08:00 pid=112840 tid=1 format-conversion-plan-bulk-ole-snapshot count=7 elapsedMs=39
2026-09-06T21:00:07.8692390+08:00 pid=112840 tid=1 format-conversion-plan-perf stage=shape-access source=mathTypeOle index=1/7 deltaMs=0 totalMs=0
2026-09-06T21:00:07.8702432+08:00 pid=112840 tid=1 format-conversion-plan-perf stage=identify-mathtype source=mathTypeOle index=1/7 deltaMs=0 totalMs=0
2026-09-06T21:00:07.8732388+08:00 pid=112840 tid=1 format-conversion-plan-perf stage=read-mathml-bulk source=mathTypeOle index=1/7 deltaMs=3 totalMs=3
2026-09-06T21:00:07.8762404+08:00 pid=112840 tid=1 format-conversion-plan-perf stage=read-metadata source=mathTypeOle index=1/7 deltaMs=3 totalMs=6
2026-09-06T21:00:07.8762404+08:00 pid=112840 tid=1 format-conversion-plan-perf stage=number-position source=mathTypeOle index=1/7 deltaMs=1 totalMs=7
2026-09-06T21:00:07.8772395+08:00 pid=112840 tid=1 format-conversion-plan-perf stage=shape-range source=mathTypeOle index=1/7 deltaMs=0 totalMs=7
2026-09-06T21:00:07.8772395+08:00 pid=112840 tid=1 format-conversion-plan-perf stage=target-added source=mathTypeOle index=1/7 deltaMs=1 totalMs=8
2026-09-06T21:00:07.8782403+08:00 pid=112840 tid=1 format-conversion-plan-perf stage=shape-access source=mathTypeOle index=2/7 deltaMs=0 totalMs=0
2026-09-06T21:00:07.8782403+08:00 pid=112840 tid=1 format-conversion-plan-perf stage=identify-mathtype source=mathTypeOle index=2/7 deltaMs=0 totalMs=0
2026-09-06T21:00:07.8913521+08:00 pid=112840 tid=1 format-conversion-plan-perf stage=read-mathml-bulk source=mathTypeOle index=2/7 deltaMs=13 totalMs=13
2026-09-06T21:00:07.8933528+08:00 pid=112840 tid=1 format-conversion-plan-perf stage=read-metadata source=mathTypeOle index=2/7 deltaMs=2 totalMs=15
2026-09-06T21:00:07.8943535+08:00 pid=112840 tid=1 format-conversion-plan-perf stage=number-position source=mathTypeOle index=2/7 deltaMs=1 totalMs=16
2026-09-06T21:00:07.8943535+08:00 pid=112840 tid=1 format-conversion-plan-perf stage=shape-range source=mathTypeOle index=2/7 deltaMs=0 totalMs=16
2026-09-06T21:00:07.8989948+08:00 pid=112840 tid=1 format-conversion-plan-perf stage=target-added source=mathTypeOle index=2/7 deltaMs=5 totalMs=21
2026-09-06T21:00:07.8999964+08:00 pid=112840 tid=1 format-conversion-plan-perf stage=shape-access source=mathTypeOle index=3/7 deltaMs=0 totalMs=0
2026-09-06T21:00:07.9009972+08:00 pid=112840 tid=1 format-conversion-plan-perf stage=identify-mathtype source=mathTypeOle index=3/7 deltaMs=0 totalMs=0
2026-09-06T21:00:07.9029976+08:00 pid=112840 tid=1 format-conversion-plan-perf stage=read-mathml-bulk source=mathTypeOle index=3/7 deltaMs=3 totalMs=3
2026-09-06T21:00:07.9049976+08:00 pid=112840 tid=1 format-conversion-plan-perf stage=read-metadata source=mathTypeOle index=3/7 deltaMs=2 totalMs=5
2026-09-06T21:00:07.9059961+08:00 pid=112840 tid=1 format-conversion-plan-perf stage=number-position source=mathTypeOle index=3/7 deltaMs=0 totalMs=5
2026-09-06T21:00:07.9059961+08:00 pid=112840 tid=1 format-conversion-plan-perf stage=shape-range source=mathTypeOle index=3/7 deltaMs=1 totalMs=6
2026-09-06T21:00:07.9079969+08:00 pid=112840 tid=1 format-conversion-plan-perf stage=target-added source=mathTypeOle index=3/7 deltaMs=2 totalMs=8
2026-09-06T21:00:07.9089974+08:00 pid=112840 tid=1 format-conversion-plan-perf stage=shape-access source=mathTypeOle index=4/7 deltaMs=0 totalMs=0
2026-09-06T21:00:07.9099976+08:00 pid=112840 tid=1 format-conversion-plan-perf stage=identify-mathtype source=mathTypeOle index=4/7 deltaMs=0 totalMs=0
2026-09-06T21:00:07.9209954+08:00 pid=112840 tid=1 format-conversion-plan-perf stage=read-mathml-bulk source=mathTypeOle index=4/7 deltaMs=12 totalMs=12
2026-09-06T21:00:07.9229968+08:00 pid=112840 tid=1 format-conversion-plan-perf stage=read-metadata source=mathTypeOle index=4/7 deltaMs=2 totalMs=14
2026-09-06T21:00:07.9239984+08:00 pid=112840 tid=1 format-conversion-plan-perf stage=number-position source=mathTypeOle index=4/7 deltaMs=1 totalMs=15
2026-09-06T21:00:07.9249977+08:00 pid=112840 tid=1 format-conversion-plan-perf stage=shape-range source=mathTypeOle index=4/7 deltaMs=0 totalMs=15
2026-09-06T21:00:07.9299990+08:00 pid=112840 tid=1 format-conversion-plan-perf stage=target-added source=mathTypeOle index=4/7 deltaMs=5 totalMs=20
2026-09-06T21:00:07.9299990+08:00 pid=112840 tid=1 format-conversion-plan-perf stage=shape-access source=mathTypeOle index=5/7 deltaMs=0 totalMs=0
2026-09-06T21:00:07.9309974+08:00 pid=112840 tid=1 format-conversion-plan-perf stage=identify-mathtype source=mathTypeOle index=5/7 deltaMs=0 totalMs=0
2026-09-06T21:00:07.9419968+08:00 pid=112840 tid=1 format-conversion-plan-perf stage=read-mathml-bulk source=mathTypeOle index=5/7 deltaMs=11 totalMs=11
2026-09-06T21:00:07.9439978+08:00 pid=112840 tid=1 format-conversion-plan-perf stage=read-metadata source=mathTypeOle index=5/7 deltaMs=2 totalMs=13
2026-09-06T21:00:07.9449982+08:00 pid=112840 tid=1 format-conversion-plan-perf stage=number-position source=mathTypeOle index=5/7 deltaMs=1 totalMs=14
2026-09-06T21:00:07.9449982+08:00 pid=112840 tid=1 format-conversion-plan-perf stage=shape-range source=mathTypeOle index=5/7 deltaMs=1 totalMs=15
2026-09-06T21:00:07.9479970+08:00 pid=112840 tid=1 format-conversion-plan-perf stage=target-added source=mathTypeOle index=5/7 deltaMs=2 totalMs=17
2026-09-06T21:00:07.9489981+08:00 pid=112840 tid=1 format-conversion-plan-perf stage=shape-access source=mathTypeOle index=6/7 deltaMs=0 totalMs=0
2026-09-06T21:00:07.9489981+08:00 pid=112840 tid=1 format-conversion-plan-perf stage=identify-mathtype source=mathTypeOle index=6/7 deltaMs=0 totalMs=0
2026-09-06T21:00:07.9619981+08:00 pid=112840 tid=1 format-conversion-plan-perf stage=read-mathml-bulk source=mathTypeOle index=6/7 deltaMs=12 totalMs=12
2026-09-06T21:00:07.9639980+08:00 pid=112840 tid=1 format-conversion-plan-perf stage=read-metadata source=mathTypeOle index=6/7 deltaMs=3 totalMs=15
2026-09-06T21:00:07.9649983+08:00 pid=112840 tid=1 format-conversion-plan-perf stage=number-position source=mathTypeOle index=6/7 deltaMs=1 totalMs=16
2026-09-06T21:00:07.9649983+08:00 pid=112840 tid=1 format-conversion-plan-perf stage=shape-range source=mathTypeOle index=6/7 deltaMs=0 totalMs=16
2026-09-06T21:00:07.9679962+08:00 pid=112840 tid=1 format-conversion-plan-perf stage=target-added source=mathTypeOle index=6/7 deltaMs=3 totalMs=19
2026-09-06T21:00:07.9689954+08:00 pid=112840 tid=1 format-conversion-plan-perf stage=shape-access source=mathTypeOle index=7/7 deltaMs=0 totalMs=0
2026-09-06T21:00:07.9699980+08:00 pid=112840 tid=1 format-conversion-plan-perf stage=identify-mathtype source=mathTypeOle index=7/7 deltaMs=0 totalMs=0
2026-09-06T21:00:07.9822124+08:00 pid=112840 tid=1 format-conversion-plan-perf stage=read-mathml-bulk source=mathTypeOle index=7/7 deltaMs=13 totalMs=13
2026-09-06T21:00:07.9852127+08:00 pid=112840 tid=1 format-conversion-plan-perf stage=read-metadata source=mathTypeOle index=7/7 deltaMs=2 totalMs=15
2026-09-06T21:00:07.9862132+08:00 pid=112840 tid=1 format-conversion-plan-perf stage=number-position source=mathTypeOle index=7/7 deltaMs=1 totalMs=16
2026-09-06T21:00:07.9862132+08:00 pid=112840 tid=1 format-conversion-plan-perf stage=shape-range source=mathTypeOle index=7/7 deltaMs=1 totalMs=17
2026-09-06T21:00:07.9896903+08:00 pid=112840 tid=1 format-conversion-plan-perf stage=target-added source=mathTypeOle index=7/7 deltaMs=3 totalMs=20
2026-09-06T21:00:07.9902116+08:00 pid=112840 tid=1 format-conversion-plan sourceMode=mathTypeOle targetMode=nativeOle targets=7
2026-09-06T21:00:11.3575346+08:00 pid=112840 tid=1 bulk-import converter-create display=block mode=nativeOle latex=a^{2}+b^{2}=c^{2}
2026-09-06T21:00:11.3635344+08:00 pid=112840 tid=25 bulk-import converter-created sessionId=5b4af8cd-7417-43e6-b37e-6519581ec33a
2026-09-06T21:00:11.3635344+08:00 pid=112840 tid=25 bulk-import converter-create display=inline mode=nativeOle latex=\sqrt{E-u\left( x\right) }=\frac{1}{f\left( \omega \right) v_{ph}\left( \omega ,x\right) }
2026-09-06T21:00:11.3675346+08:00 pid=112840 tid=25 bulk-import converter-created sessionId=61f665d3-5138-4f2c-8042-b1bfeb827c77
2026-09-06T21:00:11.3685357+08:00 pid=112840 tid=25 bulk-import converter-create display=block mode=nativeOle latex=\left\{ \begin{matrix}\frac{\mathrm{d}}{\mathrm{d}\omega }\left( \omega f\left( \omega \right) \right) =0 \\ \frac{\omega f\left( \omega \right) }{2}\frac{\mathrm{d}E\left( \omega \right) }{\mathrm{d}\omega }=\sqrt{\frac{m}{2}}\end{matrix}\right.
2026-09-06T21:00:11.3715346+08:00 pid=112840 tid=25 bulk-import converter-created sessionId=132b8d4c-8628-427b-9552-89795d60ce95
2026-09-06T21:00:11.3715346+08:00 pid=112840 tid=25 bulk-import converter-create display=block mode=nativeOle latex=F=ma
2026-09-06T21:00:11.3755348+08:00 pid=112840 tid=25 bulk-import converter-created sessionId=e976aca6-a213-4c09-ae80-20e02c58287a
2026-09-06T21:00:11.3765357+08:00 pid=112840 tid=25 bulk-import converter-create display=block mode=nativeOle latex=i\hbar \frac{\partial }{\partial t}\psi (\mathbf{r},t)=\left[ -\frac{\hbar^{2}}{2m}\nabla^{2}+V(\mathbf{r},t)\right] \psi (\mathbf{r},t)
2026-09-06T21:00:11.3795342+08:00 pid=112840 tid=25 bulk-import converter-created sessionId=bc7368b7-985b-4094-8073-0047be170002
2026-09-06T21:00:11.3805343+08:00 pid=112840 tid=25 bulk-import converter-create display=block mode=nativeOle latex=\frac{\partial }{\partial t}\psi^{\ast}\left( \vec{r}\right) \psi \left( \vec{r}\right) =\frac{i\hbar }{2m}\nabla \cdot \left[ \psi^{\ast}\left( \vec{r}\right) \nabla \psi \left( \vec{r}\right) -\psi \left( \vec{r}\right) \nabla \psi^{\ast}\left( r\right) \right]
2026-09-06T21:00:11.3835343+08:00 pid=112840 tid=25 bulk-import converter-created sessionId=9882143f-5502-43b2-b655-73fb9420b16b
2026-09-06T21:00:11.3845343+08:00 pid=112840 tid=25 bulk-import converter-create display=block mode=nativeOle latex=\frac{\partial }{\partial t}\rho \left( \vec{r},t\right) +\nabla \cdot \vec{j}=0
2026-09-06T21:00:11.3875346+08:00 pid=112840 tid=25 bulk-import converter-created sessionId=c6a21386-ca76-41e4-87f5-59d2b3d45032
2026-09-06T21:00:11.3875346+08:00 pid=112840 tid=25 format-conversion-render-start sourceMode=mathTypeOle targetMode=nativeOle sessions=7
2026-09-06T21:00:11.5135345+08:00 pid=112840 tid=25 format-conversion-rendered sourceMode=mathTypeOle targetMode=nativeOle sessionId=5b4af8cd-7417-43e6-b37e-6519581ec33a status=committing
2026-09-06T21:00:11.6255346+08:00 pid=112840 tid=24 format-conversion-rendered sourceMode=mathTypeOle targetMode=nativeOle sessionId=61f665d3-5138-4f2c-8042-b1bfeb827c77 status=committing
2026-09-06T21:00:11.7299799+08:00 pid=112840 tid=25 format-conversion-rendered sourceMode=mathTypeOle targetMode=nativeOle sessionId=132b8d4c-8628-427b-9552-89795d60ce95 status=committing
2026-09-06T21:00:11.8269864+08:00 pid=112840 tid=24 format-conversion-rendered sourceMode=mathTypeOle targetMode=nativeOle sessionId=e976aca6-a213-4c09-ae80-20e02c58287a status=committing
2026-09-06T21:00:11.9314704+08:00 pid=112840 tid=25 format-conversion-rendered sourceMode=mathTypeOle targetMode=nativeOle sessionId=bc7368b7-985b-4094-8073-0047be170002 status=committing
2026-09-06T21:00:12.0472363+08:00 pid=112840 tid=24 format-conversion-rendered sourceMode=mathTypeOle targetMode=nativeOle sessionId=9882143f-5502-43b2-b655-73fb9420b16b status=committing
2026-09-06T21:00:12.1469920+08:00 pid=112840 tid=25 format-conversion-rendered sourceMode=mathTypeOle targetMode=nativeOle sessionId=c6a21386-ca76-41e4-87f5-59d2b3d45032 status=committing
2026-09-06T21:00:12.1469920+08:00 pid=112840 tid=25 format-conversion-word-apply-start sourceMode=mathTypeOle targetMode=nativeOle targets=7
2026-09-06T21:00:12.2090066+08:00 pid=112840 tid=1 format-conversion-mathtype-visualtex-atomic-buffer-created
2026-09-06T21:00:12.2100064+08:00 pid=112840 tid=1 format-conversion-runtime assembly=C:\Users\pojian_liao\AppData\Local\VisualTeX\office\remediation-builds\33B8D8C68842F83D9A7D6B8744C62EFEFFD8590657A9EFC206F276101FFDC97A\VisualTeX.WordVsto.dll source=mathTypeOle target=nativeOle targetIsVisualTeX=True targetIsMathType=False
2026-09-06T21:00:12.2160065+08:00 pid=112840 tid=1 format-conversion-reference-aliases-captured sourceMode=mathTypeOle formulaId=e887072b-392b-4e76-aa5c-c5a0bae2a907 aliases=ZEqnNum100071
2026-09-06T21:00:12.2298096+08:00 pid=112840 tid=1 format-conversion-reference-aliases-captured sourceMode=mathTypeOle formulaId=f29fa0be-17bf-432d-bec1-8f76d6a07e95 aliases=ZEqnNum100514
2026-09-06T21:00:32.4642427+08:00 pid=112840 tid=1 word-undo-begin name=VisualTeX Convert Formula Format recording=False level=0
2026-09-06T21:00:32.4642427+08:00 pid=112840 tid=1 word-undo-started name=VisualTeX Convert Formula Format recording=True level=1
2026-09-06T21:00:32.4652427+08:00 pid=112840 tid=1 format-conversion-undo-state stage=before-preferences document=文档12 recording=True level=1
2026-09-06T21:00:32.4652427+08:00 pid=112840 tid=1 format-conversion-transaction-start targets=7
2026-09-06T21:00:32.4662427+08:00 pid=112840 tid=1 format-conversion-undo-state stage=after-preferences document=文档12 recording=True level=1
2026-09-06T21:00:32.4682432+08:00 pid=112840 tid=1 format-conversion-mathtype-source-identity-bound formulaId=ea101969-1248-40a1-87c5-1f7e82124c2c bookmark=VTFCI_c2a112867b1f46ac97650130171b63af range=1547:1573
2026-09-06T21:00:32.4682432+08:00 pid=112840 tid=1 format-conversion-undo-state stage=before-source-delete document=文档12 recording=True level=1
2026-09-06T21:00:32.4742428+08:00 pid=112840 tid=1 format-conversion-mathtype-visualtex-paragraph-atomically-replaced formulaId=ea101969-1248-40a1-87c5-1f7e82124c2c bookmark=VTFCI_c2a112867b1f46ac97650130171b63af range=1546:1781 start=1546
2026-09-06T21:00:32.4742428+08:00 pid=112840 tid=1 format-conversion-perf stage=delete-source-host formulaId=ea101969-1248-40a1-87c5-1f7e82124c2c numbered=True deltaMs=7 totalMs=7
2026-09-06T21:00:32.4742428+08:00 pid=112840 tid=1 format-conversion-undo-state stage=after-source-delete document=文档12 recording=True level=1
2026-09-06T21:00:32.4742428+08:00 pid=112840 tid=1 format-conversion-forward-source-check stage=delete-source formulaId=ea101969-1248-40a1-87c5-1f7e82124c2c bookmarkMissing=True present=False
2026-09-06T21:00:32.4782451+08:00 pid=112840 tid=1 word-undo-begin name=VisualTeX Insert Native OLE Display Formula recording=True level=1
2026-09-06T21:00:32.5622997+08:00 pid=112840 tid=1 format-conversion-perf stage=insert-target formulaId=ea101969-1248-40a1-87c5-1f7e82124c2c numbered=True deltaMs=89 totalMs=96
2026-09-06T21:00:32.5622997+08:00 pid=112840 tid=1 format-conversion-undo-state stage=after-target-insert document=文档12 recording=True level=1
2026-09-06T21:00:32.5632996+08:00 pid=112840 tid=1 format-conversion-forward-source-check stage=insert-target formulaId=ea101969-1248-40a1-87c5-1f7e82124c2c bookmarkMissing=True present=False
2026-09-06T21:00:32.5632996+08:00 pid=112840 tid=1 format-conversion-bookmarked-visualtex-target-stable sourceFormulaId=ea101969-1248-40a1-87c5-1f7e82124c2c formulaId=210d9eb4-6544-45e9-a471-119217ec735b localAnchorRepair=False elapsedMs=0
2026-09-06T21:00:32.5642996+08:00 pid=112840 tid=1 format-conversion-forward-source-check stage=post-transaction formulaId=ea101969-1248-40a1-87c5-1f7e82124c2c bookmarkMissing=True present=False
2026-09-06T21:00:32.5642996+08:00 pid=112840 tid=1 format-conversion-perf stage=verify-target formulaId=ea101969-1248-40a1-87c5-1f7e82124c2c numbered=True deltaMs=1 totalMs=97
2026-09-06T21:00:32.5652996+08:00 pid=112840 tid=1 format-conversion-mathtype-source-identity-bound formulaId=fa8c4a5a-1251-4ef3-bd85-846a1b642ce7 bookmark=VTFCI_89dd622b315a49d4a7d30c76eb8a2a5f range=1294:1320
2026-09-06T21:00:32.5652996+08:00 pid=112840 tid=1 format-conversion-undo-state stage=before-source-delete document=文档12 recording=True level=1
2026-09-06T21:00:32.5812994+08:00 pid=112840 tid=1 format-conversion-mathtype-visualtex-paragraph-atomically-replaced formulaId=fa8c4a5a-1251-4ef3-bd85-846a1b642ce7 bookmark=VTFCI_89dd622b315a49d4a7d30c76eb8a2a5f range=1293:1528 start=1293
2026-09-06T21:00:32.5812994+08:00 pid=112840 tid=1 format-conversion-perf stage=delete-source-host formulaId=fa8c4a5a-1251-4ef3-bd85-846a1b642ce7 numbered=True deltaMs=16 totalMs=16
2026-09-06T21:00:32.5812994+08:00 pid=112840 tid=1 format-conversion-undo-state stage=after-source-delete document=文档12 recording=True level=1
2026-09-06T21:00:32.5812994+08:00 pid=112840 tid=1 format-conversion-forward-source-check stage=delete-source formulaId=fa8c4a5a-1251-4ef3-bd85-846a1b642ce7 bookmarkMissing=True present=False
2026-09-06T21:00:32.5822993+08:00 pid=112840 tid=1 word-undo-begin name=VisualTeX Insert Native OLE Display Formula recording=True level=1
2026-09-06T21:00:32.6352993+08:00 pid=112840 tid=1 format-conversion-perf stage=insert-target formulaId=fa8c4a5a-1251-4ef3-bd85-846a1b642ce7 numbered=True deltaMs=54 totalMs=70
2026-09-06T21:00:32.6352993+08:00 pid=112840 tid=1 format-conversion-undo-state stage=after-target-insert document=文档12 recording=True level=1
2026-09-06T21:00:32.6352993+08:00 pid=112840 tid=1 format-conversion-forward-source-check stage=insert-target formulaId=fa8c4a5a-1251-4ef3-bd85-846a1b642ce7 bookmarkMissing=True present=False
2026-09-06T21:00:32.6363023+08:00 pid=112840 tid=1 format-conversion-bookmarked-visualtex-target-stable sourceFormulaId=fa8c4a5a-1251-4ef3-bd85-846a1b642ce7 formulaId=03e329b5-7427-4461-b915-8e2d1d80c758 localAnchorRepair=False elapsedMs=0
2026-09-06T21:00:32.6363023+08:00 pid=112840 tid=1 format-conversion-forward-source-check stage=post-transaction formulaId=fa8c4a5a-1251-4ef3-bd85-846a1b642ce7 bookmarkMissing=True present=False
2026-09-06T21:00:32.6363023+08:00 pid=112840 tid=1 format-conversion-perf stage=verify-target formulaId=fa8c4a5a-1251-4ef3-bd85-846a1b642ce7 numbered=True deltaMs=2 totalMs=72
2026-09-06T21:00:32.6372997+08:00 pid=112840 tid=1 format-conversion-mathtype-source-identity-bound formulaId=8b54ff3d-4f45-4549-937a-a4dc2e66f561 bookmark=VTFCI_4569da3cb7a54a5cb124cb84b3025ceb range=1051:1077
2026-09-06T21:00:32.6372997+08:00 pid=112840 tid=1 format-conversion-undo-state stage=before-source-delete document=文档12 recording=True level=1
2026-09-06T21:00:32.6512995+08:00 pid=112840 tid=1 format-conversion-mathtype-visualtex-paragraph-atomically-replaced formulaId=8b54ff3d-4f45-4549-937a-a4dc2e66f561 bookmark=VTFCI_4569da3cb7a54a5cb124cb84b3025ceb range=1050:1285 start=1050
2026-09-06T21:00:32.6512995+08:00 pid=112840 tid=1 format-conversion-perf stage=delete-source-host formulaId=8b54ff3d-4f45-4549-937a-a4dc2e66f561 numbered=True deltaMs=14 totalMs=14
2026-09-06T21:00:32.6512995+08:00 pid=112840 tid=1 format-conversion-undo-state stage=after-source-delete document=文档12 recording=True level=1
2026-09-06T21:00:32.6512995+08:00 pid=112840 tid=1 format-conversion-forward-source-check stage=delete-source formulaId=8b54ff3d-4f45-4549-937a-a4dc2e66f561 bookmarkMissing=True present=False
2026-09-06T21:00:32.6523019+08:00 pid=112840 tid=1 word-undo-begin name=VisualTeX Insert Native OLE Display Formula recording=True level=1
2026-09-06T21:00:32.6995976+08:00 pid=112840 tid=1 format-conversion-perf stage=insert-target formulaId=8b54ff3d-4f45-4549-937a-a4dc2e66f561 numbered=True deltaMs=48 totalMs=62
2026-09-06T21:00:32.6995976+08:00 pid=112840 tid=1 format-conversion-undo-state stage=after-target-insert document=文档12 recording=True level=1
2026-09-06T21:00:32.6995976+08:00 pid=112840 tid=1 format-conversion-forward-source-check stage=insert-target formulaId=8b54ff3d-4f45-4549-937a-a4dc2e66f561 bookmarkMissing=True present=False
2026-09-06T21:00:32.6995976+08:00 pid=112840 tid=1 format-conversion-bookmarked-visualtex-target-stable sourceFormulaId=8b54ff3d-4f45-4549-937a-a4dc2e66f561 formulaId=d319c17b-a006-4d91-ab78-d6879d13fa2a localAnchorRepair=False elapsedMs=0
2026-09-06T21:00:32.7006072+08:00 pid=112840 tid=1 format-conversion-forward-source-check stage=post-transaction formulaId=8b54ff3d-4f45-4549-937a-a4dc2e66f561 bookmarkMissing=True present=False
2026-09-06T21:00:32.7006072+08:00 pid=112840 tid=1 format-conversion-perf stage=verify-target formulaId=8b54ff3d-4f45-4549-937a-a4dc2e66f561 numbered=True deltaMs=1 totalMs=63
2026-09-06T21:00:32.7016075+08:00 pid=112840 tid=1 format-conversion-mathtype-source-identity-bound formulaId=f29fa0be-17bf-432d-bec1-8f76d6a07e95 bookmark=VTFCI_df9af0dcf8604dde8c68e6d0fc755a03 range=631:657
2026-09-06T21:00:32.7016075+08:00 pid=112840 tid=1 format-conversion-undo-state stage=before-source-delete document=文档12 recording=True level=1
2026-09-06T21:00:32.7176068+08:00 pid=112840 tid=1 format-conversion-mathtype-visualtex-paragraph-atomically-replaced formulaId=f29fa0be-17bf-432d-bec1-8f76d6a07e95 bookmark=VTFCI_df9af0dcf8604dde8c68e6d0fc755a03 range=630:865 start=630
2026-09-06T21:00:32.7176068+08:00 pid=112840 tid=1 format-conversion-perf stage=delete-source-host formulaId=f29fa0be-17bf-432d-bec1-8f76d6a07e95 numbered=True deltaMs=16 totalMs=16
2026-09-06T21:00:32.7176068+08:00 pid=112840 tid=1 format-conversion-undo-state stage=after-source-delete document=文档12 recording=True level=1
2026-09-06T21:00:32.7176068+08:00 pid=112840 tid=1 format-conversion-forward-source-check stage=delete-source formulaId=f29fa0be-17bf-432d-bec1-8f76d6a07e95 bookmarkMissing=True present=False
2026-09-06T21:00:32.7186065+08:00 pid=112840 tid=1 word-undo-begin name=VisualTeX Insert Native OLE Display Formula recording=True level=1
2026-09-06T21:00:32.7662507+08:00 pid=112840 tid=1 format-conversion-perf stage=insert-target formulaId=f29fa0be-17bf-432d-bec1-8f76d6a07e95 numbered=True deltaMs=49 totalMs=65
2026-09-06T21:00:32.7662507+08:00 pid=112840 tid=1 format-conversion-undo-state stage=after-target-insert document=文档12 recording=True level=1
2026-09-06T21:00:32.7662507+08:00 pid=112840 tid=1 format-conversion-forward-source-check stage=insert-target formulaId=f29fa0be-17bf-432d-bec1-8f76d6a07e95 bookmarkMissing=True present=False
2026-09-06T21:00:32.7672525+08:00 pid=112840 tid=1 format-conversion-bookmarked-visualtex-target-stable sourceFormulaId=f29fa0be-17bf-432d-bec1-8f76d6a07e95 formulaId=0d70323b-7dc2-44db-add1-e84ee6bae70a localAnchorRepair=False elapsedMs=0
2026-09-06T21:00:32.7672525+08:00 pid=112840 tid=1 format-conversion-forward-source-check stage=post-transaction formulaId=f29fa0be-17bf-432d-bec1-8f76d6a07e95 bookmarkMissing=True present=False
2026-09-06T21:00:32.7672525+08:00 pid=112840 tid=1 format-conversion-perf stage=verify-target formulaId=f29fa0be-17bf-432d-bec1-8f76d6a07e95 numbered=True deltaMs=1 totalMs=66
2026-09-06T21:00:32.7802511+08:00 pid=112840 tid=1 format-conversion-mathtype-source-identity-bound formulaId=7e040e9c-4249-4bef-a2c3-e48b113c4a19 bookmark=VTFCI_250e6267bac2466ea36667fc9b2babba range=395:421
2026-09-06T21:00:32.7802511+08:00 pid=112840 tid=1 format-conversion-undo-state stage=before-source-delete document=文档12 recording=True level=1
2026-09-06T21:00:32.7872616+08:00 pid=112840 tid=1 format-conversion-mathtype-visualtex-paragraph-atomically-replaced formulaId=7e040e9c-4249-4bef-a2c3-e48b113c4a19 bookmark=VTFCI_250e6267bac2466ea36667fc9b2babba range=394:629 start=394
2026-09-06T21:00:32.7872616+08:00 pid=112840 tid=1 format-conversion-perf stage=delete-source-host formulaId=7e040e9c-4249-4bef-a2c3-e48b113c4a19 numbered=True deltaMs=20 totalMs=20
2026-09-06T21:00:32.7882530+08:00 pid=112840 tid=1 format-conversion-undo-state stage=after-source-delete document=文档12 recording=True level=1
2026-09-06T21:00:32.7882530+08:00 pid=112840 tid=1 format-conversion-forward-source-check stage=delete-source formulaId=7e040e9c-4249-4bef-a2c3-e48b113c4a19 bookmarkMissing=True present=False
2026-09-06T21:00:32.7882530+08:00 pid=112840 tid=1 word-undo-begin name=VisualTeX Insert Native OLE Display Formula recording=True level=1
2026-09-06T21:00:32.8462529+08:00 pid=112840 tid=1 format-conversion-perf stage=insert-target formulaId=7e040e9c-4249-4bef-a2c3-e48b113c4a19 numbered=True deltaMs=58 totalMs=78
2026-09-06T21:00:32.8462529+08:00 pid=112840 tid=1 format-conversion-undo-state stage=after-target-insert document=文档12 recording=True level=1
2026-09-06T21:00:32.8472528+08:00 pid=112840 tid=1 format-conversion-forward-source-check stage=insert-target formulaId=7e040e9c-4249-4bef-a2c3-e48b113c4a19 bookmarkMissing=True present=False
2026-09-06T21:00:32.8472528+08:00 pid=112840 tid=1 format-conversion-bookmarked-visualtex-target-stable sourceFormulaId=7e040e9c-4249-4bef-a2c3-e48b113c4a19 formulaId=1cd74c70-0620-4235-be1e-9092d98931d5 localAnchorRepair=False elapsedMs=0
2026-09-06T21:00:32.8472528+08:00 pid=112840 tid=1 format-conversion-forward-source-check stage=post-transaction formulaId=7e040e9c-4249-4bef-a2c3-e48b113c4a19 bookmarkMissing=True present=False
2026-09-06T21:00:32.8472528+08:00 pid=112840 tid=1 format-conversion-perf stage=verify-target formulaId=7e040e9c-4249-4bef-a2c3-e48b113c4a19 numbered=True deltaMs=2 totalMs=80
2026-09-06T21:00:32.8482530+08:00 pid=112840 tid=1 format-conversion-mathtype-source-identity-bound formulaId=c08b6cdb-562d-40bf-9a80-c7602a60a29a bookmark=VTFCI_5f81ebdf72264cb983b9b2b20009383c range=367:393
2026-09-06T21:00:32.8482530+08:00 pid=112840 tid=1 format-conversion-undo-state stage=before-source-delete document=文档12 recording=True level=1
2026-09-06T21:00:32.8562520+08:00 pid=112840 tid=1 format-conversion-perf stage=delete-source-host formulaId=c08b6cdb-562d-40bf-9a80-c7602a60a29a numbered=False deltaMs=7 totalMs=7
2026-09-06T21:00:32.8562520+08:00 pid=112840 tid=1 format-conversion-undo-state stage=after-source-delete document=文档12 recording=True level=1
2026-09-06T21:00:32.8562520+08:00 pid=112840 tid=1 format-conversion-forward-source-check stage=delete-source formulaId=c08b6cdb-562d-40bf-9a80-c7602a60a29a bookmarkMissing=True present=False
2026-09-06T21:00:32.8572533+08:00 pid=112840 tid=1 word-undo-begin name=VisualTeX Insert Native OLE Inline Formula recording=True level=1
2026-09-06T21:00:32.9177924+08:00 pid=112840 tid=1 format-conversion-perf stage=insert-target formulaId=c08b6cdb-562d-40bf-9a80-c7602a60a29a numbered=False deltaMs=63 totalMs=70
2026-09-06T21:00:32.9187939+08:00 pid=112840 tid=1 format-conversion-undo-state stage=after-target-insert document=文档12 recording=True level=1
2026-09-06T21:00:32.9187939+08:00 pid=112840 tid=1 format-conversion-forward-source-check stage=insert-target formulaId=c08b6cdb-562d-40bf-9a80-c7602a60a29a bookmarkMissing=True present=False
2026-09-06T21:00:32.9187939+08:00 pid=112840 tid=1 format-conversion-bookmarked-visualtex-target-stable sourceFormulaId=c08b6cdb-562d-40bf-9a80-c7602a60a29a formulaId=1460c630-ea40-4c7e-9448-c33c4f8f31b2 localAnchorRepair=False elapsedMs=0
2026-09-06T21:00:32.9197942+08:00 pid=112840 tid=1 format-conversion-forward-source-check stage=post-transaction formulaId=c08b6cdb-562d-40bf-9a80-c7602a60a29a bookmarkMissing=True present=False
2026-09-06T21:00:32.9197942+08:00 pid=112840 tid=1 format-conversion-perf stage=verify-target formulaId=c08b6cdb-562d-40bf-9a80-c7602a60a29a numbered=False deltaMs=1 totalMs=71
2026-09-06T21:00:32.9404677+08:00 pid=112840 tid=1 format-conversion-mathtype-source-identity-bound formulaId=e887072b-392b-4e76-aa5c-c5a0bae2a907 bookmark=VTFCI_f0179d6fe5924bd19b0c07b3a92b9b41 range=1:27
2026-09-06T21:00:32.9414665+08:00 pid=112840 tid=1 format-conversion-undo-state stage=before-source-delete document=文档12 recording=True level=1
2026-09-06T21:00:32.9484665+08:00 pid=112840 tid=1 format-conversion-mathtype-visualtex-paragraph-atomically-replaced formulaId=e887072b-392b-4e76-aa5c-c5a0bae2a907 bookmark=VTFCI_f0179d6fe5924bd19b0c07b3a92b9b41 range=0:235 start=0
2026-09-06T21:00:32.9484665+08:00 pid=112840 tid=1 format-conversion-perf stage=delete-source-host formulaId=e887072b-392b-4e76-aa5c-c5a0bae2a907 numbered=True deltaMs=28 totalMs=28
2026-09-06T21:00:32.9484665+08:00 pid=112840 tid=1 format-conversion-undo-state stage=after-source-delete document=文档12 recording=True level=1
2026-09-06T21:00:32.9484665+08:00 pid=112840 tid=1 format-conversion-forward-source-check stage=delete-source formulaId=e887072b-392b-4e76-aa5c-c5a0bae2a907 bookmarkMissing=True present=False
2026-09-06T21:00:32.9494684+08:00 pid=112840 tid=1 word-undo-begin name=VisualTeX Insert Native OLE Display Formula recording=True level=1
2026-09-06T21:00:32.9964686+08:00 pid=112840 tid=1 format-conversion-perf stage=insert-target formulaId=e887072b-392b-4e76-aa5c-c5a0bae2a907 numbered=True deltaMs=48 totalMs=76
2026-09-06T21:00:32.9964686+08:00 pid=112840 tid=1 format-conversion-undo-state stage=after-target-insert document=文档12 recording=True level=1
2026-09-06T21:00:32.9964686+08:00 pid=112840 tid=1 format-conversion-forward-source-check stage=insert-target formulaId=e887072b-392b-4e76-aa5c-c5a0bae2a907 bookmarkMissing=True present=False
2026-09-06T21:00:32.9974674+08:00 pid=112840 tid=1 format-conversion-bookmarked-visualtex-target-stable sourceFormulaId=e887072b-392b-4e76-aa5c-c5a0bae2a907 formulaId=06b5dc03-b969-40b0-949a-1bd85385f368 localAnchorRepair=False elapsedMs=0
2026-09-06T21:00:32.9974674+08:00 pid=112840 tid=1 format-conversion-forward-source-check stage=post-transaction formulaId=e887072b-392b-4e76-aa5c-c5a0bae2a907 bookmarkMissing=True present=False
2026-09-06T21:00:32.9974674+08:00 pid=112840 tid=1 format-conversion-perf stage=verify-target formulaId=e887072b-392b-4e76-aa5c-c5a0bae2a907 numbered=True deltaMs=1 totalMs=77
2026-09-06T21:00:33.2871702+08:00 pid=112840 tid=1 format-conversion-finalize-perf stage=source-residual-check sourceMode=mathTypeOle targetMode=nativeOle deltaMs=289 totalMs=289
2026-09-06T21:00:33.2891713+08:00 pid=112840 tid=1 format-conversion-finalize-perf stage=target-count-check sourceMode=mathTypeOle targetMode=nativeOle deltaMs=2 totalMs=291
2026-09-06T21:00:33.2901689+08:00 pid=112840 tid=1 format-conversion-visualtex-numbering-inventory formulaId=06b5dc03-b969-40b0-949a-1bd85385f368 range=0:34 paragraph=0:35 numbered=True
2026-09-06T21:00:33.2901689+08:00 pid=112840 tid=1 format-conversion-visualtex-numbering-inventory formulaId=1460c630-ea40-4c7e-9448-c33c4f8f31b2 range=167:201 paragraph=155:203 numbered=False
2026-09-06T21:00:33.2911714+08:00 pid=112840 tid=1 format-conversion-visualtex-numbering-inventory formulaId=1cd74c70-0620-4235-be1e-9092d98931d5 range=203:237 paragraph=203:238 numbered=True
2026-09-06T21:00:33.2921722+08:00 pid=112840 tid=1 format-conversion-visualtex-numbering-inventory formulaId=0d70323b-7dc2-44db-add1-e84ee6bae70a range=239:273 paragraph=239:274 numbered=True
2026-09-06T21:00:33.2921722+08:00 pid=112840 tid=1 format-conversion-visualtex-numbering-inventory formulaId=d319c17b-a006-4d91-ab78-d6879d13fa2a range=459:493 paragraph=459:494 numbered=True
2026-09-06T21:00:33.2931719+08:00 pid=112840 tid=1 format-conversion-visualtex-numbering-inventory formulaId=03e329b5-7427-4461-b915-8e2d1d80c758 range=502:536 paragraph=502:537 numbered=True
2026-09-06T21:00:33.2941697+08:00 pid=112840 tid=1 format-conversion-visualtex-numbering-inventory formulaId=210d9eb4-6544-45e9-a471-119217ec735b range=555:589 paragraph=555:590 numbered=True
2026-09-06T21:00:33.2961703+08:00 pid=112840 tid=1 format-conversion-visualtex-numbering-before-scaffold formulaId=210d9eb4-6544-45e9-a471-119217ec735b frozenRange=visualtex-word-vsto-range:555:589 liveRange=555:589 paragraph=555:590
2026-09-06T21:00:33.4067834+08:00 pid=112840 tid=1 format-conversion-visualtex-numbering-before-scaffold formulaId=03e329b5-7427-4461-b915-8e2d1d80c758 frozenRange=visualtex-word-vsto-range:502:536 liveRange=502:536 paragraph=502:537
2026-09-06T21:00:33.5194391+08:00 pid=112840 tid=1 format-conversion-visualtex-numbering-before-scaffold formulaId=d319c17b-a006-4d91-ab78-d6879d13fa2a frozenRange=visualtex-word-vsto-range:459:493 liveRange=459:493 paragraph=459:494
2026-09-06T21:00:33.6434380+08:00 pid=112840 tid=1 format-conversion-visualtex-numbering-before-scaffold formulaId=0d70323b-7dc2-44db-add1-e84ee6bae70a frozenRange=visualtex-word-vsto-range:239:273 liveRange=239:273 paragraph=239:274
2026-09-06T21:00:33.7670594+08:00 pid=112840 tid=1 format-conversion-visualtex-numbering-before-scaffold formulaId=1cd74c70-0620-4235-be1e-9092d98931d5 frozenRange=visualtex-word-vsto-range:203:237 liveRange=203:237 paragraph=203:238
2026-09-06T21:00:33.8760297+08:00 pid=112840 tid=1 format-conversion-visualtex-numbering-before-scaffold formulaId=1460c630-ea40-4c7e-9448-c33c4f8f31b2 frozenRange=visualtex-word-vsto-range:167:201 liveRange=167:201 paragraph=155:203
2026-09-06T21:00:33.8784208+08:00 pid=112840 tid=1 format-conversion-visualtex-numbering-before-scaffold formulaId=06b5dc03-b969-40b0-949a-1bd85385f368 frozenRange=visualtex-word-vsto-range:0:34 liveRange=0:34 paragraph=0:35
2026-09-06T21:00:34.6946177+08:00 pid=112840 tid=1 format-conversion-numbering-visualtex-batch built=6 finalized=6
2026-09-06T21:00:34.7439031+08:00 pid=112840 tid=1 format-conversion-reference-aliases-restored sourceMode=mathTypeOle targetMode=nativeOle aliases=2 refreshedReferences=0 restoredFormatting=2
2026-09-06T21:00:34.7666567+08:00 pid=112840 tid=1 format-conversion-finalize-perf stage=numbering-reconcile sourceMode=mathTypeOle targetMode=nativeOle deltaMs=1477 totalMs=1768
2026-09-06T21:00:34.7879688+08:00 pid=112840 tid=1 format-conversion-finalize-perf stage=omml-fingerprint-refresh sourceMode=mathTypeOle targetMode=nativeOle deltaMs=22 totalMs=1790
2026-09-06T21:00:35.0620094+08:00 pid=112840 tid=1 format-conversion-transaction-completed targets=7
2026-09-06T21:00:35.1624660+08:00 pid=112840 tid=30 format-conversion-word-apply-finished sourceMode=mathTypeOle targetMode=nativeOle converted=7 failed=0
2026-09-06T21:00:35.1624660+08:00 pid=112840 tid=30 format-conversion-session-cleanup-start sessions=7
2026-09-06T21:00:35.1634658+08:00 pid=112840 tid=30 format-conversion-complete source=MathType target=VisualTeX converted=7 failed=0
2026-09-06T21:00:35.1664654+08:00 pid=112840 tid=29 format-conversion-session-cleanup-complete sessions=7
2026-09-06T21:00:47.6250513+08:00 pid=112840 tid=1 format-conversion-start sourceMode=nativeOle targetMode=wordOmml wholeDocument=True
2026-09-06T21:00:47.6450502+08:00 pid=112840 tid=1 format-conversion-plan-perf stage=shape-access source=nativeOle index=1/7 deltaMs=0 totalMs=0
2026-09-06T21:00:47.6480524+08:00 pid=112840 tid=1 format-conversion-plan-perf stage=shape-range source=nativeOle index=1/7 deltaMs=2 totalMs=2
2026-09-06T21:00:47.6790505+08:00 pid=112840 tid=1 format-conversion-plan-perf stage=target-added source=nativeOle index=1/7 deltaMs=32 totalMs=34
2026-09-06T21:00:47.6800544+08:00 pid=112840 tid=1 format-conversion-plan-perf stage=shape-access source=nativeOle index=2/7 deltaMs=0 totalMs=0
2026-09-06T21:00:47.6800544+08:00 pid=112840 tid=1 format-conversion-plan-perf stage=shape-range source=nativeOle index=2/7 deltaMs=0 totalMs=0
2026-09-06T21:00:47.6970526+08:00 pid=112840 tid=1 format-conversion-plan-perf stage=target-added source=nativeOle index=2/7 deltaMs=16 totalMs=16
2026-09-06T21:00:47.6970526+08:00 pid=112840 tid=1 format-conversion-plan-perf stage=shape-access source=nativeOle index=3/7 deltaMs=0 totalMs=0
2026-09-06T21:00:47.6980527+08:00 pid=112840 tid=1 format-conversion-plan-perf stage=shape-range source=nativeOle index=3/7 deltaMs=0 totalMs=0
2026-09-06T21:00:47.7356457+08:00 pid=112840 tid=1 format-conversion-plan-perf stage=target-added source=nativeOle index=3/7 deltaMs=38 totalMs=38
2026-09-06T21:00:47.7366479+08:00 pid=112840 tid=1 format-conversion-plan-perf stage=shape-access source=nativeOle index=4/7 deltaMs=0 totalMs=0
2026-09-06T21:00:47.7376455+08:00 pid=112840 tid=1 format-conversion-plan-perf stage=shape-range source=nativeOle index=4/7 deltaMs=0 totalMs=0
2026-09-06T21:00:47.7866450+08:00 pid=112840 tid=1 format-conversion-plan-perf stage=target-added source=nativeOle index=4/7 deltaMs=49 totalMs=49
2026-09-06T21:00:47.7866450+08:00 pid=112840 tid=1 format-conversion-plan-perf stage=shape-access source=nativeOle index=5/7 deltaMs=0 totalMs=0
2026-09-06T21:00:47.7876450+08:00 pid=112840 tid=1 format-conversion-plan-perf stage=shape-range source=nativeOle index=5/7 deltaMs=0 totalMs=0
2026-09-06T21:00:47.8226447+08:00 pid=112840 tid=1 format-conversion-plan-perf stage=target-added source=nativeOle index=5/7 deltaMs=35 totalMs=35
2026-09-06T21:00:47.8236447+08:00 pid=112840 tid=1 format-conversion-plan-perf stage=shape-access source=nativeOle index=6/7 deltaMs=0 totalMs=0
2026-09-06T21:00:47.8246451+08:00 pid=112840 tid=1 format-conversion-plan-perf stage=shape-range source=nativeOle index=6/7 deltaMs=0 totalMs=0
2026-09-06T21:00:47.8591745+08:00 pid=112840 tid=1 format-conversion-plan-perf stage=target-added source=nativeOle index=6/7 deltaMs=35 totalMs=35
2026-09-06T21:00:47.8591745+08:00 pid=112840 tid=1 format-conversion-plan-perf stage=shape-access source=nativeOle index=7/7 deltaMs=0 totalMs=0
2026-09-06T21:00:47.8601743+08:00 pid=112840 tid=1 format-conversion-plan-perf stage=shape-range source=nativeOle index=7/7 deltaMs=0 totalMs=0
2026-09-06T21:00:47.9001744+08:00 pid=112840 tid=1 format-conversion-plan-perf stage=target-added source=nativeOle index=7/7 deltaMs=41 totalMs=41
2026-09-06T21:00:47.9011745+08:00 pid=112840 tid=1 format-conversion-plan sourceMode=nativeOle targetMode=wordOmml targets=7
2026-09-06T21:00:51.1993714+08:00 pid=112840 tid=1 bulk-import converter-create display=block mode=wordOmml latex=a^{2}+b^{2}=c^{2}
2026-09-06T21:00:51.2043715+08:00 pid=112840 tid=19 bulk-import converter-created sessionId=5f77b464-c5ed-4110-ba14-4b6837ad084d
2026-09-06T21:00:51.2053712+08:00 pid=112840 tid=19 bulk-import converter-create display=inline mode=wordOmml latex=\sqrt{E-u\left( x\right) }=\frac{1}{f\left( \omega \right) v_{ph}\left( \omega ,x\right) }
2026-09-06T21:00:51.2093717+08:00 pid=112840 tid=19 bulk-import converter-created sessionId=8ce48f54-d9d3-4733-952b-a33c02cd6371
2026-09-06T21:00:51.2093717+08:00 pid=112840 tid=19 bulk-import converter-create display=block mode=wordOmml latex=\left\{ \begin{matrix}\frac{\mathrm{d}}{\mathrm{d}\omega }\left( \omega f\left( \omega \right) \right) =0 \\ \frac{\omega f\left( \omega \right) }{2}\frac{\mathrm{d}E\left( \omega \right) }{\mathrm{d}\omega }=\sqrt{\frac{m}{2}}\end{matrix}\right.
2026-09-06T21:00:51.2133712+08:00 pid=112840 tid=19 bulk-import converter-created sessionId=abf02443-bbe4-44c5-b2cc-99ba866c6345
2026-09-06T21:00:51.2133712+08:00 pid=112840 tid=19 bulk-import converter-create display=block mode=wordOmml latex=F=ma
2026-09-06T21:00:51.2183714+08:00 pid=112840 tid=19 bulk-import converter-created sessionId=9e8afbe0-d779-4ef3-9c13-448d8f22cc67
2026-09-06T21:00:51.2183714+08:00 pid=112840 tid=19 bulk-import converter-create display=block mode=wordOmml latex=i\hbar \frac{\partial }{\partial t}\psi (\mathbf{r},t)=\left[ -\frac{\hbar^{2}}{2m}\nabla^{2}+V(\mathbf{r},t)\right] \psi (\mathbf{r},t)
2026-09-06T21:00:51.2223718+08:00 pid=112840 tid=19 bulk-import converter-created sessionId=c2285bb6-cfe0-45b4-8564-f563c48c22e4
2026-09-06T21:00:51.2233713+08:00 pid=112840 tid=19 bulk-import converter-create display=block mode=wordOmml latex=\frac{\partial }{\partial t}\psi^{\ast}\left( \vec{r}\right) \psi \left( \vec{r}\right) =\frac{i\hbar }{2m}\nabla \cdot \left[ \psi^{\ast}\left( \vec{r}\right) \nabla \psi \left( \vec{r}\right) -\psi \left( \vec{r}\right) \nabla \psi^{\ast}\left( r\right) \right]
2026-09-06T21:00:51.2263716+08:00 pid=112840 tid=19 bulk-import converter-created sessionId=e7b3a029-e7c5-46f5-b3c9-26d99224790f
2026-09-06T21:00:51.2273718+08:00 pid=112840 tid=19 bulk-import converter-create display=block mode=wordOmml latex=\frac{\partial }{\partial t}\rho \left( \vec{r},t\right) +\nabla \cdot \vec{j}=0
2026-09-06T21:00:51.2303713+08:00 pid=112840 tid=19 bulk-import converter-created sessionId=4b3d48fb-9527-4634-8e52-7f0aa3db4d52
2026-09-06T21:00:51.2313718+08:00 pid=112840 tid=19 format-conversion-render-start sourceMode=nativeOle targetMode=wordOmml sessions=7
2026-09-06T21:00:51.2603720+08:00 pid=112840 tid=19 format-conversion-rendered sourceMode=nativeOle targetMode=wordOmml sessionId=5f77b464-c5ed-4110-ba14-4b6837ad084d status=committing
2026-09-06T21:00:51.2623718+08:00 pid=112840 tid=25 format-conversion-rendered sourceMode=nativeOle targetMode=wordOmml sessionId=8ce48f54-d9d3-4733-952b-a33c02cd6371 status=committing
2026-09-06T21:00:51.2663714+08:00 pid=112840 tid=19 format-conversion-rendered sourceMode=nativeOle targetMode=wordOmml sessionId=abf02443-bbe4-44c5-b2cc-99ba866c6345 status=committing
2026-09-06T21:00:51.2903713+08:00 pid=112840 tid=19 format-conversion-rendered sourceMode=nativeOle targetMode=wordOmml sessionId=9e8afbe0-d779-4ef3-9c13-448d8f22cc67 status=committing
2026-09-06T21:00:51.2913717+08:00 pid=112840 tid=25 format-conversion-rendered sourceMode=nativeOle targetMode=wordOmml sessionId=c2285bb6-cfe0-45b4-8564-f563c48c22e4 status=committing
2026-09-06T21:00:51.2953720+08:00 pid=112840 tid=19 format-conversion-rendered sourceMode=nativeOle targetMode=wordOmml sessionId=e7b3a029-e7c5-46f5-b3c9-26d99224790f status=committing
2026-09-06T21:00:51.3223734+08:00 pid=112840 tid=19 format-conversion-rendered sourceMode=nativeOle targetMode=wordOmml sessionId=4b3d48fb-9527-4634-8e52-7f0aa3db4d52 status=committing
2026-09-06T21:00:51.3223734+08:00 pid=112840 tid=19 format-conversion-word-apply-start sourceMode=nativeOle targetMode=wordOmml targets=7
2026-09-06T21:00:51.3795793+08:00 pid=112840 tid=1 format-conversion-runtime assembly=C:\Users\pojian_liao\AppData\Local\VisualTeX\office\remediation-builds\33B8D8C68842F83D9A7D6B8744C62EFEFFD8590657A9EFC206F276101FFDC97A\VisualTeX.WordVsto.dll source=nativeOle target=wordOmml targetIsVisualTeX=False targetIsMathType=False
2026-09-06T21:00:51.3955760+08:00 pid=112840 tid=1 format-conversion-reference-aliases-captured sourceMode=nativeOle formulaId=06b5dc03-b969-40b0-949a-1bd85385f368 aliases=ZEqnNum100071
2026-09-06T21:00:51.4241988+08:00 pid=112840 tid=1 format-conversion-reference-aliases-captured sourceMode=nativeOle formulaId=0d70323b-7dc2-44db-add1-e84ee6bae70a aliases=ZEqnNum100514
2026-09-06T21:00:51.6575487+08:00 pid=112840 tid=1 format-conversion-omml-batch-source-created formulas=7 elapsedMs=191
2026-09-06T21:00:51.7429966+08:00 pid=112840 tid=1 format-conversion-reference-counts-fast-path source=nativeOle formulas=6
2026-09-06T21:01:27.1990675+08:00 pid=112840 tid=1 word-undo-begin name=VisualTeX Convert Formula Format recording=False level=0
2026-09-06T21:01:27.1990675+08:00 pid=112840 tid=1 word-undo-started name=VisualTeX Convert Formula Format recording=True level=1
2026-09-06T21:01:27.2000666+08:00 pid=112840 tid=1 format-conversion-undo-state stage=before-preferences document=文档12 recording=True level=1
2026-09-06T21:01:27.2000666+08:00 pid=112840 tid=1 format-conversion-transaction-start targets=7
2026-09-06T21:01:27.2000666+08:00 pid=112840 tid=1 format-conversion-undo-state stage=after-preferences document=文档12 recording=True level=1
2026-09-06T21:01:27.2020670+08:00 pid=112840 tid=1 format-conversion-undo-state stage=before-source-delete document=文档12 recording=True level=1
2026-09-06T21:01:27.2560668+08:00 pid=112840 tid=1 formula-to-latex-visualtex-paragraph-replaced formulaId=210d9eb4-6544-45e9-a471-119217ec735b range=1170:1254
2026-09-06T21:01:27.2590666+08:00 pid=112840 tid=1 format-conversion-perf stage=delete-source-host formulaId=210d9eb4-6544-45e9-a471-119217ec735b numbered=True deltaMs=58 totalMs=58
2026-09-06T21:01:27.2590666+08:00 pid=112840 tid=1 format-conversion-undo-state stage=after-source-delete document=文档12 recording=True level=1
2026-09-06T21:01:27.2740669+08:00 pid=112840 tid=1 word-undo-begin name=VisualTeX Insert Word OMML Display Formula recording=True level=1
2026-09-06T21:01:27.2930667+08:00 pid=112840 tid=1 format-conversion-subperf [perf] InsertOmml.insert-native-omml: +18ms (18ms total)
2026-09-06T21:01:27.3250192+08:00 pid=112840 tid=1 format-conversion-subperf [perf] InsertOmml.post-reconcile-layout: +33ms (51ms total)
2026-09-06T21:01:27.3260194+08:00 pid=112840 tid=1 format-conversion-subperf [perf] InsertOmml.final-fingerprint: +0ms (51ms total)
2026-09-06T21:01:27.3260194+08:00 pid=112840 tid=1 format-conversion-subperf [perf] InsertOmml.final-anchor: +0ms (51ms total)
2026-09-06T21:01:27.3280195+08:00 pid=112840 tid=1 format-conversion-subperf [perf] InsertOmml.final-metadata: +2ms (53ms total)
2026-09-06T21:01:27.3280195+08:00 pid=112840 tid=1 format-conversion-perf stage=insert-target formulaId=210d9eb4-6544-45e9-a471-119217ec735b numbered=True deltaMs=69 totalMs=127
2026-09-06T21:01:27.3280195+08:00 pid=112840 tid=1 format-conversion-undo-state stage=after-target-insert document=文档12 recording=True level=1
2026-09-06T21:01:27.3660193+08:00 pid=112840 tid=1 format-conversion-target-stable formulaId=210d9eb4-6544-45e9-a471-119217ec735b targetMode=wordOmml count=1 elapsedMs=37
2026-09-06T21:01:27.3670193+08:00 pid=112840 tid=1 format-conversion-perf stage=verify-target formulaId=210d9eb4-6544-45e9-a471-119217ec735b numbered=True deltaMs=39 totalMs=166
2026-09-06T21:01:27.3690197+08:00 pid=112840 tid=1 format-conversion-undo-state stage=before-source-delete document=文档12 recording=True level=1
2026-09-06T21:01:27.6287327+08:00 pid=112840 tid=1 formula-to-latex-visualtex-paragraph-replaced formulaId=03e329b5-7427-4461-b915-8e2d1d80c758 range=994:1261
2026-09-06T21:01:27.6457322+08:00 pid=112840 tid=1 format-conversion-perf stage=delete-source-host formulaId=03e329b5-7427-4461-b915-8e2d1d80c758 numbered=True deltaMs=278 totalMs=278
2026-09-06T21:01:27.6457322+08:00 pid=112840 tid=1 format-conversion-undo-state stage=after-source-delete document=文档12 recording=True level=1
2026-09-06T21:01:27.6467323+08:00 pid=112840 tid=1 word-undo-begin name=VisualTeX Insert Word OMML Display Formula recording=True level=1
2026-09-06T21:01:27.6697323+08:00 pid=112840 tid=1 format-conversion-subperf [perf] InsertOmml.insert-native-omml: +23ms (23ms total)
2026-09-06T21:01:27.7193167+08:00 pid=112840 tid=1 format-conversion-subperf [perf] InsertOmml.post-reconcile-layout: +49ms (72ms total)
2026-09-06T21:01:27.7193167+08:00 pid=112840 tid=1 format-conversion-subperf [perf] InsertOmml.final-fingerprint: +0ms (72ms total)
2026-09-06T21:01:27.7203168+08:00 pid=112840 tid=1 format-conversion-subperf [perf] InsertOmml.final-anchor: +1ms (73ms total)
2026-09-06T21:01:27.7213173+08:00 pid=112840 tid=1 format-conversion-subperf [perf] InsertOmml.final-metadata: +1ms (74ms total)
2026-09-06T21:01:27.7223172+08:00 pid=112840 tid=1 format-conversion-perf stage=insert-target formulaId=03e329b5-7427-4461-b915-8e2d1d80c758 numbered=True deltaMs=77 totalMs=355
2026-09-06T21:01:27.7223172+08:00 pid=112840 tid=1 format-conversion-undo-state stage=after-target-insert document=文档12 recording=True level=1
2026-09-06T21:01:27.7613180+08:00 pid=112840 tid=1 format-conversion-target-stable formulaId=03e329b5-7427-4461-b915-8e2d1d80c758 targetMode=wordOmml count=2 elapsedMs=37
2026-09-06T21:01:27.7623173+08:00 pid=112840 tid=1 format-conversion-perf stage=verify-target formulaId=03e329b5-7427-4461-b915-8e2d1d80c758 numbered=True deltaMs=40 totalMs=395
2026-09-06T21:01:27.7633170+08:00 pid=112840 tid=1 format-conversion-undo-state stage=before-source-delete document=文档12 recording=True level=1
2026-09-06T21:01:28.0004037+08:00 pid=112840 tid=1 formula-to-latex-visualtex-paragraph-replaced formulaId=d319c17b-a006-4d91-ab78-d6879d13fa2a range=828:968
2026-09-06T21:01:28.0174033+08:00 pid=112840 tid=1 format-conversion-perf stage=delete-source-host formulaId=d319c17b-a006-4d91-ab78-d6879d13fa2a numbered=True deltaMs=255 totalMs=255
2026-09-06T21:01:28.0184032+08:00 pid=112840 tid=1 format-conversion-undo-state stage=after-source-delete document=文档12 recording=True level=1
2026-09-06T21:01:28.0184032+08:00 pid=112840 tid=1 word-undo-begin name=VisualTeX Insert Word OMML Display Formula recording=True level=1
2026-09-06T21:01:28.0374033+08:00 pid=112840 tid=1 format-conversion-subperf [perf] InsertOmml.insert-native-omml: +18ms (18ms total)
2026-09-06T21:01:28.0875559+08:00 pid=112840 tid=1 format-conversion-subperf [perf] InsertOmml.post-reconcile-layout: +50ms (68ms total)
2026-09-06T21:01:28.0875559+08:00 pid=112840 tid=1 format-conversion-subperf [perf] InsertOmml.final-fingerprint: +1ms (69ms total)
2026-09-06T21:01:28.0885561+08:00 pid=112840 tid=1 format-conversion-subperf [perf] InsertOmml.final-anchor: +0ms (69ms total)
2026-09-06T21:01:28.0895560+08:00 pid=112840 tid=1 format-conversion-subperf [perf] InsertOmml.final-metadata: +1ms (70ms total)
2026-09-06T21:01:28.0895560+08:00 pid=112840 tid=1 format-conversion-perf stage=insert-target formulaId=d319c17b-a006-4d91-ab78-d6879d13fa2a numbered=True deltaMs=72 totalMs=327
2026-09-06T21:01:28.0895560+08:00 pid=112840 tid=1 format-conversion-undo-state stage=after-target-insert document=文档12 recording=True level=1
2026-09-06T21:01:28.1241527+08:00 pid=112840 tid=1 format-conversion-target-stable formulaId=d319c17b-a006-4d91-ab78-d6879d13fa2a targetMode=wordOmml count=3 elapsedMs=34
2026-09-06T21:01:28.1241527+08:00 pid=112840 tid=1 format-conversion-perf stage=verify-target formulaId=d319c17b-a006-4d91-ab78-d6879d13fa2a numbered=True deltaMs=35 totalMs=362
2026-09-06T21:01:28.1261503+08:00 pid=112840 tid=1 format-conversion-undo-state stage=before-source-delete document=文档12 recording=True level=1
2026-09-06T21:01:28.3464084+08:00 pid=112840 tid=1 formula-to-latex-visualtex-paragraph-replaced formulaId=0d70323b-7dc2-44db-add1-e84ee6bae70a range=485:493
2026-09-06T21:01:28.3574082+08:00 pid=112840 tid=1 format-conversion-perf stage=delete-source-host formulaId=0d70323b-7dc2-44db-add1-e84ee6bae70a numbered=True deltaMs=233 totalMs=233
2026-09-06T21:01:28.3584078+08:00 pid=112840 tid=1 format-conversion-undo-state stage=after-source-delete document=文档12 recording=True level=1
2026-09-06T21:01:28.3584078+08:00 pid=112840 tid=1 word-undo-begin name=VisualTeX Insert Word OMML Display Formula recording=True level=1
2026-09-06T21:01:28.3754082+08:00 pid=112840 tid=1 format-conversion-subperf [perf] InsertOmml.insert-native-omml: +16ms (16ms total)
2026-09-06T21:01:28.4074746+08:00 pid=112840 tid=1 format-conversion-subperf [perf] InsertOmml.post-reconcile-layout: +32ms (48ms total)
2026-09-06T21:01:28.4079837+08:00 pid=112840 tid=1 format-conversion-subperf [perf] InsertOmml.final-fingerprint: +0ms (48ms total)
2026-09-06T21:01:28.4080207+08:00 pid=112840 tid=1 format-conversion-subperf [perf] InsertOmml.final-anchor: +0ms (48ms total)
2026-09-06T21:01:28.4090694+08:00 pid=112840 tid=1 format-conversion-subperf [perf] InsertOmml.final-metadata: +2ms (50ms total)
2026-09-06T21:01:28.4095914+08:00 pid=112840 tid=1 format-conversion-perf stage=insert-target formulaId=0d70323b-7dc2-44db-add1-e84ee6bae70a numbered=True deltaMs=51 totalMs=284
2026-09-06T21:01:28.4095914+08:00 pid=112840 tid=1 format-conversion-undo-state stage=after-target-insert document=文档12 recording=True level=1
2026-09-06T21:01:28.4395166+08:00 pid=112840 tid=1 format-conversion-target-stable formulaId=0d70323b-7dc2-44db-add1-e84ee6bae70a targetMode=wordOmml count=4 elapsedMs=29
2026-09-06T21:01:28.4405166+08:00 pid=112840 tid=1 format-conversion-perf stage=verify-target formulaId=0d70323b-7dc2-44db-add1-e84ee6bae70a numbered=True deltaMs=32 totalMs=316
2026-09-06T21:01:28.4420527+08:00 pid=112840 tid=1 format-conversion-undo-state stage=before-source-delete document=文档12 recording=True level=1
2026-09-06T21:01:28.6387875+08:00 pid=112840 tid=1 formula-to-latex-visualtex-paragraph-replaced formulaId=1cd74c70-0620-4235-be1e-9092d98931d5 range=326:576
2026-09-06T21:01:28.6567871+08:00 pid=112840 tid=1 format-conversion-perf stage=delete-source-host formulaId=1cd74c70-0620-4235-be1e-9092d98931d5 numbered=True deltaMs=216 totalMs=216
2026-09-06T21:01:28.6577868+08:00 pid=112840 tid=1 format-conversion-undo-state stage=after-source-delete document=文档12 recording=True level=1
2026-09-06T21:01:28.6597874+08:00 pid=112840 tid=1 word-undo-begin name=VisualTeX Insert Word OMML Display Formula recording=True level=1
2026-09-06T21:01:28.6807868+08:00 pid=112840 tid=1 format-conversion-subperf [perf] InsertOmml.insert-native-omml: +21ms (21ms total)
2026-09-06T21:01:28.7403466+08:00 pid=112840 tid=1 format-conversion-subperf [perf] InsertOmml.post-reconcile-layout: +59ms (80ms total)
2026-09-06T21:01:28.7403466+08:00 pid=112840 tid=1 format-conversion-subperf [perf] InsertOmml.final-fingerprint: +0ms (80ms total)
2026-09-06T21:01:28.7413465+08:00 pid=112840 tid=1 format-conversion-subperf [perf] InsertOmml.final-anchor: +1ms (81ms total)
2026-09-06T21:01:28.7423470+08:00 pid=112840 tid=1 format-conversion-subperf [perf] InsertOmml.final-metadata: +1ms (82ms total)
2026-09-06T21:01:28.7433462+08:00 pid=112840 tid=1 format-conversion-perf stage=insert-target formulaId=1cd74c70-0620-4235-be1e-9092d98931d5 numbered=True deltaMs=86 totalMs=302
2026-09-06T21:01:28.7443464+08:00 pid=112840 tid=1 format-conversion-undo-state stage=after-target-insert document=文档12 recording=True level=1
2026-09-06T21:01:28.7853949+08:00 pid=112840 tid=1 format-conversion-target-stable formulaId=1cd74c70-0620-4235-be1e-9092d98931d5 targetMode=wordOmml count=5 elapsedMs=39
2026-09-06T21:01:28.7864038+08:00 pid=112840 tid=1 format-conversion-perf stage=verify-target formulaId=1cd74c70-0620-4235-be1e-9092d98931d5 numbered=True deltaMs=43 totalMs=345
2026-09-06T21:01:28.7874051+08:00 pid=112840 tid=1 format-conversion-undo-state stage=before-source-delete document=文档12 recording=True level=1
2026-09-06T21:01:28.8623938+08:00 pid=112840 tid=1 format-conversion-perf stage=delete-source-host formulaId=1460c630-ea40-4c7e-9448-c33c4f8f31b2 numbered=False deltaMs=75 totalMs=75
2026-09-06T21:01:28.8633947+08:00 pid=112840 tid=1 format-conversion-undo-state stage=after-source-delete document=文档12 recording=True level=1
2026-09-06T21:01:28.8643938+08:00 pid=112840 tid=1 word-undo-begin name=VisualTeX Insert Word OMML Inline Formula recording=True level=1
2026-09-06T21:01:28.9253781+08:00 pid=112840 tid=1 format-conversion-subperf [perf] InsertOmml.insert-native-omml: +60ms (60ms total)
2026-09-06T21:01:29.1955820+08:00 pid=112840 tid=1 format-conversion-subperf [perf] InsertOmml.post-reconcile-layout: +271ms (331ms total)
2026-09-06T21:01:29.1955820+08:00 pid=112840 tid=1 format-conversion-subperf [perf] InsertOmml.final-fingerprint: +0ms (331ms total)
2026-09-06T21:01:29.1955820+08:00 pid=112840 tid=1 format-conversion-subperf [perf] InsertOmml.final-anchor: +0ms (331ms total)
2026-09-06T21:01:29.1965841+08:00 pid=112840 tid=1 format-conversion-subperf [perf] InsertOmml.final-metadata: +1ms (332ms total)
2026-09-06T21:01:29.1975817+08:00 pid=112840 tid=1 format-conversion-perf stage=insert-target formulaId=1460c630-ea40-4c7e-9448-c33c4f8f31b2 numbered=False deltaMs=335 totalMs=410
2026-09-06T21:01:29.1975817+08:00 pid=112840 tid=1 format-conversion-undo-state stage=after-target-insert document=文档12 recording=False level=0
2026-09-06T21:01:29.2305816+08:00 pid=112840 tid=1 format-conversion-target-stable formulaId=1460c630-ea40-4c7e-9448-c33c4f8f31b2 targetMode=wordOmml count=6 elapsedMs=32
2026-09-06T21:01:29.2315841+08:00 pid=112840 tid=1 format-conversion-perf stage=verify-target formulaId=1460c630-ea40-4c7e-9448-c33c4f8f31b2 numbered=False deltaMs=34 totalMs=444
2026-09-06T21:01:29.2315841+08:00 pid=112840 tid=1 format-conversion-undo-state stage=before-source-delete document=文档12 recording=False level=0
2026-09-06T21:01:29.4513993+08:00 pid=112840 tid=1 formula-to-latex-visualtex-paragraph-replaced formulaId=06b5dc03-b969-40b0-949a-1bd85385f368 range=0:21
2026-09-06T21:01:29.4594016+08:00 pid=112840 tid=1 format-conversion-perf stage=delete-source-host formulaId=06b5dc03-b969-40b0-949a-1bd85385f368 numbered=True deltaMs=228 totalMs=228
2026-09-06T21:01:29.4603994+08:00 pid=112840 tid=1 format-conversion-undo-state stage=after-source-delete document=文档12 recording=False level=0
2026-09-06T21:01:29.4623994+08:00 pid=112840 tid=1 word-undo-begin name=VisualTeX Insert Word OMML Display Formula recording=False level=0
2026-09-06T21:01:29.4623994+08:00 pid=112840 tid=1 word-undo-started name=VisualTeX Insert Word OMML Display Formula recording=True level=1
2026-09-06T21:01:29.5024007+08:00 pid=112840 tid=1 format-conversion-subperf [perf] InsertOmml.insert-native-omml: +40ms (40ms total)
2026-09-06T21:01:29.5434092+08:00 pid=112840 tid=1 format-conversion-subperf [perf] InsertOmml.post-reconcile-layout: +40ms (80ms total)
2026-09-06T21:01:29.5434092+08:00 pid=112840 tid=1 format-conversion-subperf [perf] InsertOmml.final-fingerprint: +1ms (81ms total)
2026-09-06T21:01:29.5444092+08:00 pid=112840 tid=1 format-conversion-subperf [perf] InsertOmml.final-anchor: +1ms (82ms total)
2026-09-06T21:01:29.5454093+08:00 pid=112840 tid=1 format-conversion-subperf [perf] InsertOmml.final-metadata: +1ms (83ms total)
2026-09-06T21:01:29.5464084+08:00 pid=112840 tid=1 word-undo-end recording=True level=1
2026-09-06T21:01:29.5474091+08:00 pid=112840 tid=1 format-conversion-perf stage=insert-target formulaId=06b5dc03-b969-40b0-949a-1bd85385f368 numbered=True deltaMs=87 totalMs=315
2026-09-06T21:01:29.5474091+08:00 pid=112840 tid=1 format-conversion-undo-state stage=after-target-insert document=文档12 recording=False level=0
2026-09-06T21:01:29.5764069+08:00 pid=112840 tid=1 format-conversion-target-stable formulaId=06b5dc03-b969-40b0-949a-1bd85385f368 targetMode=wordOmml count=7 elapsedMs=27
2026-09-06T21:01:29.5774094+08:00 pid=112840 tid=1 format-conversion-perf stage=verify-target formulaId=06b5dc03-b969-40b0-949a-1bd85385f368 numbered=True deltaMs=30 totalMs=345
2026-09-06T21:01:29.5784071+08:00 pid=112840 tid=1 format-conversion-finalize-perf stage=source-residual-check sourceMode=nativeOle targetMode=wordOmml deltaMs=0 totalMs=0
2026-09-06T21:01:29.5784071+08:00 pid=112840 tid=1 format-conversion-finalize-perf stage=target-count-check sourceMode=nativeOle targetMode=wordOmml deltaMs=1 totalMs=1
2026-09-06T21:01:29.5794072+08:00 pid=112840 tid=1 format-conversion-undo-state stage=before-source-window-close-commit document=文档12 recording=False level=0
2026-09-06T21:01:29.5794072+08:00 pid=112840 tid=1 format-conversion-undo-state stage=after-source-window-close-commit document=文档12 recording=False level=0
2026-09-06T21:01:29.8853781+08:00 pid=112840 tid=1 word-undo-begin name=VisualTeX Finalize Formula Conversion recording=False level=0
2026-09-06T21:01:29.8853781+08:00 pid=112840 tid=1 word-undo-started name=VisualTeX Finalize Formula Conversion recording=True level=1
2026-09-06T21:01:29.9823405+08:00 pid=112840 tid=1 word-xml-incomplete-export document=文档12 attempt=1 maths=0/7 oles=0/0
2026-09-06T21:01:30.0444468+08:00 pid=112840 tid=1 format-conversion-omml-identities-before-numbering count=7
2026-09-06T21:01:30.0444468+08:00 pid=112840 tid=1 format-conversion-number-format-restored format=heading2-dash
2026-09-06T21:01:38.8805747+08:00 pid=112840 tid=1 format-conversion-numbering-direct-table-complete targetMode=wordOmml built=6 removedBlankParagraphs=7
2026-09-06T21:01:38.8815745+08:00 pid=112840 tid=1 format-conversion-adjacent-ole-identities-rebound count=0
2026-09-06T21:01:38.9654643+08:00 pid=112840 tid=1 format-conversion-numbering-table-rows-grouped boundaries=1 formulas=6
2026-09-06T21:01:39.0284642+08:00 pid=112840 tid=1 format-conversion-reference-aliases-restored sourceMode=nativeOle targetMode=wordOmml aliases=2 refreshedReferences=0 restoredFormatting=2
2026-09-06T21:01:39.0481952+08:00 pid=112840 tid=1 format-conversion-finalize-perf stage=numbering-reconcile sourceMode=nativeOle targetMode=wordOmml deltaMs=9469 totalMs=9470
2026-09-06T21:01:39.1825630+08:00 pid=112840 tid=1 format-conversion-omml-fingerprints-finalized count=7
2026-09-06T21:01:39.1835630+08:00 pid=112840 tid=1 format-conversion-finalize-perf stage=omml-fingerprint-refresh sourceMode=nativeOle targetMode=wordOmml deltaMs=135 totalMs=9605
2026-09-06T21:01:39.1845630+08:00 pid=112840 tid=1 format-conversion-transaction-completed targets=7
2026-09-06T21:01:39.1855626+08:00 pid=112840 tid=19 format-conversion-word-apply-finished sourceMode=nativeOle targetMode=wordOmml converted=7 failed=0
2026-09-06T21:01:39.1855626+08:00 pid=112840 tid=19 format-conversion-session-cleanup-start sessions=7
2026-09-06T21:01:39.1855626+08:00 pid=112840 tid=19 format-conversion-complete source=VisualTeX target=OMML converted=7 failed=0
2026-09-06T21:01:39.1895715+08:00 pid=112840 tid=29 format-conversion-session-cleanup-complete sessions=7
2026-09-06T21:02:26.3240320+08:00 pid=112840 tid=12 left-down x=3305 y=1428 wordForeground=True
2026-09-06T21:02:28.3947108+08:00 pid=112840 tid=12 left-down x=2391 y=1613 wordForeground=False
2026-09-06T21:02:29.2107177+08:00 pid=112840 tid=12 left-down x=2345 y=1578 wordForeground=False
2026-09-06T21:02:31.5652649+08:00 pid=112840 tid=12 left-down x=3555 y=953 wordForeground=False
2026-09-06T21:02:49.1643722+08:00 pid=112840 tid=12 left-down x=1226 y=1122 wordForeground=True
2026-09-06T21:02:49.4292568+08:00 pid=112840 tid=12 left-down x=1226 y=1122 wordForeground=True
2026-09-06T21:02:49.4302563+08:00 pid=112840 tid=12 double-click elapsedMs=264.449 withinX=True withinY=True nativeOleTarget=False suppressSecondDown=False dispatchCallback=True
2026-09-06T21:02:49.5280097+08:00 pid=112840 tid=23 callback-begin interceptedNativeOle=False x=1226 y=1122
2026-09-06T21:02:49.5280097+08:00 pid=112840 tid=23 addin-callback-received interceptedNativeOle=False x=1226 y=1122
2026-09-06T21:02:49.5280097+08:00 pid=112840 tid=23 callback-end
2026-09-06T21:02:49.5290105+08:00 pid=112840 tid=1 addin-coordinate-selection formulaId=<null> objectMode=<null>
2026-09-06T21:04:01.1923611+08:00 pid=112840 tid=12 left-down x=1862 y=913 wordForeground=True
2026-09-06T21:04:02.7075207+08:00 pid=112840 tid=12 left-down x=3251 y=1257 wordForeground=True
2026-09-06T21:04:04.9319865+08:00 pid=112840 tid=12 left-down x=2360 y=1624 wordForeground=False
2026-09-06T21:04:05.6624485+08:00 pid=112840 tid=12 left-down x=2229 y=1506 wordForeground=False
2026-09-06T21:04:06.6238574+08:00 pid=112840 tid=12 left-down x=2296 y=1541 wordForeground=False
2026-09-06T21:04:09.9858169+08:00 pid=112840 tid=12 left-down x=3548 y=938 wordForeground=False
2026-09-06T21:04:11.5886428+08:00 pid=112840 tid=12 left-down x=1498 y=1085 wordForeground=False
2026-09-06T21:04:22.6913866+08:00 pid=112840 tid=12 left-down x=3288 y=1228 wordForeground=True
2026-09-06T21:04:36.4648272+08:00 pid=112840 tid=12 left-down x=1226 y=1122 wordForeground=True
2026-09-06T21:04:36.7390144+08:00 pid=112840 tid=12 left-down x=1226 y=1122 wordForeground=True
2026-09-06T21:04:36.7390144+08:00 pid=112840 tid=12 double-click elapsedMs=273.807 withinX=True withinY=True nativeOleTarget=False suppressSecondDown=False dispatchCallback=True
2026-09-06T21:04:36.8310114+08:00 pid=112840 tid=20 callback-begin interceptedNativeOle=False x=1226 y=1122
2026-09-06T21:04:36.8310114+08:00 pid=112840 tid=20 addin-callback-received interceptedNativeOle=False x=1226 y=1122
2026-09-06T21:04:36.8310114+08:00 pid=112840 tid=20 callback-end
2026-09-06T21:04:36.8320124+08:00 pid=112840 tid=1 addin-coordinate-selection formulaId=<null> objectMode=<null>
2026-09-06T21:05:55.2061013+08:00 pid=112840 tid=12 left-down x=3213 y=1319 wordForeground=True
2026-09-06T21:06:00.6376993+08:00 pid=112840 tid=12 left-down x=1423 y=1125 wordForeground=False
2026-09-06T21:07:41.0066264+08:00 pid=112840 tid=12 left-down x=1872 y=722 wordForeground=True
2026-09-06T21:08:01.8367503+08:00 pid=112840 tid=12 left-down x=2058 y=1197 wordForeground=True
2026-09-06T21:09:13.5456159+08:00 pid=112840 tid=12 left-down x=3259 y=1259 wordForeground=True
2026-09-06T21:09:21.5927204+08:00 pid=112840 tid=12 left-down x=1555 y=1220 wordForeground=False
2026-09-06T21:09:24.2948695+08:00 pid=112840 tid=12 left-down x=1640 y=1276 wordForeground=True
2026-09-06T21:10:05.9178386+08:00 pid=112840 tid=12 left-down x=913 y=194 wordForeground=True
2026-09-06T21:10:24.8105654+08:00 pid=112840 tid=12 left-down x=1099 y=668 wordForeground=True
2026-09-06T21:10:39.2908056+08:00 pid=112840 tid=12 left-down x=1382 y=1120 wordForeground=False
2026-09-06T21:10:42.5477911+08:00 pid=112840 tid=12 left-down x=2492 y=460 wordForeground=False
2026-09-06T21:11:33.4503843+08:00 pid=112840 tid=12 left-down x=1776 y=1270 wordForeground=False
2026-09-06T21:11:46.4988300+08:00 pid=112840 tid=12 left-down x=1099 y=716 wordForeground=True
2026-09-06T21:11:54.7303531+08:00 pid=112840 tid=12 left-down x=913 y=366 wordForeground=True
2026-09-06T21:13:04.1520404+08:00 pid=112840 tid=12 left-down x=3360 y=1425 wordForeground=True
2026-09-06T21:13:12.1495532+08:00 pid=112840 tid=12 left-down x=1336 y=1201 wordForeground=False
2026-09-06T21:13:16.4890573+08:00 pid=112840 tid=12 left-down x=1060 y=1037 wordForeground=True
2026-09-06T21:13:18.2745760+08:00 pid=112840 tid=12 left-down x=1147 y=1380 wordForeground=True
2026-09-06T21:14:16.7460032+08:00 pid=112840 tid=12 left-down x=1776 y=1270 wordForeground=False
2026-09-06T21:14:25.7099798+08:00 pid=112840 tid=12 left-down x=913 y=194 wordForeground=True
2026-09-06T21:14:39.1578040+08:00 pid=112840 tid=12 left-down x=913 y=366 wordForeground=True
2026-09-06T21:15:34.7532334+08:00 pid=112840 tid=12 left-down x=1776 y=1270 wordForeground=False
2026-09-06T21:20:43.8348792+08:00 pid=112840 tid=12 left-down x=257 y=681 wordForeground=True
2026-09-06T21:20:44.1176391+08:00 pid=112840 tid=12 left-down x=257 y=681 wordForeground=True
2026-09-06T21:20:44.1186397+08:00 pid=112840 tid=12 double-click elapsedMs=283.159 withinX=True withinY=True nativeOleTarget=False suppressSecondDown=False dispatchCallback=True
2026-09-06T21:20:44.2186414+08:00 pid=112840 tid=20 callback-begin interceptedNativeOle=False x=257 y=681
2026-09-06T21:20:44.2186414+08:00 pid=112840 tid=20 addin-callback-received interceptedNativeOle=False x=257 y=681
2026-09-06T21:20:44.2186414+08:00 pid=112840 tid=20 callback-end
2026-09-06T21:20:44.2196384+08:00 pid=112840 tid=1 addin-coordinate-selection formulaId=<null> objectMode=<null>
2026-09-06T21:22:57.0080361+08:00 pid=112840 tid=12 left-down x=1872 y=722 wordForeground=True
2026-09-06T21:23:05.5516212+08:00 pid=112840 tid=12 left-down x=1382 y=1120 wordForeground=False
2026-09-06T21:23:08.7218306+08:00 pid=112840 tid=12 left-down x=2492 y=460 wordForeground=False
2026-09-06T21:23:25.2904688+08:00 pid=112840 tid=12 left-down x=3244 y=1386 wordForeground=True
2026-09-06T21:23:39.6497536+08:00 pid=112840 tid=12 left-down x=1500 y=747 wordForeground=False
2026-09-06T21:24:16.9581979+08:00 pid=112840 tid=12 left-down x=1776 y=1270 wordForeground=False
2026-09-06T21:24:29.5941410+08:00 pid=112840 tid=12 left-down x=2058 y=1221 wordForeground=True
2026-09-06T21:24:37.6806724+08:00 pid=112840 tid=12 left-down x=1872 y=894 wordForeground=True
2026-09-06T21:25:46.9832117+08:00 pid=112840 tid=12 left-down x=3420 y=1159 wordForeground=True
2026-09-06T21:28:18.0118395+08:00 pid=112840 tid=12 left-down x=3020 y=1882 wordForeground=False
2026-09-06T21:28:41.0128328+08:00 pid=112840 tid=12 left-down x=2447 y=1622 wordForeground=False
2026-09-06T21:28:41.8122010+08:00 pid=112840 tid=12 left-down x=2351 y=1574 wordForeground=False
2026-09-06T21:28:48.4569808+08:00 pid=112840 tid=12 left-down x=3554 y=941 wordForeground=False
2026-09-06T21:29:06.5461692+08:00 pid=112840 tid=12 left-down x=2759 y=1917 wordForeground=False
2026-09-06T21:30:05.0105053+08:00 pid=112840 tid=12 left-down x=1776 y=1270 wordForeground=False
2026-09-06T21:30:14.1686579+08:00 pid=112840 tid=12 left-down x=1872 y=722 wordForeground=True
2026-09-06T21:30:27.1985639+08:00 pid=112840 tid=12 left-down x=1872 y=894 wordForeground=True
2026-09-06T21:30:58.4364593+08:00 pid=112840 tid=12 left-down x=3287 y=1354 wordForeground=True
2026-09-06T21:31:04.4804736+08:00 pid=112840 tid=12 left-down x=3193 y=1291 wordForeground=True
2026-09-06T21:31:11.8762809+08:00 pid=112840 tid=12 left-down x=3312 y=1360 wordForeground=True
2026-09-06T21:31:18.0930574+08:00 pid=112840 tid=12 left-down x=1776 y=1270 wordForeground=False
2026-09-06T21:31:32.8277007+08:00 pid=112840 tid=12 left-down x=3455 y=1476 wordForeground=True
2026-09-06T21:32:01.9722546+08:00 pid=112840 tid=12 left-down x=1925 y=1563 wordForeground=True
2026-09-06T21:32:03.0805207+08:00 pid=112840 tid=12 left-down x=3428 y=1458 wordForeground=True
2026-09-06T21:32:31.2885102+08:00 pid=112840 tid=12 left-down x=3294 y=1512 wordForeground=True
2026-09-06T21:34:48.5050950+08:00 pid=112840 tid=12 left-down x=3228 y=1368 wordForeground=True
2026-09-06T21:34:54.4007983+08:00 pid=112840 tid=12 left-down x=3061 y=1317 wordForeground=False
2026-09-06T21:35:04.3173671+08:00 pid=112840 tid=12 left-down x=2884 y=1710 wordForeground=False
2026-09-06T21:35:12.6555808+08:00 pid=112840 tid=12 left-down x=2818 y=1889 wordForeground=False
2026-09-06T21:35:23.0320496+08:00 pid=112840 tid=12 left-down x=2446 y=1904 wordForeground=False
2026-09-06T21:35:44.1354483+08:00 pid=112840 tid=12 left-down x=1750 y=2017 wordForeground=False
2026-09-06T21:35:47.6755114+08:00 pid=112840 tid=12 left-down x=2311 y=1771 wordForeground=False
2026-09-06T21:36:02.4173571+08:00 pid=112840 tid=12 left-down x=1216 y=1122 wordForeground=True
2026-09-06T21:36:02.7953840+08:00 pid=112840 tid=12 left-down x=1216 y=1122 wordForeground=True
2026-09-06T21:36:02.7963926+08:00 pid=112840 tid=12 double-click elapsedMs=378.212 withinX=True withinY=True nativeOleTarget=False suppressSecondDown=False dispatchCallback=True
2026-09-06T21:36:02.8896313+08:00 pid=112840 tid=23 callback-begin interceptedNativeOle=False x=1216 y=1122
2026-09-06T21:36:02.8896313+08:00 pid=112840 tid=23 addin-callback-received interceptedNativeOle=False x=1216 y=1122
2026-09-06T21:36:02.8896313+08:00 pid=112840 tid=23 callback-end
2026-09-06T21:36:02.8906316+08:00 pid=112840 tid=1 addin-coordinate-selection formulaId=<null> objectMode=<null>
2026-09-06T21:37:19.4238182+08:00 pid=112840 tid=12 left-down x=3336 y=1372 wordForeground=True
2026-09-06T21:37:25.9071658+08:00 pid=112840 tid=12 left-down x=2405 y=1625 wordForeground=False
2026-09-06T21:37:27.2993715+08:00 pid=112840 tid=12 left-down x=2310 y=1561 wordForeground=False
2026-09-06T21:37:29.6514522+08:00 pid=112840 tid=12 left-down x=3539 y=957 wordForeground=False
2026-09-06T21:37:31.6051725+08:00 pid=112840 tid=12 left-down x=2655 y=1907 wordForeground=False
2026-09-06T21:37:48.0746773+08:00 pid=112840 tid=12 left-down x=1382 y=1120 wordForeground=False
2026-09-06T21:37:51.3828601+08:00 pid=112840 tid=12 left-down x=2492 y=460 wordForeground=False
2026-09-06T21:38:18.3985008+08:00 pid=112840 tid=12 left-down x=1255 y=1032 wordForeground=True
2026-09-06T21:38:24.7741822+08:00 pid=112840 tid=12 left-down x=2693 y=1663 wordForeground=True
2026-09-06T21:38:26.2569294+08:00 pid=112840 tid=12 left-down x=3239 y=1682 wordForeground=False
2026-09-06T21:38:28.3518708+08:00 pid=112840 tid=12 left-down x=3146 y=1684 wordForeground=False
2026-09-06T21:38:45.4731625+08:00 pid=112840 tid=12 left-down x=1151 y=2140 wordForeground=False
2026-09-06T21:39:11.7618933+08:00 pid=112840 tid=12 left-down x=3303 y=1566 wordForeground=False
2026-09-06T21:39:17.5054727+08:00 pid=112840 tid=12 left-down x=3268 y=1483 wordForeground=False
2026-09-06T21:39:20.5602410+08:00 pid=112840 tid=12 left-down x=2801 y=1901 wordForeground=False
2026-09-06T21:39:31.9869031+08:00 pid=112840 tid=12 left-down x=2801 y=1901 wordForeground=True
2026-09-06T21:41:54.3401582+08:00 pid=112840 tid=12 left-down x=1872 y=722 wordForeground=True
2026-09-06T21:42:54.9676298+08:00 pid=112840 tid=12 left-down x=1332 y=734 wordForeground=True
2026-09-06T21:42:56.7680156+08:00 pid=112840 tid=12 left-down x=3277 y=1290 wordForeground=True
2026-09-06T21:44:10.1340314+08:00 pid=112840 tid=12 left-down x=1445 y=832 wordForeground=True
2026-09-06T21:44:10.4879182+08:00 pid=112840 tid=12 left-down x=1445 y=832 wordForeground=True
2026-09-06T21:44:10.4889182+08:00 pid=112840 tid=12 double-click elapsedMs=354.489 withinX=True withinY=True nativeOleTarget=False suppressSecondDown=False dispatchCallback=True
2026-09-06T21:44:10.5896009+08:00 pid=112840 tid=26 callback-begin interceptedNativeOle=False x=1445 y=832
2026-09-06T21:44:10.5896009+08:00 pid=112840 tid=26 addin-callback-received interceptedNativeOle=False x=1445 y=832
2026-09-06T21:44:10.5896009+08:00 pid=112840 tid=26 callback-end
2026-09-06T21:44:10.5976005+08:00 pid=112840 tid=1 addin-coordinate-selection formulaId=<null> objectMode=<null>
2026-09-06T21:44:12.3170928+08:00 pid=112840 tid=12 left-down x=3812 y=9 wordForeground=False
2026-09-06T21:44:14.5319639+08:00 pid=112840 tid=12 left-down x=1517 y=985 wordForeground=True
2026-09-06T21:44:43.0997272+08:00 pid=112840 tid=12 left-down x=1820 y=1993 wordForeground=True
2026-09-06T21:44:45.0311251+08:00 pid=112840 tid=12 left-down x=2265 y=1773 wordForeground=False
2026-09-06T21:45:35.1263228+08:00 pid=112840 tid=12 left-down x=1897 y=1997 wordForeground=False
2026-09-06T21:45:36.6541063+08:00 pid=112840 tid=12 left-down x=2373 y=1907 wordForeground=False
2026-09-06T21:45:37.7440250+08:00 pid=112840 tid=12 left-down x=2372 y=1627 wordForeground=False
2026-09-06T21:45:38.8490775+08:00 pid=112840 tid=12 left-down x=2305 y=1600 wordForeground=False
2026-09-06T21:45:41.3523176+08:00 pid=112840 tid=12 left-down x=3535 y=976 wordForeground=False
2026-09-06T21:45:42.8420664+08:00 pid=112840 tid=12 left-down x=2685 y=1869 wordForeground=False
2026-09-06T21:46:38.0350939+08:00 pid=112840 tid=12 left-down x=1982 y=2015 wordForeground=False
2026-09-06T21:46:45.3040222+08:00 pid=112840 tid=12 left-down x=852 y=2147 wordForeground=False
2026-09-06T21:46:48.7740491+08:00 pid=112840 tid=12 left-down x=2927 y=1203 wordForeground=False
2026-09-06T21:47:00.5349114+08:00 pid=112840 tid=12 left-down x=1718 y=624 wordForeground=False
2026-09-06T21:47:02.6750813+08:00 pid=112840 tid=12 left-down x=2217 y=1462 wordForeground=False
2026-09-06T21:47:32.1347397+08:00 pid=112840 tid=12 left-down x=1235 y=828 wordForeground=True
2026-09-06T21:47:40.0759373+08:00 pid=112840 tid=12 left-down x=1049 y=502 wordForeground=True
2026-09-06T21:47:45.6652170+08:00 pid=112840 tid=12 left-down x=403 y=1089 wordForeground=True
2026-09-06T21:47:46.0363893+08:00 pid=112840 tid=12 left-down x=403 y=1089 wordForeground=True
2026-09-06T21:47:46.0373891+08:00 pid=112840 tid=12 double-click elapsedMs=371.292 withinX=True withinY=True nativeOleTarget=False suppressSecondDown=False dispatchCallback=True
2026-09-06T21:47:46.1402181+08:00 pid=112840 tid=24 callback-begin interceptedNativeOle=False x=403 y=1089
2026-09-06T21:47:46.1402181+08:00 pid=112840 tid=24 addin-callback-received interceptedNativeOle=False x=403 y=1089
2026-09-06T21:47:46.1402181+08:00 pid=112840 tid=24 callback-end
2026-09-06T21:47:46.1412202+08:00 pid=112840 tid=1 addin-coordinate-selection formulaId=<null> objectMode=<null>
2026-09-06T21:47:56.4500685+08:00 pid=112840 tid=12 left-down x=584 y=1013 wordForeground=True
2026-09-06T21:48:00.7805709+08:00 pid=112840 tid=12 left-down x=2608 y=1634 wordForeground=True
2026-09-06T21:48:24.4345091+08:00 pid=112840 tid=12 left-down x=1927 y=1995 wordForeground=False
2026-09-06T21:48:26.8330372+08:00 pid=112840 tid=12 left-down x=2318 y=1897 wordForeground=False
2026-09-06T21:57:13.6892972+08:00 pid=112840 tid=12 left-down x=1938 y=2024 wordForeground=False
2026-09-06T21:57:15.3031417+08:00 pid=112840 tid=12 left-down x=2338 y=1891 wordForeground=False
2026-09-06T21:59:58.9004354+08:00 pid=112840 tid=12 left-down x=2320 y=1675 wordForeground=False
2026-09-06T22:00:02.9416181+08:00 pid=112840 tid=12 left-down x=686 y=2131 wordForeground=False
2026-09-06T22:00:05.6080517+08:00 pid=112840 tid=12 left-down x=1008 y=1231 wordForeground=False
2026-09-06T22:00:06.0362174+08:00 pid=112840 tid=12 left-down x=1008 y=1231 wordForeground=False
2026-09-06T22:00:08.3050256+08:00 pid=112840 tid=12 left-down x=2052 y=1288 wordForeground=False
2026-09-06T22:00:09.0167729+08:00 pid=112840 tid=12 left-down x=2052 y=1288 wordForeground=False
2026-09-06T22:00:10.0726123+08:00 pid=112840 tid=12 left-down x=2052 y=1288 wordForeground=False
2026-09-06T22:00:11.2281642+08:00 pid=112840 tid=12 left-down x=2052 y=1288 wordForeground=False
2026-09-06T22:00:11.6231617+08:00 pid=112840 tid=12 left-down x=2041 y=1290 wordForeground=False
