{
    "fields":  [
                   {
                       "preceding":  {
                                         "start":  156,
                                         "end":  157,
                                         "text":  "(",
                                         "style":  "正文",
                                         "Name":  "等线",
                                         "NameAscii":  "+西文正文",
                                         "NameOther":  "+西文正文",
                                         "NameFarEast":  "+中文正文",
                                         "NameBi":  "+正文 CS 字体",
                                         "Size":  10.5,
                                         "SizeBi":  11,
                                         "Bold":  0,
                                         "BoldBi":  0,
                                         "Italic":  0,
                                         "ItalicBi":  0,
                                         "Underline":  0,
                                         "Color":  -16777216,
                                         "Hidden":  0,
                                         "Position":  0,
                                         "Spacing":  0,
                                         "Scaling":  100,
                                         "Subscript":  0,
                                         "Superscript":  0
                                     },
                       "code":  {
                                    "start":  158,
                                    "end":  211,
                                    "text":  " SEQ VisualTeXEquation \\r 1 \\* ARABIC \\* MERGEFORMAT ",
                                    "style":  "正文",
                                    "Name":  "等线",
                                    "NameAscii":  "+西文正文",
                                    "NameOther":  "+西文正文",
                                    "NameFarEast":  "+中文正文",
                                    "NameBi":  "+正文 CS 字体",
                                    "Size":  10.5,
                                    "SizeBi":  11,
                                    "Bold":  0,
                                    "BoldBi":  0,
                                    "Italic":  0,
                                    "ItalicBi":  0,
                                    "Underline":  0,
                                    "Color":  -16777216,
                                    "Hidden":  0,
                                    "Position":  0,
                                    "Spacing":  0,
                                    "Scaling":  100,
                                    "Subscript":  0,
                                    "Superscript":  0
                                },
                       "codeFirst":  {
                                         "start":  158,
                                         "end":  160,
                                         "text":  " S",
                                         "style":  "正文",
                                         "Name":  "等线",
                                         "NameAscii":  "+西文正文",
                                         "NameOther":  "+西文正文",
                                         "NameFarEast":  "+中文正文",
                                         "NameBi":  "+正文 CS 字体",
                                         "Size":  10.5,
                                         "SizeBi":  11,
                                         "Bold":  0,
                                         "BoldBi":  0,
                                         "Italic":  0,
                                         "ItalicBi":  0,
                                         "Underline":  0,
                                         "Color":  -16777216,
                                         "Hidden":  0,
                                         "Position":  0,
                                         "Spacing":  0,
                                         "Scaling":  100,
                                         "Subscript":  0,
                                         "Superscript":  0
                                     },
                       "result":  {
                                      "start":  212,
                                      "end":  213,
                                      "text":  "1",
                                      "style":  "正文",
                                      "Name":  "等线",
                                      "NameAscii":  "+西文正文",
                                      "NameOther":  "+西文正文",
                                      "NameFarEast":  "+中文正文",
                                      "NameBi":  "+正文 CS 字体",
                                      "Size":  10.5,
                                      "SizeBi":  11,
                                      "Bold":  0,
                                      "BoldBi":  0,
                                      "Italic":  0,
                                      "ItalicBi":  0,
                                      "Underline":  0,
                                      "Color":  -16777216,
                                      "Hidden":  0,
                                      "Position":  0,
                                      "Spacing":  0,
                                      "Scaling":  100,
                                      "Subscript":  0,
                                      "Superscript":  0
                                  },
                       "type":  12
                   },
                   {
                       "preceding":  {
                                         "start":  273,
                                         "end":  274,
                                         "text":  "(",
                                         "style":  "正文",
                                         "Name":  "等线",
                                         "NameAscii":  "+西文正文",
                                         "NameOther":  "+西文正文",
                                         "NameFarEast":  "+中文正文",
                                         "NameBi":  "+正文 CS 字体",
                                         "Size":  10.5,
                                         "SizeBi":  11,
                                         "Bold":  0,
                                         "BoldBi":  0,
                                         "Italic":  0,
                                         "ItalicBi":  0,
                                         "Underline":  0,
                                         "Color":  -16777216,
                                         "Hidden":  0,
                                         "Position":  0,
                                         "Spacing":  0,
                                         "Scaling":  100,
                                         "Subscript":  0,
                                         "Superscript":  0
                                     },
                       "code":  {
                                    "start":  275,
                                    "end":  313,
                                    "text":  " SEQ VisualTeXEquation \\r 2 \\* ARABIC ",
                                    "style":  "正文",
                                    "Name":  "等线",
                                    "NameAscii":  "+西文正文",
                                    "NameOther":  "+西文正文",
                                    "NameFarEast":  "+中文正文",
                                    "NameBi":  "+正文 CS 字体",
                                    "Size":  10.5,
                                    "SizeBi":  11,
                                    "Bold":  0,
                                    "BoldBi":  0,
                                    "Italic":  0,
                                    "ItalicBi":  0,
                                    "Underline":  0,
                                    "Color":  -16777216,
                                    "Hidden":  0,
                                    "Position":  0,
                                    "Spacing":  0,
                                    "Scaling":  100,
                                    "Subscript":  0,
                                    "Superscript":  0
                                },
                       "codeFirst":  {
                                         "start":  275,
                                         "end":  277,
                                         "text":  " S",
                                         "style":  "正文",
                                         "Name":  "等线",
                                         "NameAscii":  "+西文正文",
                                         "NameOther":  "+西文正文",
                                         "NameFarEast":  "+中文正文",
                                         "NameBi":  "+正文 CS 字体",
                                         "Size":  10.5,
                                         "SizeBi":  11,
                                         "Bold":  0,
                                         "BoldBi":  0,
                                         "Italic":  0,
                                         "ItalicBi":  0,
                                         "Underline":  0,
                                         "Color":  -16777216,
                                         "Hidden":  0,
                                         "Position":  0,
                                         "Spacing":  0,
                                         "Scaling":  100,
                                         "Subscript":  0,
                                         "Superscript":  0
                                     },
                       "result":  {
                                      "start":  314,
                                      "end":  315,
                                      "text":  "2",
                                      "style":  "正文",
                                      "Name":  "等线",
                                      "NameAscii":  "+西文正文",
                                      "NameOther":  "+西文正文",
                                      "NameFarEast":  "+中文正文",
                                      "NameBi":  "+正文 CS 字体",
                                      "Size":  10.5,
                                      "SizeBi":  11,
                                      "Bold":  0,
                                      "BoldBi":  0,
                                      "Italic":  0,
                                      "ItalicBi":  0,
                                      "Underline":  0,
                                      "Color":  -16777216,
                                      "Hidden":  0,
                                      "Position":  0,
                                      "Spacing":  0,
                                      "Scaling":  100,
                                      "Subscript":  0,
                                      "Superscript":  0
                                  },
                       "type":  12
                   },
                   {
                       "preceding":  {
                                         "start":  412,
                                         "end":  413,
                                         "text":  "(",
                                         "style":  "正文",
                                         "Name":  "等线",
                                         "NameAscii":  "+西文正文",
                                         "NameOther":  "+西文正文",
                                         "NameFarEast":  "+中文正文",
                                         "NameBi":  "+正文 CS 字体",
                                         "Size":  10.5,
                                         "SizeBi":  11,
                                         "Bold":  0,
                                         "BoldBi":  0,
                                         "Italic":  0,
                                         "ItalicBi":  0,
                                         "Underline":  0,
                                         "Color":  -16777216,
                                         "Hidden":  0,
                                         "Position":  0,
                                         "Spacing":  0,
                                         "Scaling":  100,
                                         "Subscript":  0,
                                         "Superscript":  0
                                     },
                       "code":  {
                                    "start":  414,
                                    "end":  452,
                                    "text":  " SEQ VisualTeXEquation \\r 3 \\* ARABIC ",
                                    "style":  "正文",
                                    "Name":  "等线",
                                    "NameAscii":  "+西文正文",
                                    "NameOther":  "+西文正文",
                                    "NameFarEast":  "+中文正文",
                                    "NameBi":  "+正文 CS 字体",
                                    "Size":  10.5,
                                    "SizeBi":  11,
                                    "Bold":  0,
                                    "BoldBi":  0,
                                    "Italic":  0,
                                    "ItalicBi":  0,
                                    "Underline":  0,
                                    "Color":  -16777216,
                                    "Hidden":  0,
                                    "Position":  0,
                                    "Spacing":  0,
                                    "Scaling":  100,
                                    "Subscript":  0,
                                    "Superscript":  0
                                },
                       "codeFirst":  {
                                         "start":  414,
                                         "end":  416,
                                         "text":  " S",
                                         "style":  "正文",
                                         "Name":  "等线",
                                         "NameAscii":  "+西文正文",
                                         "NameOther":  "+西文正文",
                                         "NameFarEast":  "+中文正文",
                                         "NameBi":  "+正文 CS 字体",
                                         "Size":  10.5,
                                         "SizeBi":  11,
                                         "Bold":  0,
                                         "BoldBi":  0,
                                         "Italic":  0,
                                         "ItalicBi":  0,
                                         "Underline":  0,
                                         "Color":  -16777216,
                                         "Hidden":  0,
                                         "Position":  0,
                                         "Spacing":  0,
                                         "Scaling":  100,
                                         "Subscript":  0,
                                         "Superscript":  0
                                     },
                       "result":  {
                                      "start":  453,
                                      "end":  454,
                                      "text":  "3",
                                      "style":  "正文",
                                      "Name":  "等线",
                                      "NameAscii":  "+西文正文",
                                      "NameOther":  "+西文正文",
                                      "NameFarEast":  "+中文正文",
                                      "NameBi":  "+正文 CS 字体",
                                      "Size":  10.5,
                                      "SizeBi":  11,
                                      "Bold":  0,
                                      "BoldBi":  0,
                                      "Italic":  0,
                                      "ItalicBi":  0,
                                      "Underline":  0,
                                      "Color":  -16777216,
                                      "Hidden":  0,
                                      "Position":  0,
                                      "Spacing":  0,
                                      "Scaling":  100,
                                      "Subscript":  0,
                                      "Superscript":  0
                                  },
                       "type":  12
                   },
                   {
                       "preceding":  {
                                         "start":  554,
                                         "end":  555,
                                         "text":  "(",
                                         "style":  "正文",
                                         "Name":  "等线",
                                         "NameAscii":  "+西文正文",
                                         "NameOther":  "+西文正文",
                                         "NameFarEast":  "+中文正文",
                                         "NameBi":  "+正文 CS 字体",
                                         "Size":  10.5,
                                         "SizeBi":  11,
                                         "Bold":  0,
                                         "BoldBi":  0,
                                         "Italic":  0,
                                         "ItalicBi":  0,
                                         "Underline":  0,
                                         "Color":  -16777216,
                                         "Hidden":  0,
                                         "Position":  0,
                                         "Spacing":  0,
                                         "Scaling":  100,
                                         "Subscript":  0,
                                         "Superscript":  0
                                     },
                       "code":  {
                                    "start":  556,
                                    "end":  594,
                                    "text":  " SEQ VisualTeXEquation \\r 4 \\* ARABIC ",
                                    "style":  "正文",
                                    "Name":  "等线",
                                    "NameAscii":  "+西文正文",
                                    "NameOther":  "+西文正文",
                                    "NameFarEast":  "+中文正文",
                                    "NameBi":  "+正文 CS 字体",
                                    "Size":  10.5,
                                    "SizeBi":  11,
                                    "Bold":  0,
                                    "BoldBi":  0,
                                    "Italic":  0,
                                    "ItalicBi":  0,
                                    "Underline":  0,
                                    "Color":  -16777216,
                                    "Hidden":  0,
                                    "Position":  0,
                                    "Spacing":  0,
                                    "Scaling":  100,
                                    "Subscript":  0,
                                    "Superscript":  0
                                },
                       "codeFirst":  {
                                         "start":  556,
                                         "end":  558,
                                         "text":  " S",
                                         "style":  "正文",
                                         "Name":  "等线",
                                         "NameAscii":  "+西文正文",
                                         "NameOther":  "+西文正文",
                                         "NameFarEast":  "+中文正文",
                                         "NameBi":  "+正文 CS 字体",
                                         "Size":  10.5,
                                         "SizeBi":  11,
                                         "Bold":  0,
                                         "BoldBi":  0,
                                         "Italic":  0,
                                         "ItalicBi":  0,
                                         "Underline":  0,
                                         "Color":  -16777216,
                                         "Hidden":  0,
                                         "Position":  0,
                                         "Spacing":  0,
                                         "Scaling":  100,
                                         "Subscript":  0,
                                         "Superscript":  0
                                     },
                       "result":  {
                                      "start":  595,
                                      "end":  596,
                                      "text":  "4",
                                      "style":  "正文",
                                      "Name":  "等线",
                                      "NameAscii":  "+西文正文",
                                      "NameOther":  "+西文正文",
                                      "NameFarEast":  "+中文正文",
                                      "NameBi":  "+正文 CS 字体",
                                      "Size":  10.5,
                                      "SizeBi":  11,
                                      "Bold":  0,
                                      "BoldBi":  0,
                                      "Italic":  0,
                                      "ItalicBi":  0,
                                      "Underline":  0,
                                      "Color":  -16777216,
                                      "Hidden":  0,
                                      "Position":  0,
                                      "Spacing":  0,
                                      "Scaling":  100,
                                      "Subscript":  0,
                                      "Superscript":  0
                                  },
                       "type":  12
                   },
                   {
                       "preceding":  {
                                         "start":  651,
                                         "end":  652,
                                         "text":  "(",
                                         "style":  "正文",
                                         "Name":  "等线",
                                         "NameAscii":  "+西文正文",
                                         "NameOther":  "+西文正文",
                                         "NameFarEast":  "+中文正文",
                                         "NameBi":  "+正文 CS 字体",
                                         "Size":  10.5,
                                         "SizeBi":  11,
                                         "Bold":  0,
                                         "BoldBi":  0,
                                         "Italic":  0,
                                         "ItalicBi":  0,
                                         "Underline":  0,
                                         "Color":  -16777216,
                                         "Hidden":  0,
                                         "Position":  0,
                                         "Spacing":  0,
                                         "Scaling":  100,
                                         "Subscript":  0,
                                         "Superscript":  0
                                     },
                       "code":  {
                                    "start":  653,
                                    "end":  691,
                                    "text":  " SEQ VisualTeXEquation \\r 5 \\* ARABIC ",
                                    "style":  "正文",
                                    "Name":  "等线",
                                    "NameAscii":  "+西文正文",
                                    "NameOther":  "+西文正文",
                                    "NameFarEast":  "+中文正文",
                                    "NameBi":  "+正文 CS 字体",
                                    "Size":  10.5,
                                    "SizeBi":  11,
                                    "Bold":  0,
                                    "BoldBi":  0,
                                    "Italic":  0,
                                    "ItalicBi":  0,
                                    "Underline":  0,
                                    "Color":  -16777216,
                                    "Hidden":  0,
                                    "Position":  0,
                                    "Spacing":  0,
                                    "Scaling":  100,
                                    "Subscript":  0,
                                    "Superscript":  0
                                },
                       "codeFirst":  {
                                         "start":  653,
                                         "end":  655,
                                         "text":  " S",
                                         "style":  "正文",
                                         "Name":  "等线",
                                         "NameAscii":  "+西文正文",
                                         "NameOther":  "+西文正文",
                                         "NameFarEast":  "+中文正文",
                                         "NameBi":  "+正文 CS 字体",
                                         "Size":  10.5,
                                         "SizeBi":  11,
                                         "Bold":  0,
                                         "BoldBi":  0,
                                         "Italic":  0,
                                         "ItalicBi":  0,
                                         "Underline":  0,
                                         "Color":  -16777216,
                                         "Hidden":  0,
                                         "Position":  0,
                                         "Spacing":  0,
                                         "Scaling":  100,
                                         "Subscript":  0,
                                         "Superscript":  0
                                     },
                       "result":  {
                                      "start":  692,
                                      "end":  693,
                                      "text":  "5",
                                      "style":  "正文",
                                      "Name":  "等线",
                                      "NameAscii":  "+西文正文",
                                      "NameOther":  "+西文正文",
                                      "NameFarEast":  "+中文正文",
                                      "NameBi":  "+正文 CS 字体",
                                      "Size":  10.5,
                                      "SizeBi":  11,
                                      "Bold":  0,
                                      "BoldBi":  0,
                                      "Italic":  0,
                                      "ItalicBi":  0,
                                      "Underline":  0,
                                      "Color":  -16777216,
                                      "Hidden":  0,
                                      "Position":  0,
                                      "Spacing":  0,
                                      "Scaling":  100,
                                      "Subscript":  0,
                                      "Superscript":  0
                                  },
                       "type":  12
                   }
               ],
    "paragraphs":  [
                       {
                           "mark":  {
                                        "start":  14,
                                        "end":  15,
                                        "text":  "\r",
                                        "style":  "列表段落",
                                        "Name":  "等线",
                                        "NameAscii":  "+西文正文",
                                        "NameOther":  "+西文正文",
                                        "NameFarEast":  "+中文正文",
                                        "NameBi":  "+正文 CS 字体",
                                        "Size":  10.5,
                                        "SizeBi":  11,
                                        "Bold":  0,
                                        "BoldBi":  0,
                                        "Italic":  0,
                                        "ItalicBi":  0,
                                        "Underline":  0,
                                        "Color":  -16777216,
                                        "Hidden":  0,
                                        "Position":  0,
                                        "Spacing":  0,
                                        "Scaling":  100,
                                        "Subscript":  0,
                                        "Superscript":  0
                                    },
                           "range":  {
                                         "start":  0,
                                         "end":  15,
                                         "text":  "思考分析力学被发明出来的原因\r",
                                         "style":  "列表段落",
                                         "Name":  "等线",
                                         "NameAscii":  "+西文正文",
                                         "NameOther":  "+西文正文",
                                         "NameFarEast":  "+中文正文",
                                         "NameBi":  "+正文 CS 字体",
                                         "Size":  10.5,
                                         "SizeBi":  11,
                                         "Bold":  0,
                                         "BoldBi":  0,
                                         "Italic":  0,
                                         "ItalicBi":  0,
                                         "Underline":  0,
                                         "Color":  -16777216,
                                         "Hidden":  0,
                                         "Position":  0,
                                         "Spacing":  0,
                                         "Scaling":  100,
                                         "Subscript":  0,
                                         "Superscript":  0
                                     },
                           "first":  {
                                         "start":  0,
                                         "end":  1,
                                         "text":  "思",
                                         "style":  "列表段落",
                                         "Name":  "等线",
                                         "NameAscii":  "+西文正文",
                                         "NameOther":  "+西文正文",
                                         "NameFarEast":  "+中文正文",
                                         "NameBi":  "+正文 CS 字体",
                                         "Size":  10.5,
                                         "SizeBi":  11,
                                         "Bold":  0,
                                         "BoldBi":  0,
                                         "Italic":  0,
                                         "ItalicBi":  0,
                                         "Underline":  0,
                                         "Color":  -16777216,
                                         "Hidden":  0,
                                         "Position":  0,
                                         "Spacing":  0,
                                         "Scaling":  100,
                                         "Subscript":  0,
                                         "Superscript":  0
                                     }
                       },
                       {
                           "mark":  {
                                        "start":  30,
                                        "end":  31,
                                        "text":  "\r",
                                        "style":  "正文",
                                        "Name":  "等线",
                                        "NameAscii":  "+西文正文",
                                        "NameOther":  "+西文正文",
                                        "NameFarEast":  "+中文正文",
                                        "NameBi":  "+正文 CS 字体",
                                        "Size":  10.5,
                                        "SizeBi":  11,
                                        "Bold":  0,
                                        "BoldBi":  0,
                                        "Italic":  0,
                                        "ItalicBi":  0,
                                        "Underline":  0,
                                        "Color":  -16777216,
                                        "Hidden":  0,
                                        "Position":  0,
                                        "Spacing":  0,
                                        "Scaling":  100,
                                        "Subscript":  0,
                                        "Superscript":  0
                                    },
                           "range":  {
                                         "start":  15,
                                         "end":  31,
                                         "text":  "系统有很多约束，解决多约束问题\r",
                                         "style":  "正文",
                                         "Name":  "等线",
                                         "NameAscii":  "+西文正文",
                                         "NameOther":  "+西文正文",
                                         "NameFarEast":  "+中文正文",
                                         "NameBi":  "+正文 CS 字体",
                                         "Size":  10.5,
                                         "SizeBi":  11,
                                         "Bold":  0,
                                         "BoldBi":  0,
                                         "Italic":  0,
                                         "ItalicBi":  0,
                                         "Underline":  0,
                                         "Color":  -16777216,
                                         "Hidden":  0,
                                         "Position":  0,
                                         "Spacing":  0,
                                         "Scaling":  100,
                                         "Subscript":  0,
                                         "Superscript":  0
                                     },
                           "first":  {
                                         "start":  15,
                                         "end":  16,
                                         "text":  "系",
                                         "style":  "正文",
                                         "Name":  "等线",
                                         "NameAscii":  "+西文正文",
                                         "NameOther":  "+西文正文",
                                         "NameFarEast":  "+中文正文",
                                         "NameBi":  "+正文 CS 字体",
                                         "Size":  10.5,
                                         "SizeBi":  11,
                                         "Bold":  0,
                                         "BoldBi":  0,
                                         "Italic":  0,
                                         "ItalicBi":  0,
                                         "Underline":  0,
                                         "Color":  -16777216,
                                         "Hidden":  0,
                                         "Position":  0,
                                         "Spacing":  0,
                                         "Scaling":  100,
                                         "Subscript":  0,
                                         "Superscript":  0
                                     }
                       },
                       {
                           "mark":  {
                                        "start":  41,
                                        "end":  42,
                                        "text":  "\r",
                                        "style":  "列表段落",
                                        "Name":  "等线",
                                        "NameAscii":  "+西文正文",
                                        "NameOther":  "+西文正文",
                                        "NameFarEast":  "+中文正文",
                                        "NameBi":  "+正文 CS 字体",
                                        "Size":  10.5,
                                        "SizeBi":  11,
                                        "Bold":  0,
                                        "BoldBi":  0,
                                        "Italic":  0,
                                        "ItalicBi":  0,
                                        "Underline":  0,
                                        "Color":  -16777216,
                                        "Hidden":  0,
                                        "Position":  0,
                                        "Spacing":  0,
                                        "Scaling":  100,
                                        "Subscript":  0,
                                        "Superscript":  0
                                    },
                           "range":  {
                                         "start":  31,
                                         "end":  42,
                                         "text":  "力学和光学统一起来？\r",
                                         "style":  "列表段落",
                                         "Name":  "等线",
                                         "NameAscii":  "+西文正文",
                                         "NameOther":  "+西文正文",
                                         "NameFarEast":  "+中文正文",
                                         "NameBi":  "+正文 CS 字体",
                                         "Size":  10.5,
                                         "SizeBi":  11,
                                         "Bold":  0,
                                         "BoldBi":  0,
                                         "Italic":  0,
                                         "ItalicBi":  0,
                                         "Underline":  0,
                                         "Color":  -16777216,
                                         "Hidden":  0,
                                         "Position":  0,
                                         "Spacing":  0,
                                         "Scaling":  100,
                                         "Subscript":  0,
                                         "Superscript":  0
                                     },
                           "first":  {
                                         "start":  31,
                                         "end":  32,
                                         "text":  "力",
                                         "style":  "列表段落",
                                         "Name":  "等线",
                                         "NameAscii":  "+西文正文",
                                         "NameOther":  "+西文正文",
                                         "NameFarEast":  "+中文正文",
                                         "NameBi":  "+正文 CS 字体",
                                         "Size":  10.5,
                                         "SizeBi":  11,
                                         "Bold":  0,
                                         "BoldBi":  0,
                                         "Italic":  0,
                                         "ItalicBi":  0,
                                         "Underline":  0,
                                         "Color":  -16777216,
                                         "Hidden":  0,
                                         "Position":  0,
                                         "Spacing":  0,
                                         "Scaling":  100,
                                         "Subscript":  0,
                                         "Superscript":  0
                                     }
                       },
                       {
                           "mark":  {
                                        "start":  92,
                                        "end":  93,
                                        "text":  "\r",
                                        "style":  "正文",
                                        "Name":  "等线",
                                        "NameAscii":  "+西文正文",
                                        "NameOther":  "+西文正文",
                                        "NameFarEast":  "+中文正文",
                                        "NameBi":  "+正文 CS 字体",
                                        "Size":  10.5,
                                        "SizeBi":  11,
                                        "Bold":  0,
                                        "BoldBi":  0,
                                        "Italic":  0,
                                        "ItalicBi":  0,
                                        "Underline":  0,
                                        "Color":  -16777216,
                                        "Hidden":  0,
                                        "Position":  0,
                                        "Spacing":  0,
                                        "Scaling":  100,
                                        "Subscript":  0,
                                        "Superscript":  0
                                    },
                           "range":  {
                                         "start":  42,
                                         "end":  93,
                                         "text":  "这几个公式不知道对不对：\r𝐸−𝑢(𝑥)\r=\r1\r𝑓(𝜔)\r𝑣\r𝑝ℎ\r(𝜔,𝑥)\r\r",
                                         "style":  "正文",
                                         "Name":  "",
                                         "NameAscii":  "",
                                         "NameOther":  "",
                                         "NameFarEast":  "+中文正文",
                                         "NameBi":  "+正文 CS 字体",
                                         "Size":  10.5,
                                         "SizeBi":  9999999,
                                         "Bold":  0,
                                         "BoldBi":  0,
                                         "Italic":  9999999,
                                         "ItalicBi":  0,
                                         "Underline":  0,
                                         "Color":  -16777216,
                                         "Hidden":  0,
                                         "Position":  0,
                                         "Spacing":  0,
                                         "Scaling":  100,
                                         "Subscript":  0,
                                         "Superscript":  0
                                     },
                           "first":  {
                                         "start":  42,
                                         "end":  43,
                                         "text":  "这",
                                         "style":  "正文",
                                         "Name":  "等线",
                                         "NameAscii":  "+西文正文",
                                         "NameOther":  "+西文正文",
                                         "NameFarEast":  "+中文正文",
                                         "NameBi":  "+正文 CS 字体",
                                         "Size":  10.5,
                                         "SizeBi":  11,
                                         "Bold":  0,
                                         "BoldBi":  0,
                                         "Italic":  0,
                                         "ItalicBi":  0,
                                         "Underline":  0,
                                         "Color":  -16777216,
                                         "Hidden":  0,
                                         "Position":  0,
                                         "Spacing":  0,
                                         "Scaling":  100,
                                         "Subscript":  0,
                                         "Superscript":  0
                                     }
                       },
                       {
                           "mark":  {
                                        "start":  93,
                                        "end":  94,
                                        "text":  "\r",
                                        "style":  "正文",
                                        "Name":  "等线",
                                        "NameAscii":  "+西文正文",
                                        "NameOther":  "+西文正文",
                                        "NameFarEast":  "+中文正文",
                                        "NameBi":  "+正文 CS 字体",
                                        "Size":  10.5,
                                        "SizeBi":  11,
                                        "Bold":  0,
                                        "BoldBi":  0,
                                        "Italic":  0,
                                        "ItalicBi":  0,
                                        "Underline":  0,
                                        "Color":  -16777216,
                                        "Hidden":  0,
                                        "Position":  0,
                                        "Spacing":  0,
                                        "Scaling":  100,
                                        "Subscript":  0,
                                        "Superscript":  0
                                    },
                           "range":  {
                                         "start":  93,
                                         "end":  94,
                                         "text":  "\r",
                                         "style":  "正文",
                                         "Name":  "等线",
                                         "NameAscii":  "+西文正文",
                                         "NameOther":  "+西文正文",
                                         "NameFarEast":  "+中文正文",
                                         "NameBi":  "+正文 CS 字体",
                                         "Size":  10.5,
                                         "SizeBi":  11,
                                         "Bold":  0,
                                         "BoldBi":  0,
                                         "Italic":  0,
                                         "ItalicBi":  0,
                                         "Underline":  0,
                                         "Color":  -16777216,
                                         "Hidden":  0,
                                         "Position":  0,
                                         "Spacing":  0,
                                         "Scaling":  100,
                                         "Subscript":  0,
                                         "Superscript":  0
                                     },
                           "first":  {
                                         "start":  93,
                                         "end":  94,
                                         "text":  "\r",
                                         "style":  "正文",
                                         "Name":  "等线",
                                         "NameAscii":  "+西文正文",
                                         "NameOther":  "+西文正文",
                                         "NameFarEast":  "+中文正文",
                                         "NameBi":  "+正文 CS 字体",
                                         "Size":  10.5,
                                         "SizeBi":  11,
                                         "Bold":  0,
                                         "BoldBi":  0,
                                         "Italic":  0,
                                         "ItalicBi":  0,
                                         "Underline":  0,
                                         "Color":  -16777216,
                                         "Hidden":  0,
                                         "Position":  0,
                                         "Spacing":  0,
                                         "Scaling":  100,
                                         "Subscript":  0,
                                         "Superscript":  0
                                     }
                       },
                       {
                           "mark":  {
                                        "start":  324,
                                        "end":  325,
                                        "text":  "\r",
                                        "style":  "标题 1",
                                        "Name":  "等线",
                                        "NameAscii":  "+西文正文",
                                        "NameOther":  "+西文正文",
                                        "NameFarEast":  "+中文正文",
                                        "NameBi":  "+正文 CS 字体",
                                        "Size":  22,
                                        "SizeBi":  22,
                                        "Bold":  -1,
                                        "BoldBi":  -1,
                                        "Italic":  0,
                                        "ItalicBi":  0,
                                        "Underline":  0,
                                        "Color":  -16777216,
                                        "Hidden":  0,
                                        "Position":  0,
                                        "Spacing":  0,
                                        "Scaling":  100,
                                        "Subscript":  0,
                                        "Superscript":  0
                                    },
                           "range":  {
                                         "start":  319,
                                         "end":  325,
                                         "text":  "薛定谔方程\r",
                                         "style":  "标题 1",
                                         "Name":  "等线",
                                         "NameAscii":  "+西文正文",
                                         "NameOther":  "+西文正文",
                                         "NameFarEast":  "+中文正文",
                                         "NameBi":  "+正文 CS 字体",
                                         "Size":  22,
                                         "SizeBi":  22,
                                         "Bold":  -1,
                                         "BoldBi":  -1,
                                         "Italic":  0,
                                         "ItalicBi":  0,
                                         "Underline":  0,
                                         "Color":  -16777216,
                                         "Hidden":  0,
                                         "Position":  0,
                                         "Spacing":  0,
                                         "Scaling":  100,
                                         "Subscript":  0,
                                         "Superscript":  0
                                     },
                           "first":  {
                                         "start":  319,
                                         "end":  320,
                                         "text":  "薛",
                                         "style":  "标题 1",
                                         "Name":  "等线",
                                         "NameAscii":  "+西文正文",
                                         "NameOther":  "+西文正文",
                                         "NameFarEast":  "+中文正文",
                                         "NameBi":  "+正文 CS 字体",
                                         "Size":  22,
                                         "SizeBi":  22,
                                         "Bold":  -1,
                                         "BoldBi":  -1,
                                         "Italic":  0,
                                         "ItalicBi":  0,
                                         "Underline":  0,
                                         "Color":  -16777216,
                                         "Hidden":  0,
                                         "Position":  0,
                                         "Spacing":  0,
                                         "Scaling":  100,
                                         "Subscript":  0,
                                         "Superscript":  0
                                     }
                       },
                       {
                           "mark":  {
                                        "start":  340,
                                        "end":  341,
                                        "text":  "\r",
                                        "style":  "标题 1",
                                        "Name":  "等线",
                                        "NameAscii":  "+西文正文",
                                        "NameOther":  "+西文正文",
                                        "NameFarEast":  "+中文正文",
                                        "NameBi":  "+正文 CS 字体",
                                        "Size":  22,
                                        "SizeBi":  22,
                                        "Bold":  -1,
                                        "BoldBi":  -1,
                                        "Italic":  0,
                                        "ItalicBi":  0,
                                        "Underline":  0,
                                        "Color":  -16777216,
                                        "Hidden":  0,
                                        "Position":  0,
                                        "Spacing":  0,
                                        "Scaling":  100,
                                        "Subscript":  0,
                                        "Superscript":  0
                                    },
                           "range":  {
                                         "start":  325,
                                         "end":  341,
                                         "text":  "波函数的统计解释和几率守恒方程\r",
                                         "style":  "标题 1",
                                         "Name":  "等线",
                                         "NameAscii":  "+西文正文",
                                         "NameOther":  "+西文正文",
                                         "NameFarEast":  "+中文正文",
                                         "NameBi":  "+正文 CS 字体",
                                         "Size":  22,
                                         "SizeBi":  22,
                                         "Bold":  -1,
                                         "BoldBi":  -1,
                                         "Italic":  0,
                                         "ItalicBi":  0,
                                         "Underline":  0,
                                         "Color":  -16777216,
                                         "Hidden":  0,
                                         "Position":  0,
                                         "Spacing":  0,
                                         "Scaling":  100,
                                         "Subscript":  0,
                                         "Superscript":  0
                                     },
                           "first":  {
                                         "start":  325,
                                         "end":  326,
                                         "text":  "波",
                                         "style":  "标题 1",
                                         "Name":  "等线",
                                         "NameAscii":  "+西文正文",
                                         "NameOther":  "+西文正文",
                                         "NameFarEast":  "+中文正文",
                                         "NameBi":  "+正文 CS 字体",
                                         "Size":  22,
                                         "SizeBi":  22,
                                         "Bold":  -1,
                                         "BoldBi":  -1,
                                         "Italic":  0,
                                         "ItalicBi":  0,
                                         "Underline":  0,
                                         "Color":  -16777216,
                                         "Hidden":  0,
                                         "Position":  0,
                                         "Spacing":  0,
                                         "Scaling":  100,
                                         "Subscript":  0,
                                         "Superscript":  0
                                     }
                       },
                       {
                           "mark":  {
                                        "start":  347,
                                        "end":  348,
                                        "text":  "\r",
                                        "style":  "正文",
                                        "Name":  "等线",
                                        "NameAscii":  "+西文正文",
                                        "NameOther":  "+西文正文",
                                        "NameFarEast":  "+中文正文",
                                        "NameBi":  "+正文 CS 字体",
                                        "Size":  10.5,
                                        "SizeBi":  11,
                                        "Bold":  0,
                                        "BoldBi":  0,
                                        "Italic":  0,
                                        "ItalicBi":  0,
                                        "Underline":  0,
                                        "Color":  -16777216,
                                        "Hidden":  0,
                                        "Position":  0,
                                        "Spacing":  0,
                                        "Scaling":  100,
                                        "Subscript":  0,
                                        "Superscript":  0
                                    },
                           "range":  {
                                         "start":  341,
                                         "end":  348,
                                         "text":  "薛定谔方程：\r",
                                         "style":  "正文",
                                         "Name":  "等线",
                                         "NameAscii":  "+西文正文",
                                         "NameOther":  "+西文正文",
                                         "NameFarEast":  "+中文正文",
                                         "NameBi":  "+正文 CS 字体",
                                         "Size":  10.5,
                                         "SizeBi":  11,
                                         "Bold":  0,
                                         "BoldBi":  0,
                                         "Italic":  0,
                                         "ItalicBi":  0,
                                         "Underline":  0,
                                         "Color":  -16777216,
                                         "Hidden":  0,
                                         "Position":  0,
                                         "Spacing":  0,
                                         "Scaling":  100,
                                         "Subscript":  0,
                                         "Superscript":  0
                                     },
                           "first":  {
                                         "start":  341,
                                         "end":  342,
                                         "text":  "薛",
                                         "style":  "正文",
                                         "Name":  "等线",
                                         "NameAscii":  "+西文正文",
                                         "NameOther":  "+西文正文",
                                         "NameFarEast":  "+中文正文",
                                         "NameBi":  "+正文 CS 字体",
                                         "Size":  10.5,
                                         "SizeBi":  11,
                                         "Bold":  0,
                                         "BoldBi":  0,
                                         "Italic":  0,
                                         "ItalicBi":  0,
                                         "Underline":  0,
                                         "Color":  -16777216,
                                         "Hidden":  0,
                                         "Position":  0,
                                         "Spacing":  0,
                                         "Scaling":  100,
                                         "Subscript":  0,
                                         "Superscript":  0
                                     }
                       },
                       {
                           "mark":  {
                                        "start":  348,
                                        "end":  349,
                                        "text":  "\r",
                                        "style":  "正文",
                                        "Name":  "等线",
                                        "NameAscii":  "+西文正文",
                                        "NameOther":  "+西文正文",
                                        "NameFarEast":  "+中文正文",
                                        "NameBi":  "+正文 CS 字体",
                                        "Size":  10.5,
                                        "SizeBi":  11,
                                        "Bold":  0,
                                        "BoldBi":  0,
                                        "Italic":  0,
                                        "ItalicBi":  0,
                                        "Underline":  0,
                                        "Color":  -16777216,
                                        "Hidden":  0,
                                        "Position":  0,
                                        "Spacing":  0,
                                        "Scaling":  100,
                                        "Subscript":  0,
                                        "Superscript":  0
                                    },
                           "range":  {
                                         "start":  348,
                                         "end":  349,
                                         "text":  "\r",
                                         "style":  "正文",
                                         "Name":  "等线",
                                         "NameAscii":  "+西文正文",
                                         "NameOther":  "+西文正文",
                                         "NameFarEast":  "+中文正文",
                                         "NameBi":  "+正文 CS 字体",
                                         "Size":  10.5,
                                         "SizeBi":  11,
                                         "Bold":  0,
                                         "BoldBi":  0,
                                         "Italic":  0,
                                         "ItalicBi":  0,
                                         "Underline":  0,
                                         "Color":  -16777216,
                                         "Hidden":  0,
                                         "Position":  0,
                                         "Spacing":  0,
                                         "Scaling":  100,
                                         "Subscript":  0,
                                         "Superscript":  0
                                     },
                           "first":  {
                                         "start":  348,
                                         "end":  349,
                                         "text":  "\r",
                                         "style":  "正文",
                                         "Name":  "等线",
                                         "NameAscii":  "+西文正文",
                                         "NameOther":  "+西文正文",
                                         "NameFarEast":  "+中文正文",
                                         "NameBi":  "+正文 CS 字体",
                                         "Size":  10.5,
                                         "SizeBi":  11,
                                         "Bold":  0,
                                         "BoldBi":  0,
                                         "Italic":  0,
                                         "ItalicBi":  0,
                                         "Underline":  0,
                                         "Color":  -16777216,
                                         "Hidden":  0,
                                         "Position":  0,
                                         "Spacing":  0,
                                         "Scaling":  100,
                                         "Subscript":  0,
                                         "Superscript":  0
                                     }
                       },
                       {
                           "mark":  {
                                        "start":  465,
                                        "end":  466,
                                        "text":  "\r",
                                        "style":  "正文",
                                        "Name":  "等线",
                                        "NameAscii":  "+西文正文",
                                        "NameOther":  "+西文正文",
                                        "NameFarEast":  "+中文正文",
                                        "NameBi":  "+正文 CS 字体",
                                        "Size":  10.5,
                                        "SizeBi":  11,
                                        "Bold":  0,
                                        "BoldBi":  0,
                                        "Italic":  0,
                                        "ItalicBi":  0,
                                        "Underline":  0,
                                        "Color":  -16777216,
                                        "Hidden":  0,
                                        "Position":  0,
                                        "Spacing":  0,
                                        "Scaling":  100,
                                        "Subscript":  0,
                                        "Superscript":  0
                                    },
                           "range":  {
                                         "start":  458,
                                         "end":  466,
                                         "text":  "自己推导一下：\r",
                                         "style":  "正文",
                                         "Name":  "等线",
                                         "NameAscii":  "+西文正文",
                                         "NameOther":  "+西文正文",
                                         "NameFarEast":  "+中文正文",
                                         "NameBi":  "+正文 CS 字体",
                                         "Size":  10.5,
                                         "SizeBi":  11,
                                         "Bold":  0,
                                         "BoldBi":  0,
                                         "Italic":  0,
                                         "ItalicBi":  0,
                                         "Underline":  0,
                                         "Color":  -16777216,
                                         "Hidden":  0,
                                         "Position":  0,
                                         "Spacing":  0,
                                         "Scaling":  100,
                                         "Subscript":  0,
                                         "Superscript":  0
                                     },
                           "first":  {
                                         "start":  458,
                                         "end":  459,
                                         "text":  "自",
                                         "style":  "正文",
                                         "Name":  "等线",
                                         "NameAscii":  "+西文正文",
                                         "NameOther":  "+西文正文",
                                         "NameFarEast":  "+中文正文",
                                         "NameBi":  "+正文 CS 字体",
                                         "Size":  10.5,
                                         "SizeBi":  11,
                                         "Bold":  0,
                                         "BoldBi":  0,
                                         "Italic":  0,
                                         "ItalicBi":  0,
                                         "Underline":  0,
                                         "Color":  -16777216,
                                         "Hidden":  0,
                                         "Position":  0,
                                         "Spacing":  0,
                                         "Scaling":  100,
                                         "Subscript":  0,
                                         "Superscript":  0
                                     }
                       },
                       {
                           "mark":  {
                                        "start":  466,
                                        "end":  467,
                                        "text":  "\r",
                                        "style":  "正文",
                                        "Name":  "等线",
                                        "NameAscii":  "+西文正文",
                                        "NameOther":  "+西文正文",
                                        "NameFarEast":  "+中文正文",
                                        "NameBi":  "+正文 CS 字体",
                                        "Size":  10.5,
                                        "SizeBi":  11,
                                        "Bold":  0,
                                        "BoldBi":  0,
                                        "Italic":  0,
                                        "ItalicBi":  0,
                                        "Underline":  0,
                                        "Color":  -16777216,
                                        "Hidden":  0,
                                        "Position":  0,
                                        "Spacing":  0,
                                        "Scaling":  100,
                                        "Subscript":  0,
                                        "Superscript":  0
                                    },
                           "range":  {
                                         "start":  466,
                                         "end":  467,
                                         "text":  "\r",
                                         "style":  "正文",
                                         "Name":  "等线",
                                         "NameAscii":  "+西文正文",
                                         "NameOther":  "+西文正文",
                                         "NameFarEast":  "+中文正文",
                                         "NameBi":  "+正文 CS 字体",
                                         "Size":  10.5,
                                         "SizeBi":  11,
                                         "Bold":  0,
                                         "BoldBi":  0,
                                         "Italic":  0,
                                         "ItalicBi":  0,
                                         "Underline":  0,
                                         "Color":  -16777216,
                                         "Hidden":  0,
                                         "Position":  0,
                                         "Spacing":  0,
                                         "Scaling":  100,
                                         "Subscript":  0,
                                         "Superscript":  0
                                     },
                           "first":  {
                                         "start":  466,
                                         "end":  467,
                                         "text":  "\r",
                                         "style":  "正文",
                                         "Name":  "等线",
                                         "NameAscii":  "+西文正文",
                                         "NameOther":  "+西文正文",
                                         "NameFarEast":  "+中文正文",
                                         "NameBi":  "+正文 CS 字体",
                                         "Size":  10.5,
                                         "SizeBi":  11,
                                         "Bold":  0,
                                         "BoldBi":  0,
                                         "Italic":  0,
                                         "ItalicBi":  0,
                                         "Underline":  0,
                                         "Color":  -16777216,
                                         "Hidden":  0,
                                         "Position":  0,
                                         "Spacing":  0,
                                         "Scaling":  100,
                                         "Subscript":  0,
                                         "Superscript":  0
                                     }
                       },
                       {
                           "mark":  {
                                        "start":  617,
                                        "end":  618,
                                        "text":  "\r",
                                        "style":  "正文",
                                        "Name":  "等线",
                                        "NameAscii":  "+西文正文",
                                        "NameOther":  "+西文正文",
                                        "NameFarEast":  "+中文正文",
                                        "NameBi":  "+正文 CS 字体",
                                        "Size":  10.5,
                                        "SizeBi":  11,
                                        "Bold":  0,
                                        "BoldBi":  0,
                                        "Italic":  0,
                                        "ItalicBi":  0,
                                        "Underline":  0,
                                        "Color":  -16777216,
                                        "Hidden":  0,
                                        "Position":  0,
                                        "Spacing":  0,
                                        "Scaling":  100,
                                        "Subscript":  0,
                                        "Superscript":  0
                                    },
                           "range":  {
                                         "start":  600,
                                         "end":  618,
                                         "text":  "有这个可以得到类似的密度守恒方程：\r",
                                         "style":  "正文",
                                         "Name":  "等线",
                                         "NameAscii":  "+西文正文",
                                         "NameOther":  "+西文正文",
                                         "NameFarEast":  "+中文正文",
                                         "NameBi":  "+正文 CS 字体",
                                         "Size":  10.5,
                                         "SizeBi":  11,
                                         "Bold":  0,
                                         "BoldBi":  0,
                                         "Italic":  0,
                                         "ItalicBi":  0,
                                         "Underline":  0,
                                         "Color":  -16777216,
                                         "Hidden":  0,
                                         "Position":  0,
                                         "Spacing":  0,
                                         "Scaling":  100,
                                         "Subscript":  0,
                                         "Superscript":  0
                                     },
                           "first":  {
                                         "start":  600,
                                         "end":  601,
                                         "text":  "有",
                                         "style":  "正文",
                                         "Name":  "等线",
                                         "NameAscii":  "+西文正文",
                                         "NameOther":  "+西文正文",
                                         "NameFarEast":  "+中文正文",
                                         "NameBi":  "+正文 CS 字体",
                                         "Size":  10.5,
                                         "SizeBi":  11,
                                         "Bold":  0,
                                         "BoldBi":  0,
                                         "Italic":  0,
                                         "ItalicBi":  0,
                                         "Underline":  0,
                                         "Color":  -16777216,
                                         "Hidden":  0,
                                         "Position":  0,
                                         "Spacing":  0,
                                         "Scaling":  100,
                                         "Subscript":  0,
                                         "Superscript":  0
                                     }
                       },
                       {
                           "mark":  {
                                        "start":  618,
                                        "end":  619,
                                        "text":  "\r",
                                        "style":  "正文",
                                        "Name":  "等线",
                                        "NameAscii":  "+西文正文",
                                        "NameOther":  "+西文正文",
                                        "NameFarEast":  "+中文正文",
                                        "NameBi":  "+正文 CS 字体",
                                        "Size":  10.5,
                                        "SizeBi":  11,
                                        "Bold":  0,
                                        "BoldBi":  0,
                                        "Italic":  0,
                                        "ItalicBi":  0,
                                        "Underline":  0,
                                        "Color":  -16777216,
                                        "Hidden":  0,
                                        "Position":  0,
                                        "Spacing":  0,
                                        "Scaling":  100,
                                        "Subscript":  0,
                                        "Superscript":  0
                                    },
                           "range":  {
                                         "start":  618,
                                         "end":  619,
                                         "text":  "\r",
                                         "style":  "正文",
                                         "Name":  "等线",
                                         "NameAscii":  "+西文正文",
                                         "NameOther":  "+西文正文",
                                         "NameFarEast":  "+中文正文",
                                         "NameBi":  "+正文 CS 字体",
                                         "Size":  10.5,
                                         "SizeBi":  11,
                                         "Bold":  0,
                                         "BoldBi":  0,
                                         "Italic":  0,
                                         "ItalicBi":  0,
                                         "Underline":  0,
                                         "Color":  -16777216,
                                         "Hidden":  0,
                                         "Position":  0,
                                         "Spacing":  0,
                                         "Scaling":  100,
                                         "Subscript":  0,
                                         "Superscript":  0
                                     },
                           "first":  {
                                         "start":  618,
                                         "end":  619,
                                         "text":  "\r",
                                         "style":  "正文",
                                         "Name":  "等线",
                                         "NameAscii":  "+西文正文",
                                         "NameOther":  "+西文正文",
                                         "NameFarEast":  "+中文正文",
                                         "NameBi":  "+正文 CS 字体",
                                         "Size":  10.5,
                                         "SizeBi":  11,
                                         "Bold":  0,
                                         "BoldBi":  0,
                                         "Italic":  0,
                                         "ItalicBi":  0,
                                         "Underline":  0,
                                         "Color":  -16777216,
                                         "Hidden":  0,
                                         "Position":  0,
                                         "Spacing":  0,
                                         "Scaling":  100,
                                         "Subscript":  0,
                                         "Superscript":  0
                                     }
                       },
                       {
                           "mark":  {
                                        "start":  709,
                                        "end":  710,
                                        "text":  "\r",
                                        "style":  "正文",
                                        "Name":  "等线",
                                        "NameAscii":  "+西文正文",
                                        "NameOther":  "+西文正文",
                                        "NameFarEast":  "+中文正文",
                                        "NameBi":  "+正文 CS 字体",
                                        "Size":  10.5,
                                        "SizeBi":  11,
                                        "Bold":  0,
                                        "BoldBi":  0,
                                        "Italic":  0,
                                        "ItalicBi":  0,
                                        "Underline":  0,
                                        "Color":  -16777216,
                                        "Hidden":  0,
                                        "Position":  0,
                                        "Spacing":  0,
                                        "Scaling":  100,
                                        "Subscript":  0,
                                        "Superscript":  0
                                    },
                           "range":  {
                                         "start":  697,
                                         "end":  710,
                                         "text":  "定态的相加不一定为定态。\r",
                                         "style":  "正文",
                                         "Name":  "等线",
                                         "NameAscii":  "+西文正文",
                                         "NameOther":  "+西文正文",
                                         "NameFarEast":  "+中文正文",
                                         "NameBi":  "+正文 CS 字体",
                                         "Size":  10.5,
                                         "SizeBi":  11,
                                         "Bold":  0,
                                         "BoldBi":  0,
                                         "Italic":  0,
                                         "ItalicBi":  0,
                                         "Underline":  0,
                                         "Color":  -16777216,
                                         "Hidden":  0,
                                         "Position":  0,
                                         "Spacing":  0,
                                         "Scaling":  100,
                                         "Subscript":  0,
                                         "Superscript":  0
                                     },
                           "first":  {
                                         "start":  697,
                                         "end":  698,
                                         "text":  "定",
                                         "style":  "正文",
                                         "Name":  "等线",
                                         "NameAscii":  "+西文正文",
                                         "NameOther":  "+西文正文",
                                         "NameFarEast":  "+中文正文",
                                         "NameBi":  "+正文 CS 字体",
                                         "Size":  10.5,
                                         "SizeBi":  11,
                                         "Bold":  0,
                                         "BoldBi":  0,
                                         "Italic":  0,
                                         "ItalicBi":  0,
                                         "Underline":  0,
                                         "Color":  -16777216,
                                         "Hidden":  0,
                                         "Position":  0,
                                         "Spacing":  0,
                                         "Scaling":  100,
                                         "Subscript":  0,
                                         "Superscript":  0
                                     }
                       },
                       {
                           "mark":  {
                                        "start":  710,
                                        "end":  711,
                                        "text":  "\r",
                                        "style":  "正文",
                                        "Name":  "等线",
                                        "NameAscii":  "+西文正文",
                                        "NameOther":  "+西文正文",
                                        "NameFarEast":  "+中文正文",
                                        "NameBi":  "+正文 CS 字体",
                                        "Size":  10.5,
                                        "SizeBi":  11,
                                        "Bold":  0,
                                        "BoldBi":  0,
                                        "Italic":  0,
                                        "ItalicBi":  0,
                                        "Underline":  0,
                                        "Color":  -16777216,
                                        "Hidden":  0,
                                        "Position":  0,
                                        "Spacing":  0,
                                        "Scaling":  100,
                                        "Subscript":  0,
                                        "Superscript":  0
                                    },
                           "range":  {
                                         "start":  710,
                                         "end":  711,
                                         "text":  "\r",
                                         "style":  "正文",
                                         "Name":  "等线",
                                         "NameAscii":  "+西文正文",
                                         "NameOther":  "+西文正文",
                                         "NameFarEast":  "+中文正文",
                                         "NameBi":  "+正文 CS 字体",
                                         "Size":  10.5,
                                         "SizeBi":  11,
                                         "Bold":  0,
                                         "BoldBi":  0,
                                         "Italic":  0,
                                         "ItalicBi":  0,
                                         "Underline":  0,
                                         "Color":  -16777216,
                                         "Hidden":  0,
                                         "Position":  0,
                                         "Spacing":  0,
                                         "Scaling":  100,
                                         "Subscript":  0,
                                         "Superscript":  0
                                     },
                           "first":  {
                                         "start":  710,
                                         "end":  711,
                                         "text":  "\r",
                                         "style":  "正文",
                                         "Name":  "等线",
                                         "NameAscii":  "+西文正文",
                                         "NameOther":  "+西文正文",
                                         "NameFarEast":  "+中文正文",
                                         "NameBi":  "+正文 CS 字体",
                                         "Size":  10.5,
                                         "SizeBi":  11,
                                         "Bold":  0,
                                         "BoldBi":  0,
                                         "Italic":  0,
                                         "ItalicBi":  0,
                                         "Underline":  0,
                                         "Color":  -16777216,
                                         "Hidden":  0,
                                         "Position":  0,
                                         "Spacing":  0,
                                         "Scaling":  100,
                                         "Subscript":  0,
                                         "Superscript":  0
                                     }
                       }
                   ],
    "selection":  {
                      "start":  710,
                      "end":  710,
                      "text":  null,
                      "style":  "正文",
                      "Name":  "等线",
                      "NameAscii":  "+西文正文",
                      "NameOther":  "+西文正文",
                      "NameFarEast":  "+中文正文",
                      "NameBi":  "+正文 CS 字体",
                      "Size":  10.5,
                      "SizeBi":  11,
                      "Bold":  0,
                      "BoldBi":  0,
                      "Italic":  0,
                      "ItalicBi":  0,
                      "Underline":  0,
                      "Color":  -16777216,
                      "Hidden":  0,
                      "Position":  0,
                      "Spacing":  0,
                      "Scaling":  100,
                      "Subscript":  0,
                      "Superscript":  0
                  },
    "pid":  84580,
    "bookmarks":  [
                      {
                          "name":  "VTEq_61e9430fedd34bb38737b080598e0e34",
                          "format":  {
                                         "start":  554,
                                         "end":  598,
                                         "text":  "(4)",
                                         "style":  "正文",
                                         "Name":  "等线",
                                         "NameAscii":  "+西文正文",
                                         "NameOther":  "+西文正文",
                                         "NameFarEast":  "+中文正文",
                                         "NameBi":  "+正文 CS 字体",
                                         "Size":  10.5,
                                         "SizeBi":  11,
                                         "Bold":  0,
                                         "BoldBi":  0,
                                         "Italic":  0,
                                         "ItalicBi":  0,
                                         "Underline":  0,
                                         "Color":  -16777216,
                                         "Hidden":  0,
                                         "Position":  0,
                                         "Spacing":  0,
                                         "Scaling":  100,
                                         "Subscript":  0,
                                         "Superscript":  0
                                     }
                      },
                      {
                          "name":  "VTEq_72a12be564174c3e8de072a8f8118948",
                          "format":  {
                                         "start":  273,
                                         "end":  317,
                                         "text":  "(2)",
                                         "style":  "正文",
                                         "Name":  "等线",
                                         "NameAscii":  "+西文正文",
                                         "NameOther":  "+西文正文",
                                         "NameFarEast":  "+中文正文",
                                         "NameBi":  "+正文 CS 字体",
                                         "Size":  10.5,
                                         "SizeBi":  11,
                                         "Bold":  0,
                                         "BoldBi":  0,
                                         "Italic":  0,
                                         "ItalicBi":  0,
                                         "Underline":  0,
                                         "Color":  -16777216,
                                         "Hidden":  0,
                                         "Position":  0,
                                         "Spacing":  0,
                                         "Scaling":  100,
                                         "Subscript":  0,
                                         "Superscript":  0
                                     }
                      },
                      {
                          "name":  "VTEq_9f53ea90012b43caaa8fc53b48a33dda",
                          "format":  {
                                         "start":  156,
                                         "end":  215,
                                         "text":  "(1)",
                                         "style":  "正文",
                                         "Name":  "等线",
                                         "NameAscii":  "+西文正文",
                                         "NameOther":  "+西文正文",
                                         "NameFarEast":  "+中文正文",
                                         "NameBi":  "+正文 CS 字体",
                                         "Size":  10.5,
                                         "SizeBi":  11,
                                         "Bold":  0,
                                         "BoldBi":  0,
                                         "Italic":  0,
                                         "ItalicBi":  0,
                                         "Underline":  0,
                                         "Color":  -16777216,
                                         "Hidden":  0,
                                         "Position":  0,
                                         "Spacing":  0,
                                         "Scaling":  100,
                                         "Subscript":  0,
                                         "Superscript":  0
                                     }
                      },
                      {
                          "name":  "VTEq_df77edaaaead4a668b1c92418a90fd3e",
                          "format":  {
                                         "start":  412,
                                         "end":  456,
                                         "text":  "(3)",
                                         "style":  "正文",
                                         "Name":  "等线",
                                         "NameAscii":  "+西文正文",
                                         "NameOther":  "+西文正文",
                                         "NameFarEast":  "+中文正文",
                                         "NameBi":  "+正文 CS 字体",
                                         "Size":  10.5,
                                         "SizeBi":  11,
                                         "Bold":  0,
                                         "BoldBi":  0,
                                         "Italic":  0,
                                         "ItalicBi":  0,
                                         "Underline":  0,
                                         "Color":  -16777216,
                                         "Hidden":  0,
                                         "Position":  0,
                                         "Spacing":  0,
                                         "Scaling":  100,
                                         "Subscript":  0,
                                         "Superscript":  0
                                     }
                      },
                      {
                          "name":  "VTEq_ff65f87ca32e40c3a3681bb5745275d7",
                          "format":  {
                                         "start":  651,
                                         "end":  695,
                                         "text":  "(5)",
                                         "style":  "正文",
                                         "Name":  "等线",
                                         "NameAscii":  "+西文正文",
                                         "NameOther":  "+西文正文",
                                         "NameFarEast":  "+中文正文",
                                         "NameBi":  "+正文 CS 字体",
                                         "Size":  10.5,
                                         "SizeBi":  11,
                                         "Bold":  0,
                                         "BoldBi":  0,
                                         "Italic":  0,
                                         "ItalicBi":  0,
                                         "Underline":  0,
                                         "Color":  -16777216,
                                         "Hidden":  0,
                                         "Position":  0,
                                         "Spacing":  0,
                                         "Scaling":  100,
                                         "Subscript":  0,
                                         "Superscript":  0
                                     }
                      },
                      {
                          "name":  "VTEqCap_61e9430fedd34bb38737b080598e0e34",
                          "format":  {
                                         "start":  555,
                                         "end":  597,
                                         "text":  "4",
                                         "style":  "正文",
                                         "Name":  "等线",
                                         "NameAscii":  "+西文正文",
                                         "NameOther":  "+西文正文",
                                         "NameFarEast":  "+中文正文",
                                         "NameBi":  "+正文 CS 字体",
                                         "Size":  10.5,
                                         "SizeBi":  11,
                                         "Bold":  0,
                                         "BoldBi":  0,
                                         "Italic":  0,
                                         "ItalicBi":  0,
                                         "Underline":  0,
                                         "Color":  -16777216,
                                         "Hidden":  0,
                                         "Position":  0,
                                         "Spacing":  0,
                                         "Scaling":  100,
                                         "Subscript":  0,
                                         "Superscript":  0
                                     }
                      },
                      {
                          "name":  "VTEqCap_72a12be564174c3e8de072a8f8118948",
                          "format":  {
                                         "start":  274,
                                         "end":  316,
                                         "text":  "2",
                                         "style":  "正文",
                                         "Name":  "等线",
                                         "NameAscii":  "+西文正文",
                                         "NameOther":  "+西文正文",
                                         "NameFarEast":  "+中文正文",
                                         "NameBi":  "+正文 CS 字体",
                                         "Size":  10.5,
                                         "SizeBi":  11,
                                         "Bold":  0,
                                         "BoldBi":  0,
                                         "Italic":  0,
                                         "ItalicBi":  0,
                                         "Underline":  0,
                                         "Color":  -16777216,
                                         "Hidden":  0,
                                         "Position":  0,
                                         "Spacing":  0,
                                         "Scaling":  100,
                                         "Subscript":  0,
                                         "Superscript":  0
                                     }
                      },
                      {
                          "name":  "VTEqCap_9f53ea90012b43caaa8fc53b48a33dda",
                          "format":  {
                                         "start":  157,
                                         "end":  214,
                                         "text":  "1",
                                         "style":  "正文",
                                         "Name":  "等线",
                                         "NameAscii":  "+西文正文",
                                         "NameOther":  "+西文正文",
                                         "NameFarEast":  "+中文正文",
                                         "NameBi":  "+正文 CS 字体",
                                         "Size":  10.5,
                                         "SizeBi":  11,
                                         "Bold":  0,
                                         "BoldBi":  0,
                                         "Italic":  0,
                                         "ItalicBi":  0,
                                         "Underline":  0,
                                         "Color":  -16777216,
                                         "Hidden":  0,
                                         "Position":  0,
                                         "Spacing":  0,
                                         "Scaling":  100,
                                         "Subscript":  0,
                                         "Superscript":  0
                                     }
                      },
                      {
                          "name":  "VTEqCap_df77edaaaead4a668b1c92418a90fd3e",
                          "format":  {
                                         "start":  413,
                                         "end":  455,
                                         "text":  "3",
                                         "style":  "正文",
                                         "Name":  "等线",
                                         "NameAscii":  "+西文正文",
                                         "NameOther":  "+西文正文",
                                         "NameFarEast":  "+中文正文",
                                         "NameBi":  "+正文 CS 字体",
                                         "Size":  10.5,
                                         "SizeBi":  11,
                                         "Bold":  0,
                                         "BoldBi":  0,
                                         "Italic":  0,
                                         "ItalicBi":  0,
                                         "Underline":  0,
                                         "Color":  -16777216,
                                         "Hidden":  0,
                                         "Position":  0,
                                         "Spacing":  0,
                                         "Scaling":  100,
                                         "Subscript":  0,
                                         "Superscript":  0
                                     }
                      },
                      {
                          "name":  "VTEqCap_ff65f87ca32e40c3a3681bb5745275d7",
                          "format":  {
                                         "start":  652,
                                         "end":  694,
                                         "text":  "5",
                                         "style":  "正文",
                                         "Name":  "等线",
                                         "NameAscii":  "+西文正文",
                                         "NameOther":  "+西文正文",
                                         "NameFarEast":  "+中文正文",
                                         "NameBi":  "+正文 CS 字体",
                                         "Size":  10.5,
                                         "SizeBi":  11,
                                         "Bold":  0,
                                         "BoldBi":  0,
                                         "Italic":  0,
                                         "ItalicBi":  0,
                                         "Underline":  0,
                                         "Color":  -16777216,
                                         "Hidden":  0,
                                         "Position":  0,
                                         "Spacing":  0,
                                         "Scaling":  100,
                                         "Subscript":  0,
                                         "Superscript":  0
                                     }
                      },
                      {
                          "name":  "VTEqNum_61e9430fedd34bb38737b080598e0e34",
                          "format":  {
                                         "start":  555,
                                         "end":  597,
                                         "text":  "4",
                                         "style":  "正文",
                                         "Name":  "等线",
                                         "NameAscii":  "+西文正文",
                                         "NameOther":  "+西文正文",
                                         "NameFarEast":  "+中文正文",
                                         "NameBi":  "+正文 CS 字体",
                                         "Size":  10.5,
                                         "SizeBi":  11,
                                         "Bold":  0,
                                         "BoldBi":  0,
                                         "Italic":  0,
                                         "ItalicBi":  0,
                                         "Underline":  0,
                                         "Color":  -16777216,
                                         "Hidden":  0,
                                         "Position":  0,
                                         "Spacing":  0,
                                         "Scaling":  100,
                                         "Subscript":  0,
                                         "Superscript":  0
                                     }
                      },
                      {
                          "name":  "VTEqNum_72a12be564174c3e8de072a8f8118948",
                          "format":  {
                                         "start":  274,
                                         "end":  316,
                                         "text":  "2",
                                         "style":  "正文",
                                         "Name":  "等线",
                                         "NameAscii":  "+西文正文",
                                         "NameOther":  "+西文正文",
                                         "NameFarEast":  "+中文正文",
                                         "NameBi":  "+正文 CS 字体",
                                         "Size":  10.5,
                                         "SizeBi":  11,
                                         "Bold":  0,
                                         "BoldBi":  0,
                                         "Italic":  0,
                                         "ItalicBi":  0,
                                         "Underline":  0,
                                         "Color":  -16777216,
                                         "Hidden":  0,
                                         "Position":  0,
                                         "Spacing":  0,
                                         "Scaling":  100,
                                         "Subscript":  0,
                                         "Superscript":  0
                                     }
                      },
                      {
                          "name":  "VTEqNum_9f53ea90012b43caaa8fc53b48a33dda",
                          "format":  {
                                         "start":  157,
                                         "end":  214,
                                         "text":  "1",
                                         "style":  "正文",
                                         "Name":  "等线",
                                         "NameAscii":  "+西文正文",
                                         "NameOther":  "+西文正文",
                                         "NameFarEast":  "+中文正文",
                                         "NameBi":  "+正文 CS 字体",
                                         "Size":  10.5,
                                         "SizeBi":  11,
                                         "Bold":  0,
                                         "BoldBi":  0,
                                         "Italic":  0,
                                         "ItalicBi":  0,
                                         "Underline":  0,
                                         "Color":  -16777216,
                                         "Hidden":  0,
                                         "Position":  0,
                                         "Spacing":  0,
                                         "Scaling":  100,
                                         "Subscript":  0,
                                         "Superscript":  0
                                     }
                      },
                      {
                          "name":  "VTEqNum_df77edaaaead4a668b1c92418a90fd3e",
                          "format":  {
                                         "start":  413,
                                         "end":  455,
                                         "text":  "3",
                                         "style":  "正文",
                                         "Name":  "等线",
                                         "NameAscii":  "+西文正文",
                                         "NameOther":  "+西文正文",
                                         "NameFarEast":  "+中文正文",
                                         "NameBi":  "+正文 CS 字体",
                                         "Size":  10.5,
                                         "SizeBi":  11,
                                         "Bold":  0,
                                         "BoldBi":  0,
                                         "Italic":  0,
                                         "ItalicBi":  0,
                                         "Underline":  0,
                                         "Color":  -16777216,
                                         "Hidden":  0,
                                         "Position":  0,
                                         "Spacing":  0,
                                         "Scaling":  100,
                                         "Subscript":  0,
                                         "Superscript":  0
                                     }
                      },
                      {
                          "name":  "VTEqNum_ff65f87ca32e40c3a3681bb5745275d7",
                          "format":  {
                                         "start":  652,
                                         "end":  694,
                                         "text":  "5",
                                         "style":  "正文",
                                         "Name":  "等线",
                                         "NameAscii":  "+西文正文",
                                         "NameOther":  "+西文正文",
                                         "NameFarEast":  "+中文正文",
                                         "NameBi":  "+正文 CS 字体",
                                         "Size":  10.5,
                                         "SizeBi":  11,
                                         "Bold":  0,
                                         "BoldBi":  0,
                                         "Italic":  0,
                                         "ItalicBi":  0,
                                         "Underline":  0,
                                         "Color":  -16777216,
                                         "Hidden":  0,
                                         "Position":  0,
                                         "Spacing":  0,
                                         "Scaling":  100,
                                         "Subscript":  0,
                                         "Superscript":  0
                                     }
                      }
                  ],
    "document":  "文档132"
}
